# Blender 4.2.23 LTS
# www.blender.org
mtllib rubyREFERENCE.mtl
o Ruby
v 0.000000 1.381741 0.080635
v 0.255304 2.010516 0.352480
v 0.258845 2.009556 -0.165775
v -0.255304 2.010516 0.352480
v -0.258845 2.009556 -0.165775
v -0.061692 2.388838 0.039013
v 0.061692 2.388838 0.039013
v -0.058581 2.389379 0.151371
v -0.033664 2.458496 0.064467
v 0.033664 2.458496 0.064467
v -0.032029 2.458662 0.128023
v 0.032029 2.458662 0.128023
v 0.058581 2.389379 0.151371
v -0.041801 2.326576 0.184708
v -0.043329 2.324950 0.185571
v -0.043896 2.316534 0.190039
v -0.041801 2.313727 0.160413
v -0.058622 2.295825 0.169880
v -0.044104 2.302679 0.166256
v -0.051849 2.297811 0.199977
v -0.052609 2.283199 0.176557
v -0.044104 2.315536 0.190568
v -0.056500 2.283285 0.207688
v -0.056878 2.269159 0.183983
v -0.052609 2.296072 0.200900
v -0.068846 2.277557 0.179541
v -0.059540 2.307049 0.195074
v -0.077208 2.253695 0.192161
v -0.068846 2.290436 0.203892
v -0.058622 2.306961 0.181617
v -0.077208 2.250697 0.177171
v -0.068846 2.288694 0.191278
v -0.056878 2.266161 0.168993
v -0.052609 2.280201 0.161568
v -0.056878 2.280295 0.195719
v -0.044104 2.299681 0.151266
v -0.052609 2.294335 0.188294
v -0.044104 2.313815 0.177992
v -0.041801 2.310729 0.145423
v -0.041801 2.324863 0.172150
v -0.077208 2.264831 0.203898
v -0.059395 2.265991 0.203285
v -0.059395 2.251856 0.176558
v -0.057317 2.228363 0.223184
v -0.057317 2.214229 0.196458
v -0.077648 2.228412 0.223158
v -0.054672 2.220665 0.227255
v -0.054672 2.206531 0.200529
v -0.071255 2.198560 0.238946
v -0.052027 2.212967 0.231326
v -0.052027 2.198833 0.204600
v -0.043633 2.200978 0.237667
v -0.043633 2.186844 0.210940
v -0.063605 2.183753 0.246776
v -0.036589 2.193603 0.241567
v -0.029546 2.186228 0.245468
v -0.049128 2.165178 0.256600
v -0.036589 2.179469 0.214841
v -0.049128 2.151044 0.229873
v -0.063605 2.169619 0.220050
v -0.029546 2.175091 0.233731
v -0.014619 2.176853 0.264185
v -0.013279 2.162877 0.240191
v -0.036589 2.182467 0.229830
v -0.029546 2.188053 0.258240
v -0.049128 2.154042 0.244863
v -0.013279 2.174013 0.251928
v -0.028508 2.144393 0.267592
v 0.000694 2.167636 0.255300
v -0.019169 2.137259 0.271365
v 0.013231 2.141866 0.268929
v 0.014598 2.176333 0.250700
v 0.000694 2.156500 0.243563
v 0.013453 2.177451 0.263867
v 0.014598 2.165197 0.238963
v 0.000694 2.169477 0.268100
v -0.028508 2.133256 0.255856
v 0.013231 2.130729 0.257192
v -0.019169 2.126123 0.259628
v 0.014598 2.162199 0.223974
v -0.028508 2.130258 0.240866
v 0.040341 2.180225 0.214440
v 0.040341 2.194360 0.241167
v 0.055220 2.152344 0.229186
v 0.056586 2.199178 0.204417
v 0.055220 2.166479 0.255912
v 0.048721 2.191000 0.208743
v 0.046503 2.188149 0.210250
v 0.046503 2.202283 0.236977
v 0.048721 2.205134 0.235469
v 0.056586 2.213313 0.231144
v -0.012641 2.103254 0.271722
v -0.027756 2.145678 0.280733
v -0.019169 2.139124 0.284212
v -0.018646 2.137295 0.285183
v -0.012641 2.116273 0.296342
v -0.011771 2.112017 0.298601
v -0.001577 2.062122 0.325086
v -0.001577 2.049059 0.300384
v 0.006494 2.023800 0.313742
v -0.000967 2.060214 0.326099
v 0.006494 2.036885 0.338483
v -0.001577 2.046061 0.285394
v -0.001577 2.060195 0.312121
v 0.006494 2.034937 0.325479
v -0.012641 2.114390 0.283460
v 0.006997 2.044870 0.334244
v 0.013231 2.143727 0.281768
v 0.016613 2.145708 0.280717
v 0.055220 2.168320 0.268714
v 0.055220 2.155342 0.244175
v 0.056586 2.202176 0.219407
v 0.048721 2.193998 0.223732
v 0.040341 2.183223 0.229430
v 0.046503 2.191146 0.225240
v 0.046503 2.204095 0.249724
v 0.048535 2.206705 0.248339
v 0.048721 2.206944 0.248211
v 0.055922 2.214425 0.244241
v 0.056586 2.215115 0.243874
v 0.055332 2.172160 0.266676
v 0.045987 2.203431 0.250076
v 0.040341 2.196178 0.253926
v 0.038195 2.194677 0.254723
v 0.014598 2.178167 0.263487
v -0.028508 2.146252 0.280428
v -0.047444 2.165324 0.270304
v -0.049128 2.167020 0.269404
v -0.062407 2.184045 0.260367
v -0.063605 2.185581 0.259552
v -0.070615 2.199138 0.252355
v -0.063605 2.172617 0.235039
v -0.071255 2.187423 0.227209
v -0.043633 2.189842 0.225930
v -0.052027 2.201830 0.219590
v -0.037177 2.196037 0.254001
v -0.043633 2.202791 0.250416
v -0.044337 2.203796 0.249883
v -0.052027 2.214770 0.244057
v -0.052250 2.215421 0.243712
v -0.054672 2.222462 0.239974
v -0.054672 2.209529 0.215518
v -0.057317 2.217227 0.211447
v -0.077648 2.217276 0.211422
v -0.077246 2.263415 0.218236
v -0.077648 2.230203 0.235865
v -0.077103 2.227659 0.237215
v -0.071255 2.200375 0.251698
v -0.077208 2.266593 0.216549
v -0.069588 2.288320 0.205015
v -0.054897 2.223116 0.239627
v -0.059395 2.254854 0.191548
v -0.057317 2.230154 0.235891
v -0.057495 2.233372 0.234183
v -0.059395 2.267751 0.215934
v -0.059174 2.269003 0.215269
v -0.056878 2.282044 0.208347
v -0.036589 2.195422 0.254328
v -0.030131 2.188664 0.257915
v -0.000451 2.169999 0.267823
v -0.013279 2.175848 0.264718
v -0.003053 2.187137 0.258726
v -0.000890 2.190108 0.257148
v -0.003628 2.210320 0.246420
v -0.003053 2.174174 0.234216
v 0.022970 2.209967 0.215286
v -0.003680 2.199511 0.220816
v -0.000248 2.205869 0.217454
v -0.003680 2.212453 0.245287
v -0.000539 2.218267 0.242201
v -0.000248 2.218806 0.241915
v -0.012831 2.241556 0.229839
v -0.014016 2.243698 0.228702
v 0.019823 2.224670 0.238802
v -0.014016 2.230782 0.204278
v 0.022970 2.222901 0.239741
v 0.022970 2.206970 0.200297
v -0.003680 2.196513 0.205827
v -0.000248 2.217005 0.229191
v -0.014016 2.227784 0.189289
v -0.014016 2.241918 0.216015
v 0.022970 2.221104 0.227023
v -0.003680 2.210648 0.232553
v -0.003053 2.185311 0.245953
v -0.003053 2.171176 0.219226
v -0.071255 2.184426 0.212219
v -0.077648 2.214277 0.196432
v -0.058622 2.308688 0.194203
v -0.068448 1.467333 -0.007749
v -0.071463 1.445622 0.009841
v -0.078331 1.363937 -0.110749
v -0.035799 1.499456 -0.034377
v -0.010414 1.469004 -0.079086
v -0.055059 1.487046 -0.023984
v -0.000463 1.491353 0.032368
v -0.079729 1.346417 -0.096000
v -0.070476 1.382241 -0.125945
v -0.050427 1.401794 -0.141072
v -0.028062 1.411202 -0.149455
v -0.013583 1.410385 -0.155034
v -0.057565 1.278450 -0.203257
v -0.037925 1.296670 -0.217814
v -0.010390 1.298454 -0.233866
v -0.007459 1.353275 -0.193930
v -0.001398 1.271067 -0.257350
v -0.033531 1.176574 -0.307369
v -0.007734 1.197767 -0.307832
v -0.008256 1.246319 -0.273742
v 0.001567 1.215367 -0.297447
v -0.006521 0.352853 -1.548353
v 0.003263 0.357452 -1.551334
v -0.001382 0.364752 -1.529837
v -0.000139 0.355341 -1.623370
v -0.001881 0.356415 -1.595702
v -0.000375 0.342214 -1.610187
v -0.000213 0.357547 -1.575010
v -0.000602 0.343221 -1.588314
v -0.000248 0.343576 -1.545715
v -0.000236 0.346574 -1.629077
v 0.005055 0.383331 -1.404600
v -0.007267 0.382089 -1.410135
v -0.010057 0.363738 -1.480763
v -0.013378 0.359166 -1.448044
v -0.000782 0.343831 -1.432554
v 0.000330 0.372700 -1.471817
v -0.000735 0.343702 -1.452852
v -0.006137 0.350751 -1.518250
v -0.000491 0.370057 -1.495047
v -0.000601 0.343233 -1.508173
v -0.005533 0.427433 -1.260953
v 0.003687 0.433881 -1.236168
v -0.007409 0.406746 -1.327220
v -0.010966 0.413053 -1.303534
v -0.010059 0.420080 -1.279744
v -0.019395 0.391068 -1.322228
v -0.004652 0.396272 -1.366231
v -0.000829 0.354129 -1.364294
v -0.000611 0.357961 -1.347024
v -0.000479 0.366952 -1.308496
v -0.000080 0.361724 -1.329124
v -0.013243 0.357210 -1.409704
v -0.000968 0.345411 -1.404694
v -0.000833 0.349144 -1.382258
v -0.057780 1.419379 0.032518
v -0.070902 1.321230 -0.079069
v -0.027085 1.399719 0.046986
v 0.020717 1.399257 0.048492
v -0.051138 1.302571 -0.063351
v -0.027351 1.297409 -0.049949
v -0.012427 1.368053 0.018389
v -0.070061 1.267771 -0.153106
v -0.065755 1.260818 -0.188900
v -0.054826 1.169537 -0.195785
v -0.061066 1.147410 -0.253177
v -0.043944 1.160007 -0.307758
v -0.056498 1.139822 -0.294421
v -0.000931 1.165605 -0.335908
v -0.049924 0.970670 -0.440676
v -0.025596 1.001023 -0.454150
v -0.004697 1.051757 -0.425263
v -0.006872 1.132362 -0.360242
v -0.040391 0.988518 -0.448070
v -0.004580 0.940330 -0.527037
v -0.005509 0.849916 -0.615706
v -0.014842 1.292044 -0.049921
v -0.000101 1.307214 -0.055041
v -0.000429 1.283019 -0.070761
v -0.010671 1.241465 -0.087136
v -0.040711 1.217701 -0.123672
v -0.012118 1.202748 -0.115763
v 0.001219 1.239208 -0.096418
v -0.000813 1.217564 -0.109441
v -0.025817 1.071514 -0.249259
v -0.000088 1.113770 -0.195799
v -0.000379 1.166996 -0.145806
v -0.040873 0.939578 -0.392566
v -0.051472 0.958203 -0.403370
v -0.054392 0.993851 -0.397510
v -0.026021 0.789425 -0.660409
v -0.047344 0.799301 -0.584470
v -0.041440 0.773515 -0.647138
v -0.030622 0.581521 -0.900777
v -0.005446 0.788902 -0.677212
v -0.039304 0.639501 -0.798772
v -0.034189 0.552901 -0.883181
v -0.020580 0.592627 -0.905285
v -0.000686 1.071580 -0.235230
v -0.000953 1.010673 -0.293175
v -0.022818 0.926774 -0.383652
v 0.004171 0.921637 -0.377975
v -0.039401 0.739949 -0.618572
v -0.028950 0.729855 -0.609266
v -0.001944 0.835740 -0.472045
v -0.001771 0.721472 -0.597620
v -0.016884 0.639573 -0.722754
v -0.000486 0.637708 -0.715969
v -0.023439 0.536854 -0.877728
v -0.000022 0.584110 -0.944461
v -0.000800 0.559869 -0.987504
v -0.000025 0.540024 -1.024445
v -0.000289 0.515934 -1.067868
v -0.009221 0.479953 -1.124960
v 0.002980 0.473997 -1.140747
v 0.000399 0.495286 -1.106200
v -0.019681 0.449956 -1.159888
v -0.004774 0.448065 -1.196474
v -0.002741 0.454744 -1.175520
v -0.009795 0.439504 -1.220594
v -0.021601 0.416326 -1.236773
v -0.024212 0.421801 -1.166325
v -0.015149 0.380868 -1.297413
v -0.015311 0.408442 -1.159910
v -0.000295 0.371269 -1.288776
v -0.001701 0.375036 -1.271187
v -0.000785 0.383317 -1.240625
v -0.005224 0.601116 -0.908606
v -0.017420 0.532905 -1.017576
v -0.030274 0.494321 -1.035857
v -0.031345 0.511329 -0.978332
v -0.027851 0.523755 -1.008514
v -0.002345 0.471527 -0.998420
v 0.000047 0.492244 -0.950072
v -0.018860 0.454501 -1.059404
v -0.000076 0.432976 -1.085984
v -0.000028 0.449390 -1.049285
v -0.000253 0.404491 -1.150867
v -0.000310 0.566486 -0.815768
v -0.003712 0.506927 -0.919503
v 0.021068 1.503943 -0.037807
v 0.044225 1.494799 -0.030670
v 0.008099 1.458136 -0.090002
v -0.011402 1.506477 -0.038485
v 0.071776 1.451539 0.004570
v 0.061090 1.479372 -0.017692
v 0.078939 1.348353 -0.095127
v 0.013185 1.412499 -0.153166
v 0.028541 1.410688 -0.149016
v -0.000600 1.389386 -0.164068
v 0.009519 1.357774 -0.191950
v 0.049905 1.400593 -0.141540
v 0.037851 1.299826 -0.215106
v 0.056671 1.281522 -0.201310
v 0.006898 1.298036 -0.235323
v 0.026758 1.186408 -0.304797
v 0.007481 1.244105 -0.274552
v 0.006485 1.193085 -0.311496
v 0.070101 1.380784 -0.125818
v 0.077286 1.364926 -0.111756
v 0.001894 0.345853 -1.581061
v 0.002382 0.378899 -1.439027
v 0.011810 0.364309 -1.456594
v 0.013663 0.357900 -1.408343
v -0.000736 0.343261 -1.484911
v 0.001916 0.345597 -1.462739
v 0.008781 0.354567 -1.517548
v 0.020972 0.439476 -1.175076
v 0.020251 0.401105 -1.276693
v 0.007383 0.411204 -1.311118
v 0.008533 0.424226 -1.267735
v 0.017212 0.395411 -1.327396
v 0.000321 0.353910 -1.367456
v 0.012920 0.389324 -1.367377
v 0.013981 0.376445 -1.316950
v 0.041113 1.406901 0.041346
v 0.062659 1.426023 0.025952
v 0.057378 1.264710 -0.107079
v 0.012178 1.373624 0.024695
v 0.036298 1.297960 -0.054657
v 0.052268 1.122862 -0.239795
v 0.056002 1.152256 -0.284712
v 0.043162 1.176037 -0.295568
v 0.041425 1.081964 -0.371876
v 0.006555 1.131064 -0.361107
v 0.004267 1.072314 -0.408324
v 0.050346 0.971582 -0.433994
v 0.027111 1.002431 -0.451741
v 0.045129 0.987010 -0.438460
v 0.005648 1.040414 -0.433850
v -0.001501 1.011101 -0.460354
v 0.003909 0.959295 -0.508325
v 0.020130 0.791496 -0.662566
v 0.005057 0.851623 -0.614179
v 0.013767 1.296308 -0.046400
v 0.000946 1.262282 -0.083119
v 0.009414 1.232322 -0.093754
v 0.012373 1.203830 -0.115386
v 0.039031 1.207446 -0.132224
v 0.024394 1.040412 -0.278303
v 0.039436 1.087966 -0.249713
v 0.046638 0.947555 -0.399553
v 0.053880 1.000938 -0.378845
v 0.045626 0.780651 -0.601815
v 0.032621 0.784097 -0.655214
v 0.005864 0.791859 -0.672205
v 0.042111 0.769093 -0.647049
v 0.003970 0.767959 -0.704857
v 0.034501 0.558078 -0.905856
v 0.030713 0.576363 -0.904234
v 0.033875 0.551298 -0.894320
v 0.031394 0.927162 -0.392837
v 0.025394 0.730848 -0.603563
v 0.038787 0.743762 -0.614411
v 0.001033 0.529287 -0.866784
v 0.021499 0.539364 -0.871519
v 0.069500 1.323828 -0.075735
v 0.068665 1.274779 -0.167176
v 0.064838 1.239898 -0.157195
v 0.059435 1.136281 -0.265307
v 0.020647 0.494786 -1.078912
v 0.008748 0.439680 -1.218364
v 0.010117 0.452096 -1.175007
v 0.023837 0.424215 -1.162492
v 0.000918 0.391994 -1.203507
v 0.019257 0.399661 -1.230608
v 0.004212 0.602913 -0.906881
v 0.021677 0.590196 -0.906101
v 0.029921 0.548318 -0.877517
v 0.011304 0.460931 -1.032387
v 0.021095 0.503475 -0.953401
v 0.028873 0.480632 -1.060383
v 0.022659 0.458081 -1.066804
v 0.012987 0.409847 -1.153090
v 0.000000 2.523877 0.448108
v 0.149984 2.718448 0.076070
v -0.154429 2.527235 0.030763
v -0.149984 2.718448 0.076070
v 0.154429 2.527235 0.030763
v 0.000000 2.516021 0.402823
v -0.002842 2.527546 0.406252
v 0.000000 2.527137 0.401636
v 0.005605 2.503084 0.402985
v 0.002842 2.527546 0.406252
v 0.004170 2.517717 0.407732
v 0.001534 2.518750 0.398793
v -0.005605 2.503084 0.402985
v -0.004170 2.517717 0.407732
v -0.001534 2.518750 0.398793
v -0.006299 2.525351 0.395954
v -0.002462 2.526934 0.397727
v -0.005161 2.510871 0.400600
v -0.008199 2.522777 0.397511
v -0.006567 2.509361 0.404208
v -0.010028 2.518959 0.402708
v -0.008717 2.518940 0.406120
v -0.011251 2.526792 0.402499
v -0.008236 2.528492 0.405636
v -0.005793 2.530726 0.403434
v -0.008806 2.530074 0.399228
v -0.004310 2.530212 0.398806
v 0.006299 2.525351 0.395954
v 0.002462 2.526934 0.397727
v 0.005161 2.510871 0.400600
v 0.008199 2.522777 0.397511
v 0.006567 2.509361 0.404208
v 0.008717 2.518940 0.406120
v 0.010028 2.518959 0.402708
v 0.011251 2.526792 0.402499
v 0.008806 2.530074 0.399228
v 0.008236 2.528492 0.405636
v 0.005793 2.530726 0.403434
v 0.004310 2.530212 0.398806
v -0.004819 2.528309 0.388770
v -0.007384 2.528737 0.393593
v -0.010467 2.532059 0.390649
v -0.006987 2.528096 0.384687
v -0.008918 2.531521 0.385814
v -0.004417 2.516695 0.390011
v -0.006018 2.519547 0.385800
v -0.010271 2.503179 0.390179
v -0.010996 2.526443 0.382835
v -0.009807 2.511316 0.387689
v -0.012980 2.523753 0.384461
v -0.011276 2.509738 0.391458
v -0.013522 2.519745 0.393455
v -0.014892 2.519765 0.389891
v -0.008771 2.518468 0.395140
v -0.013019 2.529725 0.392949
v -0.016169 2.527948 0.389672
v -0.013614 2.531378 0.386255
v -0.019973 2.520607 0.376500
v -0.017976 2.524774 0.370827
v -0.018542 2.520586 0.380224
v -0.021308 2.529156 0.376271
v -0.016195 2.510131 0.378137
v -0.013579 2.519252 0.381984
v -0.014660 2.511780 0.374199
v -0.015145 2.503279 0.376801
v -0.009029 2.517400 0.376625
v -0.010702 2.520379 0.372226
v -0.009449 2.529534 0.375330
v -0.015903 2.527584 0.369128
v -0.011715 2.529311 0.371063
v -0.013732 2.532890 0.372240
v -0.018638 2.532739 0.372701
v -0.015350 2.533451 0.377292
v -0.018016 2.531012 0.379696
v -0.012129 2.529980 0.380368
v -0.013848 2.518136 0.362640
v -0.018601 2.520071 0.368239
v -0.020238 2.503384 0.362825
v -0.017087 2.531279 0.366551
v -0.015595 2.521249 0.358045
v -0.014287 2.530813 0.361287
v -0.020452 2.534906 0.363337
v -0.016654 2.530580 0.356830
v -0.018761 2.534319 0.358060
v -0.021029 2.528775 0.354808
v -0.023887 2.534162 0.358542
v -0.026676 2.530419 0.362271
v -0.023237 2.532357 0.365848
v -0.023195 2.525840 0.356584
v -0.025281 2.521487 0.362510
v -0.021335 2.510542 0.364220
v -0.019731 2.512264 0.360106
v -0.023786 2.521465 0.366401
v -0.030827 2.522406 0.347894
v -0.026704 2.510972 0.349681
v -0.028648 2.526954 0.341702
v -0.029265 2.522384 0.351959
v -0.032284 2.531737 0.347644
v -0.028692 2.533763 0.351382
v -0.029371 2.535648 0.343748
v -0.026385 2.530021 0.339847
v -0.024015 2.535812 0.343245
v -0.025782 2.536425 0.348758
v -0.019341 2.532149 0.346616
v -0.022266 2.532637 0.352116
v -0.023848 2.520927 0.353879
v -0.018882 2.518905 0.348030
v -0.025558 2.503493 0.348223
v -0.020708 2.522157 0.343229
v -0.021814 2.531906 0.341960
v -0.025029 2.512771 0.345383
v -0.036622 2.523367 0.332624
v -0.032314 2.511421 0.334491
v -0.034990 2.523343 0.336871
v -0.034344 2.528118 0.326155
v -0.038144 2.533115 0.332364
v -0.034390 2.535231 0.336268
v -0.035100 2.537201 0.328293
v -0.031350 2.538013 0.333527
v -0.029505 2.537372 0.327767
v -0.031980 2.531322 0.324218
v -0.026049 2.523106 0.327750
v -0.030564 2.513300 0.330001
v -0.027205 2.533292 0.326425
v -0.024621 2.533546 0.331289
v -0.027677 2.534055 0.337035
v -0.024142 2.519709 0.332767
v -0.031117 2.503607 0.332968
v -0.029330 2.521821 0.338877
v -0.041684 2.524370 0.316671
v -0.039305 2.529333 0.309912
v -0.037183 2.511889 0.318622
v -0.039979 2.524345 0.321108
v -0.043274 2.534555 0.316399
v -0.040094 2.538823 0.312145
v -0.039353 2.536765 0.320478
v -0.032339 2.535536 0.321279
v -0.036177 2.539672 0.317615
v -0.034066 2.522755 0.323204
v -0.028646 2.520549 0.316820
v -0.035932 2.503726 0.317030
v -0.035355 2.513853 0.313930
v -0.030639 2.524098 0.311579
v -0.031846 2.534739 0.310194
v -0.036835 2.532681 0.307888
v -0.029146 2.535004 0.315276
v -0.034248 2.539002 0.311596
v -0.048008 2.525418 0.300004
v -0.046227 2.525392 0.304639
v -0.045522 2.530604 0.292943
v -0.043306 2.512379 0.302042
v -0.049669 2.536058 0.299719
v -0.045573 2.538368 0.303982
v -0.046347 2.540518 0.295276
v -0.040240 2.540705 0.294702
v -0.042255 2.541404 0.300990
v -0.042942 2.534101 0.290828
v -0.041396 2.514431 0.297140
v -0.036469 2.525134 0.294684
v -0.037730 2.536251 0.293237
v -0.034909 2.536529 0.298547
v -0.038246 2.537084 0.304818
v -0.034387 2.521426 0.300160
v -0.041999 2.503851 0.300379
v -0.040049 2.523731 0.306830
v -0.040384 2.522343 0.282754
v -0.048338 2.503981 0.282984
v -0.046300 2.524750 0.289722
v -0.040931 2.538121 0.281069
v -0.044416 2.538701 0.287621
v -0.042559 2.526216 0.277034
v -0.043877 2.537831 0.275522
v -0.049323 2.535585 0.273005
v -0.047707 2.515034 0.279600
v -0.049703 2.512891 0.284720
v -0.052018 2.531931 0.275215
v -0.054615 2.526513 0.282591
v -0.052880 2.542288 0.277652
v -0.056351 2.537630 0.282294
v -0.052754 2.526486 0.287434
v -0.052071 2.540043 0.286747
v -0.048604 2.543215 0.283621
v -0.046499 2.542484 0.277053
v -0.061518 2.527657 0.264400
v -0.058805 2.533317 0.256693
v -0.056386 2.513425 0.266624
v -0.059574 2.527629 0.269459
v -0.063331 2.539271 0.264089
v -0.059705 2.544138 0.259239
v -0.058860 2.541792 0.268741
v -0.052831 2.525815 0.271850
v -0.050862 2.540390 0.269654
v -0.055238 2.545106 0.265475
v -0.047221 2.539784 0.262810
v -0.053039 2.544343 0.258613
v -0.050299 2.539481 0.257014
v -0.055989 2.537134 0.254385
v -0.048923 2.527347 0.258593
v -0.054301 2.515664 0.261274
v -0.054960 2.504117 0.264809
v -0.046650 2.523300 0.264570
v -0.059654 2.526928 0.253177
v -0.057597 2.542155 0.250884
v -0.066698 2.528823 0.250680
v -0.063368 2.513984 0.247718
v -0.053197 2.524300 0.245572
v -0.065952 2.543619 0.249930
v -0.061878 2.504259 0.245822
v -0.061189 2.516323 0.242129
v -0.055571 2.528528 0.239328
v -0.062953 2.538754 0.234931
v -0.053793 2.541521 0.243733
v -0.057009 2.541205 0.237677
v -0.059871 2.546284 0.239349
v -0.062169 2.547082 0.246518
v -0.066835 2.546071 0.240003
v -0.070624 2.540986 0.245069
v -0.065895 2.534766 0.237343
v -0.068730 2.528852 0.245394
v -0.060659 2.543337 0.223802
v -0.064633 2.543999 0.231273
v -0.062516 2.529762 0.219200
v -0.064019 2.543007 0.217477
v -0.069410 2.549146 0.226712
v -0.060036 2.525345 0.225723
v -0.067009 2.548313 0.219222
v -0.070229 2.540445 0.214607
v -0.074285 2.548090 0.219905
v -0.078243 2.542778 0.225199
v -0.073362 2.545529 0.230276
v -0.073303 2.536279 0.217126
v -0.076264 2.530101 0.225538
v -0.070662 2.514567 0.227965
v -0.068386 2.517011 0.222126
v -0.069106 2.504407 0.225985
v -0.066782 2.528091 0.233669
v -0.074142 2.530070 0.231060
v -0.074230 2.529305 0.213288
v -0.071984 2.545925 0.210786
v -0.081104 2.547524 0.209744
v -0.078283 2.515177 0.207330
v -0.067182 2.526437 0.204987
v -0.081918 2.531374 0.210563
v -0.076657 2.504562 0.205261
v -0.075905 2.517730 0.201229
v -0.069773 2.531052 0.198173
v -0.077830 2.542213 0.193373
v -0.067832 2.545234 0.202980
v -0.071342 2.544888 0.196371
v -0.074467 2.550433 0.198195
v -0.076974 2.551303 0.206020
v -0.082068 2.550199 0.198909
v -0.086203 2.544649 0.204439
v -0.081042 2.537860 0.196005
v -0.084135 2.531406 0.204793
v -0.073950 2.547216 0.181226
v -0.083501 2.553556 0.184403
v -0.075977 2.532399 0.176203
v -0.077617 2.546855 0.174322
v -0.078288 2.547938 0.189381
v -0.073270 2.527577 0.183323
v -0.080881 2.552647 0.176227
v -0.084395 2.544059 0.171190
v -0.088822 2.552403 0.176973
v -0.093142 2.546605 0.182751
v -0.087815 2.549608 0.188293
v -0.087750 2.539512 0.173939
v -0.090982 2.532769 0.183121
v -0.084868 2.515813 0.185771
v -0.082384 2.518481 0.179397
v -0.083169 2.504724 0.183609
v -0.080633 2.530575 0.191996
v -0.088666 2.532735 0.189148
v -0.099574 2.534193 0.160478
v -0.096197 2.541237 0.150886
v -0.101831 2.548648 0.160092
v -0.093186 2.516479 0.163247
v -0.097154 2.534157 0.166776
v -0.088762 2.531900 0.169751
v -0.096265 2.551785 0.165882
v -0.086311 2.550041 0.167019
v -0.091758 2.555911 0.161818
v -0.097317 2.554706 0.154056
v -0.092692 2.545988 0.148013
v -0.089021 2.554960 0.153276
v -0.081779 2.549286 0.158500
v -0.085610 2.548909 0.151286
v -0.083897 2.533806 0.153251
v -0.090591 2.519266 0.156588
v -0.091411 2.504893 0.160988
v -0.081069 2.528769 0.160690
v -0.108550 2.535680 0.136823
v -0.105022 2.543040 0.126802
v -0.101877 2.517174 0.139715
v -0.106022 2.535643 0.143402
v -0.110908 2.550782 0.136419
v -0.106192 2.557111 0.130113
v -0.105093 2.554060 0.142468
v -0.094694 2.552237 0.143656
v -0.100384 2.558370 0.138222
v -0.097254 2.533285 0.146510
v -0.089217 2.530014 0.137044
v -0.100022 2.505070 0.137356
v -0.092172 2.535277 0.129273
v -0.099165 2.520086 0.132759
v -0.101360 2.548004 0.123800
v -0.097525 2.557377 0.129298
v -0.093962 2.551055 0.127219
v -0.089959 2.551449 0.134755
v -0.097730 2.531315 0.112340
v -0.106126 2.534732 0.122230
v -0.103452 2.554532 0.119248
v -0.100817 2.536813 0.104221
v -0.109018 2.505255 0.112666
v -0.098505 2.553709 0.109949
v -0.102686 2.553298 0.102075
v -0.109396 2.560939 0.113571
v -0.106409 2.559902 0.104248
v -0.110416 2.550109 0.098504
v -0.115464 2.559624 0.105099
v -0.120391 2.553012 0.111687
v -0.114316 2.556437 0.118007
v -0.114242 2.544924 0.101640
v -0.110956 2.517900 0.115131
v -0.108123 2.520942 0.107863
v -0.117927 2.537234 0.112109
v -0.115286 2.537196 0.118983
v 0.014892 2.519765 0.389891
v 0.012980 2.523753 0.384461
v 0.013522 2.519745 0.393455
v 0.016169 2.527948 0.389672
v 0.011276 2.509738 0.391458
v 0.009807 2.511316 0.387689
v 0.008771 2.518468 0.395140
v 0.010271 2.503179 0.390179
v 0.004417 2.516695 0.390011
v 0.006018 2.519547 0.385800
v 0.010996 2.526443 0.382835
v 0.004819 2.528309 0.388770
v 0.006987 2.528096 0.384687
v 0.008918 2.531521 0.385814
v 0.010467 2.532059 0.390649
v 0.013614 2.531378 0.386255
v 0.013019 2.529725 0.392949
v 0.007384 2.528737 0.393593
v 0.019973 2.520607 0.376500
v 0.018542 2.520586 0.380224
v 0.017976 2.524774 0.370827
v 0.016195 2.510131 0.378137
v 0.021308 2.529156 0.376271
v 0.018016 2.531012 0.379696
v 0.018638 2.532739 0.372701
v 0.015350 2.533451 0.377292
v 0.015903 2.527584 0.369128
v 0.013732 2.532890 0.372240
v 0.009449 2.529534 0.375330
v 0.011715 2.529311 0.371063
v 0.010702 2.520379 0.372226
v 0.015145 2.503279 0.376801
v 0.009029 2.517400 0.376625
v 0.014660 2.511780 0.374199
v 0.013579 2.519252 0.381984
v 0.012129 2.529980 0.380368
v 0.013848 2.518136 0.362640
v 0.020238 2.503384 0.362825
v 0.017087 2.531279 0.366551
v 0.014287 2.530813 0.361287
v 0.018601 2.520071 0.368239
v 0.015595 2.521249 0.358045
v 0.016654 2.530580 0.356830
v 0.019731 2.512264 0.360106
v 0.021029 2.528775 0.354808
v 0.023195 2.525840 0.356584
v 0.023887 2.534162 0.358542
v 0.018761 2.534319 0.358060
v 0.020452 2.534906 0.363337
v 0.023237 2.532357 0.365848
v 0.023786 2.521465 0.366401
v 0.026676 2.530419 0.362271
v 0.025281 2.521487 0.362510
v 0.021335 2.510542 0.364220
v 0.030827 2.522406 0.347894
v 0.028648 2.526954 0.341702
v 0.026704 2.510972 0.349681
v 0.032284 2.531737 0.347644
v 0.029265 2.522384 0.351959
v 0.023848 2.520927 0.353879
v 0.028692 2.533763 0.351382
v 0.022266 2.532637 0.352116
v 0.025782 2.536425 0.348758
v 0.029371 2.535648 0.343748
v 0.026385 2.530021 0.339847
v 0.024015 2.535812 0.343245
v 0.019341 2.532149 0.346616
v 0.021814 2.531906 0.341960
v 0.020708 2.522157 0.343229
v 0.018882 2.518905 0.348030
v 0.025558 2.503493 0.348223
v 0.025029 2.512771 0.345383
v 0.024142 2.519709 0.332767
v 0.031117 2.503607 0.332968
v 0.027677 2.534055 0.337035
v 0.024621 2.533546 0.331289
v 0.029330 2.521821 0.338877
v 0.026049 2.523106 0.327750
v 0.031980 2.531322 0.324218
v 0.027205 2.533292 0.326425
v 0.030564 2.513300 0.330001
v 0.032314 2.511421 0.334491
v 0.034344 2.528118 0.326155
v 0.036622 2.523367 0.332624
v 0.038144 2.533115 0.332364
v 0.035100 2.537201 0.328293
v 0.034390 2.535231 0.336268
v 0.031350 2.538013 0.333527
v 0.029505 2.537372 0.327767
v 0.034990 2.523343 0.336871
v 0.041684 2.524370 0.316671
v 0.039305 2.529333 0.309912
v 0.043274 2.534555 0.316399
v 0.037183 2.511889 0.318622
v 0.039979 2.524345 0.321108
v 0.034066 2.522755 0.323204
v 0.039353 2.536765 0.320478
v 0.032339 2.535536 0.321279
v 0.036177 2.539672 0.317615
v 0.040094 2.538823 0.312145
v 0.036835 2.532681 0.307888
v 0.034248 2.539002 0.311596
v 0.031846 2.534739 0.310194
v 0.029146 2.535004 0.315276
v 0.030639 2.524098 0.311579
v 0.028646 2.520549 0.316820
v 0.035932 2.503726 0.317030
v 0.035355 2.513853 0.313930
v 0.048008 2.525418 0.300004
v 0.043306 2.512379 0.302042
v 0.049669 2.536058 0.299719
v 0.045522 2.530604 0.292943
v 0.046227 2.525392 0.304639
v 0.040049 2.523731 0.306830
v 0.045573 2.538368 0.303982
v 0.038246 2.537084 0.304818
v 0.046347 2.540518 0.295276
v 0.042255 2.541404 0.300990
v 0.034909 2.536529 0.298547
v 0.040240 2.540705 0.294702
v 0.042942 2.534101 0.290828
v 0.037730 2.536251 0.293237
v 0.036469 2.525134 0.294684
v 0.034387 2.521426 0.300160
v 0.041999 2.503851 0.300379
v 0.041396 2.514431 0.297140
v 0.054615 2.526513 0.282591
v 0.052018 2.531931 0.275215
v 0.049703 2.512891 0.284720
v 0.056351 2.537630 0.282294
v 0.052754 2.526486 0.287434
v 0.046300 2.524750 0.289722
v 0.052071 2.540043 0.286747
v 0.044416 2.538701 0.287621
v 0.048604 2.543215 0.283621
v 0.052880 2.542288 0.277652
v 0.049323 2.535585 0.273005
v 0.046499 2.542484 0.277053
v 0.040931 2.538121 0.281069
v 0.043877 2.537831 0.275522
v 0.042559 2.526216 0.277034
v 0.040384 2.522343 0.282754
v 0.047707 2.515034 0.279600
v 0.048338 2.503981 0.282984
v 0.047221 2.539784 0.262810
v 0.050862 2.540390 0.269654
v 0.055238 2.545106 0.265475
v 0.048923 2.527347 0.258593
v 0.050299 2.539481 0.257014
v 0.046650 2.523300 0.264570
v 0.053039 2.544343 0.258613
v 0.055989 2.537134 0.254385
v 0.059705 2.544138 0.259239
v 0.058860 2.541792 0.268741
v 0.058805 2.533317 0.256693
v 0.063331 2.539271 0.264089
v 0.059574 2.527629 0.269459
v 0.061518 2.527657 0.264400
v 0.056386 2.513425 0.266624
v 0.054301 2.515664 0.261274
v 0.052831 2.525815 0.271850
v 0.054960 2.504117 0.264809
v 0.068730 2.528852 0.245394
v 0.065895 2.534766 0.237343
v 0.063368 2.513984 0.247718
v 0.066698 2.528823 0.250680
v 0.070624 2.540986 0.245069
v 0.065952 2.543619 0.249930
v 0.066835 2.546071 0.240003
v 0.062169 2.547082 0.246518
v 0.062953 2.538754 0.234931
v 0.059871 2.546284 0.239349
v 0.053793 2.541521 0.243733
v 0.057009 2.541205 0.237677
v 0.055571 2.528528 0.239328
v 0.061878 2.504259 0.245822
v 0.053197 2.524300 0.245572
v 0.061189 2.516323 0.242129
v 0.059654 2.526928 0.253177
v 0.057597 2.542155 0.250884
v 0.076264 2.530101 0.225538
v 0.073303 2.536279 0.217126
v 0.070662 2.514567 0.227965
v 0.074142 2.530070 0.231060
v 0.078243 2.542778 0.225199
v 0.073362 2.545529 0.230276
v 0.074285 2.548090 0.219905
v 0.069410 2.549146 0.226712
v 0.070229 2.540445 0.214607
v 0.067009 2.548313 0.219222
v 0.064019 2.543007 0.217477
v 0.060659 2.543337 0.223802
v 0.064633 2.543999 0.231273
v 0.060036 2.525345 0.225723
v 0.062516 2.529762 0.219200
v 0.069106 2.504407 0.225985
v 0.068386 2.517011 0.222126
v 0.066782 2.528091 0.233669
v 0.067182 2.526437 0.204987
v 0.076657 2.504562 0.205261
v 0.074230 2.529305 0.213288
v 0.071984 2.545925 0.210786
v 0.069773 2.531052 0.198173
v 0.067832 2.545234 0.202980
v 0.076974 2.551303 0.206020
v 0.071342 2.544888 0.196371
v 0.074467 2.550433 0.198195
v 0.082068 2.550199 0.198909
v 0.077830 2.542213 0.193373
v 0.075905 2.517730 0.201229
v 0.081042 2.537860 0.196005
v 0.078283 2.515177 0.207330
v 0.086203 2.544649 0.204439
v 0.084135 2.531406 0.204793
v 0.081918 2.531374 0.210563
v 0.081104 2.547524 0.209744
v 0.090982 2.532769 0.183121
v 0.088666 2.532735 0.189148
v 0.087750 2.539512 0.173939
v 0.084868 2.515813 0.185771
v 0.093142 2.546605 0.182751
v 0.087815 2.549608 0.188293
v 0.088822 2.552403 0.176973
v 0.080881 2.552647 0.176227
v 0.083501 2.553556 0.184403
v 0.084395 2.544059 0.171190
v 0.075977 2.532399 0.176203
v 0.082384 2.518481 0.179397
v 0.077617 2.546855 0.174322
v 0.073950 2.547216 0.181226
v 0.073270 2.527577 0.183323
v 0.078288 2.547938 0.189381
v 0.080633 2.530575 0.191996
v 0.083169 2.504724 0.183609
v 0.088762 2.531900 0.169751
v 0.086311 2.550041 0.167019
v 0.097154 2.534157 0.166776
v 0.093186 2.516479 0.163247
v 0.081069 2.528769 0.160690
v 0.096265 2.551785 0.165882
v 0.091411 2.504893 0.160988
v 0.083897 2.533806 0.153251
v 0.090591 2.519266 0.156588
v 0.092692 2.545988 0.148013
v 0.096197 2.541237 0.150886
v 0.099574 2.534193 0.160478
v 0.101831 2.548648 0.160092
v 0.097317 2.554706 0.154056
v 0.091758 2.555911 0.161818
v 0.089021 2.554960 0.153276
v 0.081779 2.549286 0.158500
v 0.085610 2.548909 0.151286
v 0.089217 2.530014 0.137044
v 0.100022 2.505070 0.137356
v 0.094694 2.552237 0.143656
v 0.089959 2.551449 0.134755
v 0.097254 2.533285 0.146510
v 0.092172 2.535277 0.129273
v 0.101360 2.548004 0.123800
v 0.093962 2.551055 0.127219
v 0.099165 2.520086 0.132759
v 0.101877 2.517174 0.139715
v 0.105022 2.543040 0.126802
v 0.108550 2.535680 0.136823
v 0.110908 2.550782 0.136419
v 0.106192 2.557111 0.130113
v 0.100384 2.558370 0.138222
v 0.097525 2.557377 0.129298
v 0.105093 2.554060 0.142468
v 0.106022 2.535643 0.143402
v 0.106126 2.534732 0.122230
v 0.110956 2.517900 0.115131
v 0.097730 2.531315 0.112340
v 0.103452 2.554532 0.119248
v 0.115286 2.537196 0.118983
v 0.114316 2.556437 0.118007
v 0.109018 2.505255 0.112666
v 0.108123 2.520942 0.107863
v 0.100817 2.536813 0.104221
v 0.110416 2.550109 0.098504
v 0.102686 2.553298 0.102075
v 0.098505 2.553709 0.109949
v 0.109396 2.560939 0.113571
v 0.106409 2.559902 0.104248
v 0.115464 2.559624 0.105099
v 0.120391 2.553012 0.111687
v 0.114242 2.544924 0.101640
v 0.117927 2.537234 0.112109
v -0.084747 2.568808 0.228265
v -0.110071 2.641660 0.169935
v -0.119860 2.605614 0.148705
v -0.116448 2.605593 0.147276
v -0.107801 2.641645 0.168984
v -0.139968 2.667139 0.095020
v -0.088356 2.573756 0.220105
v -0.113421 2.629437 0.164638
v -0.117666 2.611994 0.154383
v -0.114664 2.609543 0.151453
v -0.109227 2.631888 0.164590
v -0.137750 2.662477 0.100768
v 0.084747 2.568808 0.228265
v 0.110071 2.641660 0.169935
v 0.119860 2.605614 0.148705
v 0.116448 2.605593 0.147276
v 0.107801 2.641645 0.168984
v 0.139968 2.667139 0.095020
v 0.088356 2.573756 0.220105
v 0.113421 2.629437 0.164638
v 0.117666 2.611994 0.154383
v 0.114664 2.609543 0.151453
v 0.109227 2.631888 0.164590
v 0.137750 2.662477 0.100768
v -0.000000 2.523829 0.406840
v 0.129827 2.532150 0.086622
v -0.133657 2.523973 0.049809
v -0.129827 2.532150 0.086622
v 0.133657 2.523973 0.049809
v -0.139667 2.541837 0.051924
v -0.000000 2.344332 0.375290
v -0.000000 2.511897 0.002288
v 0.139667 2.541837 0.051924
v -0.139667 2.453045 0.017173
v 0.139667 2.453045 0.017173
v -0.001944 2.369551 0.352494
v -0.006267 2.366745 0.348209
v -0.004599 2.376835 0.359294
v -0.000778 2.368308 0.355728
v -0.000000 2.362840 0.348579
v -0.000000 2.359542 0.351885
v -0.003979 2.359851 0.346257
v 0.000778 2.368308 0.355728
v 0.003979 2.359851 0.346257
v 0.001944 2.369551 0.352494
v 0.006267 2.366745 0.348209
v 0.004599 2.376835 0.359294
v 0.008453 2.364159 0.347115
v 0.007818 2.375884 0.356844
v 0.006742 2.382561 0.361404
v 0.010954 2.367954 0.354441
v 0.009836 2.368965 0.359317
v 0.009183 2.359220 0.353861
v 0.010102 2.361037 0.349926
v 0.007673 2.358374 0.348397
v 0.003543 2.357249 0.350754
v 0.004327 2.358509 0.355710
v 0.003354 2.367559 0.359920
v -0.003543 2.357249 0.350754
v -0.008453 2.364159 0.347115
v -0.007673 2.358374 0.348397
v -0.009183 2.359220 0.353861
v -0.010102 2.361037 0.349926
v -0.010954 2.367954 0.354441
v -0.006742 2.382561 0.361404
v -0.009836 2.368965 0.359317
v -0.007818 2.375884 0.356844
v -0.003354 2.367559 0.359920
v -0.004327 2.358509 0.355710
v -0.006842 2.377124 0.340739
v -0.011326 2.374216 0.336293
v -0.009596 2.384674 0.347796
v -0.005633 2.375832 0.344092
v -0.005196 2.370166 0.336674
v -0.005342 2.366743 0.340100
v -0.008953 2.367068 0.334263
v -0.008501 2.364366 0.338926
v -0.013592 2.371535 0.335157
v -0.012784 2.365534 0.336482
v -0.014350 2.366409 0.342150
v -0.015303 2.368295 0.338070
v -0.016187 2.375466 0.342757
v -0.011818 2.390610 0.349988
v -0.015027 2.376511 0.347814
v -0.012935 2.383689 0.345254
v -0.008304 2.375053 0.348439
v -0.009313 2.365670 0.344067
v -0.011922 2.384985 0.328552
v -0.016572 2.381973 0.323940
v -0.014778 2.392811 0.335877
v -0.010668 2.383643 0.332029
v -0.010215 2.377772 0.324332
v -0.010367 2.374220 0.327883
v -0.014112 2.374560 0.321830
v -0.013642 2.371755 0.326664
v -0.018923 2.379193 0.322759
v -0.018085 2.372969 0.324129
v -0.019708 2.373872 0.330009
v -0.020696 2.375831 0.325779
v -0.021613 2.383265 0.330645
v -0.017083 2.398965 0.338154
v -0.020411 2.384345 0.335891
v -0.018241 2.391791 0.333240
v -0.013439 2.382833 0.336537
v -0.014485 2.373105 0.331996
v 0.018001 2.380078 0.319000
v 0.016701 2.390376 0.323807
v 0.022668 2.399859 0.320317
v 0.025365 2.391977 0.323122
v 0.021230 2.407454 0.325519
v 0.026859 2.390833 0.317569
v 0.025720 2.382965 0.312418
v 0.024492 2.380890 0.316896
v 0.022474 2.379935 0.310673
v 0.023516 2.386524 0.309222
v 0.016954 2.378650 0.313355
v 0.017537 2.381619 0.308238
v 0.012883 2.381259 0.314645
v 0.012694 2.385019 0.310887
v 0.013258 2.391234 0.319035
v 0.018365 2.400938 0.323108
v 0.020595 2.389466 0.310472
v 0.014816 2.392654 0.315354
v -0.022655 2.401620 0.302823
v -0.027656 2.398387 0.297858
v -0.025726 2.410026 0.310713
v -0.021306 2.400172 0.306561
v -0.020819 2.393868 0.298273
v -0.020982 2.390042 0.302087
v -0.025010 2.390417 0.295578
v -0.024505 2.387393 0.300773
v -0.030185 2.395399 0.296584
v -0.029283 2.388702 0.298049
v -0.031029 2.389665 0.304373
v -0.032092 2.391778 0.299827
v -0.033078 2.399767 0.305071
v -0.028206 2.416644 0.313171
v -0.031785 2.400921 0.310715
v -0.029451 2.408934 0.307875
v -0.024286 2.399293 0.311409
v -0.025411 2.388837 0.306510
v -0.028321 2.410417 0.289247
v -0.033509 2.407067 0.284095
v -0.031507 2.419130 0.297435
v -0.026923 2.408913 0.293122
v -0.026417 2.402380 0.284523
v -0.026586 2.398410 0.288476
v -0.030764 2.398803 0.281725
v -0.030240 2.395663 0.287111
v -0.036131 2.403969 0.282772
v -0.035196 2.397023 0.284286
v -0.037007 2.398016 0.290846
v -0.038109 2.400211 0.286132
v -0.039132 2.408493 0.291577
v -0.034079 2.425991 0.299989
v -0.037790 2.409686 0.297431
v -0.035370 2.417999 0.294491
v -0.030013 2.407997 0.298149
v -0.031180 2.397156 0.293062
v -0.034198 2.419549 0.275173
v -0.039578 2.416078 0.269827
v -0.037502 2.428580 0.283670
v -0.032748 2.417986 0.279191
v -0.032224 2.411217 0.270268
v -0.032399 2.407097 0.274365
v -0.036732 2.407509 0.267364
v -0.036189 2.404249 0.272947
v -0.042298 2.412866 0.268453
v -0.041328 2.405661 0.270019
v -0.043206 2.406688 0.276823
v -0.044350 2.408967 0.271936
v -0.045410 2.417552 0.277588
v -0.040169 2.435694 0.286324
v -0.044019 2.418786 0.283660
v -0.041509 2.427409 0.280617
v -0.035953 2.417034 0.284404
v -0.037163 2.405794 0.279120
v -0.037981 2.429030 0.260583
v -0.043560 2.425434 0.255036
v -0.041407 2.438390 0.269402
v -0.036476 2.427406 0.264749
v -0.035933 2.420393 0.255491
v -0.036115 2.416117 0.259736
v -0.040608 2.416549 0.252476
v -0.040045 2.413164 0.258264
v -0.046381 2.422104 0.253609
v -0.045375 2.414630 0.255228
v -0.047323 2.415690 0.262286
v -0.048509 2.418058 0.257218
v -0.049609 2.426958 0.263086
v -0.044173 2.445766 0.272159
v -0.048166 2.428233 0.269384
v -0.045562 2.437178 0.266234
v -0.039801 2.426415 0.270154
v -0.041056 2.414762 0.264667
v -0.044302 2.438873 0.245458
v -0.050089 2.435147 0.239703
v -0.047856 2.448574 0.254611
v -0.042742 2.437186 0.249777
v -0.042178 2.429919 0.240171
v -0.042367 2.425480 0.244571
v -0.047027 2.425934 0.237041
v -0.046443 2.422420 0.243042
v -0.053014 2.431695 0.238221
v -0.051971 2.423943 0.239895
v -0.053991 2.425037 0.247215
v -0.055221 2.427496 0.241961
v -0.056361 2.436722 0.248053
v -0.050724 2.456222 0.257475
v -0.054865 2.438040 0.254585
v -0.052165 2.447319 0.251324
v -0.046189 2.436154 0.255383
v -0.047491 2.424072 0.249684
v -0.050858 2.449091 0.229778
v -0.056859 2.445231 0.223807
v -0.054543 2.459145 0.239278
v -0.049240 2.447339 0.234257
v -0.048655 2.439808 0.224289
v -0.048851 2.435203 0.228850
v -0.053684 2.435678 0.221041
v -0.053078 2.432029 0.227262
v -0.059893 2.441651 0.222268
v -0.058811 2.433610 0.223999
v -0.060906 2.434741 0.231591
v -0.062182 2.437294 0.226144
v -0.063365 2.446858 0.232468
v -0.057519 2.467076 0.242254
v -0.061813 2.448220 0.239244
v -0.059013 2.457846 0.235868
v -0.052815 2.446265 0.240070
v -0.054166 2.433739 0.234152
v -0.057657 2.459699 0.213524
v -0.063881 2.455700 0.207329
v -0.061479 2.470121 0.223383
v -0.055979 2.457879 0.218168
v -0.055372 2.450076 0.207824
v -0.055575 2.445296 0.212552
v -0.060588 2.445795 0.204453
v -0.059960 2.442006 0.210903
v -0.067027 2.451988 0.205730
v -0.065905 2.443648 0.207520
v -0.068078 2.444815 0.215394
v -0.069401 2.447467 0.209747
v -0.070628 2.457382 0.216312
v -0.064565 2.478343 0.226474
v -0.069018 2.458790 0.223341
v -0.066114 2.468775 0.219846
v -0.059687 2.456761 0.224196
v -0.061087 2.443774 0.218049
v -0.064708 2.470712 0.196674
v -0.071164 2.466569 0.190246
v -0.068673 2.481514 0.206906
v -0.062968 2.468822 0.201489
v -0.062339 2.460736 0.190757
v -0.062549 2.455775 0.195655
v -0.067748 2.456298 0.187257
v -0.067096 2.452364 0.193943
v -0.074426 2.462721 0.188585
v -0.073263 2.454070 0.190436
v -0.075516 2.455275 0.198604
v -0.076888 2.458029 0.192748
v -0.078161 2.468307 0.199564
v -0.071873 2.490038 0.210118
v -0.076491 2.469763 0.206854
v -0.073480 2.480121 0.203237
v -0.066814 2.467658 0.207740
v -0.068266 2.454193 0.201356
v -0.072022 2.482146 0.179207
v -0.078716 2.477853 0.172538
v -0.076133 2.493341 0.189825
v -0.070217 2.480181 0.184199
v -0.069564 2.471803 0.173062
v -0.069782 2.466655 0.178140
v -0.075174 2.467203 0.169430
v -0.074498 2.463119 0.176361
v -0.082100 2.473864 0.170812
v -0.080893 2.464890 0.172725
v -0.083230 2.466134 0.181197
v -0.084653 2.468995 0.175126
v -0.085973 2.479649 0.182202
v -0.079452 2.502180 0.193162
v -0.084242 2.481154 0.189764
v -0.081118 2.491899 0.186019
v -0.074205 2.478971 0.190680
v -0.075711 2.465011 0.184050
v -0.079606 2.494015 0.161099
v -0.086549 2.489568 0.154179
v -0.083870 2.505618 0.172119
v -0.077734 2.491974 0.166275
v -0.077058 2.483293 0.154719
v -0.077284 2.477951 0.159982
v -0.082875 2.478524 0.150949
v -0.082174 2.474285 0.158135
v -0.090058 2.485432 0.152387
v -0.088807 2.476124 0.154365
v -0.091231 2.477408 0.163151
v -0.092706 2.480379 0.156858
v -0.094075 2.491424 0.164204
v -0.087312 2.514784 0.175586
v -0.092280 2.492980 0.172047
v -0.089040 2.504125 0.168171
v -0.081871 2.490714 0.172996
v -0.083433 2.476240 0.166111
v -0.087472 2.506338 0.142327
v -0.094673 2.501730 0.135148
v -0.091894 2.518364 0.153764
v -0.085531 2.504218 0.147693
v -0.084829 2.495222 0.135703
v -0.085064 2.489678 0.141157
v -0.090862 2.490280 0.131790
v -0.090136 2.485876 0.139239
v -0.098312 2.497441 0.133286
v -0.097014 2.487787 0.135331
v -0.099528 2.489112 0.144444
v -0.101058 2.492198 0.137919
v -0.102478 2.503648 0.145546
v -0.095463 2.527867 0.157366
v -0.100616 2.505256 0.153680
v -0.097256 2.516819 0.149668
v -0.089820 2.502906 0.154664
v -0.091440 2.487900 0.147512
v -0.095630 2.519131 0.122867
v -0.103098 2.514357 0.115418
v -0.100216 2.531595 0.134737
v -0.093616 2.516927 0.128431
v -0.092889 2.507607 0.115990
v -0.093132 2.501853 0.121643
v -0.099146 2.502483 0.111928
v -0.098392 2.497912 0.119651
v -0.106872 2.509910 0.113484
v -0.105526 2.499896 0.115598
v -0.108133 2.501265 0.125051
v -0.109720 2.504469 0.118286
v -0.111192 2.516339 0.126203
v -0.103918 2.541448 0.138479
v -0.109261 2.518001 0.134641
v -0.105777 2.529995 0.130488
v -0.098065 2.515563 0.135659
v -0.099745 2.500005 0.128232
v -0.101191 2.529597 0.102694
v -0.110202 2.527797 0.094965
v -0.100938 2.543361 0.115013
v -0.100074 2.526707 0.108463
v -0.102874 2.517432 0.095554
v -0.105274 2.511959 0.101412
v -0.110847 2.514837 0.091337
v -0.111840 2.510130 0.099344
v -0.115522 2.524920 0.092956
v -0.117988 2.514733 0.095143
v -0.119995 2.517030 0.104947
v -0.120322 2.520728 0.097932
v -0.117283 2.532750 0.106152
v -0.100812 2.554274 0.118901
v -0.114794 2.533624 0.114904
v -0.106914 2.543909 0.110605
v -0.104890 2.527056 0.115958
v -0.112363 2.512656 0.108245
v 0.006842 2.377124 0.340739
v 0.011326 2.374216 0.336293
v 0.009596 2.384674 0.347796
v 0.005633 2.375832 0.344092
v 0.005196 2.370166 0.336674
v 0.005342 2.366743 0.340100
v 0.008953 2.367068 0.334263
v 0.008501 2.364366 0.338926
v 0.013592 2.371535 0.335157
v 0.012784 2.365534 0.336482
v 0.014350 2.366409 0.342150
v 0.015303 2.368295 0.338070
v 0.016187 2.375466 0.342757
v 0.011818 2.390610 0.349988
v 0.015027 2.376511 0.347814
v 0.012935 2.383689 0.345254
v 0.008304 2.375053 0.348439
v 0.009313 2.365670 0.344067
v 0.011922 2.384985 0.328552
v 0.016572 2.381973 0.323940
v 0.014778 2.392811 0.335877
v 0.010668 2.383643 0.332029
v 0.010215 2.377772 0.324332
v 0.010367 2.374220 0.327883
v 0.014112 2.374560 0.321830
v 0.013642 2.371755 0.326664
v 0.018923 2.379193 0.322759
v 0.018085 2.372969 0.324129
v 0.019708 2.373872 0.330009
v 0.020696 2.375831 0.325779
v 0.021613 2.383265 0.330645
v 0.017083 2.398965 0.338154
v 0.020411 2.384345 0.335891
v 0.018241 2.391791 0.333240
v 0.013439 2.382833 0.336537
v 0.014485 2.373105 0.331996
v -0.018001 2.380078 0.319000
v -0.016701 2.390376 0.323807
v -0.022668 2.399859 0.320317
v -0.025365 2.391977 0.323122
v -0.021230 2.407454 0.325519
v -0.026859 2.390833 0.317569
v -0.025720 2.382965 0.312418
v -0.024492 2.380890 0.316896
v -0.022474 2.379935 0.310673
v -0.023516 2.386524 0.309222
v -0.016954 2.378650 0.313355
v -0.017537 2.381619 0.308238
v -0.012883 2.381259 0.314645
v -0.012694 2.385019 0.310887
v -0.013258 2.391234 0.319035
v -0.018365 2.400938 0.323108
v -0.020595 2.389466 0.310472
v -0.014816 2.392654 0.315354
v 0.022655 2.401620 0.302823
v 0.027656 2.398387 0.297858
v 0.025726 2.410026 0.310713
v 0.021306 2.400172 0.306561
v 0.020819 2.393868 0.298273
v 0.020982 2.390042 0.302087
v 0.025010 2.390417 0.295578
v 0.024505 2.387393 0.300773
v 0.030185 2.395399 0.296584
v 0.029283 2.388702 0.298049
v 0.031029 2.389665 0.304373
v 0.032092 2.391778 0.299827
v 0.033078 2.399767 0.305071
v 0.028206 2.416644 0.313171
v 0.031785 2.400921 0.310715
v 0.029451 2.408934 0.307875
v 0.024286 2.399293 0.311409
v 0.025411 2.388837 0.306510
v 0.028321 2.410417 0.289247
v 0.033509 2.407067 0.284095
v 0.031507 2.419130 0.297435
v 0.026923 2.408913 0.293122
v 0.026417 2.402380 0.284523
v 0.026586 2.398410 0.288476
v 0.030764 2.398803 0.281725
v 0.030240 2.395663 0.287111
v 0.036131 2.403969 0.282772
v 0.035196 2.397023 0.284286
v 0.037007 2.398016 0.290846
v 0.038109 2.400211 0.286132
v 0.039132 2.408493 0.291577
v 0.034079 2.425991 0.299989
v 0.037790 2.409686 0.297431
v 0.035370 2.417999 0.294491
v 0.030013 2.407997 0.298149
v 0.031180 2.397156 0.293062
v 0.034198 2.419549 0.275173
v 0.039578 2.416078 0.269827
v 0.037502 2.428580 0.283670
v 0.032748 2.417986 0.279191
v 0.032224 2.411217 0.270268
v 0.032399 2.407097 0.274365
v 0.036732 2.407509 0.267364
v 0.036189 2.404249 0.272947
v 0.042298 2.412866 0.268453
v 0.041328 2.405661 0.270019
v 0.043206 2.406688 0.276823
v 0.044350 2.408967 0.271936
v 0.045410 2.417552 0.277588
v 0.040169 2.435694 0.286324
v 0.044019 2.418786 0.283660
v 0.041509 2.427409 0.280617
v 0.035953 2.417034 0.284404
v 0.037163 2.405794 0.279120
v 0.037981 2.429030 0.260583
v 0.043560 2.425434 0.255036
v 0.041407 2.438390 0.269402
v 0.036476 2.427406 0.264749
v 0.035933 2.420393 0.255491
v 0.036115 2.416117 0.259736
v 0.040608 2.416549 0.252476
v 0.040045 2.413164 0.258264
v 0.046381 2.422104 0.253609
v 0.045375 2.414630 0.255228
v 0.047323 2.415690 0.262286
v 0.048509 2.418058 0.257218
v 0.049609 2.426958 0.263086
v 0.044173 2.445766 0.272159
v 0.048166 2.428233 0.269384
v 0.045562 2.437178 0.266234
v 0.039801 2.426415 0.270154
v 0.041056 2.414762 0.264667
v 0.044302 2.438873 0.245458
v 0.050089 2.435147 0.239703
v 0.047856 2.448574 0.254611
v 0.042742 2.437186 0.249777
v 0.042178 2.429919 0.240171
v 0.042367 2.425480 0.244571
v 0.047027 2.425934 0.237041
v 0.046443 2.422420 0.243042
v 0.053014 2.431695 0.238221
v 0.051971 2.423943 0.239895
v 0.053991 2.425037 0.247215
v 0.055221 2.427496 0.241961
v 0.056361 2.436722 0.248053
v 0.050724 2.456222 0.257475
v 0.054865 2.438040 0.254585
v 0.052165 2.447319 0.251324
v 0.046189 2.436154 0.255383
v 0.047491 2.424072 0.249684
v 0.050858 2.449091 0.229778
v 0.056859 2.445231 0.223807
v 0.054543 2.459145 0.239278
v 0.049240 2.447339 0.234257
v 0.048655 2.439808 0.224289
v 0.048851 2.435203 0.228850
v 0.053684 2.435678 0.221041
v 0.053078 2.432029 0.227262
v 0.059893 2.441651 0.222268
v 0.058811 2.433610 0.223999
v 0.060906 2.434741 0.231591
v 0.062182 2.437294 0.226144
v 0.063365 2.446858 0.232468
v 0.057519 2.467076 0.242254
v 0.061813 2.448220 0.239244
v 0.059013 2.457846 0.235868
v 0.052815 2.446265 0.240070
v 0.054166 2.433739 0.234152
v 0.057657 2.459699 0.213524
v 0.063881 2.455700 0.207329
v 0.061479 2.470121 0.223383
v 0.055979 2.457879 0.218168
v 0.055372 2.450076 0.207824
v 0.055575 2.445296 0.212552
v 0.060588 2.445795 0.204453
v 0.059960 2.442006 0.210903
v 0.067027 2.451988 0.205730
v 0.065905 2.443648 0.207520
v 0.068078 2.444815 0.215394
v 0.069401 2.447467 0.209747
v 0.070628 2.457382 0.216312
v 0.064565 2.478343 0.226474
v 0.069018 2.458790 0.223341
v 0.066114 2.468775 0.219846
v 0.059687 2.456761 0.224196
v 0.061087 2.443774 0.218049
v 0.064708 2.470712 0.196674
v 0.071164 2.466569 0.190246
v 0.068673 2.481514 0.206906
v 0.062968 2.468822 0.201489
v 0.062339 2.460736 0.190757
v 0.062549 2.455775 0.195655
v 0.067748 2.456298 0.187257
v 0.067096 2.452364 0.193943
v 0.074426 2.462721 0.188585
v 0.073263 2.454070 0.190436
v 0.075516 2.455275 0.198604
v 0.076888 2.458029 0.192748
v 0.078161 2.468307 0.199564
v 0.071873 2.490038 0.210118
v 0.076491 2.469763 0.206854
v 0.073480 2.480121 0.203237
v 0.066814 2.467658 0.207740
v 0.068266 2.454193 0.201356
v 0.072022 2.482146 0.179207
v 0.078716 2.477853 0.172538
v 0.076133 2.493341 0.189825
v 0.070217 2.480181 0.184199
v 0.069564 2.471803 0.173062
v 0.069782 2.466655 0.178140
v 0.075174 2.467203 0.169430
v 0.074498 2.463119 0.176361
v 0.082100 2.473864 0.170812
v 0.080893 2.464890 0.172725
v 0.083230 2.466134 0.181197
v 0.084653 2.468995 0.175126
v 0.085973 2.479649 0.182202
v 0.079452 2.502180 0.193162
v 0.084242 2.481154 0.189764
v 0.081118 2.491899 0.186019
v 0.074205 2.478971 0.190680
v 0.075711 2.465011 0.184050
v 0.079606 2.494015 0.161099
v 0.086549 2.489568 0.154179
v 0.083870 2.505618 0.172119
v 0.077734 2.491974 0.166275
v 0.077058 2.483293 0.154719
v 0.077284 2.477951 0.159982
v 0.082875 2.478524 0.150949
v 0.082174 2.474285 0.158135
v 0.090058 2.485432 0.152387
v 0.088807 2.476124 0.154365
v 0.091231 2.477408 0.163151
v 0.092706 2.480379 0.156858
v 0.094075 2.491424 0.164204
v 0.087312 2.514784 0.175586
v 0.092280 2.492980 0.172047
v 0.089040 2.504125 0.168171
v 0.081871 2.490714 0.172996
v 0.083433 2.476240 0.166111
v 0.087472 2.506338 0.142327
v 0.094673 2.501730 0.135148
v 0.091894 2.518364 0.153764
v 0.085531 2.504218 0.147693
v 0.084829 2.495222 0.135703
v 0.085064 2.489678 0.141157
v 0.090862 2.490280 0.131790
v 0.090136 2.485876 0.139239
v 0.098312 2.497441 0.133286
v 0.097014 2.487787 0.135331
v 0.099528 2.489112 0.144444
v 0.101058 2.492198 0.137919
v 0.102478 2.503648 0.145546
v 0.095463 2.527867 0.157366
v 0.100616 2.505256 0.153680
v 0.097256 2.516819 0.149668
v 0.089820 2.502906 0.154664
v 0.091440 2.487900 0.147512
v 0.095630 2.519131 0.122867
v 0.103098 2.514357 0.115418
v 0.100216 2.531595 0.134737
v 0.093616 2.516927 0.128431
v 0.092889 2.507607 0.115990
v 0.093132 2.501853 0.121643
v 0.099146 2.502483 0.111928
v 0.098392 2.497912 0.119651
v 0.106872 2.509910 0.113484
v 0.105526 2.499896 0.115598
v 0.108133 2.501265 0.125051
v 0.109720 2.504469 0.118286
v 0.111192 2.516339 0.126203
v 0.103918 2.541448 0.138479
v 0.109261 2.518001 0.134641
v 0.105777 2.529995 0.130488
v 0.098065 2.515563 0.135659
v 0.099745 2.500005 0.128232
v 0.101191 2.529597 0.102694
v 0.110202 2.527797 0.094965
v 0.100938 2.543361 0.115013
v 0.100074 2.526707 0.108463
v 0.102874 2.517432 0.095554
v 0.105274 2.511959 0.101412
v 0.110847 2.514837 0.091337
v 0.111840 2.510130 0.099344
v 0.115522 2.524920 0.092956
v 0.117988 2.514733 0.095143
v 0.119995 2.517030 0.104947
v 0.120322 2.520728 0.097932
v 0.117283 2.532750 0.106152
v 0.100812 2.554274 0.118901
v 0.114794 2.533624 0.114904
v 0.106914 2.543909 0.110605
v 0.104890 2.527056 0.115958
v 0.112363 2.512656 0.108245
v -0.000000 2.350569 0.365395
v 0.119829 2.526897 0.081926
v -0.129661 2.539611 0.042285
v -0.119829 2.526897 0.081926
v 0.129661 2.539611 0.042285
v -0.209123 1.370885 0.196500
v 0.209123 1.370885 0.196500
v 0.000000 1.317886 0.079454
v 0.000000 1.761591 0.103630
v -0.205601 1.369243 -0.048587
v 0.205601 1.369243 -0.048587
v 0.000000 1.370064 0.073957
v 0.025849 1.091053 0.224254
v 0.002793 1.095594 -0.009918
v 0.291662 1.091070 0.200126
v 0.124667 0.618736 0.082963
v 0.145868 1.443145 0.085008
v 0.267440 1.096934 -0.061839
v 0.240002 1.194618 -0.026256
v 0.255105 1.194989 0.169550
v 0.035865 1.194605 -0.007726
v 0.249583 1.151719 -0.044814
v 0.267735 1.152464 0.182854
v 0.019645 1.151704 -0.023942
v 0.043338 1.153105 0.203944
v 0.056222 1.194975 0.187603
v 0.206425 0.455024 -0.030711
v 0.127087 0.006901 0.068785
v 0.226893 0.448274 0.165202
v 0.043056 0.454983 -0.015882
v 0.122743 0.837894 0.082234
v 0.127764 0.004189 0.068320
v 0.058201 0.448232 0.180514
v 0.127152 -0.003296 0.067924
v 0.086871 0.196916 0.028516
v 0.164170 0.196935 0.021500
v 0.094037 0.193721 0.121442
v 0.173854 0.193741 0.114197
v 0.091044 0.224445 0.126133
v 0.081949 0.224447 0.025934
v 0.086190 0.242454 0.131952
v 0.178745 0.224467 0.118173
v 0.169650 0.224469 0.017973
v 0.184558 0.242478 0.123023
v 0.174495 0.242480 0.012156
v 0.076127 0.242456 0.021085
v -0.003488 1.095361 -0.010132
v -0.268203 1.097254 -0.061687
v -0.145723 1.443178 0.085080
v -0.026230 1.090806 0.224071
v -0.126205 0.618729 0.082795
v -0.292075 1.091372 0.200309
v -0.240517 1.194873 -0.026117
v -0.255348 1.195223 0.169710
v -0.036355 1.194438 -0.007869
v -0.250211 1.151998 -0.044673
v -0.268047 1.152721 0.183020
v -0.020245 1.151509 -0.024118
v -0.043620 1.152899 0.203801
v -0.056442 1.194800 0.187488
v -0.228639 0.448451 0.165157
v -0.208428 0.455191 -0.030784
v -0.059927 0.448081 0.180236
v -0.130502 0.004190 0.068072
v -0.123851 0.837882 0.082104
v -0.129819 0.006901 0.068536
v -0.045039 0.454832 -0.016180
v -0.129905 -0.003296 0.067674
v -0.089291 0.196843 0.028240
v -0.166600 0.197013 0.021330
v -0.096335 0.193649 0.121175
v -0.176163 0.193824 0.114040
v -0.093277 0.224366 0.125868
v -0.084320 0.224366 0.025656
v -0.088380 0.242364 0.131682
v -0.180988 0.224559 0.118028
v -0.172031 0.224559 0.017816
v -0.186760 0.242580 0.122889
v -0.176849 0.242580 0.012008
v -0.078469 0.242364 0.020802
v 1.006312 1.257059 0.042456
v 1.044622 1.374677 -0.073225
v 0.873925 1.243711 0.158138
v 0.873925 1.243711 -0.073225
v 1.044622 1.374677 0.158138
v 0.599165 1.812317 0.080128
v 0.601669 1.784056 0.070031
v 0.551081 1.753958 0.071021
v 0.604037 1.783696 0.017548
v 0.642236 1.696126 0.042457
v 0.535872 1.759391 0.004785
v 0.595678 1.811508 0.003709
v 0.540403 1.764521 0.071021
v 0.548223 1.751291 0.003709
v 0.428659 1.956299 0.042457
v 0.656502 1.642665 0.042456
v 0.535872 1.759391 0.080128
v 0.782502 1.639538 -0.034893
v 0.780709 1.641779 0.117766
v 0.759676 1.655349 -0.027085
v 0.668116 1.548006 -0.034893
v 0.657695 1.573744 -0.027085
v 0.666323 1.550248 0.117766
v 0.656074 1.575770 0.110886
v 0.758055 1.657375 0.110886
v 0.820633 1.597535 0.121506
v 0.838723 1.585717 0.126443
v 0.822503 1.595198 -0.037633
v 0.703005 1.503410 0.121506
v 0.704875 1.501073 -0.037633
v 0.711281 1.483739 0.126443
v 0.713279 1.481241 -0.043642
v 0.840721 1.583220 -0.043641
v -0.599165 1.812317 0.080128
v -0.595679 1.811508 0.003709
v -0.428659 1.956299 0.042456
v -1.044622 1.374677 0.158138
v -0.540404 1.764521 0.071021
v -0.656502 1.642665 0.042456
v -0.535873 1.759391 0.080128
v -0.642236 1.696126 0.042457
v -0.548223 1.751291 0.003709
v -0.535873 1.759391 0.004785
v -0.551081 1.753958 0.071021
v -0.604038 1.783696 0.017548
v -0.601670 1.784056 0.070031
v -1.044622 1.374677 -0.073225
v -0.873925 1.243711 -0.073225
v -1.006312 1.257059 0.042456
v -0.873925 1.243711 0.158138
v -0.758055 1.657375 0.110886
v -0.780709 1.641779 0.117766
v -0.759677 1.655349 -0.027085
v -0.656074 1.575770 0.110886
v -0.657695 1.573744 -0.027085
v -0.666323 1.550248 0.117766
v -0.668116 1.548006 -0.034893
v -0.782503 1.639537 -0.034893
v -0.820633 1.597535 0.121506
v -0.838723 1.585717 0.126443
v -0.822503 1.595198 -0.037633
v -0.703005 1.503410 0.121506
v -0.704875 1.501073 -0.037633
v -0.711281 1.483739 0.126443
v -0.713279 1.481241 -0.043642
v -0.840722 1.583220 -0.043641
v -0.165695 2.144897 -0.073225
v -0.302391 2.262786 -0.073225
v -0.165695 2.144897 0.158138
v -0.154312 2.300439 0.042456
v -0.518460 1.815680 0.013055
v -0.553964 1.844571 0.013172
v -0.518921 1.813908 0.070785
v -0.555430 1.844239 0.071021
v -0.302391 2.262786 0.158138
v 0.302391 2.262786 -0.073225
v 0.154312 2.300439 0.042456
v 0.302391 2.262786 0.158138
v 0.165695 2.144897 -0.073225
v 0.553964 1.844571 0.013172
v 0.555430 1.844239 0.071021
v 0.518459 1.815680 0.013055
v 0.518921 1.813908 0.070784
v 0.165695 2.144897 0.158138
v 0.869675 1.389916 0.142456
v 0.857224 1.230018 0.106044
v 0.927454 1.249286 0.106044
v 0.927454 1.249286 0.178869
v 0.857224 1.230018 0.178869
v 0.954339 1.067462 0.142456
v 0.899927 1.155493 0.120572
v 0.940638 1.169483 0.121131
v 0.900746 1.155140 0.164164
v 0.957013 1.059547 0.142167
v 0.940966 1.170568 0.163973
v 1.119374 1.288758 0.172746
v 1.046127 1.274207 0.172746
v 1.104892 1.095123 0.135407
v 1.034594 1.429686 0.135407
v 1.119374 1.288758 0.098068
v 1.046127 1.274207 0.098068
v 1.041220 1.327257 0.164411
v 1.040395 1.319647 0.166160
v 1.041440 1.326220 0.108034
v 1.093424 1.338350 0.164411
v 1.093644 1.337313 0.108034
v 1.096955 1.331665 0.166160
v 1.097191 1.330557 0.105906
v 1.040631 1.318539 0.105906
v 1.043582 1.306980 0.168037
v 1.042652 1.298394 0.170011
v 1.043830 1.305810 0.104432
v 1.102480 1.319495 0.168037
v 1.102728 1.318325 0.104432
v 1.106464 1.311953 0.170011
v 1.106730 1.310703 0.102031
v 1.042917 1.297143 0.102031
v 1.071176 1.194042 0.113896
v 1.113142 1.198659 0.114445
v 1.071884 1.193527 0.156649
v 1.105131 1.089946 0.135076
v 1.113689 1.199627 0.156462
v 1.031287 1.438653 0.047661
v 1.122861 1.286429 0.087993
v 1.043744 1.270712 0.087993
v 1.043744 1.270712 0.007329
v 1.122861 1.286429 0.007329
v 1.102781 1.046363 0.047661
v 1.040213 1.309730 0.079574
v 1.039269 1.301016 0.081577
v 1.040465 1.308543 0.015025
v 1.104323 1.322431 0.079574
v 1.104575 1.321244 0.015025
v 1.108366 1.314777 0.081577
v 1.108636 1.313508 0.012588
v 1.039539 1.299747 0.012588
v 1.060363 1.200497 0.018190
v 1.119260 1.207202 0.018927
v 1.061313 1.199805 0.075635
v 1.103550 1.034192 0.047137
v 1.119995 1.208502 0.075383
v -0.927454 1.249286 0.106044
v -0.869675 1.389916 0.142456
v -0.857224 1.230018 0.106044
v -0.927454 1.249286 0.178869
v -0.954340 1.067462 0.142456
v -0.857224 1.230018 0.178869
v -0.899927 1.155493 0.120572
v -0.940638 1.169483 0.121131
v -0.900746 1.155140 0.164164
v -0.957013 1.059547 0.142167
v -0.940966 1.170568 0.163973
v 1.034595 1.429685 -0.040494
v 1.046127 1.272498 -0.004589
v 1.119374 1.288758 -0.003155
v 1.049368 1.277936 -0.076341
v 1.119374 1.288758 -0.077833
v 1.104892 1.095123 -0.040494
v 1.071176 1.194042 -0.061134
v 1.113142 1.198659 -0.060586
v 1.071884 1.193527 -0.018381
v 1.105131 1.089946 -0.039955
v 1.113689 1.199627 -0.018569
v -1.041220 1.327257 0.164411
v -1.040396 1.319647 0.166160
v -1.041440 1.326220 0.108034
v -1.093424 1.338350 0.164411
v -1.093645 1.337313 0.108034
v -1.096956 1.331665 0.166160
v -1.097191 1.330557 0.105906
v -1.040631 1.318539 0.105906
v -1.104892 1.095123 0.135407
v -1.119374 1.288758 0.172746
v -1.046127 1.274206 0.172746
v -1.119374 1.288758 0.098068
v -1.046127 1.274206 0.098068
v -1.034594 1.429685 0.135407
v -1.043582 1.306980 0.168037
v -1.042652 1.298394 0.170011
v -1.043830 1.305810 0.104432
v -1.102480 1.319495 0.168037
v -1.102728 1.318325 0.104432
v -1.106464 1.311953 0.170011
v -1.106730 1.310703 0.102031
v -1.042917 1.297143 0.102031
v -1.071176 1.194042 0.113896
v -1.113142 1.198659 0.114445
v -1.071884 1.193527 0.156649
v -1.105131 1.089946 0.135076
v -1.113689 1.199626 0.156462
v -1.040213 1.309730 0.079574
v -1.039269 1.301017 0.081577
v -1.040465 1.308543 0.015025
v -1.104323 1.322431 0.079574
v -1.104575 1.321244 0.015025
v -1.108366 1.314777 0.081577
v -1.108636 1.313508 0.012588
v -1.039539 1.299747 0.012588
v -1.122861 1.286430 0.007329
v -1.043744 1.270712 0.007329
v -1.102781 1.046363 0.047661
v -1.031287 1.438653 0.047661
v -1.122861 1.286429 0.087993
v -1.043744 1.270712 0.087993
v -1.060363 1.200497 0.018190
v -1.119260 1.207202 0.018927
v -1.061313 1.199805 0.075635
v -1.103550 1.034192 0.047137
v -1.119995 1.208502 0.075383
v -1.071176 1.194042 -0.061134
v -1.113142 1.198659 -0.060586
v -1.071884 1.193527 -0.018381
v -1.105131 1.089946 -0.039955
v -1.113690 1.199627 -0.018569
v -1.034594 1.429685 -0.040494
v -1.119374 1.288758 -0.003155
v -1.049368 1.277936 -0.076341
v -1.046127 1.272498 -0.004589
v -1.119374 1.288758 -0.077833
v -1.104892 1.095123 -0.040494
v -0.016286 1.287718 -0.253799
v -0.016286 1.234923 -0.297651
v -0.031945 1.284683 -0.250144
v -0.031945 1.231888 -0.293996
v -0.046377 1.279755 -0.244210
v -0.046377 1.226959 -0.288062
v -0.059027 1.273121 -0.236224
v -0.059027 1.220326 -0.280076
v -0.069409 1.265039 -0.226493
v -0.069409 1.212243 -0.270345
v -0.077123 1.255818 -0.215391
v -0.077123 1.203022 -0.259243
v -0.081873 1.245812 -0.203345
v -0.081873 1.193016 -0.247197
v -0.083477 1.235406 -0.190817
v -0.083477 1.182611 -0.234669
v -0.081873 1.225001 -0.178289
v -0.081873 1.172205 -0.222141
v -0.077123 1.214995 -0.166243
v -0.077123 1.162199 -0.210095
v -0.069409 1.205774 -0.155141
v -0.069409 1.152978 -0.198993
v -0.059027 1.197691 -0.145410
v -0.059027 1.144896 -0.189262
v -0.046377 1.191058 -0.137424
v -0.046377 1.138263 -0.181276
v -0.031945 1.186129 -0.131490
v -0.031945 1.133334 -0.175342
v -0.016286 1.183094 -0.127836
v -0.016286 1.130299 -0.171688
v -0.000000 1.182069 -0.126602
v -0.000000 1.129274 -0.170454
v 0.016286 1.183094 -0.127836
v 0.016286 1.130299 -0.171688
v 0.031945 1.186129 -0.131490
v 0.031945 1.133334 -0.175342
v 0.046377 1.191058 -0.137424
v 0.046377 1.138263 -0.181276
v 0.059027 1.197691 -0.145410
v 0.059027 1.144896 -0.189262
v 0.069409 1.205774 -0.155141
v 0.069409 1.152978 -0.198993
v 0.077123 1.214995 -0.166243
v 0.077123 1.162199 -0.210095
v 0.081873 1.225001 -0.178289
v 0.081873 1.172205 -0.222141
v 0.083477 1.235406 -0.190817
v 0.083477 1.182611 -0.234669
v 0.081873 1.245812 -0.203345
v 0.081873 1.193016 -0.247197
v 0.077123 1.255818 -0.215391
v 0.077123 1.203022 -0.259243
v 0.069409 1.265039 -0.226493
v 0.069409 1.212243 -0.270345
v 0.059027 1.273121 -0.236224
v 0.059027 1.220326 -0.280076
v 0.046377 1.279755 -0.244210
v 0.046377 1.226959 -0.288062
v 0.031945 1.284683 -0.250144
v 0.031945 1.231888 -0.293996
v 0.016286 1.287718 -0.253799
v 0.016286 1.234923 -0.297651
v -0.000000 1.288743 -0.255032
v -0.000000 1.235948 -0.298884
v -0.013790 0.957153 -0.524228
v -0.013790 0.919569 -0.568553
v -0.027050 0.954085 -0.521627
v -0.027050 0.916501 -0.565952
v -0.039271 0.949103 -0.517402
v -0.039271 0.911518 -0.561727
v -0.049982 0.942399 -0.511717
v -0.049982 0.904814 -0.556042
v -0.058773 0.934229 -0.504790
v -0.058773 0.896644 -0.549115
v -0.065305 0.924908 -0.496886
v -0.065305 0.887323 -0.541211
v -0.069327 0.914794 -0.488310
v -0.069327 0.877209 -0.532636
v -0.070685 0.904276 -0.479392
v -0.070685 0.866692 -0.523717
v -0.069327 0.893758 -0.470473
v -0.069327 0.856174 -0.514799
v -0.065305 0.883645 -0.461898
v -0.065305 0.846060 -0.506223
v -0.058773 0.874324 -0.453994
v -0.058773 0.836739 -0.498320
v -0.049982 0.866154 -0.447067
v -0.049982 0.828569 -0.491392
v -0.039271 0.859449 -0.441382
v -0.039271 0.821864 -0.485707
v -0.027050 0.854467 -0.437157
v -0.027050 0.816882 -0.481483
v -0.013790 0.851399 -0.434556
v -0.013790 0.813814 -0.478881
v -0.000000 0.850363 -0.433678
v -0.000000 0.812778 -0.478003
v 0.013790 0.851399 -0.434556
v 0.013790 0.813814 -0.478881
v 0.027050 0.854467 -0.437157
v 0.027050 0.816882 -0.481483
v 0.039271 0.859449 -0.441382
v 0.039271 0.821864 -0.485707
v 0.049982 0.866154 -0.447067
v 0.049982 0.828569 -0.491392
v 0.058773 0.874324 -0.453994
v 0.058773 0.836739 -0.498320
v 0.065305 0.883645 -0.461898
v 0.065305 0.846060 -0.506223
v 0.069327 0.893758 -0.470473
v 0.069327 0.856174 -0.514799
v 0.070685 0.904276 -0.479392
v 0.070685 0.866692 -0.523717
v 0.069327 0.914794 -0.488310
v 0.069327 0.877209 -0.532636
v 0.065305 0.924908 -0.496886
v 0.065305 0.887323 -0.541211
v 0.058773 0.934229 -0.504790
v 0.058773 0.896644 -0.549115
v 0.049982 0.942399 -0.511717
v 0.049982 0.904814 -0.556042
v 0.039271 0.949103 -0.517402
v 0.039271 0.911518 -0.561727
v 0.027050 0.954085 -0.521627
v 0.027050 0.916501 -0.565952
v 0.013790 0.957153 -0.524228
v 0.013790 0.919569 -0.568553
v -0.000000 0.958189 -0.525106
v -0.000000 0.920605 -0.569432
v -0.011114 0.635126 -0.900060
v -0.011114 0.608499 -0.938594
v -0.021801 0.632459 -0.898217
v -0.021801 0.605832 -0.936751
v -0.031651 0.628128 -0.895224
v -0.031651 0.601500 -0.933758
v -0.040284 0.622299 -0.891197
v -0.040284 0.595672 -0.929730
v -0.047368 0.615197 -0.886289
v -0.047368 0.588570 -0.924822
v -0.052633 0.607094 -0.880690
v -0.052633 0.580467 -0.919223
v -0.055875 0.598302 -0.874614
v -0.055875 0.571674 -0.913148
v -0.056970 0.589158 -0.868296
v -0.056970 0.562531 -0.906829
v -0.055875 0.580014 -0.861977
v -0.055875 0.553387 -0.900511
v -0.052633 0.571222 -0.855902
v -0.052633 0.544595 -0.894435
v -0.047368 0.563119 -0.850303
v -0.047368 0.536492 -0.888836
v -0.040284 0.556017 -0.845395
v -0.040284 0.529390 -0.883928
v -0.031651 0.550188 -0.841367
v -0.031651 0.523561 -0.879901
v -0.021801 0.545857 -0.838374
v -0.021801 0.519230 -0.876908
v -0.011114 0.543190 -0.836531
v -0.011114 0.516563 -0.875065
v -0.000000 0.542290 -0.835909
v -0.000000 0.515663 -0.874443
v 0.011114 0.543190 -0.836531
v 0.011114 0.516563 -0.875065
v 0.021801 0.545857 -0.838374
v 0.021801 0.519230 -0.876908
v 0.031651 0.550188 -0.841367
v 0.031651 0.523561 -0.879901
v 0.040284 0.556017 -0.845395
v 0.040284 0.529390 -0.883928
v 0.047368 0.563119 -0.850303
v 0.047368 0.536492 -0.888836
v 0.052633 0.571222 -0.855902
v 0.052633 0.544595 -0.894435
v 0.055875 0.580014 -0.861977
v 0.055875 0.553387 -0.900511
v 0.056970 0.589158 -0.868296
v 0.056970 0.562531 -0.906829
v 0.055875 0.598302 -0.874614
v 0.055875 0.571674 -0.913148
v 0.052633 0.607094 -0.880690
v 0.052633 0.580467 -0.919223
v 0.047368 0.615197 -0.886289
v 0.047368 0.588570 -0.924822
v 0.040284 0.622299 -0.891197
v 0.040284 0.595672 -0.929730
v 0.031651 0.628128 -0.895224
v 0.031651 0.601500 -0.933758
v 0.021801 0.632459 -0.898217
v 0.021801 0.605832 -0.936751
v 0.011114 0.635126 -0.900060
v 0.011114 0.608499 -0.938594
v -0.000000 0.636026 -0.900682
v -0.000000 0.609399 -0.939216
v -0.006024 0.429397 -1.284167
v -0.006024 0.421978 -1.308444
v -0.011816 0.427717 -1.283653
v -0.011816 0.420298 -1.307931
v -0.017154 0.424988 -1.282819
v -0.017154 0.417569 -1.307097
v -0.021833 0.421316 -1.281697
v -0.021833 0.413897 -1.305975
v -0.025673 0.416841 -1.280330
v -0.025673 0.409422 -1.304607
v -0.028527 0.411736 -1.278770
v -0.028527 0.404317 -1.303047
v -0.030284 0.406196 -1.277077
v -0.030284 0.398777 -1.301355
v -0.030877 0.400435 -1.275316
v -0.030877 0.393017 -1.299594
v -0.030284 0.394674 -1.273556
v -0.030284 0.387256 -1.297834
v -0.028527 0.389135 -1.271863
v -0.028527 0.381716 -1.296141
v -0.025673 0.384030 -1.270303
v -0.025673 0.376611 -1.294581
v -0.021833 0.379555 -1.268936
v -0.021833 0.372136 -1.293214
v -0.017154 0.375883 -1.267814
v -0.017154 0.368464 -1.292092
v -0.011816 0.373154 -1.266980
v -0.011816 0.365735 -1.291258
v -0.006024 0.371474 -1.266467
v -0.006024 0.364055 -1.290744
v -0.000000 0.370906 -1.266293
v -0.000000 0.363488 -1.290571
v 0.006024 0.371474 -1.266467
v 0.006024 0.364055 -1.290744
v 0.011816 0.373154 -1.266980
v 0.011816 0.365735 -1.291258
v 0.017154 0.375883 -1.267814
v 0.017154 0.368464 -1.292092
v 0.021833 0.379555 -1.268936
v 0.021833 0.372136 -1.293214
v 0.025673 0.384030 -1.270303
v 0.025673 0.376611 -1.294581
v 0.028527 0.389135 -1.271863
v 0.028527 0.381716 -1.296141
v 0.030284 0.394674 -1.273556
v 0.030284 0.387256 -1.297834
v 0.030877 0.400435 -1.275316
v 0.030877 0.393017 -1.299594
v 0.030284 0.406196 -1.277077
v 0.030284 0.398777 -1.301355
v 0.028527 0.411736 -1.278770
v 0.028527 0.404317 -1.303047
v 0.025673 0.416841 -1.280330
v 0.025673 0.409422 -1.304607
v 0.021833 0.421316 -1.281697
v 0.021833 0.413897 -1.305975
v 0.017154 0.424988 -1.282819
v 0.017154 0.417569 -1.307097
v 0.011816 0.427717 -1.283653
v 0.011816 0.420298 -1.307931
v 0.006024 0.429397 -1.284167
v 0.006024 0.421978 -1.308444
v -0.000000 0.429964 -1.284340
v -0.000000 0.422546 -1.308618
vn -0.0000 -0.3968 0.9179
vn 0.9255 -0.3788 0.0070
vn -0.0000 -0.3654 -0.9309
vn -0.9255 -0.3788 0.0070
vn -0.0000 0.4751 -0.8799
vn -0.8874 0.4610 0.0083
vn -0.0000 0.3432 -0.9393
vn -0.9306 0.3652 0.0236
vn -0.0000 1.0000 -0.0026
vn -0.0000 0.3193 0.9476
vn 0.9306 0.3652 0.0236
vn 0.8874 0.4610 0.0083
vn -0.0000 0.4689 0.8833
vn 0.7692 -0.5648 0.2987
vn -0.9834 0.1602 -0.0847
vn -0.0001 0.4675 0.8840
vn -0.9329 0.3183 -0.1683
vn -0.0000 0.4675 0.8840
vn -0.9657 0.2295 -0.1214
vn 0.8963 -0.3920 0.2073
vn -0.7452 0.0662 -0.6635
vn -0.8895 0.3315 -0.3146
vn 0.9552 -0.2616 0.1383
vn -0.8895 0.3315 -0.3145
vn -0.5096 0.2317 -0.8286
vn -0.9056 0.3077 -0.2919
vn -0.7250 -0.1366 -0.6751
vn 0.9657 -0.2295 0.1214
vn -0.7905 0.0214 -0.6121
vn 0.9329 -0.3183 0.1683
vn 0.9834 -0.1602 0.0847
vn -0.8256 0.4988 -0.2638
vn -0.7572 0.4738 -0.4496
vn -0.7587 -0.1738 -0.6278
vn 0.9881 -0.1359 0.0719
vn 0.9988 0.0431 -0.0228
vn 0.9568 0.2569 -0.1359
vn 0.8503 0.4652 -0.2460
vn 0.7641 0.5702 -0.3016
vn 0.7641 0.5703 -0.3016
vn -0.0000 -0.4675 -0.8840
vn 0.9169 0.2896 -0.2748
vn 0.7408 -0.5389 -0.4011
vn -0.6474 -0.6737 0.3563
vn 0.3044 -0.0959 -0.9477
vn 0.6332 0.5615 -0.5327
vn -0.7641 -0.5703 0.3016
vn 0.4452 0.6496 -0.6163
vn -0.5631 0.5995 -0.5688
vn 0.5776 -0.7216 0.3816
vn 0.1867 -0.1074 -0.9765
vn -0.4587 -0.7855 0.4154
vn -0.5726 -0.5833 -0.5761
vn 0.6195 -0.6431 -0.4501
vn -0.7144 0.6186 -0.3271
vn 0.3241 -0.1706 -0.9305
vn -0.7519 -0.5828 0.3082
vn -0.7518 -0.5828 0.3082
vn -0.7994 -0.5311 0.2809
vn -0.6209 0.6929 -0.3665
vn -0.0869 -0.7214 -0.6870
vn 0.5526 -0.7367 0.3896
vn 0.6398 -0.5575 0.5290
vn 0.9997 -0.0228 0.0121
vn -0.8240 0.5008 -0.2649
vn -0.7619 0.5726 -0.3028
vn -0.6396 -0.5576 0.5291
vn -0.9673 -0.1839 0.1745
vn 0.9696 0.2163 -0.1144
vn 0.6538 0.6689 -0.3537
vn 0.9841 0.1570 -0.0830
vn 0.9623 0.2403 -0.1271
vn 0.8276 -0.3023 -0.4730
vn -0.9985 0.0492 -0.0260
vn 0.9983 -0.0419 0.0397
vn -0.9713 -0.2104 0.1113
vn -0.9596 -0.2042 0.1937
vn -0.9841 -0.1570 0.0830
vn -0.9772 -0.1541 0.1462
vn -0.2382 -0.2692 -0.9332
vn -0.5526 0.7367 -0.3896
vn -0.9997 0.0228 -0.0121
vn 0.8240 -0.5008 0.2649
vn 0.7619 -0.5726 0.3028
vn 0.6209 -0.6929 0.3665
vn 0.7519 0.5828 -0.3082
vn 0.7518 0.5828 -0.3082
vn 0.8235 0.5015 -0.2652
vn 0.9096 0.3672 -0.1942
vn -0.8503 -0.4652 0.2460
vn -0.9568 -0.2569 0.1359
vn 0.9999 -0.0095 0.0050
vn 0.9825 0.1644 -0.0870
vn -0.9988 -0.0431 0.0228
vn -0.9881 0.1359 -0.0719
vn -0.7641 -0.5702 0.3016
vn -0.8412 0.4779 -0.2528
vn 0.9998 0.0194 -0.0102
vn 0.9025 -0.3807 0.2013
vn 0.8985 0.3880 -0.2052
vn -0.5370 -0.7457 0.3944
vn -0.3168 -0.8174 -0.4812
vn -0.4043 0.7672 -0.4980
vn 0.3340 0.6838 -0.6488
vn -0.8918 -0.3282 0.3114
vn -0.9210 -0.3445 0.1822
vn 0.5370 0.7457 -0.3944
vn 0.8412 -0.4779 0.2528
vn -0.9998 -0.0194 0.0102
vn -0.9025 0.3807 -0.2013
vn -0.9096 -0.3672 0.1942
vn -0.8235 -0.5015 0.2652
vn -0.9825 -0.1644 0.0870
vn -0.9999 0.0095 -0.0050
vn -0.9552 0.2616 -0.1383
vn -0.5216 0.7249 0.4500
vn -0.5578 0.5679 0.6053
vn -0.3901 0.8664 0.3117
vn -0.2316 0.9435 0.2371
vn -0.9967 0.0811 0.0018
vn -0.1853 0.7816 -0.5956
vn 0.6311 0.6011 -0.4903
vn -0.6431 0.6068 -0.4672
vn -0.7517 0.3282 -0.5721
vn -0.7424 0.3383 -0.5782
vn -0.4777 0.4802 -0.7356
vn -0.4641 0.4831 -0.7424
vn -0.2815 0.5193 -0.8069
vn -0.0772 0.5898 -0.8039
vn -0.4639 0.4839 -0.7420
vn -0.7512 0.3767 -0.5420
vn -0.4141 0.5403 -0.7325
vn -0.1678 0.5653 -0.8077
vn -0.4854 0.7906 -0.3733
vn -0.9965 -0.0794 -0.0257
vn -0.9953 -0.0500 0.0830
vn -0.4086 0.9105 0.0636
vn -0.8299 -0.5578 0.0115
vn -0.9419 0.3324 -0.0492
vn -0.3623 0.9055 -0.2210
vn -0.7738 -0.6334 0.0022
vn -0.9367 0.3481 0.0363
vn -0.9674 0.1903 -0.1671
vn -0.9948 -0.0062 -0.1018
vn 0.2242 -0.9301 0.2910
vn -0.6179 0.7833 -0.0673
vn -0.9833 -0.1262 0.1309
vn -0.7807 -0.5410 -0.3130
vn 0.0781 0.9574 -0.2781
vn -0.7711 0.6181 -0.1531
vn -0.9562 -0.2892 0.0447
vn -0.9393 0.3389 -0.0535
vn -0.7771 0.6003 -0.1894
vn -0.0269 0.9650 -0.2610
vn -0.7341 -0.6609 0.1559
vn -0.6046 -0.7757 0.1810
vn -0.9861 -0.1662 -0.0050
vn -0.7570 -0.6527 -0.0306
vn -0.7162 -0.6816 0.1496
vn -0.9985 -0.0519 0.0146
vn -0.9554 -0.1746 0.2383
vn -0.9269 -0.2211 0.3034
vn -0.5015 0.4010 0.7666
vn -0.2891 0.2321 0.9287
vn -0.6135 -0.5215 0.5929
vn -0.9913 -0.0288 -0.1282
vn -0.9356 0.1285 -0.3288
vn -0.9265 0.1489 -0.3456
vn -0.9349 0.1900 -0.2999
vn -0.9932 0.0238 -0.1144
vn -0.6787 0.4405 -0.5877
vn -0.4496 0.5315 -0.7179
vn -0.6888 0.4464 -0.5712
vn -0.4140 0.5847 -0.6977
vn -0.4208 0.5735 -0.7028
vn -0.4299 0.6290 -0.6477
vn -0.4876 -0.5998 0.6344
vn -0.4987 -0.5420 0.6764
vn -0.2534 -0.5868 0.7691
vn 0.6514 -0.4196 0.6322
vn 0.4918 -0.4215 0.7619
vn -0.7751 -0.4348 0.4584
vn -0.4777 -0.5520 0.6834
vn 0.3252 -0.5701 0.7545
vn -0.4882 -0.5968 0.6368
vn -0.2810 -0.6698 0.6873
vn -0.6031 -0.5542 0.5736
vn -0.9898 0.0726 -0.1230
vn -0.9948 -0.0896 0.0493
vn -0.9942 -0.0908 0.0570
vn -0.9772 0.1277 -0.1697
vn -0.8793 0.3258 -0.3473
vn -0.4868 0.6199 -0.6154
vn -0.7507 0.5067 -0.4239
vn -0.3620 -0.6383 0.6794
vn -0.9553 -0.2326 0.1823
vn -0.7956 -0.4566 0.3982
vn -0.6508 -0.5632 0.5092
vn -0.4484 -0.7221 0.5268
vn -0.5903 -0.6611 0.4631
vn -0.4812 0.7680 -0.4227
vn -0.7656 0.5610 -0.3148
vn -0.9586 0.2321 -0.1649
vn -0.6460 0.6639 -0.3767
vn -0.4182 0.7966 -0.4366
vn -0.9842 0.1698 -0.0497
vn -0.7949 0.5629 -0.2264
vn -0.4553 0.8601 -0.2300
vn -0.1645 0.8742 -0.4569
vn -0.8231 0.5406 -0.1739
vn -0.8498 -0.5170 0.1027
vn -0.3630 -0.9084 0.2076
vn -0.6280 -0.7632 0.1523
vn -0.1821 -0.9477 0.2622
vn -0.9060 0.3180 -0.2793
vn -0.9984 0.0458 -0.0321
vn -0.7662 0.5581 -0.3184
vn -0.5072 0.7549 -0.4158
vn -0.8721 -0.4536 0.1836
vn -0.4742 -0.8063 0.3535
vn -0.4148 -0.8411 0.3471
vn -0.9458 -0.3159 0.0758
vn -0.9216 -0.3558 0.1550
vn -0.8567 -0.4798 0.1896
vn -0.8358 -0.4559 0.3058
vn 0.0722 0.9776 0.1975
vn 0.2866 0.9239 0.2537
vn 0.4571 0.8096 0.3683
vn 0.5565 0.6387 0.5314
vn 0.5065 0.6697 -0.5431
vn 0.0272 0.7311 -0.6818
vn -0.3388 0.5590 -0.7568
vn -0.0821 0.6443 -0.7603
vn 0.4827 0.4780 -0.7338
vn 0.7814 0.4922 -0.3836
vn 0.7588 0.3261 -0.5638
vn -0.0619 0.5882 -0.8064
vn 0.4591 0.4830 -0.7456
vn 0.7461 0.3321 -0.5771
vn 0.4417 0.5309 -0.7232
vn 0.4461 0.5279 -0.7227
vn 0.3020 0.5552 -0.7749
vn 0.9452 0.2818 -0.1651
vn 0.9963 0.0840 -0.0153
vn 0.9341 0.1274 -0.3336
vn 0.9941 -0.0851 -0.0668
vn 0.6658 -0.7450 0.0412
vn 0.9593 0.2452 -0.1398
vn 0.9726 -0.2282 0.0443
vn 0.0433 0.9499 -0.3094
vn 0.3509 0.9179 -0.1852
vn -0.0441 0.9913 -0.1242
vn 0.8925 -0.4414 -0.0929
vn 0.5974 -0.8019 0.0065
vn 0.7724 -0.6351 0.0053
vn 0.2156 -0.7222 -0.6572
vn 0.9341 -0.3088 -0.1789
vn 0.7444 0.6646 -0.0648
vn 0.8792 -0.4754 0.0323
vn 0.7353 0.6460 -0.2050
vn 0.9776 0.1946 -0.0804
vn 0.9815 -0.1879 -0.0377
vn -0.0082 0.9656 -0.2598
vn 0.3685 -0.9085 0.1969
vn 0.3314 0.8899 -0.3135
vn 0.7426 0.6457 -0.1780
vn 0.6179 -0.7592 0.2044
vn 0.9709 0.1982 -0.1344
vn 0.9878 -0.1530 0.0276
vn 0.6931 0.6918 -0.2026
vn 0.6663 -0.7313 0.1461
vn 0.9976 0.0627 -0.0300
vn 0.2472 0.2220 0.9432
vn 0.3803 0.2809 0.8812
vn 0.6011 -0.5432 0.5862
vn 0.7465 -0.4377 0.5011
vn 0.4553 -0.5999 0.6579
vn 0.7887 -0.4063 0.4614
vn 0.7577 0.3782 -0.5318
vn 0.8628 0.2710 -0.4269
vn 0.2470 0.6055 -0.7566
vn 0.6403 0.4767 -0.6023
vn 0.8741 0.2962 -0.3850
vn 0.4220 0.5663 -0.7080
vn 0.8644 0.3109 -0.3952
vn 0.0398 0.6250 -0.7796
vn 0.4372 0.5734 -0.6929
vn 0.3653 0.5745 -0.7325
vn 0.0387 0.6253 -0.7794
vn 0.0954 0.6547 -0.7498
vn 0.0800 0.6817 -0.7272
vn 0.4407 0.6272 -0.6422
vn 0.0055 0.7011 -0.7131
vn 0.0104 -0.7691 0.6390
vn -0.7047 -0.4881 0.5150
vn 0.3050 -0.6412 0.7041
vn -0.6878 -0.3889 0.6130
vn -0.6748 -0.4088 0.6144
vn 0.4790 -0.4852 0.7316
vn -0.2854 -0.5982 0.7488
vn 0.4964 -0.5562 0.6665
vn 0.0164 -0.6401 0.7681
vn 0.4839 -0.5998 0.6373
vn 0.8030 -0.4165 0.4263
vn 0.6494 -0.5321 0.5433
vn 0.9252 0.2241 -0.3063
vn 0.9905 0.0677 -0.1195
vn 0.9604 -0.2040 0.1900
vn 0.7474 0.4629 -0.4765
vn 0.9322 0.2358 -0.2745
vn 0.9697 -0.1907 0.1525
vn 0.1337 0.6913 -0.7101
vn 0.4474 0.6261 -0.6386
vn 0.8638 0.3482 -0.3643
vn 0.7439 0.5180 -0.4223
vn 0.7930 0.4648 -0.3938
vn 0.9930 0.0705 -0.0952
vn 0.3594 -0.6440 0.6753
vn 0.9501 -0.2430 0.1957
vn 0.3734 -0.6859 0.6246
vn -0.9957 0.0705 -0.0607
vn 0.7818 -0.5129 0.3546
vn 0.9453 -0.2763 0.1734
vn 0.7879 -0.5064 0.3504
vn 0.9621 -0.1572 0.2227
vn 0.8896 -0.3425 0.3020
vn -0.4338 0.6305 -0.6437
vn -0.2768 0.8087 -0.5190
vn 0.5614 0.7226 -0.4033
vn 0.4793 0.7814 -0.3996
vn 0.1415 0.9505 -0.2767
vn 0.7413 0.6387 -0.2063
vn 0.7093 0.6120 -0.3496
vn 0.3973 -0.8908 0.2203
vn 0.5643 -0.8114 0.1523
vn 0.9896 0.1009 -0.1029
vn 0.5740 -0.8028 0.1613
vn 0.9640 -0.2654 0.0125
vn -0.1342 0.7673 -0.6270
vn 0.4096 0.7044 -0.5797
vn 0.5234 0.7446 -0.4142
vn 0.5456 0.7233 -0.4233
vn 0.4549 0.7724 -0.4432
vn 0.8206 0.4982 -0.2800
vn 0.9365 0.2939 -0.1912
vn 0.8533 -0.4799 0.2039
vn 0.9965 -0.0830 0.0053
vn 0.3008 -0.8694 0.3921
vn 0.3061 -0.8692 0.3883
vn 0.7024 -0.6519 0.2857
vn 0.4011 -0.8392 0.3673
vn 0.8393 -0.5091 0.1905
vn -0.2341 -0.8873 0.3974
vn 0.7829 -0.5713 0.2465
vn -0.9927 0.1186 -0.0238
vn -0.3134 0.7432 -0.5911
vn -0.8849 0.3851 -0.2621
vn -0.9490 0.2634 -0.1733
vn -0.4905 0.6753 -0.5508
vn 0.2629 0.7122 -0.6509
vn -0.7767 0.4942 -0.3906
vn 0.3680 0.5500 -0.7497
vn -0.4444 0.5250 -0.7259
vn 0.1123 -0.5702 0.8138
vn -0.9965 0.0532 -0.0648
vn -0.9950 -0.0996 -0.0057
vn -0.9601 0.2038 -0.1913
vn -0.5909 0.7986 -0.1140
vn -0.6469 0.7561 -0.0987
vn -0.8242 -0.5655 -0.0290
vn -0.8026 -0.5964 -0.0040
vn -0.6505 -0.7591 0.0239
vn -0.2454 0.9214 -0.3015
vn -0.8679 0.4699 -0.1613
vn -0.8339 0.5064 -0.2195
vn -0.6659 -0.7322 0.1430
vn -0.5987 -0.7791 0.1859
vn -0.7001 -0.7132 0.0358
vn 0.4829 -0.8438 0.2341
vn -0.0294 0.1658 0.9857
vn -0.7744 -0.4271 0.4667
vn -0.0691 -0.6860 0.7243
vn -0.9602 -0.2315 0.1562
vn -0.9930 -0.0358 -0.1125
vn -0.9670 -0.2116 0.1418
vn -0.9917 0.0299 -0.1251
vn -0.9534 -0.2317 0.1930
vn -0.8698 0.2665 -0.4154
vn -0.4486 0.5613 -0.6955
vn -0.3902 0.5717 -0.7217
vn -0.8769 0.2944 -0.3799
vn -0.6467 0.4749 -0.5968
vn -0.2752 -0.6378 0.7194
vn 0.6918 -0.4947 0.5260
vn 0.6568 -0.4110 0.6322
vn -0.8089 -0.4034 0.4278
vn -0.1769 -0.5809 0.7945
vn -0.3602 -0.6397 0.6790
vn -0.7936 -0.4226 0.4376
vn -0.9653 -0.1906 0.1784
vn -0.8917 -0.3243 0.3158
vn -0.9840 0.0930 -0.1518
vn -0.8692 0.3022 -0.3913
vn -0.6626 0.5235 -0.5357
vn -0.4654 0.6859 -0.5594
vn -0.9865 0.0964 -0.1326
vn -0.8000 0.4097 -0.4383
vn -0.8022 0.4591 -0.3817
vn -0.9733 0.1651 -0.1596
vn -0.9963 -0.0820 0.0238
vn -0.5970 -0.7879 0.1512
vn -0.3775 -0.6294 0.6792
vn -0.3739 -0.6384 0.6728
vn -0.6462 -0.5265 0.5526
vn -0.2727 -0.6717 0.6888
vn -0.2721 -0.7017 0.6584
vn -0.8940 -0.3387 0.2933
vn -0.4071 -0.6826 0.6069
vn -0.4589 -0.6575 0.5976
vn -0.9720 -0.2005 0.1226
vn -0.3143 -0.7765 0.5462
vn -0.7927 -0.5026 0.3451
vn -0.4793 0.7684 -0.4241
vn -0.4604 0.7817 -0.4206
vn -0.4813 0.7678 -0.4230
vn -0.9700 0.1907 -0.1510
vn -0.4310 0.8749 -0.2208
vn -0.5844 0.6938 -0.4208
vn -0.9904 -0.1354 -0.0262
vn -0.3159 -0.9206 0.2297
vn -0.9619 -0.2680 0.0544
vn -0.0317 -0.6763 0.7359
vn -0.9708 0.1727 -0.1663
vn -0.9986 -0.0521 -0.0071
vn -0.9694 0.2052 -0.1349
vn -0.7637 0.5606 -0.3202
vn -0.4578 0.7758 -0.4344
vn -0.8443 -0.4999 0.1932
vn -0.4164 -0.8280 0.3754
vn -0.4322 -0.8255 0.3630
vn -0.4234 -0.8268 0.3703
vn -0.4343 -0.8243 0.3631
vn -0.3157 -0.7726 0.5508
vn -0.2896 -0.7770 0.5589
vn -0.4531 -0.7341 0.5057
vn -0.4256 -0.8187 0.3855
vn -0.5319 -0.7870 0.3126
vn 0.0714 0.7338 -0.6756
vn 0.0452 0.7452 -0.6653
vn 0.4478 0.6997 -0.5566
vn 0.7667 0.5081 -0.3924
vn 0.9571 0.2494 -0.1476
vn -0.3513 0.7452 -0.5667
vn 0.2536 0.7495 -0.6115
vn -0.6289 0.6053 -0.4880
vn 0.2781 0.5429 -0.7924
vn 0.2149 0.5676 -0.7948
vn -0.0536 0.5898 -0.8057
vn -0.0490 0.6408 -0.7661
vn 0.2210 0.5753 -0.7876
vn 0.0337 0.5454 -0.8375
vn 0.0463 0.6166 -0.7859
vn 0.4181 0.5274 -0.7396
vn -0.0458 0.5255 -0.8495
vn 0.0241 0.6603 -0.7506
vn 0.9999 -0.0138 0.0042
vn 0.9205 0.3885 0.0429
vn 0.9709 0.2217 -0.0904
vn 0.7260 -0.6877 -0.0003
vn -0.5276 -0.8364 0.1486
vn 0.7198 0.6725 -0.1722
vn 0.7693 0.6283 -0.1155
vn 0.7854 0.6114 -0.0973
vn 0.7028 0.6962 -0.1462
vn 0.7394 -0.6730 -0.0175
vn 0.0832 0.9565 -0.2798
vn 0.0291 0.9480 -0.3171
vn 0.4315 0.8790 -0.2026
vn -0.0096 0.9659 -0.2586
vn -0.0201 0.9591 -0.2825
vn 0.0327 0.9280 -0.3711
vn -0.0284 0.9576 -0.2867
vn 0.7106 0.6685 -0.2195
vn 0.1533 -0.9679 0.1989
vn 0.6449 -0.7475 0.1591
vn 0.6553 -0.7539 0.0471
vn 0.6818 -0.7313 0.0182
vn 0.6630 -0.7345 0.1447
vn 0.9058 -0.4188 0.0642
vn 0.5211 0.4311 0.7366
vn 0.3157 -0.6559 0.6857
vn 0.1301 -0.6975 0.7047
vn 0.9381 0.1843 -0.2932
vn 0.6352 0.4399 -0.6348
vn 0.4207 0.5670 -0.7082
vn 0.0050 0.5901 -0.8073
vn 0.0106 0.6280 -0.7781
vn 0.6613 0.4689 -0.5855
vn 0.3900 0.5634 -0.7283
vn 0.7411 0.4046 -0.5357
vn 0.3928 0.6466 -0.6540
vn 0.3918 0.6471 -0.6540
vn -0.0100 0.7002 -0.7139
vn -0.6717 -0.4116 0.6160
vn 0.5049 -0.4265 0.7505
vn -0.5764 -0.4132 0.7050
vn 0.3178 -0.5779 0.7517
vn 0.2496 -0.5690 0.7836
vn 0.6775 -0.4667 0.5685
vn -0.5626 -0.3868 0.7307
vn 0.0033 -0.3946 0.9189
vn 0.9117 -0.2977 0.2831
vn 0.4807 -0.8037 0.3508
vn 0.7773 -0.4445 0.4452
vn 0.9638 -0.2148 0.1577
vn 0.9671 -0.1857 0.1740
vn 0.8015 -0.4167 0.4290
vn 0.9968 0.0229 -0.0761
vn 0.9937 0.0590 -0.0951
vn 0.6409 0.5319 -0.5534
vn -0.0129 0.7099 -0.7042
vn 0.9942 0.0559 -0.0915
vn 0.0517 0.8044 -0.5918
vn 0.6393 0.5947 -0.4875
vn 0.8696 0.3758 -0.3202
vn 0.9980 -0.0595 0.0192
vn 0.3695 -0.6373 0.6763
vn 0.3431 -0.6374 0.6900
vn 0.6192 -0.5391 0.5709
vn 0.7809 -0.4366 0.4467
vn 0.4709 -0.6128 0.6347
vn 0.4598 -0.6562 0.5983
vn 0.7912 -0.4579 0.4054
vn 0.3022 -0.7136 0.6320
vn 0.7830 -0.4661 0.4119
vn 0.3777 -0.7517 0.5406
vn 0.9642 -0.2261 0.1385
vn 0.4722 -0.7204 0.5079
vn 0.9537 -0.1721 0.2466
vn 0.9926 -0.0213 -0.1198
vn 0.9573 -0.2269 0.1790
vn 0.9447 0.1014 -0.3119
vn 0.9930 -0.1157 -0.0235
vn 0.9888 0.0367 -0.1448
vn 0.9944 -0.0968 0.0430
vn 0.5875 0.7180 -0.3734
vn 0.5295 0.7404 -0.4140
vn 0.5443 0.7426 -0.3902
vn 0.9382 0.2813 -0.2017
vn 0.9893 0.1278 -0.0702
vn 0.2035 0.9270 -0.3152
vn 0.1938 0.8444 -0.4994
vn 0.0320 0.9398 -0.3402
vn 0.9623 -0.0055 -0.2718
vn 0.9974 -0.0699 0.0193
vn 0.8317 -0.5378 0.1379
vn 0.6143 -0.7706 0.1697
vn 0.6067 -0.7777 0.1646
vn 0.5368 -0.8152 0.2175
vn 0.5565 -0.8060 0.2017
vn -0.0326 0.7760 -0.6298
vn 0.5106 0.6680 -0.5414
vn 0.9548 0.2159 -0.2041
vn -0.0904 0.8947 -0.4375
vn 0.9005 -0.4121 0.1388
vn 0.9667 0.2129 -0.1419
vn 0.2319 -0.8982 0.3734
vn 0.9526 -0.2893 0.0944
vn 0.6802 -0.6773 0.2805
vn 0.3709 -0.8533 0.3663
vn 0.9486 -0.2944 0.1159
vn -0.4568 -0.7245 0.5162
vn 0.4824 -0.7948 0.3683
vn 0.9363 -0.0602 0.3460
vn -0.0000 0.8861 0.4634
vn -0.0000 -1.0000 -0.0080
vn -0.9363 -0.0602 0.3460
vn -0.0000 0.2306 -0.9731
vn 0.9643 -0.2398 0.1121
vn 0.9199 0.3922 -0.0075
vn 0.4652 0.4308 0.7733
vn 0.2222 -0.1307 0.9662
vn 0.6273 -0.1964 -0.7536
vn -0.9646 -0.2392 0.1110
vn -0.4648 0.4310 0.7734
vn -0.9198 0.3922 -0.0075
vn -0.6273 -0.1964 -0.7536
vn -0.2222 -0.1307 0.9662
vn 0.1226 -0.9924 0.0053
vn -0.1226 -0.9924 0.0052
vn -0.3803 -0.3394 -0.8604
vn -0.1434 0.0936 -0.9852
vn 0.5996 0.2662 -0.7548
vn -0.8919 -0.2939 0.3437
vn -0.6665 -0.1792 -0.7237
vn -0.6772 -0.1277 0.7246
vn -0.9572 -0.2735 -0.0944
vn -0.4489 0.5122 0.7322
vn -0.9703 0.2311 0.0716
vn 0.0417 0.9485 0.3140
vn -0.5645 0.7054 -0.4287
vn 0.3026 0.8220 -0.4825
vn -0.5997 0.2663 -0.7546
vn 0.1434 0.0936 -0.9852
vn 0.3803 -0.3394 -0.8603
vn 0.8919 -0.2938 0.3437
vn 0.6665 -0.1792 -0.7237
vn 0.9572 -0.2735 -0.0944
vn 0.6773 -0.1282 0.7245
vn 0.9703 0.2311 0.0716
vn 0.5645 0.7054 -0.4287
vn 0.4489 0.5121 0.7322
vn -0.0417 0.9485 0.3140
vn -0.3026 0.8220 -0.4825
vn 0.4838 0.4347 0.7596
vn 0.9182 0.3960 -0.0042
vn 0.0517 0.9486 0.3124
vn 0.9671 -0.2313 0.1061
vn 0.3177 0.8203 -0.4755
vn 0.6244 0.2702 -0.7329
vn 0.6388 -0.1859 -0.7466
vn -0.1225 -0.9925 0.0053
vn -0.1433 0.0936 -0.9852
vn -0.8919 -0.2940 0.3436
vn -0.6664 -0.1792 -0.7237
vn -0.9573 -0.2735 -0.0943
vn 0.2223 -0.1307 0.9662
vn -0.6773 -0.1280 0.7245
vn -0.4490 0.5121 0.7322
vn -0.9703 0.2312 0.0716
vn -0.5644 0.7054 -0.4288
vn -0.8919 -0.2940 0.3437
vn -0.6772 -0.1279 0.7246
vn -0.1225 -0.9925 0.0052
vn 0.2224 -0.1308 0.9661
vn 0.9671 -0.2314 0.1062
vn 0.6388 -0.1858 -0.7466
vn 0.9183 0.3958 -0.0046
vn 0.0517 0.9485 0.3124
vn 0.4837 0.4347 0.7597
vn -0.4490 0.5121 0.7323
vn 0.4834 0.4348 0.7598
vn 0.9671 -0.2312 0.1060
vn 0.6387 -0.1860 -0.7466
vn 0.9183 0.3958 -0.0047
vn 0.3178 0.8203 -0.4755
vn 0.6244 0.2703 -0.7328
vn -0.1433 0.0938 -0.9852
vn -0.4489 0.5121 0.7323
vn -0.9573 -0.2734 -0.0943
vn -0.3803 -0.3394 -0.8603
vn -0.6774 -0.1288 0.7242
vn -0.6773 -0.1282 0.7245
vn -0.8919 -0.2939 0.3436
vn -0.6664 -0.1793 -0.7237
vn -0.4498 0.5115 0.7322
vn -0.1432 0.0937 -0.9852
vn 0.0517 0.9485 0.3125
vn 0.4837 0.4347 0.7596
vn 0.9184 0.3957 -0.0049
vn 0.6388 -0.1857 -0.7466
vn 0.6244 0.2702 -0.7328
vn -0.3803 -0.3393 -0.8604
vn -0.6772 -0.1280 0.7246
vn -0.9572 -0.2735 -0.0945
vn -0.4490 0.5120 0.7323
vn 0.3176 0.8204 -0.4755
vn -0.1436 0.0934 -0.9852
vn 0.6389 -0.1855 -0.7466
vn 0.6244 0.2703 -0.7329
vn 0.9184 0.3957 -0.0048
vn 0.4836 0.4347 0.7597
vn 0.2221 -0.1307 0.9662
vn -0.9572 -0.2735 -0.0946
vn -0.4491 0.5120 0.7323
vn 0.0518 0.9485 0.3126
vn 0.6386 -0.1862 -0.7467
vn -0.9573 -0.2734 -0.0942
vn -0.5645 0.7054 -0.4288
vn -0.4491 0.5120 0.7322
vn -0.1431 0.0939 -0.9852
vn 0.6243 0.2701 -0.7330
vn 0.4834 0.4349 0.7598
vn 0.2224 -0.1307 0.9662
vn 0.9670 -0.2315 0.1063
vn 0.6383 -0.1868 -0.7468
vn 0.9183 0.3958 -0.0048
vn 0.3174 0.8205 -0.4755
vn -0.8919 -0.2938 0.3437
vn -0.6773 -0.1281 0.7245
vn 0.9182 0.3961 -0.0041
vn 0.3177 0.8204 -0.4755
vn -0.3802 -0.3394 -0.8604
vn 0.9671 -0.2312 0.1061
vn 0.9183 0.3959 -0.0045
vn -0.5645 0.7054 -0.4286
vn 0.0518 0.9485 0.3125
vn 0.0518 0.9484 0.3127
vn 0.6243 0.2702 -0.7330
vn 0.3175 0.8204 -0.4755
vn -0.1432 0.0938 -0.9852
vn -0.5644 0.7053 -0.4289
vn -0.6772 -0.1278 0.7246
vn -0.4492 0.5119 0.7322
vn 0.6389 -0.1856 -0.7466
vn 0.4835 0.4348 0.7597
vn -0.6664 -0.1791 -0.7237
vn 0.2220 -0.1306 0.9663
vn -0.6773 -0.1283 0.7244
vn 0.2221 -0.1306 0.9662
vn -0.4495 0.5117 0.7322
vn 0.4833 0.4349 0.7598
vn -0.1433 0.0937 -0.9852
vn 0.6245 0.2703 -0.7328
vn -0.1434 0.0935 -0.9852
vn 0.6243 0.2702 -0.7329
vn 0.9703 0.2312 0.0716
vn 0.9573 -0.2735 -0.0943
vn 0.6664 -0.1792 -0.7237
vn 0.8919 -0.2940 0.3436
vn 0.6773 -0.1280 0.7245
vn 0.1225 -0.9925 0.0053
vn 0.3803 -0.3393 -0.8604
vn -0.2223 -0.1307 0.9662
vn -0.9671 -0.2314 0.1062
vn -0.6388 -0.1857 -0.7466
vn 0.1432 0.0938 -0.9852
vn -0.6244 0.2702 -0.7329
vn -0.9184 0.3957 -0.0049
vn -0.3177 0.8203 -0.4755
vn -0.0518 0.9485 0.3125
vn 0.5644 0.7054 -0.4288
vn 0.4491 0.5120 0.7322
vn -0.4834 0.4349 0.7598
vn 0.6773 -0.1285 0.7244
vn 0.9573 -0.2734 -0.0943
vn 0.8919 -0.2939 0.3437
vn 0.5645 0.7054 -0.4288
vn 0.4489 0.5121 0.7323
vn -0.0517 0.9485 0.3124
vn -0.3177 0.8204 -0.4755
vn -0.9184 0.3956 -0.0050
vn -0.6244 0.2703 -0.7328
vn -0.6387 -0.1860 -0.7466
vn 0.1225 -0.9925 0.0052
vn -0.9671 -0.2313 0.1061
vn 0.3803 -0.3394 -0.8604
vn -0.2224 -0.1308 0.9661
vn -0.4836 0.4347 0.7597
vn -0.2221 -0.1307 0.9662
vn -0.4837 0.4347 0.7597
vn -0.9182 0.3961 -0.0042
vn -0.6243 0.2702 -0.7330
vn 0.3803 -0.3393 -0.8603
vn -0.3175 0.8204 -0.4755
vn 0.6772 -0.1279 0.7246
vn 0.9572 -0.2735 -0.0943
vn 0.6773 -0.1283 0.7244
vn 0.4494 0.5118 0.7322
vn -0.2225 -0.1308 0.9661
vn -0.0517 0.9485 0.3125
vn -0.4838 0.4347 0.7596
vn 0.1432 0.0937 -0.9852
vn -0.9184 0.3957 -0.0048
vn -0.6245 0.2703 -0.7328
vn -0.6386 -0.1862 -0.7467
vn -0.9671 -0.2312 0.1060
vn -0.6389 -0.1855 -0.7466
vn -0.4835 0.4348 0.7597
vn -0.9183 0.3959 -0.0045
vn -0.6242 0.2702 -0.7330
vn 0.9572 -0.2735 -0.0945
vn 0.4491 0.5120 0.7323
vn -0.3176 0.8204 -0.4755
vn 0.6772 -0.1280 0.7246
vn 0.9572 -0.2734 -0.0944
vn 0.6774 -0.1288 0.7242
vn 0.4490 0.5120 0.7323
vn -0.0518 0.9485 0.3126
vn -0.4833 0.4349 0.7598
vn 0.1433 0.0936 -0.9852
vn -0.6387 -0.1859 -0.7466
vn 0.3802 -0.3394 -0.8604
vn 0.9573 -0.2734 -0.0942
vn 0.4498 0.5115 0.7322
vn -0.4837 0.4347 0.7596
vn 0.1433 0.0937 -0.9852
vn 0.1226 -0.9924 0.0052
vn 0.6772 -0.1280 0.7245
vn -0.9183 0.3958 -0.0047
vn -0.4834 0.4348 0.7597
vn -0.9182 0.3961 -0.0041
vn -0.9670 -0.2316 0.1063
vn -0.3174 0.8205 -0.4755
vn -0.6245 0.2703 -0.7327
vn 0.4488 0.5122 0.7323
vn 0.6664 -0.1793 -0.7237
vn 0.8919 -0.2939 0.3436
vn 0.6771 -0.1276 0.7247
vn 0.4490 0.5121 0.7323
vn -0.9183 0.3957 -0.0048
vn -0.2221 -0.1306 0.9662
vn 0.5644 0.7053 -0.4289
vn 0.1434 0.0935 -0.9852
vn -0.9671 -0.2312 0.1061
vn -0.6388 -0.1856 -0.7466
vn -0.6246 0.2703 -0.7327
vn -0.3178 0.8203 -0.4755
vn 0.1435 0.0935 -0.9852
vn 0.4493 0.5119 0.7322
vn 0.4493 0.5118 0.7322
vn 0.8919 -0.2937 0.3438
vn 0.8919 -0.2937 0.3437
vn 0.4490 0.5121 0.7322
vn 0.6773 -0.1281 0.7245
vn -0.6243 0.2702 -0.7329
vn 0.2945 0.6576 0.6934
vn -0.9134 0.0083 0.4070
vn -0.1556 -0.9209 -0.3574
vn 0.9307 -0.0030 -0.3657
vn 0.1215 0.9535 0.2758
vn 0.3214 -0.5438 0.7752
vn 0.9190 0.0168 -0.3939
vn -0.2865 -0.6814 -0.6736
vn -0.9251 0.0281 0.3788
vn -0.3339 0.5856 0.7387
vn -0.9160 -0.0129 0.4010
vn -0.6902 -0.7154 -0.1084
vn 0.9314 -0.0129 -0.3637
vn -0.4208 0.7303 0.5381
vn 0.3227 -0.5368 0.7795
vn 0.9153 0.0139 -0.4024
vn -0.7553 -0.5942 -0.2765
vn -0.9320 0.0139 0.3622
vn -0.2945 0.6576 0.6934
vn 0.9134 0.0083 0.4070
vn 0.1556 -0.9209 -0.3574
vn -0.9307 -0.0030 -0.3657
vn -0.1215 0.9535 0.2758
vn -0.3214 -0.5438 0.7752
vn -0.9190 0.0168 -0.3939
vn 0.2865 -0.6814 -0.6736
vn 0.9251 0.0281 0.3788
vn 0.3339 0.5856 0.7387
vn 0.9160 -0.0129 0.4010
vn 0.6902 -0.7154 -0.1084
vn -0.9314 -0.0129 -0.3637
vn 0.4208 0.7303 0.5381
vn -0.3227 -0.5368 0.7795
vn -0.9153 0.0139 -0.4024
vn 0.7553 -0.5942 -0.2765
vn 0.9320 0.0139 0.3622
vn 0.6183 -0.7512 0.2312
vn -0.0000 0.9997 0.0260
vn -0.0000 -1.0000 -0.0004
vn -0.6183 -0.7512 0.2312
vn -0.0000 0.9762 -0.2168
vn -0.0000 0.8534 0.5212
vn -0.9365 -0.1278 0.3265
vn -0.0000 0.8563 -0.5165
vn -0.2451 0.3533 -0.9028
vn -0.0000 -0.2452 -0.9695
vn -0.0000 -0.9569 -0.2905
vn 0.2451 0.3533 -0.9028
vn 0.9365 -0.1278 0.3265
vn 0.8126 0.0951 -0.5751
vn 0.0259 0.5579 -0.8295
vn 0.6359 0.5958 -0.4906
vn 0.8715 0.4729 -0.1296
vn 0.9603 0.1832 0.2102
vn 0.8558 -0.5102 0.0851
vn -0.2074 -0.3582 -0.9103
vn -0.8559 -0.5103 0.0844
vn -0.8044 0.0954 -0.5863
vn 0.2075 -0.3581 -0.9103
vn -0.9604 0.1826 0.2102
vn -0.6361 0.5957 -0.4904
vn -0.0259 0.5579 -0.8295
vn -0.8715 0.4729 -0.1296
vn 0.2904 0.6441 -0.7077
vn 0.5077 0.2024 -0.8374
vn 0.0024 0.9454 0.3260
vn 0.9823 0.1459 -0.1175
vn 0.6954 -0.1274 0.7072
vn 0.9168 -0.2693 -0.2948
vn 0.6659 -0.6576 0.3522
vn 0.4634 -0.7359 -0.4937
vn -0.2217 -0.9681 -0.1170
vn -0.1324 -0.7428 0.6563
vn -0.4262 -0.1830 0.8859
vn 0.2216 -0.9681 -0.1172
vn -0.4634 -0.7359 -0.4937
vn -0.5076 0.2025 -0.8374
vn -0.6660 -0.6576 0.3522
vn -0.9168 -0.2694 -0.2947
vn -0.9821 0.1473 -0.1174
vn -0.0024 0.9454 0.3260
vn -0.6955 -0.1275 0.7071
vn -0.2904 0.6441 -0.7077
vn 0.4262 -0.1830 0.8859
vn 0.1324 -0.7427 0.6564
vn 0.8110 0.0855 -0.5788
vn 0.0315 0.5573 -0.8297
vn 0.6450 0.5830 -0.4940
vn 0.8715 0.4731 -0.1293
vn 0.9662 0.1584 0.2034
vn 0.8609 -0.5019 0.0838
vn 0.2297 -0.3563 -0.9057
vn 0.2542 -0.9601 -0.1164
vn -0.4633 -0.7356 -0.4941
vn -0.5077 0.2029 -0.8373
vn -0.6658 -0.6580 0.3518
vn -0.9168 -0.2691 -0.2950
vn -0.9822 0.1470 -0.1173
vn -0.0024 0.9451 0.3267
vn -0.6955 -0.1280 0.7070
vn -0.2904 0.6446 -0.7072
vn 0.4316 -0.1899 0.8818
vn 0.1569 -0.7405 0.6535
vn 0.8110 0.0859 -0.5787
vn 0.0315 0.5579 -0.8293
vn 0.6450 0.5834 -0.4937
vn 0.8715 0.4731 -0.1290
vn 0.9662 0.1582 0.2035
vn 0.8611 -0.5015 0.0834
vn 0.2298 -0.3558 -0.9059
vn 0.2542 -0.9600 -0.1170
vn -0.4633 -0.7353 -0.4947
vn -0.5078 0.2033 -0.8372
vn -0.6660 -0.6581 0.3513
vn -0.9168 -0.2689 -0.2951
vn -0.9823 0.1462 -0.1173
vn -0.0024 0.9449 0.3273
vn -0.6956 -0.1285 0.7069
vn -0.2905 0.6450 -0.7068
vn 0.4315 -0.1905 0.8818
vn 0.1568 -0.7408 0.6532
vn -0.8456 0.5232 -0.1054
vn -0.9559 0.1836 0.2290
vn -0.4153 -0.1828 0.8911
vn -0.8395 -0.5360 0.0897
vn 0.0116 0.9522 0.3052
vn -0.2413 -0.9631 -0.1195
vn -0.1457 -0.7446 0.6514
vn 0.2717 0.6473 -0.7122
vn 0.4827 0.2055 -0.8514
vn 0.9794 0.1598 -0.1238
vn 0.6334 -0.6829 0.3639
vn 0.8979 -0.2994 -0.3226
vn 0.4239 -0.7483 -0.5103
vn -0.2201 -0.3530 -0.9094
vn -0.0262 0.5552 -0.8313
vn -0.7964 0.0666 -0.6011
vn -0.6033 0.6118 -0.5116
vn 0.6799 -0.1192 0.7236
vn 0.8110 0.0867 -0.5786
vn 0.0315 0.5590 -0.8286
vn 0.6450 0.5840 -0.4929
vn 0.8715 0.4733 -0.1283
vn 0.9662 0.1579 0.2037
vn 0.8606 -0.5024 0.0830
vn 0.2297 -0.3545 -0.9064
vn 0.2542 -0.9599 -0.1182
vn -0.4633 -0.7347 -0.4957
vn -0.5077 0.2045 -0.8369
vn -0.6659 -0.6586 0.3505
vn -0.9168 -0.2685 -0.2955
vn -0.9822 0.1470 -0.1170
vn -0.0024 0.9445 0.3286
vn -0.6956 -0.1294 0.7067
vn -0.2904 0.6460 -0.7060
vn 0.4315 -0.1917 0.8815
vn 0.1567 -0.7417 0.6522
vn 0.8110 0.0870 -0.5785
vn 0.0315 0.5596 -0.8282
vn 0.6450 0.5843 -0.4925
vn 0.8715 0.4734 -0.1280
vn 0.9662 0.1578 0.2038
vn 0.8607 -0.5024 0.0826
vn 0.2297 -0.3539 -0.9066
vn 0.2543 -0.9598 -0.1190
vn -0.4632 -0.7343 -0.4963
vn -0.5078 0.2050 -0.8367
vn -0.6660 -0.6588 0.3500
vn -0.9168 -0.2683 -0.2958
vn -0.9822 0.1468 -0.1169
vn -0.0024 0.9443 0.3291
vn -0.6955 -0.1299 0.7067
vn -0.2904 0.6464 -0.7056
vn 0.4314 -0.1922 0.8814
vn 0.1567 -0.7422 0.6516
vn 0.8110 0.0874 -0.5785
vn 0.0315 0.5601 -0.8278
vn 0.6450 0.5847 -0.4921
vn 0.8715 0.4735 -0.1277
vn 0.9661 0.1585 0.2039
vn 0.8606 -0.5027 0.0823
vn 0.2297 -0.3533 -0.9069
vn 0.2543 -0.9597 -0.1196
vn -0.4632 -0.7340 -0.4966
vn -0.5078 0.2055 -0.8366
vn -0.6660 -0.6590 0.3496
vn -0.9168 -0.2682 -0.2958
vn -0.9823 0.1466 -0.1168
vn -0.0024 0.9441 0.3298
vn -0.6955 -0.1303 0.7067
vn -0.2904 0.6469 -0.7051
vn 0.4315 -0.1928 0.8813
vn 0.1568 -0.7426 0.6511
vn 0.8110 0.0878 -0.5784
vn 0.0315 0.5606 -0.8275
vn 0.6450 0.5850 -0.4917
vn 0.8715 0.4735 -0.1274
vn 0.9662 0.1578 0.2040
vn 0.8606 -0.5027 0.0820
vn 0.2297 -0.3527 -0.9071
vn 0.2543 -0.9596 -0.1202
vn -0.4634 -0.7336 -0.4971
vn -0.5078 0.2061 -0.8365
vn -0.6658 -0.6594 0.3492
vn -0.9168 -0.2680 -0.2960
vn -0.0024 0.9438 0.3304
vn -0.6955 -0.1308 0.7065
vn -0.2904 0.6474 -0.7047
vn 0.4314 -0.1934 0.8812
vn 0.1572 -0.7431 0.6505
vn 0.8110 0.0882 -0.5784
vn 0.0315 0.5612 -0.8271
vn 0.6450 0.5853 -0.4913
vn 0.8715 0.4737 -0.1271
vn 0.9661 0.1577 0.2041
vn 0.8606 -0.5027 0.0816
vn 0.2297 -0.3521 -0.9073
vn 0.2542 -0.9596 -0.1208
vn -0.4633 -0.7333 -0.4976
vn -0.5077 0.2068 -0.8364
vn -0.6661 -0.6594 0.3486
vn -0.9168 -0.2677 -0.2962
vn -0.9823 0.1465 -0.1167
vn -0.0024 0.9436 0.3311
vn -0.6956 -0.1314 0.7063
vn -0.2904 0.6479 -0.7042
vn 0.4316 -0.1940 0.8809
vn 0.1569 -0.7435 0.6500
vn 0.8110 0.0886 -0.5783
vn 0.0315 0.5618 -0.8267
vn 0.6449 0.5857 -0.4910
vn 0.8716 0.4736 -0.1268
vn 0.9661 0.1578 0.2042
vn 0.8606 -0.5028 0.0813
vn 0.2298 -0.3515 -0.9075
vn 0.2542 -0.9595 -0.1214
vn -0.4631 -0.7330 -0.4983
vn -0.5078 0.2072 -0.8362
vn -0.6660 -0.6597 0.3483
vn -0.9168 -0.2675 -0.2964
vn -0.9823 0.1468 -0.1166
vn -0.0024 0.9434 0.3317
vn -0.6956 -0.1318 0.7063
vn -0.2904 0.6483 -0.7038
vn 0.4315 -0.1946 0.8809
vn 0.1572 -0.7440 0.6495
vn 0.8110 0.0890 -0.5782
vn 0.0315 0.5623 -0.8263
vn 0.6450 0.5860 -0.4905
vn 0.8715 0.4738 -0.1265
vn 0.9661 0.1580 0.2044
vn 0.8609 -0.5024 0.0808
vn 0.2297 -0.3509 -0.9078
vn 0.2542 -0.9594 -0.1222
vn -0.4633 -0.7327 -0.4985
vn -0.5077 0.2079 -0.8361
vn -0.6661 -0.6598 0.3478
vn -0.9168 -0.2673 -0.2966
vn -0.9823 0.1468 -0.1165
vn -0.0024 0.9432 0.3323
vn -0.6956 -0.1322 0.7062
vn -0.2904 0.6488 -0.7034
vn 0.4314 -0.1952 0.8808
vn 0.1568 -0.7443 0.6492
vn 0.8110 0.0893 -0.5782
vn 0.0315 0.5628 -0.8260
vn 0.6450 0.5863 -0.4902
vn 0.8715 0.4739 -0.1262
vn 0.9661 0.1578 0.2044
vn 0.8611 -0.5020 0.0803
vn 0.2297 -0.3503 -0.9080
vn 0.2542 -0.9593 -0.1227
vn -0.4633 -0.7323 -0.4990
vn -0.5077 0.2084 -0.8359
vn -0.6654 -0.6606 0.3476
vn -0.9168 -0.2671 -0.2968
vn -0.9823 0.1471 -0.1164
vn -0.0024 0.9430 0.3329
vn -0.6956 -0.1327 0.7061
vn -0.2905 0.6493 -0.7029
vn 0.4314 -0.1957 0.8807
vn 0.1569 -0.7448 0.6486
vn 0.8110 0.0897 -0.5781
vn 0.0315 0.5634 -0.8256
vn 0.6449 0.5867 -0.4899
vn 0.8716 0.4738 -0.1258
vn 0.9662 0.1570 0.2046
vn 0.8607 -0.5028 0.0803
vn 0.2297 -0.3497 -0.9083
vn 0.2543 -0.9592 -0.1234
vn -0.4633 -0.7320 -0.4995
vn -0.5077 0.2090 -0.8358
vn -0.6659 -0.6604 0.3470
vn -0.9168 -0.2670 -0.2969
vn -0.9823 0.1469 -0.1163
vn -0.0024 0.9427 0.3336
vn -0.6955 -0.1332 0.7060
vn -0.2904 0.6497 -0.7025
vn 0.4315 -0.1963 0.8805
vn 0.1570 -0.7452 0.6481
vn 0.8110 0.0901 -0.5781
vn 0.0315 0.5641 -0.8251
vn 0.6449 0.5870 -0.4895
vn 0.8715 0.4741 -0.1255
vn 0.9661 0.1575 0.2047
vn 0.8606 -0.5030 0.0800
vn 0.2297 -0.3491 -0.9085
vn 0.2542 -0.9592 -0.1240
vn -0.4634 -0.7317 -0.4999
vn -0.5078 0.2094 -0.8356
vn -0.6661 -0.6605 0.3465
vn -0.9168 -0.2667 -0.2971
vn -0.9823 0.1471 -0.1162
vn -0.0024 0.9425 0.3342
vn -0.6956 -0.1337 0.7059
vn -0.2904 0.6501 -0.7021
vn 0.4315 -0.1969 0.8804
vn 0.1568 -0.7456 0.6477
vn 0.8110 0.0905 -0.5780
vn 0.0315 0.5646 -0.8248
vn 0.6450 0.5873 -0.4890
vn 0.8715 0.4742 -0.1252
vn 0.9662 0.1568 0.2048
vn 0.8606 -0.5031 0.0796
vn 0.2297 -0.3485 -0.9087
vn 0.2542 -0.9591 -0.1247
vn -0.4633 -0.7313 -0.5005
vn -0.5077 0.2102 -0.8355
vn -0.6658 -0.6610 0.3462
vn -0.9168 -0.2665 -0.2973
vn -0.9823 0.1473 -0.1161
vn -0.0024 0.9423 0.3348
vn -0.6956 -0.1341 0.7058
vn -0.2904 0.6505 -0.7018
vn 0.4314 -0.1975 0.8803
vn 0.1567 -0.7460 0.6472
vn 0.8110 0.0908 -0.5780
vn 0.0315 0.5650 -0.8245
vn 0.6449 0.5876 -0.4886
vn 0.8716 0.4741 -0.1249
vn 0.9662 0.1565 0.2049
vn 0.8611 -0.5022 0.0790
vn 0.2297 -0.3479 -0.9090
vn 0.2542 -0.9590 -0.1253
vn -0.4631 -0.7310 -0.5011
vn -0.5077 0.2107 -0.8354
vn -0.6659 -0.6611 0.3457
vn -0.9168 -0.2664 -0.2974
vn -0.9822 0.1481 -0.1159
vn -0.0024 0.9421 0.3354
vn -0.6956 -0.1346 0.7057
vn -0.2904 0.6511 -0.7013
vn 0.4314 -0.1981 0.8801
vn 0.1575 -0.7466 0.6464
vn 0.7889 -0.2091 -0.5779
vn 0.2345 0.5156 -0.8241
vn 0.8143 0.3140 -0.4882
vn 0.9842 0.1259 -0.1246
vn 0.9572 -0.2045 0.2050
vn 0.6196 -0.7809 0.0789
vn 0.0882 -0.4070 -0.9092
vn -0.1108 -0.9858 -0.1260
vn -0.6968 -0.5129 -0.5014
vn -0.3964 0.3810 -0.8353
vn -0.8603 -0.3751 0.3453
vn -0.9509 0.0845 -0.2977
vn -0.8617 0.4941 -0.1158
vn 0.3393 0.8786 0.3361
vn -0.6972 0.1264 0.7057
vn -0.0344 0.7124 -0.7009
vn 0.3301 -0.3416 0.8800
vn -0.1248 -0.7529 0.6462
vn -0.8110 0.0855 -0.5788
vn -0.6449 0.5831 -0.4940
vn -0.0314 0.5573 -0.8297
vn -0.8715 0.4730 -0.1293
vn -0.9662 0.1586 0.2034
vn -0.8607 -0.5021 0.0839
vn -0.2297 -0.3563 -0.9057
vn -0.2542 -0.9601 -0.1164
vn 0.4633 -0.7356 -0.4942
vn 0.5077 0.2029 -0.8373
vn 0.6661 -0.6577 0.3517
vn 0.9168 -0.2690 -0.2951
vn 0.9822 0.1470 -0.1173
vn 0.0024 0.9451 0.3267
vn 0.6956 -0.1281 0.7069
vn 0.2904 0.6445 -0.7073
vn -0.4318 -0.1899 0.8817
vn -0.1572 -0.7406 0.6534
vn -0.8110 0.0859 -0.5787
vn -0.6450 0.5834 -0.4936
vn -0.0314 0.5579 -0.8293
vn -0.8716 0.4730 -0.1290
vn -0.9661 0.1587 0.2035
vn -0.8609 -0.5018 0.0835
vn -0.2297 -0.3558 -0.9059
vn -0.2542 -0.9600 -0.1170
vn 0.4634 -0.7352 -0.4947
vn 0.5077 0.2034 -0.8372
vn 0.6662 -0.6579 0.3512
vn 0.9823 0.1462 -0.1173
vn 0.0024 0.9449 0.3273
vn 0.6955 -0.1285 0.7069
vn 0.2905 0.6450 -0.7068
vn -0.4316 -0.1905 0.8817
vn -0.1567 -0.7408 0.6532
vn 0.8457 0.5230 -0.1058
vn 0.4163 -0.1828 0.8907
vn 0.9559 0.1838 0.2289
vn 0.8398 -0.5355 0.0894
vn -0.0148 0.9520 0.3058
vn 0.2414 -0.9631 -0.1185
vn 0.1458 -0.7449 0.6511
vn -0.2698 0.6418 -0.7178
vn -0.4832 0.2028 -0.8517
vn -0.9792 0.1612 -0.1232
vn -0.6335 -0.6826 0.3644
vn -0.8979 -0.2994 -0.3226
vn -0.4240 -0.7487 -0.5096
vn 0.2204 -0.3530 -0.9093
vn 0.0242 0.5572 -0.8300
vn 0.7973 0.0641 -0.6001
vn 0.6034 0.6110 -0.5125
vn -0.6809 -0.1197 0.7226
vn -0.8110 0.0867 -0.5786
vn -0.6450 0.5841 -0.4928
vn -0.0314 0.5590 -0.8286
vn -0.8716 0.4732 -0.1283
vn -0.9661 0.1583 0.2037
vn -0.8607 -0.5023 0.0829
vn -0.2297 -0.3546 -0.9064
vn -0.2543 -0.9599 -0.1184
vn 0.4634 -0.7346 -0.4956
vn 0.5078 0.2044 -0.8369
vn 0.6660 -0.6585 0.3504
vn 0.9168 -0.2689 -0.2952
vn 0.9821 0.1476 -0.1170
vn 0.0024 0.9445 0.3286
vn 0.6955 -0.1294 0.7067
vn 0.2904 0.6460 -0.7059
vn -0.4316 -0.1917 0.8814
vn -0.1568 -0.7417 0.6521
vn -0.8110 0.0871 -0.5785
vn -0.6449 0.5844 -0.4925
vn -0.0314 0.5595 -0.8282
vn -0.8716 0.4732 -0.1280
vn -0.9661 0.1586 0.2038
vn -0.8608 -0.5022 0.0825
vn -0.2298 -0.3540 -0.9066
vn -0.2543 -0.9598 -0.1188
vn 0.4631 -0.7343 -0.4964
vn 0.5076 0.2053 -0.8368
vn 0.6661 -0.6587 0.3499
vn 0.9168 -0.2684 -0.2956
vn 0.9822 0.1469 -0.1169
vn 0.0024 0.9443 0.3291
vn 0.6955 -0.1299 0.7067
vn 0.2904 0.6464 -0.7056
vn -0.4314 -0.1922 0.8815
vn -0.1568 -0.7422 0.6516
vn -0.8110 0.0874 -0.5785
vn -0.6450 0.5847 -0.4921
vn -0.0314 0.5601 -0.8278
vn -0.8715 0.4735 -0.1277
vn -0.9661 0.1585 0.2039
vn -0.8609 -0.5020 0.0821
vn -0.2300 -0.3535 -0.9067
vn -0.2543 -0.9597 -0.1196
vn 0.4631 -0.7340 -0.4968
vn 0.5077 0.2057 -0.8366
vn 0.6657 -0.6592 0.3497
vn 0.9168 -0.2680 -0.2960
vn 0.9823 0.1466 -0.1168
vn 0.0024 0.9440 0.3298
vn 0.6955 -0.1303 0.7066
vn 0.2904 0.6468 -0.7052
vn -0.4315 -0.1928 0.8813
vn -0.1567 -0.7426 0.6511
vn -0.8110 0.0878 -0.5784
vn -0.6450 0.5851 -0.4917
vn -0.0314 0.5607 -0.8274
vn -0.8716 0.4734 -0.1274
vn -0.9662 0.1577 0.2040
vn -0.8605 -0.5028 0.0820
vn -0.2297 -0.3527 -0.9071
vn -0.2543 -0.9596 -0.1202
vn 0.4634 -0.7336 -0.4971
vn 0.5078 0.2061 -0.8365
vn 0.6659 -0.6593 0.3491
vn 0.9168 -0.2679 -0.2961
vn 0.0024 0.9438 0.3304
vn 0.6955 -0.1307 0.7066
vn 0.2903 0.6472 -0.7049
vn -0.4314 -0.1934 0.8812
vn -0.1571 -0.7431 0.6505
vn -0.8110 0.0882 -0.5783
vn -0.6449 0.5854 -0.4913
vn -0.0314 0.5612 -0.8271
vn -0.8715 0.4736 -0.1271
vn -0.9661 0.1582 0.2041
vn -0.8605 -0.5028 0.0816
vn -0.2297 -0.3522 -0.9073
vn -0.2543 -0.9596 -0.1208
vn 0.4632 -0.7333 -0.4977
vn 0.5077 0.2067 -0.8363
vn 0.6660 -0.6595 0.3487
vn 0.9822 0.1472 -0.1166
vn 0.0024 0.9436 0.3311
vn 0.6954 -0.1312 0.7065
vn 0.2904 0.6478 -0.7043
vn -0.4314 -0.1940 0.8811
vn -0.1570 -0.7435 0.6500
vn -0.8110 0.0886 -0.5783
vn -0.6449 0.5857 -0.4909
vn -0.0314 0.5617 -0.8267
vn -0.8716 0.4736 -0.1267
vn -0.9661 0.1576 0.2043
vn -0.8611 -0.5019 0.0810
vn -0.2297 -0.3516 -0.9075
vn -0.2543 -0.9595 -0.1216
vn 0.4633 -0.7330 -0.4981
vn 0.5078 0.2072 -0.8362
vn 0.6657 -0.6599 0.3484
vn 0.9168 -0.2677 -0.2962
vn 0.9823 0.1467 -0.1166
vn 0.0024 0.9434 0.3317
vn 0.6953 -0.1315 0.7066
vn 0.2904 0.6482 -0.7039
vn -0.4316 -0.1946 0.8808
vn -0.1581 -0.7441 0.6491
vn -0.8110 0.0890 -0.5782
vn -0.6449 0.5860 -0.4905
vn -0.0314 0.5623 -0.8264
vn -0.8715 0.4739 -0.1265
vn -0.9661 0.1580 0.2044
vn -0.8608 -0.5026 0.0809
vn -0.2298 -0.3510 -0.9077
vn -0.2543 -0.9594 -0.1222
vn 0.4634 -0.7326 -0.4985
vn 0.5078 0.2077 -0.8360
vn 0.6660 -0.6599 0.3478
vn 0.9168 -0.2674 -0.2965
vn 0.9822 0.1474 -0.1165
vn 0.0024 0.9432 0.3323
vn 0.6954 -0.1321 0.7063
vn 0.2905 0.6488 -0.7034
vn -0.4314 -0.1952 0.8808
vn -0.1571 -0.7444 0.6490
vn -0.8110 0.0894 -0.5782
vn -0.6449 0.5864 -0.4902
vn -0.0314 0.5628 -0.8260
vn -0.8715 0.4739 -0.1262
vn -0.9661 0.1578 0.2044
vn -0.8607 -0.5026 0.0805
vn -0.2297 -0.3503 -0.9080
vn -0.2543 -0.9593 -0.1228
vn 0.4633 -0.7323 -0.4991
vn 0.5078 0.2083 -0.8359
vn 0.6658 -0.6603 0.3475
vn 0.9168 -0.2672 -0.2967
vn 0.9823 0.1469 -0.1164
vn 0.0024 0.9430 0.3329
vn 0.6956 -0.1327 0.7061
vn 0.2905 0.6492 -0.7030
vn -0.4315 -0.1957 0.8806
vn -0.1572 -0.7448 0.6485
vn -0.8110 0.0898 -0.5781
vn -0.6450 0.5867 -0.4897
vn -0.0314 0.5634 -0.8256
vn -0.8716 0.4738 -0.1258
vn -0.9661 0.1577 0.2045
vn -0.8606 -0.5029 0.0803
vn -0.2298 -0.3498 -0.9082
vn -0.2543 -0.9592 -0.1235
vn 0.4633 -0.7320 -0.4996
vn 0.5077 0.2090 -0.8358
vn 0.6660 -0.6603 0.3469
vn 0.9168 -0.2669 -0.2970
vn 0.9822 0.1472 -0.1163
vn 0.0024 0.9427 0.3336
vn 0.6955 -0.1331 0.7061
vn 0.2904 0.6497 -0.7025
vn -0.4314 -0.1963 0.8805
vn -0.1571 -0.7452 0.6480
vn -0.8110 0.0901 -0.5780
vn -0.6449 0.5870 -0.4894
vn -0.0314 0.5640 -0.8251
vn -0.8715 0.4741 -0.1255
vn -0.9661 0.1572 0.2047
vn -0.8606 -0.5029 0.0800
vn -0.2297 -0.3492 -0.9085
vn -0.2543 -0.9592 -0.1239
vn 0.4632 -0.7317 -0.5001
vn 0.5077 0.2095 -0.8357
vn 0.6662 -0.6604 0.3464
vn 0.9168 -0.2667 -0.2972
vn 0.9823 0.1470 -0.1162
vn 0.0024 0.9425 0.3342
vn 0.6956 -0.1336 0.7059
vn 0.2904 0.6502 -0.7021
vn -0.4316 -0.1969 0.8803
vn -0.1568 -0.7456 0.6476
vn -0.8110 0.0905 -0.5780
vn -0.6449 0.5874 -0.4890
vn -0.0314 0.5645 -0.8248
vn -0.8715 0.4742 -0.1252
vn -0.9662 0.1566 0.2048
vn -0.8608 -0.5027 0.0795
vn -0.2297 -0.3485 -0.9087
vn -0.2543 -0.9591 -0.1247
vn 0.4634 -0.7313 -0.5005
vn 0.5077 0.2102 -0.8355
vn 0.6658 -0.6610 0.3461
vn 0.9168 -0.2666 -0.2972
vn 0.9823 0.1470 -0.1161
vn 0.0024 0.9423 0.3348
vn 0.6956 -0.1341 0.7058
vn 0.2905 0.6506 -0.7017
vn -0.4317 -0.1975 0.8801
vn -0.1568 -0.7461 0.6472
vn -0.8110 0.0909 -0.5779
vn -0.6449 0.5877 -0.4886
vn -0.0314 0.5650 -0.8245
vn -0.8715 0.4743 -0.1249
vn -0.9662 0.1567 0.2049
vn -0.8608 -0.5028 0.0792
vn -0.2297 -0.3480 -0.9089
vn -0.2543 -0.9590 -0.1253
vn 0.4633 -0.7310 -0.5010
vn 0.5078 0.2105 -0.8354
vn 0.6656 -0.6614 0.3458
vn 0.9168 -0.2664 -0.2975
vn 0.9822 0.1478 -0.1160
vn 0.0024 0.9421 0.3354
vn 0.6955 -0.1345 0.7058
vn 0.2904 0.6511 -0.7013
vn -0.4314 -0.1981 0.8801
vn -0.1572 -0.7466 0.6465
vn -0.7889 -0.2090 -0.5779
vn -0.8143 0.3141 -0.4882
vn -0.2344 0.5157 -0.8241
vn -0.9842 0.1260 -0.1246
vn -0.9571 -0.2047 0.2050
vn -0.6198 -0.7808 0.0789
vn -0.0881 -0.4070 -0.9092
vn 0.1108 -0.9858 -0.1260
vn 0.6968 -0.5129 -0.5014
vn 0.3965 0.3810 -0.8352
vn 0.8606 -0.3745 0.3451
vn 0.9509 0.0845 -0.2977
vn 0.8620 0.4935 -0.1159
vn -0.3393 0.8786 0.3361
vn 0.6970 0.1265 0.7058
vn 0.0344 0.7125 -0.7008
vn -0.3301 -0.3416 0.8800
vn 0.1248 -0.7529 0.6462
vn 0.8639 -0.5008 0.0537
vn -0.0000 0.8491 0.5282
vn -0.0000 -0.8631 -0.5050
vn -0.8639 -0.5008 0.0537
vn -0.0000 0.9522 0.3054
vn -0.0000 0.2313 0.9729
vn -0.0000 -0.9110 0.4125
vn -0.2441 -0.9697 0.0030
vn -0.8831 0.4689 -0.0158
vn -0.0000 -0.9281 -0.3723
vn -0.0000 0.3617 -0.9323
vn 0.8831 0.4689 -0.0158
vn 0.2441 -0.9697 0.0030
vn -0.9689 -0.2299 0.0909
vn -0.9294 0.3557 0.0984
vn 0.0871 -0.2687 0.9593
vn 0.0850 0.3413 0.9361
vn 0.9299 0.3596 -0.0779
vn -0.1834 0.3286 -0.9265
vn 0.9457 -0.3109 -0.0944
vn -0.1861 -0.2334 -0.9544
vn 0.9638 0.2553 -0.0764
vn -0.0002 1.0000 -0.0019
vn -0.0837 0.3799 -0.9213
vn -0.0009 -1.0000 0.0048
vn -0.9413 0.3233 0.0966
vn 0.0874 0.3299 0.9400
vn -0.0885 -0.2009 -0.9756
vn 0.9744 -0.1966 -0.1086
vn 0.9750 -0.1940 -0.1085
vn 0.9667 0.2386 -0.0928
vn -0.0885 -0.1989 -0.9760
vn -0.0872 0.2643 -0.9605
vn 0.0880 -0.2310 0.9690
vn -0.9827 -0.1716 0.0699
vn -0.9828 -0.1711 0.0699
vn 0.0880 -0.2315 0.9688
vn -0.9797 0.1829 0.0818
vn 0.0879 0.2299 0.9692
vn -0.9805 -0.1836 0.0693
vn -0.0883 -0.2095 -0.9738
vn 0.9727 -0.2050 -0.1087
vn 0.0876 -0.2474 0.9649
vn 0.0028 0.9994 0.0341
vn 0.0002 -1.0000 -0.0000
vn -0.9545 -0.2853 0.0866
vn 0.0867 -0.2851 0.9546
vn 0.9547 -0.2848 -0.0867
vn -0.0002 1.0000 -0.0000
vn -0.0866 -0.2850 -0.9546
vn 0.1843 -0.2336 -0.9547
vn 0.1828 0.3284 -0.9267
vn 0.9303 0.3538 0.0972
vn 0.9686 -0.2319 0.0895
vn -0.0863 -0.2688 0.9593
vn -0.9465 -0.3090 -0.0932
vn -0.0830 0.3412 0.9363
vn -0.9292 0.3615 -0.0766
vn -0.9634 0.2573 -0.0750
vn 0.0023 1.0000 -0.0016
vn 0.0832 0.3799 -0.9213
vn -0.0011 -1.0000 0.0045
vn 0.9421 0.3214 0.0954
vn -0.0854 0.3298 0.9402
vn -0.9750 -0.1947 -0.1073
vn -0.9663 0.2405 -0.0914
vn -0.9755 -0.1921 -0.1072
vn -0.0871 -0.2315 0.9689
vn -0.0861 0.2299 0.9694
vn -0.0871 -0.2310 0.9690
vn 0.9825 -0.1730 0.0685
vn 0.0868 -0.2010 -0.9757
vn 0.0864 0.2642 -0.9606
vn 0.0868 -0.1990 -0.9762
vn 0.9802 0.1810 0.0805
vn 0.9824 -0.1735 0.0685
vn 0.9803 -0.1855 0.0679
vn 0.0866 -0.2095 -0.9740
vn -0.9732 -0.2031 -0.1074
vn -0.0868 -0.2474 0.9650
vn -0.0009 0.9994 0.0343
vn -0.0022 -1.0000 -0.0002
vn 0.9541 -0.2871 0.0853
vn -0.0860 -0.2850 0.9547
vn -0.9553 -0.2829 -0.0854
vn 0.0022 1.0000 0.0002
vn 0.0847 -0.2850 -0.9548
vn 0.9508 -0.3097 -0.0000
vn 0.5208 -0.6788 -0.5177
vn 0.5208 -0.6788 0.5177
vn 0.1003 -0.9950 -0.0000
vn -0.0827 0.1197 0.9894
vn -0.6087 0.7934 -0.0000
vn -0.1055 0.0849 0.9908
vn 0.6795 0.7336 0.0047
vn 0.6991 0.7150 -0.0098
vn -0.5046 0.8631 -0.0197
vn 0.1554 -0.2296 0.9608
vn 0.9119 0.4087 0.0383
vn 0.1932 -0.2414 -0.9510
vn -0.5349 -0.8388 0.1016
vn 0.9317 0.3604 -0.0463
vn 0.3103 -0.1324 -0.9414
vn 0.0799 -0.2805 0.9565
vn -0.5223 -0.8509 0.0559
vn -0.8433 -0.5372 0.0129
vn -0.0437 0.1443 -0.9886
vn -0.6446 0.7645 0.0044
vn -0.8391 -0.5435 0.0221
vn -0.0802 0.0951 -0.9922
vn 0.1351 -0.1751 -0.9752
vn -0.6490 0.7607 0.0109
vn -0.1234 0.1213 -0.9849
vn 0.6496 0.7594 -0.0377
vn 0.9432 0.3291 -0.0465
vn 0.1412 -0.1689 0.9755
vn -0.6954 -0.7186 -0.0000
vn -0.1084 0.1296 0.9856
vn -0.8783 -0.4782 -0.0000
vn 0.6247 -0.7807 0.0188
vn 0.5682 0.8229 -0.0054
vn -0.1759 0.2199 -0.9595
vn -0.9275 -0.3739 -0.0054
vn -0.1579 0.1974 0.9675
vn -0.6247 0.7807 -0.0188
vn -0.1461 0.1826 0.9723
vn 0.5480 0.8365 -0.0058
vn -0.9213 -0.3889 -0.0051
vn -0.1739 0.2173 -0.9605
vn -0.9317 0.3604 -0.0463
vn -0.9432 0.3291 -0.0465
vn 0.6490 0.7607 0.0109
vn -0.6496 0.7594 -0.0377
vn -0.6991 0.7150 -0.0098
vn 0.6446 0.7645 0.0044
vn 0.1083 0.1296 0.9856
vn 0.1055 0.0849 0.9908
vn -0.0799 -0.2805 0.9565
vn -0.1412 -0.1689 0.9755
vn -0.3103 -0.1324 -0.9414
vn 0.5223 -0.8509 0.0559
vn 0.5349 -0.8388 0.1016
vn -0.1932 -0.2414 -0.9510
vn -0.1554 -0.2296 0.9608
vn -0.9119 0.4087 0.0383
vn 0.0827 0.1197 0.9894
vn 0.5046 0.8631 -0.0197
vn -0.6795 0.7336 0.0047
vn 0.0437 0.1443 -0.9886
vn -0.5208 -0.6788 -0.5177
vn 0.6087 0.7934 -0.0000
vn 0.0802 0.0951 -0.9922
vn -0.9508 -0.3097 -0.0000
vn -0.1003 -0.9950 -0.0000
vn -0.5208 -0.6788 0.5177
vn 0.8433 -0.5372 0.0129
vn 0.8391 -0.5435 0.0221
vn -0.1351 -0.1751 -0.9752
vn 0.1234 0.1213 -0.9849
vn 0.8783 -0.4782 -0.0000
vn 0.6954 -0.7186 -0.0000
vn 0.1579 0.1974 0.9675
vn -0.5682 0.8229 -0.0054
vn 0.6247 0.7807 -0.0188
vn 0.9275 -0.3739 -0.0054
vn -0.6247 -0.7807 0.0188
vn 0.1759 0.2199 -0.9595
vn 0.1461 0.1826 0.9723
vn -0.5480 0.8364 -0.0058
vn 0.9213 -0.3889 -0.0051
vn 0.1739 0.2173 -0.9605
vn -0.1151 -0.1343 -0.9842
vn 0.4432 0.5139 -0.7345
vn -0.6531 -0.7573 -0.0000
vn 0.6830 -0.7304 -0.0034
vn 0.9973 -0.0730 -0.0000
vn -0.6351 -0.7721 -0.0246
vn -0.1150 -0.1360 0.9840
vn -0.8563 0.5164 -0.0037
vn -0.2464 0.9692 -0.0000
vn 0.4432 0.5139 0.7345
vn -0.4432 0.5139 -0.7345
vn 0.2464 0.9692 -0.0000
vn 0.8563 0.5164 -0.0037
vn 0.6531 -0.7573 -0.0000
vn 0.1151 -0.1343 -0.9842
vn 0.6351 -0.7721 -0.0246
vn -0.6830 -0.7304 -0.0034
vn 0.1150 -0.1360 0.9840
vn -0.4432 0.5139 0.7345
vn -0.9973 -0.0730 -0.0000
vn -0.9970 0.0776 -0.0000
vn -0.0621 0.2262 -0.9721
vn 0.9250 0.3800 -0.0000
vn -0.0621 0.2262 0.9721
vn 0.0518 -0.1887 0.9807
vn -0.8585 -0.5129 -0.0000
vn 0.9892 0.1463 -0.0000
vn 0.0518 -0.1887 -0.9807
vn -0.3177 0.9476 -0.0323
vn -0.3178 0.9477 -0.0295
vn -0.3175 0.9477 -0.0322
vn -0.3192 0.9472 -0.0307
vn 0.0742 -0.1767 -0.9815
vn -0.8605 -0.5093 0.0120
vn -0.0355 -0.2445 0.9690
vn -0.0338 -0.2472 0.9684
vn -0.0351 -0.2452 0.9688
vn 0.9888 0.1492 0.0097
vn 0.9889 0.1483 0.0098
vn 0.9885 0.1508 0.0093
vn 0.0381 -0.1920 0.9807
vn -0.0457 0.2301 0.9721
vn 0.9972 -0.0746 -0.0000
vn 0.8569 0.5155 -0.0000
vn -0.0457 0.2301 -0.9721
vn 0.0381 -0.1920 -0.9807
vn -0.9973 -0.0740 -0.0000
vn -0.9502 -0.3118 -0.0000
vn -0.0486 0.2287 0.9723
vn -0.9943 0.1064 -0.0058
vn -0.2078 0.9780 -0.0188
vn 0.8847 0.4660 -0.0051
vn 0.2078 -0.9780 0.0188
vn -0.0578 0.2723 -0.9605
vn 0.8847 0.4661 -0.0051
vn -0.0579 0.2722 -0.9605
vn -0.1018 0.9943 -0.0323
vn -0.1019 0.9944 -0.0295
vn -0.1017 0.9943 -0.0322
vn -0.1034 0.9942 -0.0308
vn 0.0336 -0.1887 -0.9815
vn -0.9514 -0.3079 0.0120
vn -0.0883 -0.2307 0.9690
vn -0.0873 -0.2337 0.9684
vn -0.0881 -0.2315 0.9688
vn 0.9974 -0.0716 0.0097
vn 0.9973 -0.0725 0.0098
vn 0.9975 -0.0700 0.0093
vn 0.0334 -0.1683 -0.9852
vn 0.9965 -0.0834 -0.0000
vn 0.0334 -0.1683 0.9852
vn -0.9671 -0.2545 -0.0000
vn -0.0456 0.2293 0.9723
vn -0.1943 0.9808 -0.0188
vn 0.1953 -0.9806 0.0188
vn -0.0542 0.2729 -0.9605
vn -0.1048 0.9940 -0.0322
vn -0.1049 0.9940 -0.0294
vn -0.1047 0.9940 -0.0322
vn -0.1065 0.9938 -0.0307
vn 0.0310 -0.1636 -0.9860
vn -0.9684 -0.2492 0.0130
vn -0.0943 -0.1941 0.9764
vn -0.0916 -0.2028 0.9749
vn -0.0938 -0.1959 0.9761
vn 0.9961 -0.0877 0.0100
vn 0.9960 -0.0886 0.0102
vn 0.9962 -0.0866 0.0097
vn -0.9250 0.3800 -0.0000
vn 0.0621 0.2262 -0.9721
vn -0.0518 -0.1887 -0.9807
vn -0.9892 0.1463 -0.0000
vn 0.8585 -0.5129 -0.0000
vn -0.0518 -0.1887 0.9807
vn 0.0621 0.2262 0.9721
vn 0.9970 0.0776 -0.0000
vn 0.3177 0.9476 -0.0323
vn 0.3192 0.9472 -0.0307
vn 0.3175 0.9477 -0.0322
vn 0.3178 0.9477 -0.0295
vn -0.0742 -0.1767 -0.9815
vn 0.8605 -0.5093 0.0120
vn 0.0355 -0.2445 0.9690
vn 0.0351 -0.2451 0.9689
vn 0.0338 -0.2472 0.9684
vn -0.9888 0.1492 0.0097
vn -0.9885 0.1508 0.0093
vn -0.9889 0.1483 0.0098
vn -0.9951 -0.0847 -0.0514
vn -0.0673 0.2175 0.9737
vn -0.0554 0.2244 -0.9729
vn 0.0084 -0.1899 -0.9818
vn -0.9511 -0.3018 -0.0658
vn 0.0232 -0.1910 0.9813
vn -0.1034 0.9942 -0.0307
vn 0.0486 0.2287 0.9723
vn 0.9943 0.1064 -0.0058
vn 0.2078 0.9780 -0.0188
vn -0.8847 0.4661 -0.0051
vn -0.2078 -0.9780 0.0188
vn 0.0578 0.2722 -0.9605
vn -0.9972 -0.0746 -0.0000
vn -0.0381 -0.1920 0.9807
vn 0.9502 -0.3118 -0.0000
vn -0.0381 -0.1920 -0.9807
vn 0.9973 -0.0740 -0.0000
vn 0.0457 0.2301 -0.9721
vn -0.8569 0.5155 -0.0000
vn 0.0457 0.2301 0.9721
vn -0.8847 0.4660 -0.0051
vn 0.1018 0.9943 -0.0323
vn 0.1034 0.9942 -0.0307
vn 0.1017 0.9943 -0.0322
vn 0.1019 0.9944 -0.0295
vn -0.0336 -0.1887 -0.9815
vn 0.9514 -0.3079 0.0120
vn 0.0883 -0.2307 0.9690
vn 0.0880 -0.2314 0.9689
vn 0.0872 -0.2338 0.9684
vn -0.9974 -0.0716 0.0097
vn -0.9975 -0.0700 0.0093
vn -0.9973 -0.0725 0.0098
vn 0.0455 0.2293 0.9723
vn 0.1943 0.9808 -0.0188
vn -0.1953 -0.9806 0.0188
vn 0.0542 0.2729 -0.9605
vn -0.0334 -0.1683 -0.9852
vn -0.9965 -0.0834 -0.0000
vn -0.0334 -0.1683 0.9852
vn 0.9671 -0.2545 -0.0000
vn 0.1048 0.9940 -0.0322
vn 0.1064 0.9938 -0.0307
vn 0.1047 0.9940 -0.0322
vn 0.1049 0.9940 -0.0294
vn -0.0310 -0.1636 -0.9860
vn 0.9684 -0.2492 0.0130
vn 0.0943 -0.1941 0.9764
vn 0.0938 -0.1959 0.9761
vn 0.0915 -0.2029 0.9749
vn -0.9961 -0.0877 0.0100
vn -0.9962 -0.0866 0.0097
vn -0.9960 -0.0886 0.0102
vn 0.0673 0.2175 0.9737
vn 0.9951 -0.0847 -0.0514
vn 0.0554 0.2244 -0.9729
vn -0.0084 -0.1899 -0.9818
vn 0.9511 -0.3018 -0.0658
vn -0.0232 -0.1910 0.9813
vn -0.7730 -0.4053 0.4880
vn -0.6344 -0.4939 0.5946
vn -0.4714 -0.5635 0.6784
vn -0.2903 -0.6114 0.7361
vn -0.0980 -0.6359 0.7656
vn 0.0980 -0.6359 0.7656
vn 0.2903 -0.6114 0.7361
vn 0.4714 -0.5635 0.6784
vn 0.6344 -0.4939 0.5946
vn 0.7730 -0.4053 0.4880
vn -0.8819 -0.3012 0.3626
vn 0.8819 -0.3012 0.3626
vn 0.9569 -0.1855 0.2233
vn 0.9952 -0.0626 0.0754
vn 0.9952 0.0626 -0.0754
vn 0.9569 0.1855 -0.2233
vn 0.8819 0.3012 -0.3626
vn 0.7730 0.4053 -0.4880
vn 0.6344 0.4939 -0.5946
vn 0.4714 0.5635 -0.6784
vn 0.2903 0.6114 -0.7361
vn 0.0980 0.6359 -0.7655
vn -0.0000 -0.7693 -0.6389
vn -0.0980 0.6359 -0.7655
vn -0.2903 0.6114 -0.7361
vn -0.0000 0.7693 0.6389
vn -0.4714 0.5635 -0.6784
vn -0.6344 0.4939 -0.5946
vn -0.7730 0.4053 -0.4880
vn -0.8819 0.3012 -0.3626
vn -0.9569 0.1855 -0.2233
vn -0.9952 0.0626 -0.0754
vn -0.9952 -0.0626 0.0754
vn -0.9569 -0.1855 0.2233
vn -0.7730 -0.4839 0.4103
vn -0.6344 -0.5896 0.4999
vn -0.4714 -0.6727 0.5704
vn -0.2903 -0.7299 0.6189
vn -0.0980 -0.7590 0.6436
vn 0.0980 -0.7590 0.6436
vn 0.2903 -0.7299 0.6189
vn 0.4714 -0.6727 0.5704
vn 0.6344 -0.5896 0.4999
vn 0.7730 -0.4839 0.4103
vn -0.8819 -0.3595 0.3049
vn 0.8819 -0.3595 0.3049
vn 0.9569 -0.2214 0.1877
vn 0.9952 -0.0748 0.0634
vn 0.9952 0.0748 -0.0634
vn 0.9569 0.2214 -0.1877
vn 0.8819 0.3595 -0.3049
vn 0.7730 0.4839 -0.4103
vn 0.6344 0.5896 -0.4999
vn 0.4714 0.6727 -0.5704
vn 0.2903 0.7299 -0.6189
vn 0.0980 0.7590 -0.6436
vn -0.0000 -0.6467 -0.7627
vn -0.0980 0.7590 -0.6436
vn -0.2903 0.7299 -0.6189
vn -0.0000 0.6467 0.7627
vn -0.4714 0.6727 -0.5704
vn -0.6344 0.5896 -0.4999
vn -0.7730 0.4839 -0.4103
vn -0.8819 0.3595 -0.3049
vn -0.9569 0.2214 -0.1877
vn -0.9952 0.0748 -0.0634
vn -0.9952 -0.0748 0.0634
vn -0.9569 -0.2214 0.1877
vn -0.7730 -0.5219 0.3606
vn -0.6344 -0.6359 0.4394
vn -0.4714 -0.7256 0.5014
vn -0.2903 -0.7873 0.5440
vn -0.0980 -0.8187 0.5658
vn 0.0980 -0.8187 0.5658
vn 0.2903 -0.7873 0.5440
vn 0.4714 -0.7256 0.5014
vn 0.6344 -0.6359 0.4394
vn 0.7730 -0.5219 0.3606
vn -0.8819 -0.3878 0.2680
vn 0.8819 -0.3878 0.2680
vn 0.9569 -0.2388 0.1650
vn 0.9952 -0.0806 0.0557
vn 0.9952 0.0806 -0.0557
vn 0.9569 0.2388 -0.1650
vn 0.8819 0.3878 -0.2680
vn 0.7730 0.5219 -0.3606
vn 0.6344 0.6360 -0.4395
vn 0.4714 0.7255 -0.5014
vn 0.2903 0.7873 -0.5440
vn 0.0980 0.8187 -0.5658
vn -0.0000 -0.5685 -0.8227
vn -0.0980 0.8187 -0.5658
vn -0.2903 0.7873 -0.5440
vn -0.0000 0.5685 0.8227
vn -0.4714 0.7255 -0.5014
vn -0.6344 0.6360 -0.4395
vn -0.7730 0.5219 -0.3606
vn -0.8819 0.3878 -0.2680
vn -0.9569 0.2388 -0.1650
vn -0.9952 0.0806 -0.0557
vn -0.9952 -0.0806 0.0557
vn -0.9569 -0.2388 0.1650
vn -0.7730 -0.6067 0.1854
vn -0.6344 -0.7393 0.2259
vn -0.4714 -0.8434 0.2577
vn -0.2903 -0.9152 0.2797
vn -0.0980 -0.9517 0.2908
vn 0.0980 -0.9517 0.2908
vn 0.2903 -0.9152 0.2797
vn 0.4714 -0.8434 0.2577
vn 0.6344 -0.7393 0.2259
vn 0.7730 -0.6067 0.1854
vn -0.8819 -0.4508 0.1378
vn 0.8819 -0.4508 0.1378
vn 0.9569 -0.2776 0.0848
vn 0.9952 -0.0937 0.0286
vn 0.9952 0.0937 -0.0286
vn 0.9569 0.2776 -0.0848
vn 0.8819 0.4508 -0.1378
vn 0.7730 0.6067 -0.1854
vn 0.6344 0.7393 -0.2259
vn 0.4714 0.8434 -0.2577
vn 0.2903 0.9152 -0.2796
vn 0.0980 0.9517 -0.2908
vn -0.0000 -0.2922 -0.9563
vn -0.0980 0.9517 -0.2908
vn -0.2903 0.9152 -0.2796
vn -0.0000 0.2922 0.9563
vn -0.4714 0.8434 -0.2577
vn -0.6344 0.7393 -0.2259
vn -0.7730 0.6067 -0.1854
vn -0.8819 0.4508 -0.1378
vn -0.9569 0.2776 -0.0848
vn -0.9952 0.0937 -0.0286
vn -0.9952 -0.0937 0.0286
vn -0.9569 -0.2776 0.0848
vt 0.447534 0.188506
vt 0.482042 0.339887
vt 0.268995 0.308285
vt 0.200412 0.549013
vt 0.001435 0.519498
vt 0.155380 0.398046
vt 0.339388 0.468387
vt 0.418781 0.332460
vt 0.550268 0.499668
vt 0.119167 0.230283
vt 0.254632 0.310637
vt 0.086793 0.448525
vt 0.276842 0.361408
vt 0.295764 0.329012
vt 0.223562 0.178795
vt 0.252951 0.196144
vt 0.263735 0.343745
vt 0.274060 0.326068
vt 0.256066 0.176454
vt 0.239425 0.166668
vt 0.374456 0.231812
vt 0.355142 0.232221
vt 0.355142 0.211891
vt 0.374456 0.212470
vt 0.584991 0.225965
vt 0.589320 0.244957
vt 0.571730 0.257344
vt 0.563812 0.222609
vt 0.311741 0.423620
vt 0.317310 0.442112
vt 0.298478 0.455211
vt 0.288554 0.422544
vt 0.509255 0.249536
vt 0.509373 0.249151
vt 0.512266 0.241100
vt 0.512529 0.240367
vt 0.514119 0.238230
vt 0.514264 0.238034
vt 0.514836 0.237265
vt 0.514889 0.237195
vt 0.516436 0.234582
vt 0.516578 0.234340
vt 0.504987 0.237458
vt 0.503951 0.237737
vt 0.500413 0.250629
vt 0.500104 0.251758
vt 0.473653 0.259926
vt 0.471517 0.260586
vt 0.553525 0.256384
vt 0.550937 0.257647
vt 0.550680 0.257772
vt 0.546385 0.261202
vt 0.545964 0.261538
vt 0.542751 0.263510
vt 0.542439 0.263701
vt 0.539050 0.265215
vt 0.538724 0.265361
vt 0.529251 0.266995
vt 0.528364 0.267148
vt 0.526288 0.266881
vt 0.526095 0.266856
vt 0.524017 0.266588
vt 0.523825 0.266563
vt 0.520322 0.264985
vt 0.520002 0.264841
vt 0.517729 0.263358
vt 0.517523 0.263223
vt 0.515249 0.261741
vt 0.515043 0.261606
vt 0.510990 0.257897
vt 0.510626 0.257564
vt 0.513004 0.253810
vt 0.519344 0.252499
vt 0.519928 0.252378
vt 0.521296 0.251075
vt 0.521423 0.250954
vt 0.528457 0.253231
vt 0.529119 0.253445
vt 0.521660 0.244629
vt 0.520967 0.243809
vt 0.513665 0.252979
vt 0.500510 0.261620
vt 0.501042 0.261658
vt 0.503404 0.263785
vt 0.503611 0.263971
vt 0.510075 0.268366
vt 0.510650 0.268757
vt 0.516175 0.271605
vt 0.516673 0.271862
vt 0.520832 0.273074
vt 0.521212 0.273184
vt 0.529023 0.273174
vt 0.529752 0.273173
vt 0.538752 0.270930
vt 0.539613 0.270716
vt 0.545004 0.267068
vt 0.545529 0.266713
vt 0.549416 0.262892
vt 0.549800 0.262515
vt 0.553187 0.256941
vt 0.478362 0.261306
vt 0.478922 0.261365
vt 0.493174 0.261198
vt 0.494390 0.261183
vt 0.928715 0.618458
vt 0.928882 0.624082
vt 0.920528 0.624093
vt 0.920512 0.623582
vt 0.964160 0.373004
vt 0.972609 0.369703
vt 0.972439 0.372963
vt 0.224681 0.952895
vt 0.229495 0.952587
vt 0.231541 0.955007
vt 0.964341 0.369420
vt 0.972625 0.369379
vt 0.973090 0.363870
vt 0.964840 0.363371
vt 0.973136 0.363330
vt 0.224685 0.948933
vt 0.973401 0.359252
vt 0.965125 0.358898
vt 0.973427 0.358856
vt 0.219561 0.949780
vt 0.221722 0.946043
vt 0.920229 0.612523
vt 0.928603 0.612512
vt 0.920340 0.617935
vt 0.920351 0.618469
vt 0.705764 0.464157
vt 0.705227 0.469696
vt 0.700621 0.466416
vt 0.709897 0.470951
vt 0.214226 0.945020
vt 0.928498 0.604594
vt 0.920219 0.611820
vt 0.710434 0.465412
vt 0.030548 0.587790
vt 0.026267 0.595065
vt 0.023447 0.591245
vt 0.701822 0.457959
vt 0.700885 0.461941
vt 0.010057 0.956492
vt 0.000825 0.951797
vt 0.010016 0.951814
vt 0.000867 0.956475
vt 0.700147 0.472467
vt 0.010136 0.962905
vt 0.000946 0.962889
vt 0.858938 0.948933
vt 0.863748 0.952587
vt 0.858934 0.952895
vt 0.853814 0.949780
vt 0.855974 0.946043
vt 0.010160 0.966618
vt 0.000970 0.966602
vt 0.865793 0.955007
vt 0.709090 0.475967
vt 0.699983 0.476052
vt 0.000799 0.946976
vt 0.848478 0.945020
vt 0.853452 0.942845
vt 0.009989 0.946992
vt 0.000804 0.934033
vt 0.849172 0.933229
vt 0.009994 0.934049
vt 0.000824 0.931318
vt 0.843672 0.936052
vt 0.848898 0.930955
vt 0.010014 0.931335
vt 0.000844 0.928604
vt 0.841562 0.927768
vt 0.848624 0.928681
vt 0.010034 0.928620
vt 0.000912 0.924248
vt 0.849354 0.924548
vt 0.010102 0.924264
vt 0.000969 0.921512
vt 0.841728 0.923039
vt 0.850313 0.921746
vt 0.010160 0.921529
vt 0.001027 0.918776
vt 0.851271 0.918944
vt 0.843259 0.916433
vt 0.023447 0.562828
vt 0.032141 0.561576
vt 0.025024 0.565604
vt 0.005762 0.917466
vt 0.010043 0.912174
vt 0.029137 0.554804
vt 0.973085 0.325489
vt 0.964733 0.325531
vt 0.972565 0.320805
vt 0.964160 0.320426
vt 0.972518 0.320384
vt 0.262256 0.413407
vt 0.267435 0.403238
vt 0.268505 0.412492
vt 0.217019 0.918944
vt 0.209006 0.916433
vt 0.219852 0.913667
vt 0.001162 0.914107
vt 0.005897 0.912797
vt 0.216060 0.921746
vt 0.964965 0.328444
vt 0.973104 0.325731
vt 0.854105 0.913667
vt 0.846168 0.908430
vt 0.857069 0.910155
vt 0.067931 0.126923
vt 0.064548 0.127721
vt 0.062148 0.124348
vt 0.847780 0.905370
vt 0.857147 0.902033
vt 0.861954 0.910388
vt 0.065530 0.123550
vt 0.061993 0.119605
vt 0.417997 0.014971
vt 0.410641 0.013668
vt 0.417507 0.010830
vt 0.410111 0.009156
vt 0.417463 0.010459
vt 0.222816 0.910155
vt 0.222895 0.902033
vt 0.227701 0.910389
vt 0.258278 0.403238
vt 0.257846 0.415094
vt 0.417849 0.015290
vt 0.408831 0.017565
vt 0.211916 0.908430
vt 0.213527 0.905370
vt 0.012385 0.345387
vt 0.015965 0.340426
vt 0.015965 0.354136
vt 0.365204 0.233060
vt 0.371553 0.233060
vt 0.366771 0.240929
vt 0.069666 0.117367
vt 0.700566 0.414411
vt 0.710395 0.422581
vt 0.701287 0.422666
vt 0.709673 0.414326
vt 0.704663 0.410102
vt 0.061993 0.110646
vt 0.075831 0.667169
vt 0.066195 0.664445
vt 0.076923 0.657533
vt 0.069666 0.108408
vt 0.069370 0.650088
vt 0.480169 0.153606
vt 0.486212 0.159056
vt 0.480169 0.171263
vt 0.326560 0.143687
vt 0.323002 0.131210
vt 0.326560 0.129761
vt 0.076923 0.674891
vt 0.076629 0.671369
vt 0.081277 0.127721
vt 0.072087 0.111698
vt 0.081277 0.111730
vt 0.076418 0.670257
vt 0.165457 0.388570
vt 0.163162 0.397352
vt 0.163162 0.388245
vt 0.162337 0.397235
vt 0.162337 0.388128
vt 0.059507 0.002167
vt 0.059507 0.010160
vt 0.056754 0.008944
vt 0.874902 0.912811
vt 0.873934 0.912411
vt 0.871687 0.902329
vt 0.878084 0.913751
vt 0.056754 0.000951
vt 0.072087 0.127689
vt 0.165457 0.397678
vt 0.871245 0.911298
vt 0.709333 0.411356
vt 0.704537 0.401997
vt 0.928833 0.551157
vt 0.928810 0.559182
vt 0.920356 0.559193
vt 0.920357 0.558551
vt 0.212352 0.898798
vt 0.920296 0.561696
vt 0.928741 0.561904
vt 0.920291 0.561915
vt 0.920367 0.551169
vt 0.928850 0.532273
vt 0.920366 0.549684
vt 0.920356 0.532285
vt 0.208374 0.883833
vt 0.207309 0.876455
vt 0.928882 0.523385
vt 0.920357 0.531612
vt 0.920375 0.523396
vt 0.615370 0.484796
vt 0.619739 0.495022
vt 0.615370 0.521198
vt 0.458918 0.165457
vt 0.458918 0.129807
vt 0.467344 0.129504
vt 0.467340 0.132168
vt 0.610632 0.486094
vt 0.704246 0.374055
vt 0.709090 0.384313
vt 0.699983 0.384398
vt 0.708915 0.375310
vt 0.842627 0.883833
vt 0.841562 0.876455
vt 0.610632 0.522496
vt 0.709206 0.403252
vt 0.846605 0.898798
vt 0.777475 0.472385
vt 0.783745 0.489322
vt 0.777475 0.499274
vt 0.467288 0.165156
vt 0.200290 0.032005
vt 0.200290 0.046194
vt 0.193140 0.047895
vt 0.193141 0.046752
vt 0.193151 0.033704
vt 0.237435 0.902330
vt 0.240649 0.912811
vt 0.243832 0.913751
vt 0.181773 0.049347
vt 0.181773 0.033638
vt 0.190131 0.033374
vt 0.190129 0.034663
vt 0.239681 0.912411
vt 0.236993 0.911298
vt 0.456989 0.112041
vt 0.459517 0.111981
vt 0.459517 0.120400
vt 0.459305 0.120406
vt 0.460350 0.120379
vt 0.460426 0.111960
vt 0.460426 0.120377
vt 0.462773 0.120305
vt 0.462990 0.111885
vt 0.462990 0.120298
vt 0.190106 0.049083
vt 0.456989 0.120464
vt 0.416282 0.002727
vt 0.408831 0.000723
vt 0.416175 0.002024
vt 0.920168 0.569018
vt 0.928596 0.569638
vt 0.920157 0.569649
vt 0.920077 0.575880
vt 0.928499 0.576431
vt 0.920070 0.576443
vt 0.920037 0.581298
vt 0.928455 0.581729
vt 0.920034 0.581741
vt 0.207309 0.927768
vt 0.207476 0.923039
vt 0.215102 0.924549
vt 0.965448 0.335909
vt 0.965196 0.331358
vt 0.973540 0.331317
vt 0.973561 0.331698
vt 0.214371 0.928681
vt 0.973332 0.328646
vt 0.973313 0.328403
vt 0.973786 0.335868
vt 0.965497 0.338664
vt 0.973789 0.336101
vt 0.973830 0.338623
vt 0.214920 0.933229
vt 0.209420 0.936052
vt 0.214645 0.930955
vt 0.965545 0.341419
vt 0.973834 0.338857
vt 0.920038 0.592151
vt 0.928443 0.592140
vt 0.920106 0.603518
vt 0.920112 0.604605
vt 0.920038 0.591264
vt 0.973875 0.341378
vt 0.219199 0.942845
vt 0.965339 0.354229
vt 0.973856 0.342475
vt 0.973649 0.354188
vt 0.973629 0.354597
vt 0.508170 0.254135
vt 0.507950 0.253829
vt 0.416184 0.018868
vt 0.406815 0.208999
vt 0.406815 0.198428
vt 0.415094 0.197324
vt 0.415093 0.198203
vt 0.323878 0.459248
vt 0.332307 0.459244
vt 0.323912 0.467208
vt 0.143085 0.046808
vt 0.138558 0.052250
vt 0.138558 0.039457
vt 0.332330 0.467936
vt 0.323915 0.467940
vt 0.332366 0.470010
vt 0.323954 0.470014
vt 0.323951 0.469838
vt 0.143367 0.044761
vt 0.323885 0.478186
vt 0.332277 0.478951
vt 0.323878 0.478955
vt 0.325293 0.254100
vt 0.332366 0.251805
vt 0.325284 0.264624
vt 0.332366 0.263305
vt 0.325283 0.265602
vt 0.150943 0.041905
vt 0.415076 0.207897
vt 0.406309 0.113208
vt 0.408220 0.103989
vt 0.415094 0.113208
vt 0.424853 0.088647
vt 0.425254 0.097242
vt 0.421579 0.096770
vt 0.418136 0.097242
vt 0.286744 0.178146
vt 0.291401 0.179444
vt 0.291727 0.188679
vt 0.282620 0.188679
vt 0.271294 0.174564
vt 0.278665 0.177656
vt 0.278665 0.188679
vt 0.369163 0.091437
vt 0.369163 0.078812
vt 0.373434 0.085690
vt 0.375496 0.085571
vt 0.381713 0.088956
vt 0.431060 0.023222
vt 0.421872 0.023018
vt 0.421872 0.011543
vt 0.271294 0.185588
vt 0.308747 0.317720
vt 0.317852 0.317494
vt 0.317852 0.326074
vt 0.431060 0.011747
vt 0.279696 0.325109
vt 0.279696 0.311229
vt 0.284470 0.317775
vt 0.308747 0.326300
vt 0.317700 0.328012
vt 0.033382 0.566711
vt 0.701769 0.429805
vt 0.711099 0.435174
vt 0.701992 0.435259
vt 0.710876 0.429720
vt 0.026681 0.569910
vt 0.026931 0.572491
vt 0.711176 0.445624
vt 0.033206 0.576456
vt 0.702068 0.445709
vt 0.027181 0.575071
vt 0.710929 0.457874
vt 0.025186 0.586951
vt 0.982933 0.644846
vt 0.960398 0.654572
vt 0.978740 0.639256
vt 0.984035 0.650560
vt 0.972852 0.635357
vt 0.965409 0.633276
vt 0.013559 0.065963
vt 0.056700 0.070855
vt 0.054906 0.077414
vt 0.973111 0.599466
vt 0.977255 0.601579
vt 0.967706 0.621501
vt 0.475886 0.363608
vt 0.478955 0.370189
vt 0.475886 0.399129
vt 0.984035 0.604924
vt 0.058771 0.064424
vt 0.061148 0.058421
vt 0.096175 0.076663
vt 0.093796 0.082260
vt 0.298607 0.215182
vt 0.269635 0.220610
vt 0.266072 0.214058
vt 0.296991 0.206955
vt 0.281688 0.206919
vt 0.265844 0.209681
vt 0.304310 0.203821
vt 0.136308 0.096640
vt 0.324914 0.204586
vt 0.311383 0.205508
vt 0.319753 0.202052
vt 0.300435 0.322930
vt 0.297527 0.328012
vt 0.297527 0.321460
vt 0.600422 0.143324
vt 0.594577 0.141429
vt 0.605001 0.139616
vt 0.594332 0.146008
vt 0.588867 0.144037
vt 0.299809 0.314551
vt 0.582709 0.151710
vt 0.581972 0.148507
vt 0.553588 0.160009
vt 0.540541 0.159445
vt 0.562029 0.154565
vt 0.132076 0.146833
vt 0.132040 0.168164
vt 0.128647 0.159642
vt 0.551867 0.166950
vt 0.557408 0.164235
vt 0.574070 0.153169
vt 0.575595 0.148178
vt 0.059507 0.126270
vt 0.055235 0.124614
vt 0.059507 0.117231
vt 0.128806 0.149704
vt 0.128664 0.142663
vt 0.566188 0.160006
vt 0.559958 0.162555
vt 0.005342 0.101649
vt 0.007826 0.093979
vt 0.009528 0.106025
vt 0.013588 0.101035
vt 0.009057 0.088238
vt 0.009080 0.081060
vt 0.509717 0.174564
vt 0.514975 0.168234
vt 0.543416 0.165733
vt 0.526859 0.161796
vt 0.566038 0.545548
vt 0.566038 0.583454
vt 0.561635 0.569966
vt 0.007734 0.074008
vt 0.006456 0.062325
vt 0.526769 0.174807
vt 0.531956 0.173469
vt 0.521431 0.176269
vt 0.544074 0.170296
vt 0.537491 0.172355
vt 0.053922 0.086930
vt 0.011342 0.076837
vt 0.056515 0.119042
vt 0.040211 0.096486
vt 0.060958 0.112299
vt 0.046966 0.123873
vt 0.011183 0.085899
vt 0.052856 0.095224
vt 0.081039 0.091122
vt 0.091853 0.088378
vt 0.136641 0.106729
vt 0.124252 0.110026
vt 0.138150 0.100340
vt 0.333569 0.202049
vt 0.331846 0.211991
vt 0.199353 0.123782
vt 0.342929 0.203334
vt 0.365094 0.201456
vt 0.376157 0.199885
vt 0.379887 0.206961
vt 0.004386 0.312508
vt 0.010043 0.333660
vt 0.002285 0.332242
vt 0.052229 0.158037
vt 0.044994 0.158660
vt 0.047461 0.185895
vt 0.038886 0.176762
vt 0.041114 0.160074
vt 0.036494 0.163422
vt 0.036844 0.155488
vt 0.035697 0.170149
vt 0.106013 0.112322
vt 0.038589 0.189615
vt 0.035415 0.184717
vt 0.040070 0.234825
vt 0.034326 0.201425
vt 0.189965 0.147485
vt 0.134446 0.132850
vt 0.080703 0.110194
vt 0.183725 0.131591
vt 0.190064 0.140430
vt 0.260132 0.158271
vt 0.198657 0.132162
vt 0.198732 0.127013
vt 0.280766 0.156976
vt 0.013533 0.272766
vt 0.006091 0.286309
vt 0.006998 0.268138
vt 0.375133 0.174171
vt 0.282926 0.151906
vt 0.375319 0.171233
vt 0.031368 0.254548
vt 0.036269 0.283871
vt 0.277433 0.169875
vt 0.276629 0.174456
vt 0.189923 0.153198
vt 0.309144 0.058699
vt 0.305384 0.066763
vt 0.270905 0.063158
vt 0.374948 0.189582
vt 0.319709 0.183754
vt 0.012731 0.166675
vt 0.007379 0.175955
vt 0.007085 0.164927
vt 0.016402 0.169259
vt 0.013417 0.124125
vt 0.423221 0.179005
vt 0.412056 0.175055
vt 0.463149 0.174608
vt 0.009913 0.134716
vt 0.007122 0.151945
vt 0.006854 0.140500
vt 0.468375 0.180922
vt 0.488357 0.172985
vt 0.007807 0.119729
vt 0.008217 0.113383
vt 0.006120 0.130250
vt 0.076923 0.447918
vt 0.072671 0.454282
vt 0.072671 0.435455
vt 0.468719 0.185882
vt 0.124690 0.056489
vt 0.140693 0.057147
vt 0.137821 0.061601
vt 0.503875 0.180493
vt 0.104079 0.056906
vt 0.113384 0.056792
vt 0.405318 0.182227
vt 0.013889 0.200182
vt 0.008882 0.199454
vt 0.435252 0.187074
vt 0.168385 0.063007
vt 0.187076 0.058312
vt 0.223647 0.065000
vt 0.171614 0.057429
vt 0.373920 0.183926
vt 0.955722 0.632531
vt 0.948856 0.634115
vt 0.943914 0.637742
vt 0.015640 0.029842
vt 0.014522 0.040876
vt -0.000000 0.034602
vt 0.960254 0.600002
vt 0.953950 0.601756
vt 0.962870 0.617793
vt 0.970228 0.596636
vt 0.280051 0.201846
vt 0.271623 0.205380
vt 0.264724 0.201591
vt 0.296208 0.192238
vt 0.265094 0.196873
vt 0.267949 0.190148
vt 0.059090 0.041846
vt 0.058060 0.050007
vt 0.096260 0.036406
vt 0.296720 0.201710
vt 0.095145 0.043798
vt 0.311706 0.200694
vt 0.327741 0.193880
vt 0.325920 0.200201
vt 0.059442 0.035241
vt 0.059289 0.028086
vt 0.601742 0.129013
vt 0.601891 0.134642
vt 0.594617 0.123627
vt 0.000797 0.071831
vt 0.001451 0.080696
vt 0.000682 0.078482
vt 0.590802 0.124963
vt 0.585677 0.119875
vt 0.587293 0.115759
vt 0.131650 0.181422
vt 0.128399 0.170104
vt 0.003421 0.040549
vt 0.001395 0.062426
vt 0.568674 0.098707
vt 0.563565 0.101236
vt 0.554337 0.089649
vt 0.045855 0.054528
vt 0.055006 0.055621
vt 0.048837 0.055437
vt 0.008007 0.065833
vt 0.010160 0.062230
vt 0.010160 0.072569
vt 0.107402 0.280058
vt 0.105846 0.284470
vt 0.104284 0.280058
vt 0.578949 0.112000
vt 0.579347 0.117074
vt 0.486108 0.058238
vt 0.528748 0.080731
vt 0.509458 0.074711
vt 0.516465 0.071238
vt 0.530375 0.074482
vt 0.003461 0.079187
vt 0.075765 0.056093
vt 0.074813 0.055720
vt 0.081020 0.056130
vt 0.538738 0.087918
vt 0.521700 0.081017
vt 0.090301 0.051742
vt 0.092741 0.056313
vt 0.086469 0.056076
vt 0.556492 0.100978
vt 0.062500 0.051279
vt 0.026338 0.120865
vt 0.032451 0.123193
vt 0.020011 0.115406
vt 0.025651 0.157680
vt 0.018477 0.169513
vt 0.079091 0.012918
vt 0.016140 0.020022
vt 0.016411 0.013186
vt 0.060013 0.018910
vt 0.138856 0.033554
vt 0.141666 0.025743
vt 0.343021 0.199240
vt 0.138441 0.038191
vt 0.175311 0.029108
vt 0.378472 0.190984
vt 0.209902 0.022282
vt 0.359260 0.199045
vt 0.368028 0.198143
vt 0.395408 0.199805
vt 0.390121 0.197497
vt 0.419149 0.195631
vt 0.435414 0.190148
vt 0.001534 0.318223
vt 0.002880 0.286995
vt 0.060958 0.580529
vt 0.060958 0.605225
vt 0.053892 0.601969
vt 0.724369 0.926519
vt 0.725689 0.957910
vt 0.719690 0.928074
vt 0.032509 0.158193
vt 0.034532 0.132022
vt 0.720747 0.919594
vt 0.725689 0.903159
vt 0.721979 0.912447
vt 0.035194 0.177635
vt 0.031170 0.188885
vt 0.032614 0.179467
vt 0.023046 0.188070
vt 0.024201 0.244585
vt 0.147179 0.004800
vt 0.137897 0.009989
vt 0.096317 0.006192
vt 0.020504 0.228860
vt 0.212241 0.017839
vt 0.140808 0.018089
vt 0.209648 0.005457
vt 0.194029 0.012562
vt 0.209292 0.028915
vt 0.299849 0.023885
vt 0.289053 0.011567
vt 0.003591 0.269887
vt 0.435281 0.194539
vt 0.301356 0.018644
vt 0.004354 0.204652
vt 0.001901 0.283859
vt 0.000817 0.296081
vt 0.398070 0.030935
vt 0.395433 0.034586
vt 0.401197 0.023299
vt 0.032510 0.233828
vt 0.299440 0.006346
vt 0.017525 0.351130
vt 0.028093 0.314577
vt 0.025661 0.354136
vt 0.015965 0.205408
vt 0.015965 0.304790
vt 0.015789 0.261213
vt 0.299543 0.001604
vt 0.398065 0.019223
vt 0.398486 0.016232
vt 0.095426 0.017837
vt 0.009877 0.000539
vt 0.013062 0.012481
vt 0.009877 0.020319
vt 0.004044 0.120194
vt 0.001358 0.149231
vt 0.003985 0.107116
vt 0.495375 0.067703
vt 0.483269 0.061265
vt 0.453382 0.050108
vt 0.140133 0.053047
vt 0.116612 0.050605
vt 0.506626 0.061265
vt 0.486589 0.052188
vt 0.004341 0.260132
vt 0.006012 0.200175
vt 0.438673 0.879854
vt 0.442671 0.948763
vt 0.438673 0.952105
vt 0.007174 0.188833
vt 0.001237 0.200902
vt 0.452412 0.042908
vt 0.423992 0.025618
vt 0.458447 0.039501
vt 0.402321 0.027186
vt 0.176856 0.053999
vt 0.160443 0.057319
vt 0.166487 0.050292
vt 0.487356 0.047364
vt 0.201812 0.057759
vt 0.227172 0.057744
vt 0.211086 0.058993
vt 0.015646 0.058007
vt 0.018038 0.051402
vt 0.223529 0.560675
vt 0.224964 0.544697
vt 0.224964 0.568941
vt 0.602314 0.138071
vt 0.128399 0.132137
vt 0.572526 0.156869
vt 0.507370 0.165457
vt 0.515124 0.177654
vt 0.070300 0.056000
vt 0.041887 0.134349
vt 0.938872 0.212118
vt 0.943396 0.208187
vt 0.943396 0.255443
vt 0.231264 0.919678
vt 0.235123 0.921765
vt 0.231264 0.950653
vt 0.033172 0.219497
vt 0.015087 0.335268
vt 0.339506 0.172090
vt 0.098741 0.056374
vt 0.096000 0.060706
vt 0.028023 0.284755
vt 0.033984 0.352526
vt 0.273103 0.058255
vt 0.017417 0.201409
vt 0.242702 0.058163
vt 0.013862 0.047416
vt 0.964936 0.599188
vt 0.604980 0.133931
vt 0.595558 0.129108
vt 0.000682 0.091437
vt 0.002581 0.000990
vt 0.004354 0.011346
vt 0.002581 0.023222
vt 0.564962 0.106570
vt 0.570606 0.110897
vt 0.020319 0.183486
vt 0.020319 0.200290
vt 0.018616 0.193712
vt 0.003563 0.092264
vt 0.001237 0.120515
vt 0.063475 0.055894
vt 0.068215 0.413643
vt 0.067825 0.408934
vt 0.068215 0.402028
vt 0.017525 0.108467
vt 0.090371 0.027444
vt 0.200987 0.051211
vt 0.225913 0.051374
vt 0.299709 0.027375
vt 0.019766 0.283274
vt 0.212197 0.000000
vt 0.307574 0.050292
vt 0.185432 0.727609
vt 0.187228 0.749348
vt 0.185432 0.761974
vt 0.500419 0.070313
vt 0.000817 0.202046
vt 0.702467 0.000342
vt 0.675721 0.121916
vt 0.642843 0.000342
vt 0.593614 0.825387
vt 0.554874 0.940493
vt 0.503039 0.825387
vt 0.847605 0.358144
vt 0.847605 0.493469
vt 0.759584 0.390725
vt 0.525399 0.336806
vt 0.525399 0.462990
vt 0.468238 0.344645
vt 0.178520 0.877194
vt 0.178520 0.968406
vt 0.122194 0.969521
vt 0.122194 0.875606
vt 0.306600 0.150738
vt 0.306457 0.154117
vt 0.305055 0.154122
vt 0.305055 0.151157
vt 0.307692 0.151782
vt 0.039171 0.369702
vt 0.040639 0.372710
vt 0.039289 0.373004
vt 0.038047 0.370576
vt 0.040639 0.369677
vt 0.038560 0.365519
vt 0.345757 0.252108
vt 0.344462 0.247668
vt 0.346880 0.251163
vt 0.307145 0.147035
vt 0.114551 0.239846
vt 0.114149 0.242248
vt 0.112783 0.244551
vt 0.113997 0.246789
vt 0.112783 0.247076
vt 0.307646 0.154307
vt 0.334508 0.321651
vt 0.332711 0.325848
vt 0.333419 0.322062
vt 0.114659 0.246030
vt 0.334023 0.319754
vt 0.335269 0.324595
vt 0.334250 0.324758
vt 0.344542 0.249631
vt 0.344462 0.252666
vt 0.345153 0.255443
vt 0.334328 0.327160
vt 0.335269 0.327385
vt 0.133935 0.001745
vt 0.134978 0.001507
vt 0.134181 0.002903
vt 0.346712 0.254877
vt 0.133479 0.000233
vt 0.134813 0.000165
vt 0.132559 0.001246
vt 0.333357 0.328012
vt 0.332256 0.326499
vt 0.114592 0.248186
vt 0.113229 0.248088
vt 0.307177 0.155298
vt 0.132559 0.002737
vt 0.246734 0.129892
vt 0.246734 0.132416
vt 0.245535 0.132128
vt 0.245363 0.127589
vt 0.038058 0.372950
vt 0.244952 0.125188
vt 0.355256 0.000595
vt 0.355861 0.002998
vt 0.354782 0.002444
vt 0.356597 0.006548
vt 0.244864 0.131369
vt 0.355070 0.005260
vt 0.064157 0.342602
vt 0.065135 0.345476
vt 0.063722 0.345330
vt 0.354041 0.005243
vt 0.063651 0.340704
vt 0.355005 0.007592
vt 0.355959 0.008708
vt 0.354041 0.008151
vt 0.138336 0.002170
vt 0.139332 0.001273
vt 0.138951 0.002903
vt 0.065312 0.348331
vt 0.063651 0.348256
vt 0.136974 0.002903
vt 0.138041 0.000244
vt 0.136996 0.001544
vt 0.136781 0.000838
vt 0.246278 0.133429
vt 0.244912 0.133527
vt 0.357039 0.007408
vt 0.123914 0.063861
vt 0.122308 0.063509
vt 0.123718 0.062640
vt 0.226726 0.128764
vt 0.226576 0.132306
vt 0.225111 0.132299
vt 0.122308 0.062047
vt 0.227818 0.132492
vt 0.227328 0.133527
vt 0.227866 0.129855
vt 0.227295 0.124895
vt 0.071004 0.119008
vt 0.070585 0.121518
vt 0.069158 0.123924
vt 0.070426 0.126262
vt 0.069158 0.126561
vt 0.239628 0.065393
vt 0.240134 0.067375
vt 0.238997 0.067804
vt 0.071118 0.125469
vt 0.238257 0.071760
vt 0.239865 0.070621
vt 0.318314 0.057789
vt 0.319583 0.060377
vt 0.318229 0.060960
vt 0.240929 0.070450
vt 0.318229 0.055738
vt 0.320755 0.059390
vt 0.225111 0.129201
vt 0.318952 0.063861
vt 0.320580 0.063270
vt 0.124819 0.062446
vt 0.239946 0.073130
vt 0.240929 0.073365
vt 0.123320 0.061038
vt 0.124716 0.061037
vt 0.238932 0.074020
vt 0.237782 0.072440
vt 0.071048 0.127721
vt 0.069624 0.127619
vt 0.263124 0.399650
vt 0.261360 0.398219
vt 0.263040 0.397030
vt 0.263320 0.393638
vt 0.264151 0.396851
vt 0.039452 0.271631
vt 0.040865 0.276477
vt 0.039540 0.273772
vt 0.039452 0.277085
vt 0.262792 0.391567
vt 0.262132 0.394086
vt 0.042090 0.275445
vt 0.254845 0.404624
vt 0.255443 0.409806
vt 0.254251 0.408667
vt 0.131957 0.041695
vt 0.131519 0.044318
vt 0.130028 0.046831
vt 0.255392 0.412562
vt 0.254095 0.412368
vt 0.131353 0.049274
vt 0.130028 0.049587
vt 0.130515 0.050691
vt 0.254881 0.413643
vt 0.132003 0.050798
vt 0.128001 0.002459
vt 0.129059 0.001405
vt 0.129474 0.003079
vt 0.128001 0.003986
vt 0.129679 0.004354
vt 0.130624 0.002876
vt 0.040206 0.280116
vt 0.041908 0.279499
vt 0.252564 0.412360
vt 0.252564 0.409123
vt 0.130517 0.001404
vt 0.264151 0.399896
vt 0.262064 0.400581
vt 0.260863 0.398930
vt 0.132075 0.048445
vt 0.041986 0.008819
vt 0.041986 0.005438
vt 0.043747 0.004961
vt 0.297705 0.417098
vt 0.296228 0.412035
vt 0.298984 0.416020
vt 0.044368 0.000738
vt 0.044993 0.006151
vt 0.043584 0.008827
vt 0.051263 0.127721
vt 0.049510 0.127337
vt 0.051048 0.126389
vt 0.049510 0.125742
vt 0.044940 0.009030
vt 0.044406 0.010160
vt 0.035597 0.383349
vt 0.036981 0.383023
vt 0.036106 0.384504
vt 0.037660 0.384615
vt 0.050614 0.124640
vt 0.002889 0.029463
vt 0.004733 0.030959
vt 0.003626 0.031930
vt 0.052138 0.124640
vt 0.052250 0.126177
vt 0.002370 0.030206
vt 0.004644 0.028220
vt 0.004938 0.024677
vt 0.003697 0.025146
vt 0.037155 0.377845
vt 0.037736 0.382157
vt 0.035597 0.380470
vt 0.004386 0.022514
vt 0.037612 0.375105
vt 0.296320 0.414272
vt 0.296228 0.417734
vt 0.005805 0.028034
vt 0.297016 0.420900
vt 0.005805 0.031215
vt 0.298794 0.420255
vt 0.365748 0.006089
vt 0.364534 0.006284
vt 0.364841 0.002582
vt 0.362701 0.007582
vt 0.364627 0.009145
vt 0.365748 0.009413
vt 0.223255 0.031614
vt 0.224847 0.031613
vt 0.224964 0.033220
vt 0.363470 0.010160
vt 0.086294 0.336508
vt 0.087004 0.338171
vt 0.085380 0.338055
vt 0.362159 0.008358
vt 0.222101 0.032765
vt 0.223709 0.033441
vt 0.223932 0.034833
vt 0.222101 0.034432
vt 0.073416 0.010160
vt 0.074135 0.006188
vt 0.075273 0.009486
vt 0.218919 0.348382
vt 0.218919 0.344849
vt 0.220760 0.344351
vt 0.220590 0.348390
vt 0.072592 0.000898
vt 0.075472 0.005062
vt 0.221409 0.339939
vt 0.222061 0.345595
vt 0.084848 0.333841
vt 0.084848 0.336849
vt 0.086476 0.331098
vt 0.222006 0.348602
vt 0.086954 0.328236
vt 0.364264 0.000321
vt 0.363544 0.003071
vt 0.087083 0.335603
vt 0.221447 0.349782
vt 0.072688 0.003236
vt 0.072592 0.006852
vt 0.484760 0.384717
vt 0.483493 0.384920
vt 0.483813 0.381053
vt 0.481578 0.386277
vt 0.483590 0.387909
vt 0.336386 0.188219
vt 0.338049 0.188218
vt 0.338171 0.189896
vt 0.484760 0.388189
vt 0.482381 0.388970
vt 0.335181 0.189422
vt 0.336860 0.190128
vt 0.084807 0.449641
vt 0.085549 0.451379
vt 0.083852 0.451257
vt 0.481011 0.387087
vt 0.083297 0.446855
vt 0.083297 0.449997
vt 0.084997 0.443989
vt 0.085631 0.448695
vt 0.027490 0.010157
vt 0.028970 0.010378
vt 0.028387 0.011611
vt 0.029028 0.007236
vt 0.337094 0.191582
vt 0.335181 0.191163
vt 0.027668 0.005936
vt 0.025745 0.010148
vt 0.028346 0.001327
vt 0.095846 0.368854
vt 0.094234 0.363328
vt 0.097242 0.367678
vt 0.025745 0.006457
vt 0.094334 0.365770
vt 0.094234 0.369549
vt 0.095094 0.373004
vt 0.097035 0.372300
vt 0.483211 0.378691
vt 0.482459 0.381564
vt 0.085496 0.440998
vt 0.048124 0.209342
vt 0.046022 0.207637
vt 0.048023 0.206220
vt 0.048357 0.202179
vt 0.049347 0.206007
vt 0.049347 0.209635
vt 0.046861 0.210450
vt 0.336306 0.254832
vt 0.338044 0.254831
vt 0.338171 0.256584
vt 0.336801 0.256826
vt 0.337046 0.258345
vt 0.042749 0.300435
vt 0.043534 0.296100
vt 0.044776 0.299700
vt 0.041850 0.296825
vt 0.041850 0.290326
vt 0.041954 0.292878
vt 0.128646 0.216178
vt 0.128646 0.212322
vt 0.130655 0.211778
vt 0.044993 0.294871
vt 0.131364 0.206963
vt 0.132075 0.213136
vt 0.047728 0.199712
vt 0.046942 0.202713
vt 0.108712 0.280882
vt 0.108191 0.284006
vt 0.106414 0.287000
vt 0.107992 0.289911
vt 0.106414 0.290284
vt 0.132015 0.216419
vt 0.130469 0.216188
vt 0.335047 0.257907
vt 0.335047 0.256088
vt 0.131406 0.217707
vt 0.106995 0.291600
vt 0.108767 0.291727
vt 0.045430 0.208483
vt 0.108853 0.288923
vt 0.460087 0.095503
vt 0.458809 0.098988
vt 0.458704 0.095725
vt 0.459053 0.091504
vt 0.456613 0.097206
vt 0.098197 0.000684
vt 0.100012 0.000683
vt 0.100145 0.002514
vt 0.460087 0.099294
vt 0.457490 0.100145
vt 0.096881 0.001996
vt 0.098714 0.002767
vt 0.068766 0.453836
vt 0.069576 0.455733
vt 0.067724 0.455600
vt 0.455995 0.098090
vt 0.068974 0.447667
vt 0.069666 0.452804
vt 0.067118 0.450795
vt 0.067118 0.454225
vt 0.017353 0.010266
vt 0.015739 0.010024
vt 0.017417 0.006836
vt 0.016717 0.011611
vt 0.098969 0.004354
vt 0.096881 0.003897
vt 0.015933 0.005417
vt 0.013834 0.010014
vt 0.013834 0.005986
vt 0.326487 0.452655
vt 0.324728 0.446623
vt 0.328012 0.451371
vt 0.016673 0.000386
vt 0.325667 0.457184
vt 0.324728 0.453412
vt 0.324837 0.449289
vt 0.327785 0.456416
vt 0.069519 0.444403
vt 0.458396 0.088926
vt 0.457575 0.092062
vt 0.172573 0.194107
vt 0.170735 0.187805
vt 0.174165 0.192765
vt 0.440442 0.018752
vt 0.441219 0.025490
vt 0.439669 0.024008
vt 0.437476 0.028811
vt 0.437476 0.024602
vt 0.439466 0.028821
vt 0.175857 0.395422
vt 0.177580 0.398599
vt 0.175857 0.399005
vt 0.441153 0.029074
vt 0.178366 0.388744
vt 0.177796 0.392154
vt 0.435098 0.335159
vt 0.435785 0.337852
vt 0.434240 0.338435
vt 0.178520 0.397520
vt 0.433236 0.343809
vt 0.435530 0.345670
vt 0.435420 0.342262
vt 0.434152 0.346880
vt 0.432589 0.344733
vt 0.436865 0.342030
vt 0.436865 0.345990
vt 0.323073 0.058575
vt 0.324969 0.058574
vt 0.325109 0.060487
vt 0.323614 0.060751
vt 0.323880 0.062409
vt 0.171716 0.198839
vt 0.173928 0.198036
vt 0.170735 0.194898
vt 0.321699 0.061931
vt 0.321699 0.059946
vt 0.440488 0.030479
vt 0.178425 0.400581
vt 0.176491 0.400442
vt 0.170849 0.190590
vt 0.046501 0.396414
vt 0.044103 0.394470
vt 0.046386 0.392854
vt 0.046767 0.388246
vt 0.047895 0.392611
vt 0.047895 0.396748
vt 0.045061 0.397678
vt 0.324434 0.186124
vt 0.326415 0.186123
vt 0.326560 0.188122
vt 0.444466 0.030479
vt 0.443440 0.026362
vt 0.445361 0.025535
vt 0.446777 0.029640
vt 0.324998 0.188398
vt 0.325276 0.190131
vt 0.322997 0.189631
vt 0.322997 0.187557
vt 0.400201 0.011330
vt 0.401963 0.011594
vt 0.401268 0.013062
vt 0.174287 0.387324
vt 0.176086 0.386899
vt 0.174949 0.388825
vt 0.176970 0.388970
vt 0.174287 0.383580
vt 0.176312 0.380165
vt 0.043429 0.395435
vt 0.177068 0.385772
vt 0.046049 0.385433
vt 0.045153 0.388855
vt 0.176908 0.376603
vt 0.443440 0.018951
vt 0.447025 0.024134
vt 0.401220 0.000811
vt 0.402032 0.007850
vt 0.400413 0.006302
vt 0.443560 0.021861
vt 0.398122 0.011320
vt 0.398122 0.006922
vt 0.177298 0.047895
vt 0.178233 0.042730
vt 0.179712 0.047019
vt 0.302156 0.326191
vt 0.302156 0.321597
vt 0.304549 0.320949
vt 0.176226 0.043594
vt 0.176351 0.038892
vt 0.176226 0.035852
vt 0.179971 0.041266
vt 0.305393 0.315212
vt 0.306241 0.322566
vt 0.221583 0.351503
vt 0.222333 0.354442
vt 0.220647 0.355079
vt 0.046276 0.326703
vt 0.045655 0.330425
vt 0.043539 0.333992
vt 0.045418 0.337460
vt 0.043539 0.337903
vt 0.304328 0.326202
vt 0.306169 0.326477
vt 0.305443 0.328012
vt 0.044230 0.339471
vt 0.046341 0.339623
vt 0.321387 0.085845
vt 0.323477 0.086724
vt 0.321387 0.088012
vt 0.322887 0.084349
vt 0.324957 0.084347
vt 0.325109 0.086436
vt 0.219551 0.360945
vt 0.222055 0.362976
vt 0.220551 0.364296
vt 0.218846 0.361953
vt 0.046444 0.336282
vt 0.221935 0.359256
vt 0.223512 0.359002
vt 0.223512 0.363325
vt 0.323768 0.088534
vt 0.319354 0.036284
vt 0.316866 0.035739
vt 0.319050 0.034394
vt 0.096926 0.354014
vt 0.096695 0.359503
vt 0.094426 0.359491
vt 0.098619 0.359791
vt 0.098694 0.355704
vt 0.097860 0.361393
vt 0.316866 0.033475
vt 0.100525 0.330106
vt 0.101489 0.332366
vt 0.099283 0.332208
vt 0.098561 0.330569
vt 0.318434 0.031912
vt 0.251304 0.354989
vt 0.253920 0.357112
vt 0.252349 0.358491
vt 0.320596 0.031911
vt 0.320755 0.034093
vt 0.250567 0.356043
vt 0.253795 0.353225
vt 0.254211 0.348196
vt 0.100772 0.322756
vt 0.101597 0.328876
vt 0.252450 0.348861
vt 0.253428 0.345125
vt 0.101421 0.318868
vt 0.098561 0.326483
vt 0.097808 0.348021
vt 0.199281 0.366228
vt 0.201377 0.373414
vt 0.199411 0.369403
vt 0.203193 0.371884
vt 0.094426 0.354691
vt 0.200400 0.378810
vt 0.199281 0.374316
vt 0.202923 0.377895
vt 0.255443 0.352960
vt 0.255443 0.357476
vt 0.251073 0.079826
vt 0.252094 0.074188
vt 0.253709 0.078870
vt 0.274206 0.323121
vt 0.274206 0.318107
vt 0.276818 0.317400
vt 0.249904 0.075131
vt 0.249904 0.066680
vt 0.250040 0.069998
vt 0.253991 0.072590
vt 0.277739 0.311138
vt 0.278665 0.319165
vt 0.324455 0.235674
vt 0.325273 0.238882
vt 0.323433 0.239577
vt 0.040455 0.305201
vt 0.039777 0.309264
vt 0.037467 0.313157
vt 0.039519 0.316942
vt 0.037467 0.317426
vt 0.278586 0.323434
vt 0.276576 0.323134
vt 0.038221 0.319138
vt 0.277794 0.325109
vt 0.309435 0.217674
vt 0.311073 0.216041
vt 0.311716 0.218634
vt 0.309435 0.220040
vt 0.040526 0.319303
vt 0.322236 0.245979
vt 0.324970 0.248197
vt 0.323328 0.249637
vt 0.313332 0.216040
vt 0.313498 0.218320
vt 0.321466 0.247080
vt 0.040639 0.315657
vt 0.324838 0.244136
vt 0.326560 0.243859
vt 0.326560 0.248577
vt 0.312034 0.220610
vt 0.306163 0.105951
vt 0.303448 0.105356
vt 0.305831 0.103887
vt 0.303448 0.102884
vt 0.285840 0.292880
vt 0.283740 0.292566
vt 0.285922 0.288420
vt 0.283992 0.286576
vt 0.285012 0.294630
vt 0.281263 0.292553
vt 0.106232 0.274747
vt 0.107285 0.277213
vt 0.104877 0.277041
vt 0.104089 0.275252
vt 0.305159 0.101178
vt 0.307692 0.103558
vt 0.291564 0.094872
vt 0.294419 0.097189
vt 0.292704 0.098694
vt 0.307519 0.101176
vt 0.290760 0.096022
vt 0.294282 0.092947
vt 0.294737 0.087458
vt 0.292814 0.088183
vt 0.106502 0.266725
vt 0.107402 0.273404
vt 0.293882 0.084106
vt 0.107211 0.262480
vt 0.104089 0.270792
vt 0.266523 0.327927
vt 0.264235 0.320084
vt 0.268505 0.326258
vt 0.284954 0.280034
vt 0.264377 0.323550
vt 0.264235 0.328912
vt 0.281263 0.287315
vt 0.265456 0.333817
vt 0.268210 0.332818
vt 0.296081 0.092657
vt 0.296081 0.097587
vt 0.153561 0.210329
vt 0.150578 0.207909
vt 0.153418 0.205897
vt 0.153893 0.200162
vt 0.155298 0.205595
vt 0.301928 0.267938
vt 0.304170 0.272511
vt 0.301780 0.273540
vt 0.303056 0.278665
vt 0.155298 0.210744
vt 0.104006 0.125565
vt 0.105951 0.125222
vt 0.104353 0.127721
vt 0.305933 0.277621
vt 0.103304 0.122735
vt 0.105769 0.122734
vt 0.101516 0.124518
vt 0.151770 0.211901
vt 0.149738 0.209110
vt 0.052479 0.181748
vt 0.053578 0.184325
vt 0.051063 0.184145
vt 0.050239 0.182276
vt 0.141407 0.214099
vt 0.143601 0.214428
vt 0.142736 0.216255
vt 0.101516 0.127100
vt 0.143687 0.209768
vt 0.050239 0.177617
vt 0.052760 0.173367
vt 0.053501 0.168933
vt 0.142676 0.201006
vt 0.141671 0.207841
vt 0.301780 0.264317
vt 0.306241 0.270767
vt 0.138820 0.214086
vt 0.138820 0.208613
vt 0.152999 0.196660
vt 0.151884 0.200920
vt 0.053701 0.180346
vt 0.167997 0.203002
vt 0.164881 0.200473
vt 0.167848 0.198371
vt 0.168344 0.192380
vt 0.169811 0.198056
vt 0.169811 0.203436
vt 0.166126 0.204644
vt 0.061095 0.103644
vt 0.063671 0.103642
vt 0.063861 0.106242
vt 0.061829 0.106601
vt 0.062192 0.108853
vt 0.257921 0.140784
vt 0.259085 0.134355
vt 0.260926 0.139693
vt 0.256588 0.135430
vt 0.169081 0.161740
vt 0.169081 0.156022
vt 0.172060 0.155215
vt 0.256588 0.125794
vt 0.261248 0.132533
vt 0.256743 0.129577
vt 0.173110 0.148074
vt 0.174165 0.157228
vt 0.011402 0.041974
vt 0.010628 0.046607
vt 0.007995 0.051047
vt 0.167411 0.188722
vt 0.166246 0.193172
vt 0.011611 0.053898
vt 0.010334 0.055363
vt 0.011483 0.058055
vt 0.008855 0.057866
vt 0.164003 0.201728
vt 0.007995 0.055915
vt 0.174076 0.162096
vt 0.171784 0.161753
vt 0.173173 0.164006
vt 0.059228 0.105507
vt 0.059228 0.108204
vt 0.222554 0.045528
vt 0.222554 0.039554
vt 0.225667 0.038711
vt 0.147232 0.205185
vt 0.144623 0.196241
vt 0.149492 0.203281
vt 0.225378 0.045542
vt 0.227866 0.040815
vt 0.226764 0.031251
vt 0.227773 0.045901
vt 0.226829 0.047895
vt 0.091144 0.063861
vt 0.088048 0.063182
vt 0.090766 0.061507
vt 0.088048 0.060364
vt 0.098811 0.316490
vt 0.100011 0.319303
vt 0.097266 0.319106
vt 0.096367 0.317067
vt 0.089999 0.058418
vt 0.092690 0.058417
vt 0.092888 0.061132
vt 0.256097 0.078371
vt 0.259353 0.081012
vt 0.257397 0.082729
vt 0.255180 0.079682
vt 0.259715 0.069915
vt 0.257523 0.070743
vt 0.259197 0.076175
vt 0.099118 0.307343
vt 0.100145 0.314960
vt 0.261248 0.075845
vt 0.144785 0.200193
vt 0.144623 0.206308
vt 0.146016 0.211901
vt 0.261248 0.081466
vt 0.096367 0.311981
vt 0.258740 0.066093
vt 0.099927 0.302503
vt 0.149156 0.210762
vt 0.308470 0.190416
vt 0.308538 0.187979
vt 0.310134 0.189325
vt 0.308237 0.185037
vt 0.307462 0.187962
vt 0.308732 0.183106
vt 0.309364 0.185616
vt 0.054869 0.097983
vt 0.055397 0.099965
vt 0.054942 0.102816
vt 0.056418 0.102968
vt 0.097242 0.321661
vt 0.095709 0.321687
vt 0.095071 0.317317
vt 0.094535 0.322601
vt 0.228907 0.039183
vt 0.230769 0.044098
vt 0.229336 0.041692
vt 0.229516 0.046434
vt 0.230769 0.046735
vt 0.094547 0.325081
vt 0.095824 0.325109
vt 0.074020 0.108942
vt 0.072783 0.107864
vt 0.073521 0.107639
vt 0.230292 0.047794
vt 0.072129 0.109264
vt 0.228865 0.047895
vt 0.071364 0.107841
vt 0.071364 0.109906
vt 0.309466 0.191582
vt 0.307462 0.191000
vt 0.310595 0.190223
vt 0.073066 0.110305
vt 0.056604 0.105951
vt 0.054869 0.105872
vt 0.097242 0.324830
vt 0.228815 0.045641
vt 0.417627 0.110877
vt 0.418751 0.110895
vt 0.418680 0.113440
vt 0.418436 0.107821
vt 0.420418 0.112301
vt 0.419721 0.114659
vt 0.417627 0.114051
vt 0.043668 0.096826
vt 0.043668 0.094668
vt 0.044469 0.096155
vt 0.045152 0.094693
vt 0.094482 0.126194
vt 0.095292 0.127615
vt 0.093801 0.127721
vt 0.420900 0.113239
vt 0.046444 0.095818
vt 0.045922 0.094457
vt 0.095791 0.126509
vt 0.095791 0.123753
vt 0.338258 0.327982
vt 0.338245 0.325391
vt 0.339593 0.328012
vt 0.338806 0.319871
vt 0.339472 0.324437
vt 0.093845 0.118619
vt 0.094294 0.121240
vt 0.418954 0.105803
vt 0.419613 0.108426
vt 0.093750 0.125366
vt 0.341074 0.324410
vt 0.341074 0.327721
vt 0.053701 0.307692
vt 0.051888 0.307611
vt 0.051965 0.304417
vt 0.045447 0.097242
vt 0.053507 0.304576
vt 0.052440 0.301439
vt 0.051888 0.299368
vt 0.288824 0.045584
vt 0.287151 0.045612
vt 0.286454 0.040842
vt 0.285869 0.046609
vt 0.288824 0.049043
vt 0.287277 0.049347
vt 0.252540 0.393532
vt 0.252540 0.396411
vt 0.251172 0.396082
vt 0.285882 0.049316
vt 0.250976 0.390907
vt 0.250507 0.388168
vt 0.069886 0.010160
vt 0.070614 0.007696
vt 0.071118 0.008676
vt 0.250407 0.395217
vt 0.252019 0.397567
vt 0.250461 0.397678
vt 0.037736 0.095755
vt 0.036386 0.094579
vt 0.037191 0.094333
vt 0.035672 0.096106
vt 0.034836 0.094553
vt 0.034836 0.096807
vt 0.036694 0.097242
vt 0.239478 0.136430
vt 0.237584 0.136344
vt 0.237664 0.133008
vt 0.068798 0.008887
vt 0.067698 0.009524
vt 0.067698 0.006208
vt 0.239275 0.133174
vt 0.068872 0.006227
vt 0.068543 0.003016
vt 0.069773 0.003648
vt 0.238160 0.129896
vt 0.069084 0.000908
vt 0.237584 0.127733
vt 0.389449 0.108975
vt 0.389526 0.106197
vt 0.391346 0.107731
vt 0.389183 0.102841
vt 0.388300 0.106176
vt 0.155298 0.047896
vt 0.153403 0.044321
vt 0.155086 0.044494
vt 0.153921 0.041070
vt 0.388300 0.109641
vt 0.086378 0.048160
vt 0.087446 0.049347
vt 0.085505 0.048892
vt 0.153319 0.047806
vt 0.085505 0.046537
vt 0.390585 0.110305
vt 0.391872 0.108755
vt 0.314972 0.062194
vt 0.315856 0.063744
vt 0.314229 0.063861
vt 0.087123 0.046564
vt 0.088534 0.047793
vt 0.087965 0.046307
vt 0.316401 0.062537
vt 0.427986 0.098662
vt 0.427972 0.095834
vt 0.429443 0.098694
vt 0.316401 0.059530
vt 0.429311 0.094792
vt 0.428583 0.089808
vt 0.314277 0.053926
vt 0.314766 0.056787
vt 0.389748 0.100639
vt 0.390468 0.103501
vt 0.314172 0.061289
vt 0.153319 0.038809
vt 0.431060 0.094762
vt 0.431060 0.098376
vt 0.050798 0.006052
vt 0.048972 0.006083
vt 0.048211 0.000876
vt 0.047573 0.007172
vt 0.050798 0.009828
vt 0.049109 0.010160
vt 0.458636 0.033211
vt 0.458636 0.036353
vt 0.457143 0.035994
vt 0.456928 0.030345
vt 0.047587 0.010127
vt 0.456417 0.027356
vt 0.328695 0.317913
vt 0.329447 0.320904
vt 0.328105 0.320214
vt 0.330365 0.325323
vt 0.456308 0.035049
vt 0.328383 0.326622
vt 0.328463 0.323719
vt 0.329570 0.328012
vt 0.330914 0.326393
vt 0.327182 0.327318
vt 0.111494 0.003879
vt 0.111494 0.001419
vt 0.112406 0.003114
vt 0.113185 0.001447
vt 0.458067 0.037614
vt 0.456367 0.037736
vt 0.114659 0.002730
vt 0.114064 0.001178
vt 0.113522 0.004354
vt 0.034833 0.010160
vt 0.032854 0.006425
vt 0.034612 0.006606
vt 0.032766 0.010066
vt 0.327182 0.323698
vt 0.033395 0.003029
vt 0.032766 0.000667
vt 0.293436 0.471698
vt 0.293521 0.468665
vt 0.295507 0.470340
vt 0.293146 0.465003
vt 0.292182 0.468643
vt 0.329412 0.140590
vt 0.330684 0.144328
vt 0.328847 0.144139
vt 0.330914 0.148041
vt 0.292182 0.472425
vt 0.341623 0.003059
vt 0.342789 0.004354
vt 0.340670 0.003858
vt 0.328755 0.147943
vt 0.340670 0.001288
vt 0.294676 0.473149
vt 0.342437 0.001317
vt 0.256786 0.291359
vt 0.257751 0.293052
vt 0.255975 0.293179
vt 0.296081 0.471458
vt 0.258345 0.291734
vt 0.343977 0.002658
vt 0.343355 0.001036
vt 0.369649 0.010125
vt 0.369635 0.007038
vt 0.371239 0.010160
vt 0.371096 0.005901
vt 0.373004 0.009813
vt 0.373004 0.005868
vt 0.370302 0.000461
vt 0.293763 0.462599
vt 0.294549 0.465724
vt 0.256027 0.282335
vt 0.258345 0.288451
vt 0.256562 0.285457
vt 0.328755 0.138123
vt 0.255913 0.290372
vt 0.010440 0.024320
vt 0.011447 0.020517
vt 0.011839 0.024343
vt 0.013914 0.026093
vt 0.011750 0.027511
vt 0.063743 0.458109
vt 0.065071 0.462014
vt 0.063152 0.461816
vt 0.065312 0.465893
vt 0.010440 0.028271
vt 0.013506 0.338269
vt 0.014724 0.339623
vt 0.012510 0.339104
vt 0.063056 0.465791
vt 0.013046 0.029028
vt 0.012510 0.336419
vt 0.015965 0.337850
vt 0.014357 0.336449
vt 0.441041 0.355139
vt 0.442050 0.356907
vt 0.440194 0.357039
vt 0.442671 0.355530
vt 0.015316 0.336156
vt 0.320152 0.327975
vt 0.320137 0.324750
vt 0.321814 0.328012
vt 0.442671 0.352100
vt 0.321664 0.323562
vt 0.320834 0.317879
vt 0.440249 0.345710
vt 0.440807 0.348973
vt 0.012092 0.018005
vt 0.012913 0.021270
vt 0.440130 0.354107
vt 0.063056 0.455532
vt 0.323658 0.323528
vt 0.323658 0.327649
vt 0.014514 0.027261
vt 0.433978 0.098561
vt 0.434070 0.095251
vt 0.436238 0.097079
vt 0.433661 0.091254
vt 0.432609 0.095227
vt 0.246734 0.076923
vt 0.244477 0.072664
vt 0.246483 0.072871
vt 0.245095 0.068791
vt 0.432609 0.099354
vt 0.040973 0.052287
vt 0.042245 0.053701
vt 0.039932 0.053159
vt 0.244377 0.076817
vt 0.039932 0.050354
vt 0.435332 0.100145
vt 0.041861 0.050386
vt 0.377108 0.231686
vt 0.378161 0.233534
vt 0.376223 0.233672
vt 0.436865 0.098299
vt 0.043541 0.051849
vt 0.042863 0.050079
vt 0.378810 0.232096
vt 0.462230 0.100107
vt 0.462214 0.096738
vt 0.463966 0.100145
vt 0.378810 0.228512
vt 0.463810 0.095497
vt 0.462943 0.089559
vt 0.376863 0.225245
vt 0.376280 0.221836
vt 0.244377 0.066099
vt 0.465893 0.095461
vt 0.434334 0.088630
vt 0.435192 0.092040
vt 0.376155 0.230609
vt 0.465893 0.099767
vt 0.332462 0.190131
vt 0.331133 0.188653
vt 0.333817 0.188196
vt 0.063136 0.006754
vt 0.065312 0.011216
vt 0.063300 0.011611
vt 0.332061 0.186667
vt 0.061486 0.011571
vt 0.061469 0.008051
vt 0.333108 0.186347
vt 0.278338 0.389798
vt 0.279439 0.391728
vt 0.277413 0.391872
vt 0.280116 0.390225
vt 0.330046 0.186634
vt 0.330046 0.189564
vt 0.160953 0.207547
vt 0.158108 0.206721
vt 0.159538 0.205892
vt 0.161899 0.204344
vt 0.162554 0.205619
vt 0.158108 0.202409
vt 0.159635 0.202434
vt 0.159207 0.198258
vt 0.160807 0.199079
vt 0.159911 0.195517
vt 0.450368 0.023524
vt 0.451117 0.026338
vt 0.450472 0.030384
vt 0.452567 0.030599
vt 0.065312 0.006717
vt 0.062230 0.000551
vt 0.277473 0.379507
vt 0.280116 0.386482
vt 0.278082 0.383068
vt 0.452830 0.034833
vt 0.450368 0.034722
vt 0.277343 0.388672
vt 0.179723 0.384337
vt 0.179823 0.380725
vt 0.182189 0.382720
vt 0.179377 0.376362
vt 0.178229 0.380698
vt 0.178229 0.385204
vt 0.181200 0.386067
vt 0.325524 0.159060
vt 0.325524 0.155998
vt 0.326659 0.158108
vt 0.327629 0.156033
vt 0.182874 0.384052
vt 0.246328 0.338907
vt 0.247478 0.340923
vt 0.245362 0.341074
vt 0.329463 0.157631
vt 0.328722 0.155699
vt 0.248186 0.339353
vt 0.248186 0.335442
vt 0.374813 0.011570
vt 0.374795 0.007892
vt 0.376707 0.011611
vt 0.375590 0.000057
vt 0.376537 0.006537
vt 0.245424 0.328155
vt 0.246061 0.331876
vt 0.245288 0.337731
vt 0.181048 0.377220
vt 0.180112 0.373498
vt 0.378810 0.011198
vt 0.378810 0.006499
vt 0.304790 0.420900
vt 0.302217 0.420784
vt 0.302326 0.416252
vt 0.328048 0.159652
vt 0.302217 0.409085
vt 0.303000 0.412024
vt 0.304515 0.416477
vt 0.170873 0.047540
vt 0.170978 0.043766
vt 0.173451 0.045850
vt 0.170512 0.039208
vt 0.169312 0.043738
vt 0.169312 0.048445
vt 0.172417 0.049347
vt 0.318090 0.270790
vt 0.318090 0.267591
vt 0.319277 0.269795
vt 0.320290 0.267627
vt 0.174165 0.047242
vt 0.308654 0.276400
vt 0.309856 0.278507
vt 0.307645 0.278665
vt 0.310595 0.276867
vt 0.322206 0.269296
vt 0.321432 0.267278
vt 0.320727 0.271408
vt 0.158728 0.044046
vt 0.161103 0.048915
vt 0.158906 0.049347
vt 0.156909 0.045461
vt 0.156927 0.049304
vt 0.157739 0.037276
vt 0.307710 0.265168
vt 0.310595 0.272781
vt 0.308375 0.269055
vt 0.171280 0.036216
vt 0.172258 0.040104
vt 0.307568 0.275172
vt 0.161103 0.044006
vt 0.245498 0.365015
vt 0.246316 0.368086
vt 0.245612 0.372502
vt 0.247899 0.372737
vt 0.248186 0.377358
vt 0.245498 0.377237
vt 0.278665 0.368876
vt 0.276184 0.368918
vt 0.275150 0.361844
vt 0.274283 0.370396
vt 0.278665 0.374005
vt 0.276370 0.374456
vt 0.274302 0.374411
vt 0.298891 0.103048
vt 0.297375 0.101363
vt 0.300435 0.100842
vt 0.298433 0.099098
vt 0.299627 0.098733
vt 0.271408 0.321779
vt 0.270635 0.323493
vt 0.269380 0.321292
vt 0.296136 0.099060
vt 0.268326 0.323658
vt 0.269089 0.313617
vt 0.271408 0.317511
vt 0.268245 0.320008
vt 0.340699 0.253991
vt 0.341778 0.250338
vt 0.342525 0.251792
vt 0.338708 0.243399
vt 0.340533 0.244335
vt 0.339196 0.248160
vt 0.339086 0.252104
vt 0.337455 0.248132
vt 0.328961 0.126742
vt 0.330614 0.131602
vt 0.328226 0.131356
vt 0.330914 0.136430
vt 0.337455 0.253049
vt 0.296136 0.102402
vt 0.328106 0.136303
vt 0.328106 0.123534
vt 0.339511 0.240273
vt 0.268394 0.309557
vt 0.274819 0.294314
vt 0.276637 0.294343
vt 0.276523 0.298463
vt 0.276128 0.289369
vt 0.279336 0.296619
vt 0.278208 0.300435
vt 0.274819 0.299451
vt 0.317212 0.084408
vt 0.316106 0.086774
vt 0.314811 0.084368
vt 0.288157 0.290707
vt 0.289469 0.293006
vt 0.287056 0.293179
vt 0.314811 0.087860
vt 0.280116 0.298138
vt 0.287853 0.282689
vt 0.286972 0.289366
vt 0.290276 0.286757
vt 0.290276 0.291216
vt 0.082525 0.126223
vt 0.082505 0.122029
vt 0.084685 0.126270
vt 0.319303 0.086229
vt 0.318459 0.084027
vt 0.317689 0.088534
vt 0.084491 0.120484
vt 0.087083 0.125799
vt 0.060958 0.416546
vt 0.058024 0.416413
vt 0.058149 0.411245
vt 0.087083 0.120440
vt 0.058024 0.403073
vt 0.058917 0.406425
vt 0.060645 0.411502
vt 0.083411 0.113094
vt 0.276966 0.286103
vt 0.278034 0.290347
vt 0.287127 0.278447
vt 0.322206 0.239478
vt 0.319141 0.239339
vt 0.319271 0.233940
vt 0.291727 0.326068
vt 0.289019 0.320516
vt 0.291727 0.320469
vt 0.321879 0.234208
vt 0.320074 0.228904
vt 0.319141 0.225402
vt 0.287891 0.312795
vt 0.286944 0.322129
vt 0.017029 0.135552
vt 0.020319 0.144234
vt 0.017788 0.139985
vt 0.250701 0.125810
vt 0.251816 0.130244
vt 0.249825 0.129222
vt 0.018106 0.148361
vt 0.016867 0.146960
vt 0.253176 0.136796
vt 0.250237 0.138723
vt 0.250357 0.134419
vt 0.251998 0.140784
vt 0.253991 0.138383
vt 0.248457 0.139755
vt 0.284131 0.150239
vt 0.284131 0.146591
vt 0.285484 0.149105
vt 0.286639 0.146632
vt 0.019476 0.150763
vt 0.016955 0.150943
vt 0.288824 0.148536
vt 0.287942 0.146234
vt 0.020319 0.148893
vt 0.286965 0.326511
vt 0.289222 0.326560
vt 0.287138 0.150943
vt 0.248457 0.134388
vt 0.298984 0.278107
vt 0.296154 0.278155
vt 0.294977 0.270089
vt 0.293987 0.279841
vt 0.298984 0.283956
vt 0.296367 0.284470
vt 0.018868 0.116358
vt 0.018868 0.121226
vt 0.016555 0.120670
vt 0.016223 0.111918
vt 0.015431 0.107288
vt 0.294009 0.284419
vt 0.037201 0.133848
vt 0.038366 0.138481
vt 0.036286 0.137413
vt 0.039787 0.145326
vt 0.015262 0.119206
vt 0.036716 0.147340
vt 0.036842 0.142843
vt 0.038556 0.149492
vt 0.040639 0.146984
vt 0.034857 0.148418
vt 0.147209 0.046294
vt 0.146002 0.048877
vt 0.144589 0.046251
vt 0.144589 0.050062
vt 0.017987 0.123179
vt 0.015353 0.123367
vt 0.294630 0.082729
vt 0.291564 0.076943
vt 0.294288 0.077223
vt 0.291428 0.082584
vt 0.147730 0.050798
vt 0.034857 0.142810
vt 0.292403 0.071682
vt 0.149492 0.048283
vt 0.148570 0.045878
vt 0.291428 0.068023
vt 0.124376 0.134129
vt 0.125394 0.137951
vt 0.124518 0.143448
vt 0.127364 0.143740
vt 0.220610 0.176531
vt 0.217654 0.170471
vt 0.220610 0.170420
vt 0.216423 0.162044
vt 0.127721 0.149492
vt 0.124376 0.149341
vt 0.215389 0.172232
vt 0.018179 0.089607
vt 0.019397 0.094447
vt 0.017223 0.093331
vt 0.279428 0.031097
vt 0.283019 0.040572
vt 0.280256 0.035934
vt 0.283019 0.045658
vt 0.280603 0.045077
vt 0.217876 0.177068
vt 0.215412 0.177015
vt 0.111367 0.049347
vt 0.109562 0.047340
vt 0.113208 0.046719
vt 0.110822 0.044641
vt 0.112244 0.044207
vt 0.108085 0.044596
vt 0.282099 0.047699
vt 0.279347 0.047895
vt 0.108085 0.048578
vt 0.019595 0.105951
vt 0.015730 0.104828
vt 0.017673 0.103702
vt 0.020881 0.101599
vt 0.021771 0.103331
vt 0.017804 0.099004
vt 0.279251 0.043548
vt 0.015730 0.098970
vt 0.666847 0.599124
vt 0.667634 0.618287
vt 0.666108 0.599057
vt 0.916099 0.471698
vt 0.914793 0.442442
vt 0.925980 0.446065
vt 0.711176 0.027576
vt 0.710053 0.001344
vt 0.711176 0.001300
vt 0.419128 0.864565
vt 0.431059 0.860620
vt 0.430528 0.889695
vt 0.667634 0.574685
vt 0.022196 0.133401
vt 0.022196 0.121302
vt 0.023222 0.121490
vt 0.022879 0.133527
vt 0.419128 0.839466
vt 0.042090 0.250125
vt 0.041105 0.271408
vt 0.041105 0.249814
vt 0.925980 0.420565
vt 0.018860 0.136227
vt 0.020319 0.120018
vt 0.020319 0.136430
vt 0.942376 0.483309
vt 0.942376 0.458516
vt 0.947894 0.460022
vt 0.949202 0.460100
vt 0.014317 0.853797
vt 0.021771 0.851727
vt 0.021771 0.876633
vt 0.053874 0.317044
vt 0.055152 0.337722
vt 0.053874 0.338171
vt 0.015551 0.131439
vt 0.016080 0.130296
vt 0.014353 0.830982
vt 0.948785 0.436986
vt 0.310903 0.891831
vt 0.311647 0.891870
vt 0.312046 0.912917
vt 0.274600 0.413643
vt 0.263504 0.390165
vt 0.275762 0.386109
vt 0.654572 0.747460
vt 0.653448 0.720905
vt 0.654572 0.720868
vt 0.941945 0.313117
vt 0.930162 0.336720
vt 0.929334 0.309711
vt 0.312046 0.866804
vt 0.001451 0.049218
vt 0.000775 0.049347
vt 0.000434 0.037289
vt 0.001451 0.037095
vt 0.941945 0.290019
vt 0.192034 0.155883
vt 0.193033 0.155583
vt 0.193033 0.177068
vt 0.263504 0.365979
vt 0.167816 0.172540
vt 0.166354 0.172714
vt 0.166354 0.156163
vt 0.031930 0.703919
vt 0.025886 0.682281
vt 0.031930 0.680759
vt 0.000246 0.023222
vt 0.000246 0.000739
vt 0.001451 0.001216
vt 0.631350 0.021976
vt 0.623768 0.043541
vt 0.623470 0.020318
vt 0.018868 0.227692
vt 0.018868 0.249637
vt 0.017792 0.249156
vt 0.170770 0.166691
vt 0.171263 0.167839
vt 0.631350 0.000971
vt 0.024785 0.682077
vt 0.025230 0.660488
vt 0.951098 0.349300
vt 0.913965 0.441219
vt 0.952104 0.338100
vt 0.959382 0.739683
vt 0.922509 0.831640
vt 0.885787 0.739683
vt 0.875843 0.338100
vt 0.062409 0.315546
vt 0.062409 0.417997
vt 0.059268 0.326452
vt 0.885037 0.728581
vt 0.960813 0.728581
vt 0.955007 0.662002
vt 0.875999 0.734398
vt 0.875999 0.621821
vt 0.693759 0.303786
vt 0.666364 0.416546
vt 0.666364 0.297115
vt 0.923215 0.629262
vt 0.206096 0.877356
vt 0.198669 0.921798
vt 0.180389 0.877197
vt 0.180389 0.966459
vt 0.313357 0.797210
vt 0.396226 0.830234
vt 0.313357 0.914369
vt 0.206096 0.966618
vt 0.775379 0.043757
vt 0.804064 0.047186
vt 0.775379 0.155298
vt 0.196346 0.184728
vt 0.198077 0.186163
vt 0.196663 0.186688
vt 0.093294 0.065312
vt 0.092865 0.063297
vt 0.094340 0.062098
vt 0.265989 0.279786
vt 0.267041 0.279583
vt 0.266588 0.282622
vt 0.266874 0.277188
vt 0.265487 0.276909
vt 0.264394 0.185115
vt 0.265768 0.186207
vt 0.264394 0.186497
vt 0.267054 0.276130
vt 0.265396 0.188960
vt 0.197664 0.184069
vt 0.264403 0.188672
vt 0.166293 0.177598
vt 0.167301 0.175710
vt 0.168360 0.176712
vt 0.167467 0.178497
vt 0.066763 0.107402
vt 0.065104 0.104589
vt 0.066763 0.105141
vt 0.065592 0.107199
vt 0.165756 0.176759
vt 0.165411 0.179971
vt 0.045521 0.053701
vt 0.045521 0.051806
vt 0.046444 0.052169
vt 0.236575 0.336720
vt 0.235454 0.331838
vt 0.236414 0.334249
vt 0.236575 0.329616
vt 0.234494 0.333009
vt 0.235283 0.329357
vt 0.234023 0.329672
vt 0.235217 0.328483
vt 0.165411 0.175657
vt 0.166264 0.175026
vt 0.156749 0.180079
vt 0.155663 0.181422
vt 0.155431 0.179459
vt 0.156639 0.178801
vt 0.265951 0.185219
vt 0.154347 0.180537
vt 0.154542 0.178801
vt 0.267054 0.186280
vt 0.266676 0.189279
vt 0.082708 0.343722
vt 0.084180 0.347114
vt 0.082234 0.346600
vt 0.084180 0.343947
vt 0.264792 0.193033
vt 0.265087 0.191408
vt 0.082994 0.351234
vt 0.110118 0.125091
vt 0.109201 0.125794
vt 0.108025 0.125091
vt 0.107900 0.126397
vt 0.198839 0.185512
vt 0.198839 0.183705
vt 0.087083 0.058693
vt 0.085776 0.058412
vt 0.086009 0.057362
vt 0.109000 0.127721
vt 0.084592 0.058486
vt 0.085515 0.060907
vt 0.084592 0.065312
vt 0.086522 0.062000
vt 0.084722 0.062983
vt 0.000455 0.052250
vt 0.000455 0.050468
vt 0.001451 0.050631
vt 0.198181 0.188679
vt 0.094340 0.064629
vt 0.384361 0.104165
vt 0.384615 0.108853
vt 0.382575 0.105083
vt 0.383297 0.101452
vt 0.381918 0.101983
vt 0.384615 0.101238
vt 0.110305 0.126845
vt 0.267054 0.284470
vt 0.264858 0.280356
vt 0.119442 0.043815
vt 0.121125 0.045287
vt 0.119660 0.045832
vt 0.048263 0.258345
vt 0.047818 0.256254
vt 0.049347 0.255010
vt 0.048242 0.241876
vt 0.049334 0.241666
vt 0.048864 0.244818
vt 0.049169 0.239190
vt 0.047733 0.238904
vt 0.049347 0.238085
vt 0.120698 0.043117
vt 0.138945 0.138123
vt 0.138123 0.138775
vt 0.136861 0.138123
vt 0.136815 0.139483
vt 0.121916 0.044613
vt 0.121916 0.042739
vt 0.303338 0.070058
vt 0.301983 0.069767
vt 0.302225 0.068677
vt 0.138038 0.140784
vt 0.300755 0.069843
vt 0.301712 0.072354
vt 0.300755 0.076923
vt 0.302757 0.073488
vt 0.300890 0.074507
vt 0.032348 0.052250
vt 0.032348 0.050402
vt 0.033382 0.050572
vt 0.121234 0.047896
vt 0.049347 0.257637
vt 0.020149 0.356527
vt 0.020319 0.361393
vt 0.018278 0.357444
vt 0.019100 0.353692
vt 0.017660 0.354217
vt 0.020319 0.353537
vt 0.139332 0.139794
vt 0.049347 0.246734
vt 0.047070 0.242468
vt 0.093225 0.001575
vt 0.094971 0.003103
vt 0.093451 0.003666
vt 0.059833 0.307692
vt 0.059372 0.305522
vt 0.060958 0.304231
vt 0.220915 0.402799
vt 0.222047 0.402581
vt 0.221560 0.405850
vt 0.221876 0.400013
vt 0.220388 0.399716
vt 0.222061 0.398867
vt 0.094527 0.000852
vt 0.128772 0.062553
vt 0.127918 0.063229
vt 0.126610 0.062553
vt 0.126561 0.063962
vt 0.095791 0.002403
vt 0.095791 0.000460
vt 0.140784 0.198976
vt 0.139379 0.198674
vt 0.139629 0.197544
vt 0.127830 0.065312
vt 0.138105 0.198753
vt 0.139098 0.201357
vt 0.138105 0.206096
vt 0.140181 0.202533
vt 0.138244 0.203590
vt 0.083109 0.049347
vt 0.083109 0.047432
vt 0.084180 0.047608
vt 0.095084 0.005805
vt 0.060958 0.306958
vt 0.104322 0.314256
vt 0.104499 0.319303
vt 0.102382 0.315207
vt 0.103234 0.311317
vt 0.101741 0.311862
vt 0.104499 0.311157
vt 0.129173 0.064285
vt 0.222061 0.407837
vt 0.219699 0.403413
vt 0.166231 0.153550
vt 0.166570 0.150918
vt 0.167946 0.151264
vt 0.166994 0.147922
vt 0.165910 0.155298
vt 0.016043 0.125598
vt 0.014808 0.126684
vt 0.015217 0.124972
vt 0.012069 0.063861
vt 0.012069 0.061825
vt 0.013062 0.062214
vt 0.056604 0.408905
vt 0.056431 0.413888
vt 0.055398 0.411295
vt 0.016162 0.127721
vt 0.056604 0.416546
vt 0.055215 0.408626
vt 0.053860 0.408965
vt 0.168360 0.148040
vt 0.102895 0.059224
vt 0.103811 0.058546
vt 0.103265 0.060411
vt 0.165502 0.146779
vt 0.167177 0.146895
vt 0.017417 0.126351
vt 0.104927 0.059283
vt 0.103843 0.061312
vt 0.105951 0.060342
vt 0.165502 0.150605
vt 0.165510 0.148240
vt 0.017383 0.124972
vt 0.099503 0.338993
vt 0.101597 0.339546
vt 0.100320 0.343977
vt 0.100014 0.335899
vt 0.101597 0.336141
vt 0.078374 0.060958
vt 0.076589 0.057928
vt 0.078374 0.058523
vt 0.105106 0.062278
vt 0.055144 0.407686
vt 0.054366 0.412555
vt 0.102895 0.063861
vt 0.077114 0.060738
vt 0.072712 0.059315
vt 0.074590 0.060958
vt 0.072956 0.061562
vt 0.065554 0.004354
vt 0.065058 0.002016
vt 0.066763 0.000626
vt 0.049566 0.402419
vt 0.050784 0.402184
vt 0.050260 0.405700
vt 0.050599 0.399422
vt 0.048998 0.399103
vt 0.050798 0.398189
vt 0.074113 0.058539
vt 0.101165 0.060893
vt 0.100246 0.061619
vt 0.098841 0.060893
vt 0.098788 0.062409
vt 0.075472 0.060206
vt 0.075472 0.058115
vt 0.081277 0.002501
vt 0.079766 0.002176
vt 0.080035 0.000961
vt 0.100153 0.063861
vt 0.078396 0.002262
vt 0.079463 0.005063
vt 0.078396 0.010160
vt 0.080629 0.006328
vt 0.078546 0.007465
vt 0.031099 0.005805
vt 0.030763 0.003774
vt 0.031930 0.003774
vt 0.074712 0.063861
vt 0.066763 0.003564
vt 0.423612 0.109230
vt 0.423803 0.114659
vt 0.421525 0.110254
vt 0.422441 0.106070
vt 0.420836 0.106657
vt 0.423803 0.105900
vt 0.101596 0.062756
vt 0.050798 0.407837
vt 0.048258 0.403078
vt 0.281608 0.091079
vt 0.283556 0.092783
vt 0.281861 0.093408
vt 0.059704 0.300435
vt 0.059189 0.298009
vt 0.060958 0.296566
vt 0.290449 0.278850
vt 0.291712 0.278607
vt 0.291169 0.282253
vt 0.291521 0.275743
vt 0.289860 0.275412
vt 0.291727 0.274464
vt 0.283061 0.090274
vt 0.099698 0.044818
vt 0.098745 0.045571
vt 0.097287 0.044818
vt 0.097232 0.046390
vt 0.284470 0.092004
vt 0.284470 0.089835
vt 0.187228 0.370867
vt 0.185660 0.370530
vt 0.185940 0.369270
vt 0.098648 0.047896
vt 0.184240 0.370619
vt 0.185347 0.373524
vt 0.184240 0.378810
vt 0.186555 0.374836
vt 0.184395 0.376015
vt 0.012202 0.046444
vt 0.011852 0.044338
vt 0.013062 0.044338
vt 0.283683 0.095791
vt 0.060958 0.299615
vt 0.136231 0.045168
vt 0.136430 0.050798
vt 0.134068 0.046230
vt 0.135018 0.041892
vt 0.133352 0.042501
vt 0.136430 0.041716
vt 0.100145 0.046750
vt 0.291727 0.284470
vt 0.289093 0.279534
vt 0.271342 0.311516
vt 0.273362 0.313283
vt 0.271605 0.313931
vt 0.278815 0.288824
vt 0.278281 0.286306
vt 0.280116 0.284809
vt 0.335394 0.473127
vt 0.336704 0.472874
vt 0.336140 0.476656
vt 0.336506 0.469903
vt 0.334784 0.469560
vt 0.336720 0.468577
vt 0.272849 0.310682
vt 0.178057 0.150654
vt 0.177067 0.151435
vt 0.175556 0.150654
vt 0.175499 0.152284
vt 0.274311 0.312476
vt 0.274311 0.310226
vt 0.304790 0.183344
vt 0.303164 0.182995
vt 0.303454 0.181688
vt 0.176967 0.153846
vt 0.301691 0.183086
vt 0.302838 0.186099
vt 0.301691 0.191582
vt 0.304092 0.187460
vt 0.301852 0.188683
vt 0.029240 0.052250
vt 0.029240 0.050037
vt 0.030479 0.050243
vt 0.273495 0.316401
vt 0.280116 0.287974
vt 0.040433 0.004320
vt 0.040639 0.010160
vt 0.038189 0.005422
vt 0.039174 0.000923
vt 0.037447 0.001555
vt 0.040639 0.000742
vt 0.178520 0.152658
vt 0.336720 0.478955
vt 0.333988 0.473836
vt 0.295906 0.031222
vt 0.298001 0.033054
vt 0.296178 0.033724
vt 0.271510 0.294630
vt 0.270956 0.292016
vt 0.272859 0.290463
vt 0.018944 0.207308
vt 0.020303 0.207046
vt 0.019718 0.210968
vt 0.020097 0.203965
vt 0.018311 0.203609
vt 0.020319 0.202590
vt 0.297468 0.030357
vt 0.344948 0.032974
vt 0.343921 0.033783
vt 0.342355 0.032974
vt 0.342295 0.034664
vt 0.298984 0.032217
vt 0.298984 0.029884
vt 0.015965 0.050963
vt 0.014279 0.050600
vt 0.014580 0.049245
vt 0.343818 0.036284
vt 0.012752 0.050696
vt 0.013942 0.053820
vt 0.012752 0.059507
vt 0.015242 0.055232
vt 0.012919 0.056500
vt 0.030646 0.008708
vt 0.030646 0.006414
vt 0.031930 0.006629
vt 0.298138 0.036284
vt 0.272859 0.293747
vt 0.009946 0.339372
vt 0.010160 0.345428
vt 0.007619 0.340515
vt 0.008640 0.335850
vt 0.006850 0.336506
vt 0.010160 0.335662
vt 0.345428 0.035052
vt 0.020319 0.213353
vt 0.017486 0.208044
vt 0.282729 0.031036
vt 0.284902 0.032937
vt 0.283012 0.033631
vt 0.264203 0.220610
vt 0.263629 0.217897
vt 0.265602 0.216286
vt 0.023247 0.095328
vt 0.024656 0.095056
vt 0.024050 0.099124
vt 0.024443 0.091861
vt 0.022591 0.091492
vt 0.024673 0.090434
vt 0.284349 0.030141
vt 0.318806 0.108323
vt 0.317740 0.109162
vt 0.316117 0.108323
vt 0.316054 0.110076
vt 0.285922 0.032069
vt 0.285922 0.029649
vt 0.044993 0.237874
vt 0.043244 0.237497
vt 0.043556 0.236092
vt 0.317634 0.111756
vt 0.041660 0.237596
vt 0.042894 0.240837
vt 0.041660 0.246734
vt 0.044242 0.242301
vt 0.041833 0.243616
vt 0.014514 0.017417
vt 0.013263 0.015393
vt 0.014514 0.014883
vt 0.285045 0.036284
vt 0.265602 0.219694
vt 0.300214 0.270932
vt 0.300435 0.277213
vt 0.297800 0.272118
vt 0.298859 0.267280
vt 0.297003 0.267961
vt 0.300435 0.267087
vt 0.319303 0.110478
vt 0.024673 0.101597
vt 0.021735 0.096091
vt 0.362436 0.100511
vt 0.364690 0.102481
vt 0.362730 0.103200
vt 0.251089 0.319303
vt 0.250493 0.316488
vt 0.252540 0.314816
vt 0.069638 0.431815
vt 0.071100 0.431533
vt 0.070471 0.435752
vt 0.070878 0.428220
vt 0.068957 0.427837
vt 0.071117 0.426740
vt 0.364116 0.099582
vt 0.339107 0.000794
vt 0.338002 0.001663
vt 0.336318 0.000794
vt 0.336253 0.002611
vt 0.365747 0.101581
vt 0.365747 0.099072
vt 0.168360 0.038706
vt 0.166546 0.038316
vt 0.166870 0.036858
vt 0.337892 0.004354
vt 0.164904 0.038418
vt 0.166183 0.041779
vt 0.164904 0.047896
vt 0.167582 0.043297
vt 0.165083 0.044661
vt 0.018939 0.010160
vt 0.018939 0.007693
vt 0.020319 0.007926
vt 0.364839 0.105951
vt 0.252540 0.318354
vt 0.470016 0.093631
vt 0.470247 0.100145
vt 0.467513 0.094860
vt 0.468612 0.089844
vt 0.466686 0.090551
vt 0.470247 0.089644
vt 0.339623 0.003028
vt 0.071117 0.438316
vt 0.068070 0.432606
vt 0.407306 0.090152
vt 0.409643 0.092196
vt 0.407611 0.092940
vt 0.108800 0.277213
vt 0.108182 0.274291
vt 0.110305 0.272556
vt 0.187145 0.160166
vt 0.188661 0.159874
vt 0.188009 0.164249
vt 0.188431 0.156437
vt 0.186439 0.156040
vt 0.188679 0.154902
vt 0.409048 0.089190
vt 0.336185 0.106612
vt 0.335038 0.107514
vt 0.333293 0.106612
vt 0.333225 0.108497
vt 0.410740 0.091263
vt 0.410740 0.088660
vt 0.236575 0.399758
vt 0.234694 0.399353
vt 0.235030 0.397842
vt 0.334925 0.110305
vt 0.232991 0.399459
vt 0.234317 0.402945
vt 0.232991 0.409289
vt 0.235768 0.404520
vt 0.233177 0.405935
vt 0.030906 0.002903
vt 0.030478 0.000381
vt 0.031930 0.000381
vt 0.409798 0.095791
vt 0.110305 0.276228
vt 0.234884 0.129673
vt 0.235123 0.136430
vt 0.232288 0.130949
vt 0.233428 0.125747
vt 0.231431 0.126481
vt 0.235123 0.125541
vt 0.336720 0.108929
vt 0.188679 0.166909
vt 0.185518 0.160987
vt 0.412985 0.089946
vt 0.415408 0.092065
vt 0.413301 0.092835
vt 0.306132 0.262700
vt 0.305491 0.259667
vt 0.307692 0.257867
vt 0.047756 0.380525
vt 0.049328 0.380222
vt 0.048652 0.384760
vt 0.049089 0.376658
vt 0.047023 0.376246
vt 0.049347 0.375066
vt 0.414791 0.088949
vt 0.331812 0.000525
vt 0.330622 0.001459
vt 0.328812 0.000525
vt 0.328741 0.002479
vt 0.416546 0.091098
vt 0.416546 0.088398
vt 0.253991 0.400855
vt 0.252041 0.400435
vt 0.252390 0.398868
vt 0.330504 0.004354
vt 0.250274 0.400546
vt 0.251650 0.404161
vt 0.250274 0.410740
vt 0.253154 0.405794
vt 0.250467 0.407261
vt 0.087473 0.117562
vt 0.087028 0.114948
vt 0.088534 0.114948
vt 0.415569 0.095791
vt 0.307692 0.261678
vt 0.065064 0.450177
vt 0.065312 0.457184
vt 0.062372 0.451501
vt 0.063553 0.446106
vt 0.061482 0.446868
vt 0.065312 0.445894
vt 0.332366 0.002928
vt 0.049347 0.387518
vt 0.046069 0.381377
vt 0.357700 0.002649
vt 0.360214 0.004847
vt 0.358028 0.005645
vt 0.187061 0.194485
vt 0.186396 0.191337
vt 0.188679 0.189469
vt 0.253792 0.365752
vt 0.255423 0.365438
vt 0.254722 0.370144
vt 0.255176 0.361742
vt 0.253033 0.361315
vt 0.255443 0.360091
vt 0.359574 0.001616
vt 0.330340 0.084562
vt 0.329105 0.085531
vt 0.327229 0.084562
vt 0.327156 0.086589
vt 0.361393 0.003845
vt 0.361393 0.001044
vt 0.287373 0.383072
vt 0.285350 0.382636
vt 0.285712 0.381011
vt 0.328984 0.088534
vt 0.283518 0.382751
vt 0.284944 0.386500
vt 0.283518 0.393324
vt 0.286505 0.388194
vt 0.283718 0.389716
vt 0.058408 0.103048
vt 0.057945 0.100338
vt 0.059507 0.100338
vt 0.360381 0.008708
vt 0.188679 0.193425
vt 0.088276 0.420890
vt 0.088534 0.428157
vt 0.085484 0.422262
vt 0.086710 0.416668
vt 0.084562 0.417459
vt 0.088534 0.416449
vt 0.330914 0.087055
vt 0.255443 0.373004
vt 0.252043 0.366635
vt 0.123891 0.043066
vt 0.126498 0.045346
vt 0.124231 0.046171
vt 0.115883 0.047895
vt 0.115194 0.044628
vt 0.117562 0.042691
vt 0.329203 0.111492
vt 0.330894 0.111166
vt 0.330166 0.116047
vt 0.330637 0.107333
vt 0.328415 0.106890
vt 0.330914 0.105620
vt 0.125834 0.041995
vt 0.325965 0.000235
vt 0.324684 0.001240
vt 0.322739 0.000235
vt 0.322662 0.002337
vt 0.127721 0.044306
vt 0.127721 0.041402
vt 0.361393 0.236102
vt 0.359295 0.235650
vt 0.359671 0.233964
vt 0.324559 0.004354
vt 0.357395 0.235769
vt 0.358875 0.239657
vt 0.357395 0.246734
vt 0.360493 0.241414
vt 0.357603 0.242992
vt 0.076923 0.004354
vt 0.075422 0.001931
vt 0.076923 0.001323
vt 0.126672 0.049347
vt 0.117562 0.046796
vt 0.407569 0.006977
vt 0.407837 0.014514
vt 0.404674 0.008401
vt 0.405945 0.002600
vt 0.403718 0.003421
vt 0.407837 0.002374
vt 0.326560 0.002820
vt 0.330914 0.119013
vt 0.327388 0.112407
vt 0.110062 0.063093
vt 0.113208 0.061359
vt 0.113208 0.063861
vt 0.287444 0.097242
vt 0.285865 0.094157
vt 0.287708 0.091574
vt 0.255119 0.340531
vt 0.256872 0.340193
vt 0.256118 0.345254
vt 0.256607 0.336217
vt 0.254302 0.335758
vt 0.256894 0.334441
vt 0.109708 0.060820
vt 0.320138 0.185859
vt 0.318808 0.186900
vt 0.316792 0.185859
vt 0.316712 0.188038
vt 0.112628 0.059799
vt 0.109798 0.058770
vt 0.210450 0.353269
vt 0.208274 0.352800
vt 0.208664 0.351052
vt 0.318679 0.190131
vt 0.206304 0.352923
vt 0.207838 0.356956
vt 0.206304 0.364296
vt 0.209516 0.358778
vt 0.206519 0.360415
vt 0.008505 0.062409
vt 0.008505 0.059454
vt 0.010160 0.059739
vt 0.288824 0.095685
vt 0.288824 0.090798
vt 0.067936 0.379702
vt 0.068215 0.387518
vt 0.064934 0.381179
vt 0.066252 0.375163
vt 0.063942 0.376015
vt 0.068215 0.374930
vt 0.320755 0.188539
vt 0.256894 0.348331
vt 0.253237 0.341480
vt 0.048988 0.100803
vt 0.052250 0.099003
vt 0.052250 0.101597
vt 0.309163 0.036284
vt 0.307526 0.033082
vt 0.309437 0.030402
vt 0.297143 0.074639
vt 0.298961 0.074289
vt 0.298179 0.079538
vt 0.298686 0.070166
vt 0.296296 0.069689
vt 0.298984 0.068324
vt 0.048620 0.098446
vt 0.266414 0.204568
vt 0.265035 0.205648
vt 0.262944 0.204568
vt 0.262861 0.206829
vt 0.051649 0.097385
vt 0.048712 0.096319
vt 0.092888 0.318026
vt 0.090632 0.317540
vt 0.091036 0.315727
vt 0.264901 0.208999
vt 0.088589 0.317668
vt 0.090179 0.321850
vt 0.088589 0.329463
vt 0.091919 0.323740
vt 0.088812 0.325438
vt 0.150943 0.046444
vt 0.149329 0.043840
vt 0.150943 0.043188
vt 0.310595 0.034670
vt 0.310595 0.029597
vt 0.243542 0.129774
vt 0.243832 0.137881
vt 0.240429 0.131307
vt 0.241796 0.125069
vt 0.239401 0.125953
vt 0.243832 0.124827
vt 0.267054 0.207348
vt 0.298984 0.082729
vt 0.295191 0.075624
vt 0.102569 0.048526
vt 0.105951 0.046658
vt 0.105951 0.049347
vt 0.348297 0.007257
vt 0.346599 0.003933
vt 0.348581 0.001153
vt 0.231762 0.036603
vt 0.233648 0.036240
vt 0.232838 0.041684
vt 0.233363 0.031964
vt 0.230884 0.031469
vt 0.233672 0.030053
vt 0.102187 0.046083
vt 0.263488 0.124578
vt 0.262056 0.125697
vt 0.259890 0.124578
vt 0.259803 0.126922
vt 0.105327 0.044981
vt 0.102281 0.043877
vt 0.105951 0.297283
vt 0.103610 0.296778
vt 0.104030 0.294898
vt 0.261919 0.129173
vt 0.101491 0.296911
vt 0.103141 0.301248
vt 0.101491 0.309144
vt 0.104946 0.303209
vt 0.101723 0.304969
vt 0.314949 0.126270
vt 0.313275 0.123571
vt 0.314949 0.122895
vt 0.349782 0.005582
vt 0.349782 0.000317
vt 0.025825 0.360242
vt 0.026125 0.368650
vt 0.022596 0.361832
vt 0.024013 0.355363
vt 0.021529 0.356281
vt 0.026125 0.355114
vt 0.264151 0.127461
vt 0.233672 0.044993
vt 0.229738 0.037624
vt 0.100145 0.122875
vt 0.099330 0.124743
vt 0.098113 0.123811
vt 0.026125 0.004354
vt 0.024404 0.001435
vt 0.026125 0.002008
vt 0.256619 0.299115
vt 0.256293 0.301653
vt 0.255590 0.298814
vt 0.255598 0.296534
vt 0.257028 0.296227
vt 0.255590 0.295124
vt 0.099158 0.121853
vt 0.257204 0.295237
vt 0.143686 0.001581
vt 0.142362 0.000855
vt 0.143654 0.000252
vt 0.097556 0.122941
vt 0.098082 0.121143
vt 0.146846 0.162502
vt 0.148084 0.161269
vt 0.148153 0.162175
vt 0.142477 0.002903
vt 0.097199 0.121798
vt 0.148329 0.164748
vt 0.149492 0.162444
vt 0.149492 0.169811
vt 0.147334 0.165963
vt 0.149325 0.167249
vt 0.012751 0.018868
vt 0.012034 0.017040
vt 0.013062 0.017040
vt 0.097199 0.126270
vt 0.024910 0.004143
vt 0.311479 0.186776
vt 0.313498 0.187309
vt 0.312267 0.191582
vt 0.311972 0.183792
vt 0.313498 0.184026
vt 0.258345 0.296340
vt 0.257947 0.299449
vt 0.141171 0.001902
vt 0.141566 0.000252
vt 0.255983 0.303338
vt 0.085631 0.004929
vt 0.084723 0.007008
vt 0.083364 0.005972
vt 0.191582 0.169811
vt 0.189662 0.166547
vt 0.191582 0.167190
vt 0.027102 0.096885
vt 0.026738 0.099717
vt 0.025954 0.096549
vt 0.025962 0.094005
vt 0.027558 0.093663
vt 0.025954 0.092433
vt 0.084530 0.003790
vt 0.027755 0.092559
vt 0.124819 0.002880
vt 0.123342 0.002070
vt 0.124782 0.001397
vt 0.082743 0.005003
vt 0.083330 0.002997
vt 0.226366 0.401135
vt 0.227748 0.399760
vt 0.227824 0.400771
vt 0.123469 0.004354
vt 0.082345 0.003725
vt 0.228021 0.403641
vt 0.229318 0.401071
vt 0.229318 0.409289
vt 0.226911 0.404996
vt 0.229132 0.406431
vt 0.035933 0.002903
vt 0.035138 0.000866
vt 0.036284 0.000866
vt 0.082345 0.008708
vt 0.190226 0.169573
vt 0.182073 0.192026
vt 0.184325 0.192622
vt 0.182952 0.197387
vt 0.182623 0.188700
vt 0.184325 0.188961
vt 0.029028 0.093790
vt 0.028583 0.097258
vt 0.122013 0.003238
vt 0.122452 0.001397
vt 0.026394 0.101597
vt 0.314949 0.032367
vt 0.314007 0.034523
vt 0.312598 0.033449
vt 0.310595 0.108853
vt 0.308603 0.105465
vt 0.310595 0.106133
vt 0.394229 0.105418
vt 0.393852 0.108355
vt 0.393038 0.105070
vt 0.393047 0.102431
vt 0.394702 0.102077
vt 0.393038 0.100801
vt 0.313807 0.031187
vt 0.394906 0.100931
vt 0.119013 0.002825
vt 0.117482 0.001985
vt 0.118974 0.001287
vt 0.311954 0.032444
vt 0.312563 0.030364
vt 0.311888 0.103300
vt 0.313321 0.101873
vt 0.313399 0.102922
vt 0.117614 0.004354
vt 0.311541 0.031119
vt 0.313604 0.105899
vt 0.314949 0.103233
vt 0.314949 0.111756
vt 0.312453 0.107304
vt 0.314756 0.108792
vt 0.003989 0.040639
vt 0.003165 0.038527
vt 0.004354 0.038527
vt 0.311541 0.036284
vt 0.309189 0.108606
vt 0.418565 0.008953
vt 0.420900 0.009571
vt 0.419476 0.014514
vt 0.419134 0.005504
vt 0.420900 0.005776
vt 0.396226 0.102208
vt 0.395765 0.105805
vt 0.116103 0.003197
vt 0.116558 0.001287
vt 0.393495 0.110305
vt 0.300435 0.149786
vt 0.299458 0.152021
vt 0.297997 0.150908
vt 0.043541 0.306241
vt 0.041475 0.302724
vt 0.043541 0.303418
vt 0.312878 0.272146
vt 0.312487 0.275191
vt 0.311643 0.271784
vt 0.311652 0.269047
vt 0.313368 0.268680
vt 0.311643 0.267357
vt 0.299251 0.148563
vt 0.313580 0.267492
vt 0.107402 0.002768
vt 0.105814 0.001897
vt 0.107361 0.001174
vt 0.297329 0.149866
vt 0.297961 0.147708
vt 0.088262 0.118951
vt 0.089748 0.117472
vt 0.089830 0.118560
vt 0.105951 0.004354
vt 0.296901 0.148491
vt 0.090042 0.121647
vt 0.091437 0.118882
vt 0.091437 0.127721
vt 0.088848 0.123105
vt 0.091237 0.124647
vt 0.024293 0.010160
vt 0.023440 0.007970
vt 0.024673 0.007970
vt 0.296901 0.153846
vt 0.042083 0.305984
vt 0.006286 0.043580
vt 0.008708 0.044221
vt 0.007232 0.049347
vt 0.006877 0.040003
vt 0.008708 0.040286
vt 0.314949 0.268816
vt 0.314471 0.272546
vt 0.104384 0.003154
vt 0.104856 0.001174
vt 0.312117 0.277213
vt 0.306241 0.032077
vt 0.305227 0.034393
vt 0.303712 0.033239
vt 0.008708 0.026125
vt 0.006565 0.022474
vt 0.008708 0.023196
vt 0.295384 0.184875
vt 0.294980 0.188033
vt 0.294104 0.184500
vt 0.294113 0.181662
vt 0.295892 0.181280
vt 0.294104 0.179908
vt 0.305012 0.030809
vt 0.296113 0.180048
vt 0.330914 0.249443
vt 0.329268 0.248540
vt 0.330872 0.247790
vt 0.303019 0.032160
vt 0.303675 0.029922
vt 0.320365 0.105563
vt 0.321906 0.104029
vt 0.321991 0.105157
vt 0.329409 0.251089
vt 0.302575 0.030733
vt 0.322210 0.108359
vt 0.323658 0.105492
vt 0.323658 0.114659
vt 0.320972 0.109871
vt 0.323450 0.111471
vt 0.018868 0.002903
vt 0.017608 0.000819
vt 0.018868 0.000599
vt 0.302575 0.036284
vt 0.007196 0.025857
vt 0.045384 0.345253
vt 0.047895 0.345918
vt 0.046364 0.351234
vt 0.045997 0.341544
vt 0.047895 0.341838
vt 0.297533 0.181421
vt 0.297037 0.185290
vt 0.327784 0.249843
vt 0.328273 0.247790
vt 0.294596 0.190131
vt 0.293179 0.031923
vt 0.292127 0.034324
vt 0.290555 0.033129
vt 0.298984 0.049347
vt 0.296761 0.045557
vt 0.298984 0.046307
vt 0.293853 0.319657
vt 0.293434 0.322934
vt 0.292525 0.319269
vt 0.292534 0.316325
vt 0.294380 0.315930
vt 0.292525 0.314507
vt 0.291905 0.030609
vt 0.294608 0.314652
vt 0.341074 0.110050
vt 0.339367 0.109112
vt 0.341030 0.108336
vt 0.289837 0.032009
vt 0.290517 0.029688
vt 0.223000 0.164732
vt 0.224599 0.163141
vt 0.224686 0.164311
vt 0.339513 0.111756
vt 0.289377 0.030529
vt 0.224914 0.167632
vt 0.226415 0.164658
vt 0.226415 0.174165
vt 0.223630 0.169200
vt 0.226200 0.170859
vt 0.037736 0.010160
vt 0.036430 0.008000
vt 0.037736 0.007771
vt 0.289377 0.036284
vt 0.297415 0.049068
vt 0.096089 0.298586
vt 0.098694 0.299276
vt 0.097105 0.304789
vt 0.096725 0.294741
vt 0.098694 0.295046
vt 0.296081 0.316076
vt 0.295567 0.320088
vt 0.337828 0.110465
vt 0.338335 0.108336
vt 0.293036 0.325109
vt 0.346880 0.323491
vt 0.345789 0.325980
vt 0.344159 0.324742
vt 0.255443 0.174165
vt 0.253137 0.170232
vt 0.255443 0.171011
vt 0.177660 0.193185
vt 0.177225 0.196583
vt 0.176283 0.192782
vt 0.176292 0.189729
vt 0.178206 0.189318
vt 0.176283 0.187843
vt 0.345558 0.322129
vt 0.178443 0.187994
vt 0.338171 0.034515
vt 0.336401 0.033542
vt 0.338125 0.032737
vt 0.343414 0.323581
vt 0.344119 0.321174
vt 0.427518 0.335645
vt 0.429176 0.333995
vt 0.429267 0.335208
vt 0.336552 0.036284
vt 0.342937 0.322045
vt 0.429503 0.338652
vt 0.431060 0.335568
vt 0.431060 0.345428
vt 0.428171 0.340278
vt 0.430836 0.341999
vt 0.001451 0.029028
vt 0.000097 0.026789
vt 0.001451 0.026551
vt 0.342937 0.328012
vt 0.253816 0.173876
vt 0.477705 0.392696
vt 0.480406 0.393412
vt 0.478759 0.399129
vt 0.478364 0.388709
vt 0.480406 0.389026
vt 0.179971 0.189471
vt 0.179438 0.193632
vt 0.334804 0.034945
vt 0.335330 0.032737
vt 0.176813 0.198839
vt 0.386067 0.226084
vt 0.384936 0.228664
vt 0.383245 0.227381
vt 0.261248 0.175617
vt 0.258857 0.171534
vt 0.261248 0.172344
vt 0.403989 0.107343
vt 0.403539 0.110868
vt 0.402561 0.106925
vt 0.402571 0.103759
vt 0.404556 0.103334
vt 0.402561 0.101804
vt 0.384696 0.224672
vt 0.404802 0.101960
vt 0.095791 0.047511
vt 0.093955 0.046503
vt 0.095742 0.045668
vt 0.382472 0.226177
vt 0.383204 0.223681
vt 0.296762 0.404948
vt 0.298482 0.403237
vt 0.298576 0.404495
vt 0.094111 0.049347
vt 0.381978 0.224584
vt 0.298821 0.408067
vt 0.300435 0.404868
vt 0.300435 0.415094
vt 0.297440 0.409753
vt 0.300204 0.411538
vt 0.000122 0.104499
vt 0.000122 0.101787
vt 0.001451 0.102303
vt 0.381978 0.230769
vt 0.259561 0.175316
vt 0.280217 0.182007
vt 0.283019 0.182750
vt 0.281310 0.188679
vt 0.280901 0.177873
vt 0.283019 0.178202
vt 0.406386 0.103492
vt 0.405833 0.107807
vt 0.092299 0.047958
vt 0.092844 0.045668
vt 0.403111 0.113208
vt 0.429608 0.109803
vt 0.428436 0.112477
vt 0.426682 0.111148
vt 0.303338 0.150943
vt 0.300858 0.146706
vt 0.303338 0.147547
vt 0.434379 0.020043
vt 0.433912 0.023698
vt 0.432898 0.019609
vt 0.432908 0.016326
vt 0.434966 0.015884
vt 0.432898 0.014298
vt 0.428187 0.108339
vt 0.435222 0.014460
vt 0.332366 0.034381
vt 0.330462 0.033335
vt 0.332315 0.032469
vt 0.425880 0.109900
vt 0.426640 0.107310
vt 0.167454 0.385704
vt 0.169236 0.383929
vt 0.169334 0.385234
vt 0.330623 0.036284
vt 0.425368 0.108246
vt 0.169588 0.388938
vt 0.171263 0.385621
vt 0.171263 0.396226
vt 0.168156 0.390687
vt 0.171022 0.392538
vt 0.148041 0.002903
vt 0.146584 0.000498
vt 0.148041 0.000240
vt 0.425368 0.114659
vt 0.301588 0.150630
vt 0.020316 0.004691
vt 0.023222 0.005461
vt 0.021450 0.011611
vt 0.021025 0.000404
vt 0.023222 0.000746
vt 0.436865 0.016048
vt 0.436291 0.020524
vt 0.328744 0.034844
vt 0.329309 0.032469
vt 0.433469 0.026125
vt 0.420900 0.201063
vt 0.419684 0.203834
vt 0.417865 0.202458
vt 0.298984 0.091437
vt 0.296412 0.087038
vt 0.298984 0.087913
vt 0.235448 0.389919
vt 0.234964 0.393709
vt 0.233912 0.389469
vt 0.233922 0.386063
vt 0.236057 0.385605
vt 0.233912 0.383960
vt 0.419426 0.199545
vt 0.236322 0.384128
vt 0.307692 0.218635
vt 0.305718 0.217550
vt 0.307639 0.216653
vt 0.417033 0.201164
vt 0.417821 0.198478
vt 0.268909 0.360640
vt 0.270758 0.358799
vt 0.270859 0.360153
vt 0.305885 0.220610
vt 0.416502 0.199448
vt 0.271123 0.363995
vt 0.272859 0.360554
vt 0.272859 0.371553
vt 0.269637 0.365808
vt 0.272610 0.367728
vt 0.000021 0.097242
vt 0.000021 0.094328
vt 0.001451 0.094882
vt 0.416502 0.206096
vt 0.297169 0.091111
vt 0.397567 0.106031
vt 0.400581 0.106830
vt 0.398742 0.113208
vt 0.398303 0.101586
vt 0.400581 0.101941
vt 0.238026 0.385776
vt 0.237431 0.390418
vt 0.303936 0.219115
vt 0.304522 0.216653
vt 0.234505 0.396226
vt 0.091437 0.003492
vt 0.090176 0.006365
vt 0.088289 0.004938
vt 0.294630 0.152395
vt 0.291962 0.147829
vt 0.294630 0.148738
vt 0.045222 0.372267
vt 0.044720 0.376199
vt 0.043629 0.371801
vt 0.043639 0.368269
vt 0.045853 0.367794
vt 0.043629 0.366088
vt 0.089908 0.001919
vt 0.046128 0.366262
vt 0.328012 0.032785
vt 0.325964 0.031660
vt 0.327956 0.030730
vt 0.087427 0.003597
vt 0.088244 0.000811
vt 0.262957 0.351527
vt 0.264874 0.349617
vt 0.264979 0.351022
vt 0.326137 0.034833
vt 0.086876 0.001816
vt 0.265253 0.355006
vt 0.267054 0.351437
vt 0.267054 0.362845
vt 0.263712 0.356887
vt 0.266795 0.358878
vt 0.089953 0.049347
vt 0.089953 0.046327
vt 0.091437 0.046899
vt 0.086876 0.008708
vt 0.292747 0.152056
vt 0.140561 0.142049
vt 0.143687 0.142878
vt 0.141780 0.149492
vt 0.141324 0.137440
vt 0.143687 0.137809
vt 0.047895 0.367971
vt 0.047279 0.372785
vt 0.324116 0.033283
vt 0.324723 0.030730
vt 0.044244 0.378810
vt 0.338171 0.067163
vt 0.336864 0.070140
vt 0.334907 0.068662
vt 0.294630 0.049347
vt 0.291863 0.044608
vt 0.294630 0.045552
vt 0.029157 0.363316
vt 0.028638 0.367394
vt 0.027505 0.362833
vt 0.027515 0.359169
vt 0.029812 0.358677
vt 0.027505 0.356907
vt 0.336586 0.065532
vt 0.030097 0.357088
vt 0.301887 0.218485
vt 0.299764 0.217318
vt 0.301829 0.216354
vt 0.334012 0.067272
vt 0.334860 0.064382
vt 0.245388 0.320628
vt 0.247377 0.318648
vt 0.247486 0.320104
vt 0.299943 0.220610
vt 0.333442 0.065424
vt 0.247769 0.324236
vt 0.249637 0.320535
vt 0.249637 0.332366
vt 0.246171 0.326187
vt 0.249369 0.328252
vt 0.078375 0.065312
vt 0.076751 0.062635
vt 0.078375 0.062345
vt 0.333442 0.072569
vt 0.292677 0.048994
vt 0.279778 0.378347
vt 0.283019 0.379207
vt 0.281041 0.386067
vt 0.280569 0.373568
vt 0.283019 0.373952
vt 0.031930 0.358860
vt 0.031291 0.363853
vt 0.297847 0.219002
vt 0.298476 0.216354
vt 0.028144 0.370102
vt 0.130624 0.219361
vt 0.129268 0.222447
vt 0.127238 0.220915
vt 0.222061 0.132075
vt 0.219191 0.127157
vt 0.222061 0.128138
vt 0.230796 0.341293
vt 0.230257 0.345523
vt 0.229083 0.340792
vt 0.229093 0.336993
vt 0.231474 0.336482
vt 0.229083 0.334647
vt 0.128980 0.217670
vt 0.231771 0.334834
vt 0.256894 0.067463
vt 0.254692 0.066252
vt 0.256833 0.065253
vt 0.126311 0.219474
vt 0.127190 0.216477
vt 0.317799 0.124256
vt 0.319862 0.122202
vt 0.319975 0.123713
vt 0.254878 0.069666
vt 0.125719 0.217557
vt 0.320269 0.127999
vt 0.322206 0.124160
vt 0.322206 0.136430
vt 0.318612 0.130022
vt 0.321928 0.132163
vt 0.035741 0.053701
vt 0.034574 0.050673
vt 0.036284 0.050673
vt 0.125719 0.224964
vt 0.220036 0.131709
vt 0.201283 0.360644
vt 0.204644 0.361536
vt 0.202594 0.368650
vt 0.202103 0.355689
vt 0.204644 0.356087
vt 0.233672 0.336672
vt 0.233009 0.341850
vt 0.252704 0.067999
vt 0.253356 0.065253
vt 0.229746 0.348331
vt 0.438316 0.111755
vt 0.436910 0.114954
vt 0.434805 0.113367
vt 0.120464 0.065312
vt 0.117487 0.060207
vt 0.120464 0.061226
vt 0.268425 0.301845
vt 0.267867 0.306231
vt 0.266648 0.301325
vt 0.266659 0.297384
vt 0.269128 0.296854
vt 0.266648 0.294951
vt 0.436611 0.110002
vt 0.269436 0.295146
vt 0.236575 0.068833
vt 0.234292 0.067577
vt 0.236511 0.066541
vt 0.433843 0.111872
vt 0.434755 0.108764
vt 0.265386 0.176054
vt 0.267525 0.173924
vt 0.267642 0.175491
vt 0.234483 0.071118
vt 0.433229 0.109883
vt 0.267947 0.179935
vt 0.269956 0.175954
vt 0.269956 0.188679
vt 0.266228 0.182033
vt 0.269668 0.184254
vt 0.059303 0.294630
vt 0.059303 0.291266
vt 0.060958 0.291903
vt 0.433229 0.117562
vt 0.118364 0.064931
vt 0.032798 0.371958
vt 0.036284 0.372884
vt 0.034158 0.380261
vt 0.033649 0.366820
vt 0.036284 0.367234
vt 0.271408 0.297052
vt 0.270720 0.302422
vt 0.232229 0.069388
vt 0.232905 0.066541
vt 0.267336 0.309144
vt 0.799805 0.886330
vt 0.756932 0.972424
vt 0.801161 0.874283
vt 0.968726 0.132611
vt 0.934104 0.220610
vt 0.887482 0.132611
vt 0.716973 0.874283
vt 0.058055 0.271324
vt 0.058055 0.388969
vt 0.054659 0.283565
vt 0.885870 0.120430
vt 0.969521 0.120430
vt 0.245283 0.873730
vt 0.115084 0.873730
vt 0.183579 0.762522
vt 0.805005 0.494092
vt 0.840630 0.557047
vt 0.805005 0.621190
vt 0.879535 0.495149
vt 0.949202 0.487880
vt 0.881129 0.567489
vt 0.881129 0.457537
vt 0.879535 0.620107
vt 0.650273 0.775507
vt 0.719884 0.885341
vt 0.590522 0.885341
vt 0.001158 0.467344
vt 0.001158 0.334438
vt 0.071118 0.441624
vt 0.633683 0.625800
vt 0.616384 0.695210
vt 0.480808 0.625800
vt 0.714078 0.689741
vt 0.696662 0.536055
vt 0.619346 0.511372
vt 0.696662 0.380955
vt 0.627459 0.619739
vt 0.538865 0.076923
vt 0.561860 0.000297
vt 0.656023 0.068269
vt 0.664732 0.254647
vt 0.587426 0.280396
vt 0.596224 0.171143
vt 0.416690 0.000297
vt 0.664732 0.410740
vt 0.457118 0.960804
vt 0.443886 0.965167
vt 0.443886 0.895750
vt 0.457184 0.901119
vt 0.023053 0.991292
vt 0.023053 0.929399
vt 0.082729 0.930446
vt 0.082729 0.990745
vt 0.962264 0.423375
vt 0.949871 0.426705
vt 0.949871 0.356500
vt 0.962264 0.361047
vt 0.718432 0.957910
vt 0.648984 0.957152
vt 0.648766 0.888668
vt 0.718432 0.887748
vt 0.249666 0.899282
vt 0.261248 0.894104
vt 0.261248 0.963716
vt 0.249915 0.958950
vt 0.964966 0.491999
vt 0.952964 0.496372
vt 0.952964 0.427834
vt 0.965167 0.431275
vt 0.447228 0.517032
vt 0.456525 0.566038
vt 0.315506 0.565676
vt 0.220794 0.066527
vt 0.206872 0.124819
vt 0.085173 0.066810
vt 0.084371 0.066527
vt 0.330914 0.120913
vt 0.314753 0.566038
vt 0.561684 0.517699
vt 0.105922 0.589260
vt 0.115894 0.538728
vt 0.246734 0.589260
vt 0.565737 0.372887
vt 0.624093 0.359225
vt 0.624093 0.500726
vt 0.623803 0.499914
vt 0.245959 0.588885
vt 0.572744 0.259531
vt 0.000087 0.539005
vt 0.252540 0.579100
vt 0.224182 0.579100
vt 0.239173 0.517750
vt 0.285922 0.963715
vt 0.262696 0.959525
vt 0.285922 0.900779
vt 0.259797 0.709724
vt 0.231440 0.709724
vt 0.245058 0.650885
vt 0.243832 0.384615
vt 0.219975 0.379638
vt 0.243832 0.321851
vt 0.834162 0.241600
vt 0.834543 0.269956
vt 0.810343 0.269956
vt 0.810726 0.241600
vt 0.960177 0.742990
vt 0.986938 0.742988
vt 0.986938 0.773583
vt 0.960177 0.773585
vt 0.564586 0.304605
vt 0.558879 0.306241
vt 0.558879 0.272402
vt 0.564586 0.274022
vt 0.799868 0.340236
vt 0.805515 0.338615
vt 0.805515 0.368650
vt 0.799868 0.367013
vt 0.151463 0.144805
vt 0.156749 0.143223
vt 0.156749 0.177068
vt 0.151463 0.175394
vt 0.913572 0.956008
vt 0.943396 0.955886
vt 0.943396 0.989718
vt 0.913572 0.989840
vt 0.722972 0.740837
vt 0.728592 0.739197
vt 0.728592 0.769231
vt 0.722972 0.767614
vt 0.446010 0.607647
vt 0.576197 0.685051
vt 0.419932 0.685051
vt 0.337043 0.615072
vt 0.270777 0.578313
vt 0.384615 0.578313
vt 0.289639 0.647315
vt 0.144200 0.647152
vt 0.699565 0.155379
vt 0.699565 0.310595
vt 0.622307 0.180243
vt 0.158433 0.725689
vt 0.000882 0.725689
vt 0.136683 0.648699
vt 0.629204 0.072167
vt 0.238026 0.664421
vt 0.951986 0.065117
vt 0.951869 0.005449
vt 0.963715 0.000268
vt 0.963716 0.069666
vt 0.364127 0.933753
vt 0.423803 0.934814
vt 0.423803 0.995113
vt 0.364127 0.995646
vt 0.960813 0.775085
vt 0.960813 0.837413
vt 0.948420 0.841800
vt 0.948420 0.771595
vt 0.537010 0.908067
vt 0.537010 0.978229
vt 0.467343 0.977330
vt 0.467562 0.908832
vt 0.959361 0.272474
vt 0.959112 0.332158
vt 0.945973 0.336720
vt 0.945973 0.267086
vt 0.966417 0.501757
vt 0.966618 0.562481
vt 0.954416 0.566038
vt 0.954416 0.497504
vt 0.098678 0.591838
vt 0.240217 0.592094
vt 0.112239 0.650218
vt 0.000490 0.642503
vt 0.240929 0.591838
vt 0.577649 0.407762
vt 0.576369 0.547844
vt 0.527071 0.417498
vt 0.527071 0.301851
vt 0.576740 0.548621
vt 0.501257 0.565801
vt 0.623335 0.623809
vt 0.487334 0.624093
vt 0.398518 0.038047
vt 0.530452 0.085966
vt 0.389377 0.087083
vt 0.284258 0.038047
vt 0.531205 0.086330
vt 0.377928 0.569698
vt 0.624093 0.624093
vt 0.000671 0.705370
vt 0.014254 0.646392
vt 0.029028 0.705370
vt 0.133513 0.197388
vt 0.133513 0.134478
vt 0.156749 0.193252
vt 0.769095 0.953344
vt 0.796807 0.896237
vt 0.796807 0.959361
vt 0.193746 0.401933
vt 0.217707 0.343893
vt 0.217707 0.406386
vt 0.375312 0.720555
vt 0.398748 0.720555
vt 0.399129 0.748911
vt 0.374929 0.748911
vt 0.985486 0.162436
vt 0.985486 0.193031
vt 0.958726 0.193033
vt 0.958726 0.162438
vt 0.573815 0.218935
vt 0.573815 0.188347
vt 0.579100 0.186765
vt 0.579100 0.220610
vt 0.306399 0.840163
vt 0.306399 0.813385
vt 0.312046 0.811765
vt 0.312046 0.841800
vt 0.573295 0.545430
vt 0.573295 0.576013
vt 0.567587 0.577649
vt 0.567587 0.543810
vt 0.063861 0.649645
vt 0.063861 0.683477
vt 0.034037 0.683599
vt 0.034037 0.649767
vt 0.624278 0.731330
vt 0.624278 0.704553
vt 0.629898 0.702912
vt 0.629898 0.732946
vt 0.292873 0.647755
vt 0.280403 0.716981
vt 0.252823 0.675949
vt 0.292082 0.917958
vt 0.345428 0.918033
vt 0.332462 0.953141
vt 0.345428 0.988389
vt 0.292082 0.988314
vt 0.188906 0.769231
vt 0.188906 0.703992
vt 0.365419 0.738561
vt 0.367542 0.756282
vt 0.647315 0.887595
vt 0.647315 0.957910
vt 0.591050 0.956767
vt 0.591050 0.886452
vt 0.373004 0.733780
vt 0.372038 0.756940
vt 0.423456 0.696707
vt 0.420809 0.712428
vt 0.432741 0.694069
vt 0.428754 0.716981
vt 0.332093 0.082729
vt 0.315723 0.082729
vt 0.314486 0.066817
vt 0.332366 0.062275
vt 0.335925 0.745413
vt 0.394858 0.699443
vt 0.462302 0.489070
vt 0.463830 0.513119
vt 0.426438 0.502540
vt 0.042659 0.453348
vt 0.062409 0.457568
vt 0.042659 0.484761
vt 0.458111 0.490588
vt 0.455217 0.509800
vt 0.820029 0.143686
vt 0.799539 0.143686
vt 0.812500 0.116280
vt 0.742444 0.200756
vt 0.812772 0.200756
vt 0.787923 0.374914
vt 0.767491 0.374334
vt 0.278318 0.542816
vt 0.278318 0.477493
vt 0.397514 0.605348
vt 0.378104 0.608128
vt 0.378668 0.584888
vt 0.398618 0.585235
vt 0.787990 0.378810
vt 0.767904 0.377625
vt 0.410966 0.496177
vt 0.399129 0.608128
vt 0.528302 0.498645
vt 0.478955 0.713366
vt 0.378501 0.696554
vt 0.653120 0.751015
vt 0.628515 0.746541
vt 0.642581 0.696531
vt 0.772134 0.761448
vt 0.749597 0.757368
vt 0.767820 0.716717
vt 0.628515 0.812772
vt 0.749597 0.824383
vt 0.372049 0.121933
vt 0.407837 0.121585
vt 0.407837 0.168012
vt 0.372049 0.168360
vt 0.416200 0.167594
vt 0.409900 0.169811
vt 0.409900 0.123439
vt 0.416200 0.125683
vt 0.126270 0.846465
vt 0.118430 0.849057
vt 0.118430 0.804582
vt 0.126270 0.806813
vt 0.952497 0.072239
vt 0.960813 0.069689
vt 0.960813 0.116110
vt 0.952497 0.114193
vt 0.768768 0.414946
vt 0.776488 0.412770
vt 0.776488 0.457184
vt 0.768768 0.454544
vt 0.449927 0.126736
vt 0.449927 0.168646
vt 0.777711 0.423810
vt 0.783745 0.422214
vt 0.783745 0.471698
vt 0.777711 0.469483
vt 0.872564 0.996954
vt 0.867512 0.998549
vt 0.867512 0.946883
vt 0.872564 0.948613
vt 0.911466 0.949828
vt 0.911466 0.998168
vt 0.934059 0.588852
vt 0.940493 0.586887
vt 0.940493 0.638607
vt 0.934059 0.637244
vt 0.539226 0.948274
vt 0.579100 0.947886
vt 0.579100 0.999612
vt 0.539226 1.000000
vt 0.116110 0.854128
vt 0.109999 0.856313
vt 0.109999 0.806763
vt 0.116110 0.808393
vt 0.534783 0.315029
vt 0.553782 0.287941
vt 0.557329 0.320755
vt 0.557329 0.273627
vt 0.456612 0.740100
vt 0.439019 0.740779
vt 0.438667 0.717567
vt 0.456612 0.717194
vt 0.705518 0.504393
vt 0.720131 0.448173
vt 0.728751 0.504146
vt 0.672830 0.653674
vt 0.743106 0.656023
vt 0.454921 0.719989
vt 0.899855 0.051148
vt 0.899855 0.117562
vt 0.875265 0.055523
vt 0.698269 0.371553
vt 0.710010 0.187882
vt 0.733183 0.186946
vt 0.763425 0.371553
vt 0.721416 0.223939
vt 0.886141 0.001131
vt 0.064833 0.309812
vt 0.076569 0.278271
vt 0.083943 0.306976
vt 0.296273 0.469081
vt 0.314949 0.446037
vt 0.314949 0.477504
vt 0.309690 0.156749
vt 0.309690 0.123855
vt 0.329463 0.152677
vt 0.063307 0.314014
vt 0.087332 0.315538
vt 0.728366 0.194505
vt 0.710670 0.192383
vt 0.336215 0.641509
vt 0.336215 0.617067
vt 0.351234 0.636188
vt 0.708037 0.492057
vt 0.728477 0.491973
vt 0.724153 0.507521
vt 0.708237 0.506261
vt 0.117562 0.129458
vt 0.052320 0.129458
vt 0.319303 0.221703
vt 0.305722 0.257937
vt 0.268206 0.222850
vt 0.743106 0.609180
vt 0.672830 0.606831
vt 0.268206 0.293179
vt 0.966618 0.725606
vt 0.926538 0.690440
vt 0.966618 0.655251
vt 0.916220 0.725689
vt 0.602322 0.766328
vt 0.458685 0.740512
vt 0.457792 0.720064
vt 0.602322 0.695988
vt 0.070224 0.262780
vt 0.072609 0.380261
vt 0.400306 0.727829
vt 0.627306 0.039187
vt 0.638830 0.001216
vt 0.650218 0.039187
vt 0.740203 0.079695
vt 0.740203 0.119243
vt 0.732448 0.121916
vt 0.732448 0.077558
vt 0.954832 0.938369
vt 0.954832 0.896453
vt 0.962264 0.894115
vt 0.962264 0.940493
vt 0.120464 0.932676
vt 0.120464 0.974638
vt 0.092657 0.974869
vt 0.092657 0.932907
vt 0.085222 0.976778
vt 0.085222 0.930349
vt 0.368650 0.113549
vt 0.368650 0.159937
vt 0.333308 0.161103
vt 0.333308 0.114715
vt 0.804888 0.335534
vt 0.804887 0.295932
vt 0.812772 0.293752
vt 0.812772 0.338171
vt 0.164006 0.146632
vt 0.164006 0.192247
vt 0.157946 0.194485
vt 0.157946 0.145064
vt 0.458532 0.960743
vt 0.458532 0.912396
vt 0.464441 0.910592
vt 0.464441 0.962264
vt 0.998549 0.269280
vt 0.998549 0.317680
vt 0.966475 0.317945
vt 0.966475 0.269545
vt 0.960757 0.319303
vt 0.960757 0.267574
vt 0.997097 0.839616
vt 0.997097 0.891299
vt 0.957721 0.892598
vt 0.957721 0.840915
vt 0.215915 0.817809
vt 0.215915 0.772131
vt 0.222061 0.770540
vt 0.222061 0.820029
vt 0.143642 0.780842
vt 0.001054 0.740692
vt 0.003087 0.726967
vt 0.153215 0.726967
vt 0.182874 0.762242
vt 0.050150 0.927481
vt 0.050150 0.882712
vt 0.120464 0.884113
vt 0.120464 0.928882
vt 0.878846 0.946299
vt 0.905602 0.835233
vt 0.923156 0.835393
vt 0.949202 0.946299
vt 0.515549 0.179887
vt 0.571843 0.163693
vt 0.571843 0.222061
vt 0.099035 0.823287
vt 0.081441 0.822927
vt 0.081392 0.811809
vt 0.098954 0.811669
vt 0.766328 0.402899
vt 0.766328 0.553663
vt 0.752124 0.555878
vt 0.712504 0.412285
vt 0.504214 0.545310
vt 0.560232 0.529981
vt 0.560232 0.587808
vt 0.730629 0.374137
vt 0.440967 0.795356
vt 0.431532 0.741386
vt 0.470247 0.760869
vt 0.994194 0.994194
vt 0.939933 0.949475
vt 0.994194 0.938015
vt 0.000624 0.827286
vt 0.000624 0.756946
vt 0.134978 0.782075
vt 0.134833 0.799671
vt 0.988389 0.195246
vt 0.988389 0.265602
vt 0.945522 0.265534
vt 0.945522 0.195178
vt 0.290688 0.795356
vt 0.288690 0.781607
vt 0.493469 0.153846
vt 0.482034 0.153678
vt 0.482034 0.136124
vt 0.493148 0.136253
vt 0.496790 0.821480
vt 0.512771 0.752992
vt 0.626996 0.804265
vt 0.623550 0.821480
vt 0.801161 0.636289
vt 0.747248 0.627002
vt 0.786935 0.483249
vt 0.801161 0.485439
vt 0.766086 0.664731
vt 0.459302 0.776395
vt 0.285922 0.897534
vt 0.265170 0.940493
vt 0.264256 0.892994
vt 0.921447 0.320755
vt 0.921447 0.275923
vt 0.943396 0.278837
vt 0.955007 0.861550
vt 0.952999 0.907112
vt 0.933285 0.865835
vt 0.952105 0.560816
vt 0.952105 0.605225
vt 0.930176 0.563851
vt 0.937590 0.505818
vt 0.285922 0.841272
vt 0.933285 0.808926
vt 0.935633 0.220962
vt 0.390421 0.208806
vt 0.390362 0.222061
vt 0.377660 0.222061
vt 0.377626 0.209051
vt 0.049593 0.868203
vt 0.062409 0.836395
vt 0.062409 0.870827
vt 0.180051 0.393599
vt 0.193033 0.363165
vt 0.193033 0.396226
vt 0.720028 0.763962
vt 0.732946 0.796164
vt 0.720028 0.798258
vt 0.342858 0.965167
vt 0.342858 0.930454
vt 0.355588 0.962378
vt 0.301832 0.818098
vt 0.310595 0.877496
vt 0.288055 0.874762
vt 0.288055 0.920174
vt 0.903712 0.059545
vt 0.903712 0.000261
vt 0.925980 0.055114
vt 0.924118 0.101596
vt 0.626996 0.752355
vt 0.626996 0.798258
vt 0.604458 0.755135
vt 0.613105 0.695842
vt 0.274311 0.539901
vt 0.253766 0.583454
vt 0.252054 0.535434
vt 0.274311 0.481609
vt 0.064644 0.427513
vt 0.064644 0.411287
vt 0.066763 0.410577
vt 0.066763 0.428157
vt 0.095045 0.344915
vt 0.095046 0.327776
vt 0.097242 0.327110
vt 0.097242 0.345428
vt 0.510885 0.088828
vt 0.510885 0.105951
vt 0.494723 0.105873
vt 0.494723 0.088750
vt 0.094340 0.297297
vt 0.094340 0.314439
vt 0.092199 0.314949
vt 0.092199 0.296628
vt 0.352685 0.071612
vt 0.352685 0.089936
vt 0.335362 0.089985
vt 0.335362 0.071662
vt 0.461538 0.363395
vt 0.461538 0.379624
vt 0.459387 0.380261
vt 0.459387 0.362679
vt 0.064372 0.405660
vt 0.064373 0.387353
vt 0.066763 0.386552
vt 0.066763 0.406386
vt 0.264575 0.267926
vt 0.264575 0.248589
vt 0.267054 0.247838
vt 0.267054 0.268505
vt 0.040639 0.461088
vt 0.040639 0.480406
vt 0.022403 0.480319
vt 0.022403 0.461001
vt 0.111756 0.250041
vt 0.111756 0.269381
vt 0.109342 0.269956
vt 0.109342 0.249286
vt 0.307692 0.124409
vt 0.307692 0.145082
vt 0.288148 0.145138
vt 0.288148 0.124465
vt 0.084180 0.423642
vt 0.084180 0.441951
vt 0.081753 0.442671
vt 0.081753 0.422834
vt 0.232221 0.384553
vt 0.232221 0.397554
vt 0.219378 0.397678
vt 0.219387 0.384916
vt 0.170302 0.740504
vt 0.182874 0.709314
vt 0.182874 0.743106
vt 0.342595 0.245283
vt 0.349484 0.212180
vt 0.355588 0.245283
vt 0.098560 0.259964
vt 0.105951 0.293179
vt 0.093104 0.293179
vt 0.299438 0.086440
vt 0.312046 0.055312
vt 0.312046 0.088534
vt 0.896952 0.409942
vt 0.893740 0.460087
vt 0.872792 0.414150
vt 0.625871 0.489115
vt 0.625871 0.440063
vt 0.650218 0.443016
vt 0.894049 0.293478
vt 0.873068 0.341074
vt 0.869894 0.289269
vt 0.602322 0.554191
vt 0.602322 0.603774
vt 0.577979 0.557195
vt 0.589350 0.483926
vt 0.872792 0.341044
vt 0.638709 0.369670
vt 0.894049 0.221878
vt 0.103534 0.244516
vt 0.103514 0.224644
vt 0.105951 0.223862
vt 0.105951 0.245283
vt 0.043929 0.265015
vt 0.043929 0.245391
vt 0.046444 0.244628
vt 0.046444 0.265602
vt 0.235838 0.029531
vt 0.255443 0.029446
vt 0.255443 0.049262
vt 0.235838 0.049347
vt 0.104499 0.246842
vt 0.104499 0.266469
vt 0.102049 0.267054
vt 0.102049 0.246077
vt 0.290276 0.088534
vt 0.269296 0.088473
vt 0.269296 0.067321
vt 0.290276 0.067382
vt 0.047895 0.214489
vt 0.047876 0.234362
vt 0.045422 0.235123
vt 0.045422 0.213700
vt 0.001400 0.469460
vt 0.018868 0.469630
vt 0.018868 0.487663
vt 0.001722 0.487484
vt 0.893800 0.817126
vt 0.893800 0.763687
vt 0.911466 0.813541
vt 0.230924 0.962563
vt 0.248186 0.912476
vt 0.248186 0.965167
vt 0.820389 0.925833
vt 0.833091 0.978229
vt 0.815054 0.978229
vt 0.727688 0.962264
vt 0.727688 0.909290
vt 0.744557 0.959044
vt 0.000176 0.595765
vt 0.021771 0.590896
vt 0.018433 0.629898
vt 0.949202 0.100145
vt 0.927289 0.058243
vt 0.949202 0.055168
vt 0.934488 0.000364
vt 0.000176 0.542742
vt 0.917271 0.574579
vt 0.895665 0.569745
vt 0.917271 0.527216
vt 0.949202 0.433239
vt 0.927308 0.430065
vt 0.942245 0.375191
vt 0.927308 0.474601
vt 0.895801 0.619739
vt 0.355413 0.078183
vt 0.367199 0.078390
vt 0.367004 0.091397
vt 0.355413 0.091437
vt 0.834543 0.088846
vt 0.821734 0.091437
vt 0.821734 0.057045
vt 0.806967 0.670169
vt 0.794129 0.673440
vt 0.794129 0.645320
vt 0.538771 0.908705
vt 0.551524 0.940515
vt 0.538771 0.943396
vt 0.248186 0.412192
vt 0.235478 0.409321
vt 0.248186 0.379966
vt 0.592162 0.466529
vt 0.581069 0.513788
vt 0.589163 0.468137
vt 0.026770 0.923077
vt 0.026770 0.877092
vt 0.049347 0.880418
vt 0.023222 0.885303
vt 0.021361 0.931785
vt 0.000955 0.889734
vt 0.769231 0.106981
vt 0.769231 0.153846
vt 0.746841 0.110647
vt 0.755689 0.051383
vt 0.000955 0.830450
vt 0.581069 0.409891
vt 0.040633 0.821012
vt 0.404935 0.201679
vt 0.404935 0.214680
vt 0.392092 0.214804
vt 0.392101 0.202042
vt 0.216746 0.704220
vt 0.229318 0.673030
vt 0.229318 0.706822
vt 0.033452 0.362845
vt 0.040341 0.329742
vt 0.046444 0.362845
vt 0.000386 0.600593
vt 0.013062 0.632170
vt 0.000386 0.634253
vt 0.302477 0.574746
vt 0.302477 0.541162
vt 0.314949 0.571954
vt 0.226415 0.354930
vt 0.224293 0.355588
vt 0.224293 0.338017
vt 0.226415 0.338712
vt 0.197388 0.381222
vt 0.195051 0.381713
vt 0.195051 0.363389
vt 0.197388 0.364078
vt 0.000604 0.489408
vt 0.015965 0.489135
vt 0.015965 0.506259
vt 0.000604 0.506531
vt 0.078100 0.436601
vt 0.079826 0.435968
vt 0.079826 0.454282
vt 0.078100 0.453736
vt 0.203557 0.030954
vt 0.220610 0.031023
vt 0.220610 0.049347
vt 0.203557 0.049277
vt 0.039935 0.374995
vt 0.042090 0.374299
vt 0.042090 0.391872
vt 0.039935 0.391215
vt 0.371553 0.916697
vt 0.349253 0.912455
vt 0.371553 0.857429
vt 0.231998 0.768631
vt 0.245283 0.825389
vt 0.222734 0.827957
vt 0.838897 0.909828
vt 0.816752 0.914835
vt 0.816752 0.861122
vt 0.815675 0.107602
vt 0.793126 0.105011
vt 0.806412 0.048392
vt 0.837951 0.957910
vt 0.793126 0.150943
vt 0.352809 0.949202
vt 0.245283 0.870827
vt 0.008708 0.019577
vt 0.006314 0.020319
vt 0.006314 0.000495
vt 0.008708 0.001279
vt 0.267054 0.243278
vt 0.264417 0.243832
vt 0.264417 0.223158
vt 0.267054 0.223936
vt 0.277299 0.395775
vt 0.294630 0.395468
vt 0.294630 0.414787
vt 0.277299 0.415094
vt 0.043045 0.268876
vt 0.044993 0.268162
vt 0.044993 0.288824
vt 0.043045 0.288209
vt 0.194114 0.160671
vt 0.213353 0.160749
vt 0.213353 0.181422
vt 0.194114 0.181344
vt 0.064332 0.351060
vt 0.066763 0.350275
vt 0.066763 0.370102
vt 0.064332 0.369360
vt 0.440328 0.088597
vt 0.452830 0.088837
vt 0.452784 0.101596
vt 0.440380 0.101596
vt 0.670537 0.630227
vt 0.657967 0.632801
vt 0.657967 0.599031
vt 0.914369 0.101596
vt 0.901375 0.101596
vt 0.907901 0.071202
vt 0.606676 0.073755
vt 0.606676 0.107402
vt 0.594003 0.105337
vt 0.300436 0.574746
vt 0.287952 0.572014
vt 0.300436 0.541135
vt 0.148021 0.158867
vt 0.145601 0.159652
vt 0.145601 0.138241
vt 0.148041 0.139006
vt 0.040639 0.301325
vt 0.037963 0.301887
vt 0.037963 0.280906
vt 0.040639 0.281695
vt 0.258315 0.029741
vt 0.277213 0.029416
vt 0.277213 0.049022
vt 0.258315 0.049347
vt 0.263626 0.065387
vt 0.265602 0.064662
vt 0.265602 0.085631
vt 0.263626 0.085007
vt 0.265079 0.124072
vt 0.285922 0.124158
vt 0.285922 0.145138
vt 0.265079 0.145052
vt 0.133952 0.199962
vt 0.136430 0.199197
vt 0.136430 0.220610
vt 0.133972 0.219826
vt 0.132075 0.202821
vt 0.107719 0.200023
vt 0.119984 0.129659
vt 0.107719 0.249637
vt 0.092888 0.399819
vt 0.068696 0.395828
vt 0.092888 0.326501
vt 0.073505 0.435414
vt 0.873730 0.490566
vt 0.849374 0.444260
vt 0.873730 0.441486
vt 0.861466 0.371005
vt 0.905660 0.183244
vt 0.881583 0.187904
vt 0.881583 0.120600
vt 0.903018 0.235123
vt 0.473099 0.105951
vt 0.473422 0.088412
vt 0.490566 0.088472
vt 0.490566 0.105879
vt 0.915820 0.332776
vt 0.897978 0.335269
vt 0.897978 0.282396
vt 0.802612 0.481858
vt 0.785154 0.481858
vt 0.793692 0.432948
vt 0.912814 0.184110
vt 0.930334 0.233769
vt 0.912814 0.238026
vt 0.946299 0.115141
vt 0.929300 0.117562
vt 0.929300 0.064601
vt 0.383724 0.000063
vt 0.396226 0.000303
vt 0.396180 0.013062
vt 0.383776 0.013062
vt 0.277213 0.570392
vt 0.264592 0.568082
vt 0.277213 0.536759
vt 0.878084 0.030479
vt 0.865090 0.030479
vt 0.871617 0.000085
vt 0.316794 0.232393
vt 0.322206 0.265602
vt 0.309366 0.265602
vt 0.587808 0.185777
vt 0.575325 0.183045
vt 0.587808 0.152166
vt 0.566959 0.909553
vt 0.589260 0.913794
vt 0.570515 0.946299
vt 0.920174 0.320755
vt 0.897579 0.277909
vt 0.920174 0.274744
vt 0.245835 0.359253
vt 0.248834 0.360878
vt 0.256894 0.406386
vt 0.771074 0.774620
vt 0.793904 0.778286
vt 0.771074 0.821480
vt 0.589260 0.854526
vt 0.785026 0.719018
vt 0.256894 0.307303
vt 0.906778 0.218572
vt 1.000000 0.500000
vt 1.000000 1.000000
vt 0.968750 1.000000
vt 0.968750 0.500000
vt 0.937500 1.000000
vt 0.937500 0.500000
vt 0.906250 1.000000
vt 0.906250 0.500000
vt 0.875000 1.000000
vt 0.875000 0.500000
vt 0.843750 1.000000
vt 0.843750 0.500000
vt 0.812500 1.000000
vt 0.812500 0.500000
vt 0.781250 1.000000
vt 0.781250 0.500000
vt 0.750000 1.000000
vt 0.750000 0.500000
vt 0.718750 1.000000
vt 0.718750 0.500000
vt 0.687500 1.000000
vt 0.687500 0.500000
vt 0.656250 1.000000
vt 0.656250 0.500000
vt 0.625000 1.000000
vt 0.625000 0.500000
vt 0.593750 1.000000
vt 0.593750 0.500000
vt 0.562500 1.000000
vt 0.562500 0.500000
vt 0.531250 1.000000
vt 0.531250 0.500000
vt 0.500000 1.000000
vt 0.500000 0.500000
vt 0.468750 1.000000
vt 0.468750 0.500000
vt 0.437500 1.000000
vt 0.437500 0.500000
vt 0.406250 1.000000
vt 0.406250 0.500000
vt 0.375000 1.000000
vt 0.375000 0.500000
vt 0.343750 1.000000
vt 0.343750 0.500000
vt 0.312500 1.000000
vt 0.312500 0.500000
vt 0.528269 0.158156
vt 0.514612 0.203178
vt 0.510000 0.250000
vt 0.514612 0.296822
vt 0.528269 0.341844
vt 0.550447 0.383337
vt 0.580294 0.419706
vt 0.616663 0.449553
vt 0.658156 0.471731
vt 0.703178 0.485388
vt 0.750000 0.490000
vt 0.796822 0.485388
vt 0.841844 0.471731
vt 0.883337 0.449553
vt 0.919706 0.419706
vt 0.949553 0.383337
vt 0.971731 0.341844
vt 0.985388 0.296822
vt 0.990000 0.250000
vt 0.985388 0.203178
vt 0.971731 0.158156
vt 0.949553 0.116663
vt 0.919706 0.080294
vt 0.883337 0.050447
vt 0.841844 0.028269
vt 0.796822 0.014612
vt 0.750000 0.010000
vt 0.703178 0.014612
vt 0.658156 0.028269
vt 0.616663 0.050447
vt 0.580294 0.080294
vt 0.550447 0.116663
vt 0.281250 1.000000
vt 0.281250 0.500000
vt 0.250000 1.000000
vt 0.250000 0.500000
vt 0.050447 0.116663
vt 0.080294 0.080294
vt 0.116663 0.050447
vt 0.158156 0.028269
vt 0.203178 0.014612
vt 0.250000 0.010000
vt 0.296822 0.014612
vt 0.341844 0.028269
vt 0.383337 0.050447
vt 0.419706 0.080294
vt 0.449553 0.116663
vt 0.471731 0.158156
vt 0.485388 0.203178
vt 0.490000 0.250000
vt 0.485388 0.296822
vt 0.471731 0.341844
vt 0.449553 0.383337
vt 0.419706 0.419706
vt 0.383337 0.449553
vt 0.341844 0.471731
vt 0.296822 0.485388
vt 0.250000 0.490000
vt 0.203178 0.485388
vt 0.158156 0.471731
vt 0.116663 0.449553
vt 0.080294 0.419706
vt 0.050447 0.383337
vt 0.028269 0.341844
vt 0.014612 0.296822
vt 0.010000 0.250000
vt 0.014612 0.203178
vt 0.028269 0.158156
vt 0.218750 1.000000
vt 0.218750 0.500000
vt 0.187500 1.000000
vt 0.187500 0.500000
vt 0.156250 1.000000
vt 0.156250 0.500000
vt 0.125000 1.000000
vt 0.125000 0.500000
vt 0.093750 1.000000
vt 0.093750 0.500000
vt 0.062500 1.000000
vt 0.062500 0.500000
vt 0.031250 1.000000
vt 0.031250 0.500000
vt 0.000000 1.000000
vt 0.000000 0.500000
s 0
usemtl Skin
f 2/1/1 4/2/1 1/3/1
f 2/4/2 1/5/2 3/6/2
f 5/7/3 3/8/3 1/9/3
f 4/10/4 5/11/4 1/12/4
f 5/7/5 6/13/5 7/14/5 3/8/5
f 5/11/6 4/10/6 8/15/6 6/16/6
f 6/13/7 9/17/7 10/18/7 7/14/7
f 9/19/8 6/16/8 8/15/8 11/20/8
f 12/21/9 10/22/9 9/23/9 11/24/9
f 12/25/10 11/26/10 8/27/10 13/28/10
f 10/29/11 12/30/11 13/31/11 7/32/11
f 3/6/12 7/32/12 13/31/12 2/4/12
f 74/33/13 125/34/13 124/35/13 123/36/13 122/37/13 116/38/13 117/39/13 118/40/13 119/41/13 120/42/13 121/43/13 110/44/13 109/45/13 108/46/13 107/47/13 102/48/13 2/1/13 13/28/13 8/27/13 14/49/13 16/50/13 22/51/13 20/52/13 25/53/13 23/54/13 157/55/13 156/56/13 155/57/13 154/58/13 153/59/13 151/60/13 141/61/13 140/62/13 139/63/13 138/64/13 137/65/13 136/66/13 158/67/13 159/68/13 65/69/13 62/70/13 161/71/13 162/72/13 164/73/13 169/74/13 170/75/13 171/76/13 172/77/13 173/78/13 174/79/13 176/80/13 163/81/13
f 95/82/13 94/83/13 93/84/13 126/85/13 127/86/13 128/87/13 129/88/13 130/89/13 131/90/13 148/91/13 147/92/13 146/93/13 145/94/13 149/95/13 150/96/13 29/97/13 27/98/13 188/99/13 15/100/13 14/49/13 8/27/13 4/2/13 2/1/13 102/48/13 101/101/13 98/102/13 97/103/13 96/104/13
f 18/105/14 17/106/14 14/107/14 15/108/14
f 17/109/15 16/110/15 14/111/15
f 18/112/16 19/113/16 17/114/16
f 17/109/15 19/115/15 22/116/15 16/110/15
f 19/115/17 20/117/17 22/116/17
f 19/115/17 21/118/17 25/119/17 20/117/17
f 18/112/18 21/120/18 19/113/18
f 21/118/19 23/121/19 25/119/19
f 21/118/19 24/122/19 157/123/19 23/121/19
f 26/124/18 24/125/18 21/120/18
f 18/112/18 26/124/18 21/120/18
f 29/126/20 26/127/20 27/128/20
f 26/127/20 18/105/20 188/129/20 27/128/20
f 26/124/18 28/134/18 24/125/18
f 28/135/23 26/127/23 29/126/23 150/136/23
f 65/191/44 61/192/44 62/193/44
f 62/193/44 61/192/44 63/194/44 161/195/44
f 61/199/18 66/200/18 63/201/18
f 64/204/18 66/200/18 61/199/18
f 64/205/47 61/192/47 65/191/47 159/206/47
f 76/218/50 73/219/50 74/220/50
f 74/220/50 73/219/50 75/221/50 125/222/50
f 73/223/18 78/224/18 75/225/18
f 160/228/52 63/229/52 73/219/52 76/218/52
f 63/201/18 77/230/18 73/223/18
f 77/230/18 79/231/18 73/223/18
f 73/223/18 79/231/18 78/224/18
f 92/280/69 79/281/69 94/282/69 95/283/69
f 79/231/18 92/284/18 78/224/18
f 79/281/70 93/285/70 94/282/70
f 79/281/70 77/286/70 126/287/70 93/285/70
f 96/288/69 92/280/69 95/283/69
f 99/289/71 92/280/71 96/288/71 97/290/71
f 98/291/71 99/289/71 97/290/71
f 99/292/18 100/293/18 78/224/18
f 100/294/72 99/289/72 98/291/72 101/295/72
f 92/284/18 99/292/18 78/224/18
f 102/296/72 100/294/72 101/295/72
f 78/300/74 100/301/74 102/302/74 107/303/74
f 78/300/74 107/303/74 108/317/74
f 111/318/81 78/319/81 108/320/81 109/321/81
f 111/318/81 109/321/81 110/322/81
f 75/225/18 78/224/18 111/323/18
f 113/324/18 111/323/18 112/325/18
f 112/326/82 111/327/82 110/328/82 121/329/82
f 113/324/16 115/330/16 111/323/16
f 114/331/18 75/225/18 111/323/18
f 115/330/18 114/331/18 111/323/18
f 114/332/83 115/333/83 116/334/83 122/335/83
f 116/334/83 115/333/83 117/336/83
f 115/333/83 113/337/83 118/338/83 117/336/83
f 118/338/84 113/337/84 119/339/84
f 113/337/84 112/340/84 120/341/84 119/339/84
f 112/326/82 121/329/82 120/342/82
f 123/343/83 114/332/83 122/335/83
f 124/344/85 75/221/85 114/345/85 123/346/85
f 125/222/85 75/221/85 124/344/85
f 126/287/86 77/286/86 127/347/86
f 77/286/87 66/348/87 128/349/87 127/347/87
f 128/349/88 66/348/88 129/350/88
f 66/348/88 132/351/88 130/352/88 129/350/88
f 130/352/89 132/351/89 131/353/89
f 132/351/89 133/354/89 148/355/89 131/353/89
f 133/356/18 132/357/18 134/358/18
f 132/357/18 66/200/18 64/204/18
f 134/358/18 132/357/18 64/204/18
f 135/359/90 134/360/90 137/361/90 138/362/90
f 135/363/18 133/356/18 134/358/18
f 136/364/47 137/361/47 134/360/47
f 134/360/47 64/205/47 158/365/47 136/364/47
f 135/359/90 138/362/90 139/366/90
f 142/367/91 135/359/91 139/366/91 140/368/91
f 142/367/91 140/368/91 141/369/91
f 143/370/18 144/371/18 142/372/18
f 143/373/91 142/367/91 141/369/91 151/374/91
f 142/372/18 133/356/18 135/363/18
f 144/371/18 133/356/18 142/372/18
f 146/375/92 144/376/92 145/377/92
f 144/376/92 28/135/92 149/378/92 145/377/92
f 28/134/18 144/371/18 143/370/18
f 133/354/93 144/376/93 146/375/93 147/379/93
f 148/355/93 133/354/93 147/379/93
f 149/378/23 28/135/23 150/136/23
f 143/373/91 151/374/91 153/380/91
f 152/381/18 28/134/18 143/370/18
f 152/382/94 143/373/94 153/380/94 154/383/94
f 152/382/94 154/383/94 155/384/94
f 24/122/95 152/382/95 155/384/95 156/385/95
f 24/122/95 156/385/95 157/123/95
f 28/134/18 152/381/18 24/125/18
f 159/206/96 158/365/96 64/205/96
f 66/200/18 77/230/18 63/201/18
f 160/386/13 76/387/13 74/33/13 163/81/13 162/72/13 161/71/13
f 161/388/52 63/229/52 160/228/52
f 166/389/97 165/390/97 162/391/97 163/392/97
f 162/393/98 165/394/98 164/395/98
f 167/396/18 165/397/18 166/398/18
f 165/394/98 167/399/98 169/400/98 164/395/98
f 167/399/99 168/401/99 171/402/99 170/403/99
f 168/404/18 167/396/18 166/398/18
f 169/400/99 167/399/99 170/403/99
f 171/402/100 168/401/100 172/405/100
f 168/401/100 175/406/100 173/407/100 172/405/100
f 173/408/101 175/409/101 174/410/101
f 174/410/101 175/409/101 166/411/101 176/412/101
f 175/413/18 168/404/18 166/398/18
f 166/389/97 163/392/97 176/414/97
f 188/129/14 18/105/14 15/108/14
f 189/460/116 195/461/116 194/462/116
f 195/461/117 189/460/117 190/463/117
f 195/461/118 192/464/118 194/462/118
f 192/464/119 195/461/119 332/465/119
f 190/466/120 191/467/120 196/468/120
f 200/469/121 199/470/121 193/471/121
f 338/472/122 200/473/122 193/474/122
f 198/475/123 194/462/123 192/464/123
f 197/476/124 198/477/124 202/478/124
f 197/476/125 202/478/125 201/479/125
f 202/480/126 198/481/126 199/482/126
f 202/480/127 199/482/127 203/483/127
f 204/484/128 199/482/128 200/485/128
f 203/483/129 199/482/129 204/484/129
f 202/480/130 203/483/130 205/486/130
f 201/479/131 202/478/131 206/487/131
f 202/480/132 205/486/132 207/488/132
f 207/488/133 208/489/133 209/490/133
f 210/491/134 212/492/134 211/493/134
f 215/494/135 214/495/135 219/496/135
f 217/497/136 216/498/136 214/495/136
f 210/491/137 211/493/137 216/499/137
f 218/500/138 210/501/138 217/497/138
f 223/502/139 221/503/139 222/504/139
f 222/505/140 221/506/140 350/507/140
f 224/508/141 223/502/141 226/509/141
f 227/510/142 212/511/142 210/501/142
f 227/510/143 222/504/143 212/511/143
f 223/502/144 222/504/144 227/510/144
f 355/512/145 227/513/145 218/514/145
f 222/505/146 225/515/146 228/516/146
f 353/517/147 354/518/147 227/510/147
f 226/509/148 223/502/148 354/518/148
f 231/519/149 230/520/149 308/521/149
f 309/522/150 234/523/150 233/524/150
f 311/525/151 235/526/151 241/527/151
f 223/502/152 236/528/152 221/503/152
f 223/529/153 235/530/153 236/531/153
f 233/524/154 232/532/154 236/533/154
f 238/534/155 241/527/155 237/535/155
f 311/525/156 238/534/156 240/536/156
f 241/527/157 235/526/157 223/502/157
f 241/527/158 223/502/158 224/508/158
f 237/535/159 241/527/159 242/537/159
f 237/535/160 242/537/160 243/538/160
f 196/468/161 245/539/161 190/466/161
f 244/540/162 190/466/162 245/539/162
f 244/541/163 195/542/163 190/543/163
f 246/544/164 195/542/164 244/541/164
f 246/545/165 244/540/165 248/546/165
f 196/468/166 191/467/166 251/547/166
f 191/467/167 197/476/167 201/479/167
f 252/548/168 191/467/168 201/479/168
f 252/548/169 201/479/169 256/549/169
f 254/550/170 252/548/170 256/549/170
f 206/487/171 255/551/171 201/479/171
f 257/552/172 206/553/172 207/488/172
f 255/551/173 206/487/173 259/554/173
f 261/555/174 206/553/174 257/552/174
f 260/556/175 379/557/175 259/558/175
f 263/559/176 259/560/176 379/561/176
f 248/562/177 249/563/177 246/544/177
f 269/564/178 249/563/178 248/562/178
f 268/565/179 265/566/179 249/563/179
f 265/566/180 267/567/180 266/568/180
f 268/565/181 384/569/181 267/567/181
f 253/570/182 248/546/182 245/539/182
f 249/563/183 269/564/183 270/571/183
f 270/571/184 272/572/184 268/565/184
f 270/571/185 269/564/185 273/573/185
f 273/573/186 275/574/186 270/571/186
f 276/575/187 273/576/187 269/577/187
f 254/550/188 256/549/188 278/578/188
f 277/579/189 254/550/189 278/578/189
f 277/579/190 278/578/190 280/580/190
f 278/578/191 258/581/191 280/580/191
f 258/581/192 262/582/192 281/583/192
f 279/584/193 264/585/193 283/586/193
f 282/587/194 279/588/194 286/589/194
f 288/590/195 273/573/195 289/591/195
f 291/592/196 277/579/196 280/580/196
f 276/575/197 291/592/197 292/593/197
f 289/594/198 276/575/198 292/593/198
f 294/595/199 292/596/199 295/597/199
f 297/598/200 295/599/200 292/593/200
f 317/600/201 299/601/201 300/602/201
f 320/603/202 317/600/202 305/604/202
f 318/605/203 320/606/203 305/607/203
f 305/604/204 317/600/204 302/608/204
f 302/608/205 301/609/205 304/610/205
f 310/611/206 305/607/206 309/612/206
f 309/522/207 305/604/207 308/521/207
f 305/604/208 307/613/208 306/614/208
f 303/615/209 307/613/209 302/608/209
f 309/616/210 308/617/210 234/618/210
f 312/619/211 310/611/211 311/525/211
f 413/620/212 326/621/212 312/622/212
f 311/525/213 314/623/213 312/619/213
f 314/624/214 315/625/214 312/622/214
f 319/626/215 281/583/215 282/587/215
f 319/626/216 282/587/216 318/605/216
f 320/603/217 286/627/217 317/600/217
f 286/627/218 316/628/218 317/600/218
f 297/598/219 319/626/219 323/629/219
f 323/630/220 321/631/220 297/632/220
f 323/630/221 325/633/221 321/631/221
f 319/626/222 318/605/222 323/629/222
f 323/629/223 318/605/223 310/611/223
f 323/629/224 310/611/224 312/619/224
f 297/598/225 291/592/225 285/634/225
f 329/635/226 332/465/226 195/461/226
f 329/635/227 195/461/227 330/636/227
f 195/461/228 334/637/228 330/636/228
f 333/638/229 334/639/229 195/640/229
f 337/641/230 330/636/230 340/642/230
f 193/471/231 331/643/231 338/644/231
f 339/645/232 338/646/232 336/647/232
f 338/646/233 339/645/233 204/484/233
f 341/648/234 337/649/234 340/650/234
f 347/651/235 340/652/235 334/639/235
f 340/652/236 347/651/236 342/653/236
f 204/484/237 339/645/237 343/654/237
f 337/649/238 341/648/238 343/654/238
f 342/653/239 341/655/239 340/652/239
f 345/656/240 343/654/240 341/648/240
f 344/657/241 345/656/241 341/648/241
f 346/658/242 209/490/242 345/656/242
f 348/659/243 347/651/243 333/638/243
f 335/660/244 348/659/244 333/638/244
f 348/659/245 342/653/245 347/651/245
f 215/661/246 213/662/246 349/663/246
f 215/664/247 349/665/247 217/666/247
f 349/663/248 216/667/248 211/668/248
f 349/663/249 211/668/249 218/669/249
f 221/506/250 236/670/250 220/671/250
f 350/672/251 236/533/251 362/673/251
f 221/506/252 220/671/252 350/507/252
f 354/674/253 351/675/253 352/676/253
f 354/677/254 224/678/254 226/679/254
f 229/680/255 355/681/255 353/682/255
f 227/683/256 355/684/256 229/685/256
f 355/686/257 218/669/257 211/668/257
f 355/686/258 211/668/258 212/687/258
f 355/686/259 351/675/259 354/674/259
f 356/688/260 360/689/260 359/690/260
f 357/691/261 360/689/261 356/688/261
f 363/692/262 360/689/262 357/691/262
f 236/533/263 232/532/263 358/693/263
f 237/694/264 361/695/264 238/696/264
f 362/673/265 236/533/265 358/693/265
f 362/697/266 358/698/266 360/689/266
f 363/699/267 239/700/267 240/701/267
f 352/676/268 362/697/268 360/689/268
f 352/676/269 360/689/269 363/692/269
f 351/675/270 350/702/270 362/697/270
f 361/695/271 352/703/271 363/699/271
f 352/676/272 351/675/272 362/697/272
f 364/704/273 195/542/273 247/705/273
f 365/706/274 195/542/274 364/704/274
f 368/707/275 366/708/275 364/704/275
f 366/709/276 365/710/276 364/711/276
f 247/705/277 368/707/277 364/704/277
f 366/709/278 405/712/278 365/710/278
f 341/655/279 342/653/279 371/713/279
f 370/714/280 371/713/280 342/653/280
f 373/715/281 257/552/281 346/658/281
f 344/716/282 371/713/282 372/717/282
f 370/714/283 372/717/283 371/713/283
f 376/718/284 373/715/284 344/657/284
f 377/719/285 372/717/285 370/714/285
f 260/556/286 373/715/286 374/720/286
f 376/718/287 378/721/287 374/720/287
f 376/718/288 374/720/288 373/715/288
f 260/556/289 374/720/289 378/721/289
f 260/556/290 378/721/290 379/557/290
f 263/722/291 379/557/291 380/723/291
f 382/724/292 376/718/292 381/725/292
f 263/559/293 380/726/293 382/727/293
f 266/728/294 367/729/294 250/730/294
f 383/731/295 367/732/295 266/733/295
f 383/734/296 368/707/296 367/735/296
f 267/736/297 383/731/297 266/733/297
f 385/737/298 383/731/298 384/738/298
f 272/572/299 271/739/299 268/565/299
f 386/740/300 385/741/300 272/572/300
f 387/742/301 368/707/301 386/740/301
f 275/574/302 386/740/302 270/571/302
f 388/743/303 387/742/303 386/740/303
f 389/744/304 369/745/304 387/746/304
f 388/743/305 389/747/305 387/742/305
f 375/748/306 377/719/306 370/714/306
f 408/749/307 375/748/307 370/714/307
f 390/750/308 391/751/308 369/745/308
f 376/752/309 377/719/309 393/753/309
f 375/748/310 393/753/310 377/719/310
f 390/750/311 392/754/311 391/751/311
f 283/586/312 382/727/312 394/755/312
f 394/756/313 382/724/313 381/725/313
f 375/748/314 395/757/314 393/753/314
f 415/758/315 396/759/315 394/760/315
f 398/761/316 416/762/316 393/753/316
f 399/763/317 395/757/317 392/754/317
f 288/590/318 388/743/318 287/764/318
f 402/765/319 392/754/319 390/750/319
f 401/766/320 293/767/320 294/768/320
f 403/769/321 294/770/321 296/771/321
f 401/772/322 417/773/322 402/765/322
f 417/773/323 399/763/323 402/765/323
f 404/774/324 417/773/324 401/772/324
f 405/712/325 333/638/325 365/710/325
f 407/775/326 405/712/326 366/709/326
f 259/560/327 263/559/327 264/585/327 279/584/327
f 303/615/328 302/608/328 304/610/328
f 303/776/329 304/777/329 409/778/329
f 411/779/330 303/615/330 409/780/330
f 306/614/331 411/779/331 410/781/331
f 410/782/332 411/783/332 356/688/332
f 356/688/333 411/783/333 409/784/333
f 422/785/334 326/621/334 413/620/334
f 422/785/335 413/620/335 414/786/335
f 414/787/336 356/688/336 412/788/336
f 413/620/337 315/625/337 414/786/337
f 363/692/338 357/691/338 414/787/338
f 283/586/339 396/789/339 415/790/339
f 416/791/340 394/792/340 381/793/340
f 298/794/341 416/795/341 409/780/341
f 415/790/342 416/795/342 298/794/342
f 298/794/343 409/780/343 299/601/343
f 398/761/344 409/784/344 416/762/344
f 420/796/345 409/784/345 398/761/345
f 419/797/346 421/798/346 399/763/346
f 399/763/347 420/796/347 397/799/347
f 418/800/348 321/631/348 325/633/348
f 324/801/349 418/800/349 325/633/349
f 421/802/350 418/800/350 422/785/350
f 422/785/351 324/801/351 326/621/351
f 422/803/352 412/788/352 421/798/352
f 322/804/353 403/805/353 328/806/353
f 419/797/354 417/773/354 404/774/354
f 190/466/355 189/807/355 191/467/355
f 192/464/356 332/465/356 199/470/356
f 197/476/357 189/807/357 194/808/357
f 191/467/358 189/807/358 197/476/358
f 199/470/359 198/475/359 192/464/359
f 193/471/360 199/470/360 332/465/360
f 197/476/361 194/808/361 198/477/361
f 204/484/362 200/485/362 338/646/362
f 207/488/363 206/553/363 202/480/363
f 208/809/364 207/810/364 205/811/364
f 219/496/365 214/495/365 213/812/365
f 215/494/366 217/497/366 214/495/366
f 217/497/367 210/501/367 216/498/367
f 222/505/368 350/507/368 225/515/368
f 228/516/369 212/813/369 222/505/369
f 218/500/370 227/510/370 210/501/370
f 229/814/371 353/517/371 227/510/371
f 223/502/372 227/510/372 354/518/372
f 234/523/373 308/521/373 230/520/373
f 235/526/374 309/612/374 233/815/374
f 233/815/375 236/528/375 235/526/375
f 238/534/376 311/525/376 241/527/376
f 311/525/377 240/536/377 239/816/377
f 241/527/378 224/508/378 242/537/378
f 243/817/379 361/695/379 237/694/379
f 246/544/380 247/705/380 195/542/380
f 248/546/381 244/540/381 245/539/381
f 249/563/382 250/818/382 246/544/382
f 245/539/383 196/468/383 251/547/383
f 251/547/384 191/467/384 252/548/384
f 253/570/385 245/539/385 251/547/385
f 254/550/386 251/547/386 252/548/386
f 251/547/387 254/550/387 253/570/387
f 256/549/388 201/479/388 255/551/388
f 261/555/389 259/558/389 206/553/389
f 260/556/390 259/558/390 261/555/390
f 255/551/391 258/581/391 256/549/391
f 259/819/392 262/820/392 255/821/392
f 265/566/393 250/818/393 249/563/393
f 265/822/394 266/823/394 250/824/394
f 268/565/395 267/567/395 265/566/395
f 269/577/396 248/546/396 253/570/396
f 270/571/397 268/565/397 249/563/397
f 274/825/398 275/574/398 273/573/398
f 253/570/399 276/575/399 269/577/399
f 254/550/400 277/579/400 253/570/400
f 277/579/401 276/575/401 253/570/401
f 278/578/402 256/549/402 258/581/402
f 258/581/403 255/551/403 262/582/403
f 279/584/404 262/826/404 259/560/404
f 283/586/405 316/628/405 286/627/405 279/584/405
f 280/580/406 258/581/406 281/583/406
f 281/583/407 262/582/407 279/588/407
f 281/583/408 279/588/408 282/587/408
f 284/827/409 280/580/409 281/583/409
f 285/634/410 280/580/410 284/827/410
f 313/828/411 314/624/411 311/829/411 239/700/411
f 287/764/412 274/825/412 273/573/412
f 288/590/413 287/764/413 273/573/413
f 289/594/414 273/576/414 276/575/414
f 289/591/415 290/830/415 288/590/415
f 293/767/416 290/830/416 289/591/416
f 291/592/417 276/575/417 277/579/417
f 292/831/418 293/767/418 289/591/418
f 294/768/419 293/767/419 292/831/419
f 291/592/420 280/580/420 285/634/420
f 296/832/421 294/595/421 295/597/421
f 297/598/422 292/593/422 291/592/422
f 299/601/423 317/600/423 298/794/423
f 302/608/424 317/600/424 301/609/424
f 301/609/425 317/600/425 300/602/425
f 310/611/426 318/605/426 305/607/426
f 305/604/427 306/614/427 308/521/427
f 305/604/428 302/608/428 307/613/428
f 310/611/429 309/612/429 311/525/429
f 312/622/430 315/625/430 413/620/430
f 311/525/431 309/612/431 235/526/431
f 246/544/432 250/818/432 367/735/432 247/705/432
f 319/626/433 284/827/433 281/583/433
f 285/634/434 284/827/434 319/626/434
f 318/605/435 282/587/435 320/606/435
f 282/833/436 286/627/436 320/603/436
f 298/794/437 317/600/437 316/628/437
f 297/598/438 285/634/438 319/626/438
f 297/632/439 321/631/439 322/804/439
f 324/801/440 323/630/440 312/622/440
f 324/801/441 325/633/441 323/630/441
f 312/622/442 326/621/442 324/801/442
f 295/597/443 327/834/443 296/832/443
f 403/805/444 327/834/444 295/597/444
f 403/805/445 295/597/445 297/632/445
f 297/632/446 328/806/446 403/805/446
f 297/632/447 322/804/447 328/806/447
f 329/635/448 193/471/448 332/465/448
f 331/643/449 193/471/449 329/635/449
f 337/641/450 329/635/450 330/636/450
f 334/639/451 340/652/451 330/835/451
f 333/638/452 347/651/452 334/639/452
f 336/836/453 331/643/453 329/635/453
f 336/836/454 329/635/454 337/641/454
f 338/644/455 331/643/455 336/836/455
f 337/649/456 339/645/456 336/647/456
f 337/649/457 343/654/457 339/645/457
f 203/483/458 204/484/458 343/654/458
f 205/486/459 203/483/459 343/654/459
f 205/486/460 343/654/460 345/656/460
f 345/656/461 208/489/461 205/486/461
f 209/490/462 208/489/462 345/656/462
f 346/658/463 345/656/463 344/657/463
f 346/658/464 207/488/464 209/490/464
f 257/552/465 207/488/465 346/658/465
f 215/661/466 219/837/466 213/662/466
f 349/663/467 213/662/467 214/838/467
f 349/663/468 214/838/468 216/667/468
f 349/665/469 218/839/469 217/666/469
f 350/840/470 220/841/470 236/842/470
f 225/843/471 350/702/471 351/675/471
f 355/686/472 212/687/472 228/844/472
f 355/686/473 228/844/473 225/843/473
f 355/686/474 225/843/474 351/675/474
f 355/845/475 354/846/475 353/847/475
f 359/848/476 230/520/476 231/519/476
f 231/519/477 308/521/477 410/781/477
f 356/849/478 359/848/478 231/519/478
f 232/532/479 233/524/479 358/693/479
f 358/693/480 233/524/480 234/523/480
f 234/523/481 230/520/481 359/848/481
f 358/693/482 234/523/482 359/848/482
f 358/698/483 359/690/483 360/689/483
f 238/696/484 361/695/484 240/701/484
f 361/695/485 363/699/485 240/701/485
f 242/850/486 224/678/486 352/703/486
f 354/677/487 352/703/487 224/678/487
f 352/703/488 361/695/488 242/850/488
f 361/851/489 243/852/489 242/853/489
f 365/706/490 333/854/490 195/542/490
f 388/743/491 386/740/491 275/574/491 274/825/491
f 367/735/492 368/707/492 247/705/492
f 406/855/493 370/714/493 342/653/493
f 371/713/494 344/716/494 341/655/494
f 344/657/495 373/715/495 346/658/495
f 261/555/496 257/552/496 373/715/496
f 260/556/497 261/555/497 373/715/497
f 372/717/498 376/752/498 344/716/498
f 376/718/499 379/557/499 378/721/499
f 377/719/500 376/752/500 372/717/500
f 376/718/501 380/723/501 379/557/501
f 382/724/502 380/723/502 376/718/502
f 382/727/503 264/585/503 263/559/503
f 383/731/504 267/736/504 384/738/504
f 268/565/505 271/739/505 384/569/505
f 385/741/506 384/569/506 271/739/506
f 385/741/507 368/707/507 383/734/507
f 386/740/508 368/707/508 385/741/508
f 368/707/509 387/742/509 366/708/509
f 272/572/510 385/741/510 271/739/510
f 270/571/511 386/740/511 272/572/511
f 366/709/512 369/745/512 407/775/512
f 322/804/513 419/856/513 404/857/513 403/805/513
f 387/746/514 369/745/514 366/709/514
f 369/745/515 408/749/515 407/775/515
f 369/745/516 391/751/516 408/749/516
f 389/744/517 390/750/517 369/745/517
f 391/751/518 375/748/518 408/749/518
f 391/751/519 392/754/519 375/748/519
f 393/753/520 381/858/520 376/752/520
f 283/586/521 264/585/521 382/727/521
f 392/754/522 395/757/522 375/748/522
f 283/586/523 394/755/523 396/789/523
f 393/753/524 416/762/524 381/858/524
f 395/757/525 398/761/525 393/753/525
f 399/763/526 397/799/526 395/757/526
f 274/825/527 287/764/527 388/743/527
f 288/590/528 290/830/528 388/743/528
f 388/743/529 400/859/529 389/747/529
f 390/750/530 389/744/530 400/860/530
f 400/859/531 388/743/531 290/830/531
f 290/830/532 401/766/532 400/859/532
f 402/765/533 390/750/533 400/860/533
f 293/767/534 401/766/534 290/830/534
f 400/860/535 401/772/535 402/765/535
f 403/805/536 401/861/536 294/595/536
f 402/765/537 399/763/537 392/754/537
f 401/861/538 403/805/538 404/857/538
f 405/712/539 335/660/539 333/638/539
f 335/660/540 406/855/540 348/659/540
f 405/712/541 407/775/541 335/660/541
f 406/855/542 342/653/542 348/659/542
f 407/775/543 406/855/543 335/660/543
f 406/855/544 408/749/544 370/714/544
f 407/775/545 408/749/545 406/855/545
f 409/862/546 300/863/546 299/864/546
f 301/609/547 300/602/547 409/780/547
f 409/780/548 304/610/548 301/609/548
f 420/796/549 412/788/549 409/784/549
f 412/788/550 356/688/550 409/784/550
f 306/614/551 307/613/551 411/779/551
f 307/613/552 303/615/552 411/779/552
f 410/781/553 308/521/553 306/614/553
f 356/688/554 231/865/554 410/782/554
f 414/787/555 357/691/555 356/688/555
f 422/803/556 414/787/556 412/788/556
f 363/699/557 414/786/557 313/828/557
f 363/699/558 313/828/558 239/700/558
f 414/786/559 314/624/559 313/828/559
f 414/786/560 315/625/560 314/624/560
f 415/790/561 316/628/561 283/586/561
f 416/866/562 415/758/562 394/760/562
f 397/799/563 398/761/563 395/757/563
f 298/794/564 316/628/564 415/790/564
f 419/797/565 399/763/565 417/773/565
f 397/799/566 420/796/566 398/761/566
f 321/631/567 418/800/567 322/804/567
f 421/798/568 420/796/568 399/763/568
f 418/800/569 421/802/569 419/856/569
f 324/801/570 422/785/570 418/800/570
f 420/796/571 421/798/571 412/788/571
f 327/834/572 403/805/572 296/832/572
f 322/804/573 418/800/573 419/856/573
f 424/867/574 423/868/574 427/869/574
f 426/870/575 423/871/575 424/872/575
f 427/873/576 423/874/576 425/875/576
f 425/876/577 423/877/577 426/878/577
f 426/879/578 424/880/578 427/881/578 425/882/578
f 1067/2302/858 1068/2303/858 1070/2304/858
f 1071/2305/859 1068/2306/859 1067/2307/859
f 1070/2304/860 1069/2308/860 1067/2302/860
f 1067/2309/861 1069/2310/861 1071/2311/861
f 1072/2312/862 1071/2311/862 1069/2310/862
f 1071/2313/863 1072/2314/863 1068/2315/863
f 1070/2316/864 1072/2312/864 1069/2310/864
f 1072/2317/865 1070/2318/865 1068/2319/865
f 1689/3708/1479 1691/3709/1479 1688/3710/1479
f 1688/3711/1480 1690/3712/1480 1689/3713/1480
f 1692/3714/1481 1690/3712/1481 1688/3711/1481
f 1688/3715/1482 1691/3716/1482 1692/3717/1482
f 1693/3718/1483 1690/3712/1483 1692/3714/1483
f 1692/3719/1484 1691/3720/1484 1693/3721/1484
f 1693/3722/1485 1691/3723/1485 1689/3724/1485
f 1689/3713/1486 1690/3712/1486 1693/3718/1486
f 1695/3725/1487 1696/3726/1487 1698/3727/1487
f 1696/3726/1488 1695/3725/1488 1699/3728/1488
f 1697/3729/1489 1695/3730/1489 1698/3731/1489
f 1695/3730/1490 1697/3729/1490 1699/3732/1490
f 1697/3733/1491 1700/3734/1491 1699/3735/1491
f 1700/3736/1492 1696/3737/1492 1699/3738/1492
f 1700/3734/1493 1697/3733/1493 1698/3739/1493
f 1696/3737/1494 1700/3736/1494 1698/3740/1494
f 1712/3765/1501 1709/3766/1501 1710/3767/1501
f 1709/3768/1502 1711/3769/1502 1710/3770/1502
f 1709/3768/1503 1711/3769/1503 1714/3771/1503
f 1711/3769/1504 1709/3768/1504 1713/3772/1504
f 1712/3765/1505 1709/3766/1505 1714/3773/1505
f 1709/3766/1506 1712/3765/1506 1713/3774/1506
f 1711/3775/1507 1715/3776/1507 1714/3777/1507
f 1715/3778/1508 1712/3779/1508 1714/3780/1508
f 1715/3778/1509 1712/3779/1509 1710/3781/1509
f 1711/3775/1510 1715/3776/1510 1710/3782/1510
f 1712/3779/1511 1715/3778/1511 1713/3783/1511
f 1715/3776/1512 1711/3775/1512 1713/3784/1512
f 1729/3825/1524 1733/3826/1524 1730/3827/1524
f 1730/3827/1525 1731/3828/1525 1729/3825/1525
f 1729/3829/1526 1731/3830/1526 1732/3831/1526
f 1732/3831/1527 1733/3832/1527 1729/3829/1527
f 1734/3833/1528 1733/3834/1528 1732/3835/1528
f 1730/3836/1529 1733/3837/1529 1734/3838/1529
f 1732/3835/1530 1731/3839/1530 1734/3833/1530
f 1734/3838/1531 1731/3840/1531 1730/3836/1531
f 1744/3865/1538 1748/3866/1538 1743/3867/1538
f 1743/3867/1539 1747/3868/1539 1744/3865/1539
f 1744/3865/1540 1746/3869/1540 1743/3867/1540
f 1743/3870/1541 1748/3871/1541 1745/3872/1541
f 1745/3872/1542 1747/3873/1542 1743/3870/1542
f 1743/3870/1543 1746/3874/1543 1745/3872/1543
f 1745/3875/1544 1748/3876/1544 1749/3877/1544
f 1749/3878/1545 1748/3879/1545 1744/3880/1545
f 1744/3880/1546 1747/3881/1546 1749/3878/1546
f 1749/3878/1547 1746/3882/1547 1744/3880/1547
f 1749/3877/1548 1747/3883/1548 1745/3875/1548
f 1745/3875/1549 1746/3884/1549 1749/3877/1549
f 1764/3925/1561 1767/3926/1561 1763/3927/1561
f 1766/3928/1562 1764/3929/1562 1763/3930/1562
f 1767/3931/1563 1765/3932/1563 1763/3930/1563
f 1765/3932/1564 1766/3928/1564 1763/3930/1564
f 1765/3933/1565 1767/3934/1565 1769/3935/1565 1770/3936/1565
f 1766/3937/1566 1765/3938/1566 1767/3939/1566 1764/3940/1566
f 1765/3933/1567 1767/3934/1567 1768/3941/1567 1775/3942/1567
f 1767/3926/1568 1764/3925/1568 1771/3943/1568 1769/3944/1568
f 1767/3926/1569 1764/3925/1569 1774/3945/1569 1768/3946/1569
f 1770/3947/1570 1769/3948/1570 1771/3949/1570 1776/3950/1570
f 1769/3935/1571 1770/3936/1571 1772/3951/1571
f 1771/3943/1572 1769/3944/1572 1772/3952/1572
f 1773/3953/1573 1774/3954/1573 1772/3955/1573
f 1775/3956/1574 1773/3957/1574 1772/3958/1574
f 1774/3945/1575 1768/3946/1575 1772/3952/1575
f 1776/3959/1576 1771/3960/1576 1772/3955/1576
f 1768/3941/1577 1775/3942/1577 1772/3951/1577
f 1770/3961/1578 1776/3962/1578 1772/3963/1578
f 1766/3964/1579 1765/3965/1579 1770/3966/1579 1776/3967/1579
f 1764/3968/1580 1766/3969/1580 1776/3959/1580 1771/3960/1580
f 1775/3970/1581 1768/3971/1581 1774/3972/1581 1773/3973/1581
f 1766/3964/1582 1765/3965/1582 1775/3974/1582 1773/3975/1582
f 1764/3968/1583 1766/3969/1583 1773/3953/1583 1774/3954/1583
f 1773/3953/1584 1774/3954/1584 1778/3976/1584
f 1773/3973/1585 1779/3977/1585 1768/3971/1585 1774/3972/1585
f 1774/3954/1586 1773/3953/1586 1777/3978/1586
f 1768/3946/1587 1774/3945/1587 1777/3979/1587
f 1774/3945/1588 1768/3946/1588 1778/3980/1588
f 1768/3981/1589 1779/3982/1589 1778/3983/1589
f 1779/3984/1590 1773/3985/1590 1778/3986/1590
f 1779/3982/1591 1768/3981/1591 1777/3987/1591
f 1773/3985/1592 1779/3984/1592 1777/3988/1592
f 1797/4033/1603 1803/4034/1603 1796/4035/1603
f 1797/4033/1604 1801/4036/1604 1796/4035/1604
f 1805/4037/1605 1797/4038/1605 1796/4039/1605 1802/4040/1605
f 1796/4041/1606 1798/4042/1606 1797/4043/1606
f 1799/4044/1607 1796/4041/1607 1797/4043/1607 1809/4045/1607
f 1800/4046/1608 1805/4037/1608 1797/4038/1608 1796/4039/1608
f 1802/4047/1609 1798/4048/1609 1796/4049/1609
f 1812/4050/1610 1800/4051/1610 1796/4052/1610 1799/4053/1610
f 1796/4052/1611 1803/4054/1611 1800/4051/1611
f 1796/4049/1612 1801/4055/1612 1802/4047/1612
f 1804/4056/1613 1803/4057/1613 1807/4058/1613
f 1806/4059/1614 1803/4060/1614 1804/4061/1614
f 1800/4062/1615 1803/4063/1615 1805/4064/1615
f 1805/4065/1616 1803/4057/1616 1797/4066/1616
f 1808/4067/1617 1803/4054/1617 1806/4068/1617
f 1807/4069/1618 1803/4070/1618 1808/4071/1618
f 1812/4050/1619 1806/4068/1619 1808/4067/1619 1799/4053/1619
f 1806/4072/1620 1804/4073/1620 1807/4074/1620 1808/4075/1620
f 1799/4044/1621 1808/4075/1621 1807/4074/1621 1809/4045/1621
f 1809/4076/1622 1807/4058/1622 1804/4056/1622 1810/4077/1622
f 1810/4078/1623 1811/4079/1623 1809/4080/1623
f 1810/4081/1624 1809/4045/1624 1799/4044/1624 1812/4082/1624
f 1809/4076/1625 1797/4066/1625 1805/4065/1625 1810/4077/1625
f 1809/4080/1626 1811/4079/1626 1799/4083/1626
f 1812/4084/1627 1811/4085/1627 1810/4086/1627
f 1799/4087/1628 1811/4085/1628 1812/4084/1628
f 1810/4088/1629 1804/4089/1629 1806/4090/1629 1812/4091/1629
f 1810/4088/1630 1805/4037/1630 1800/4046/1630 1812/4091/1630
f 1805/4065/1631 1801/4092/1631 1797/4066/1631
f 1797/4066/1632 1798/4093/1632 1805/4065/1632
f 1805/4037/1633 1798/4094/1633 1802/4040/1633
f 1802/4095/1634 1801/4096/1634 1805/4097/1634
f 1829/4142/1645 1833/4143/1645 1834/4144/1645 1830/4145/1645
f 1830/4145/1646 1832/4146/1646 1829/4142/1646
f 1830/4147/1647 1829/4148/1647 1831/4149/1647 1837/4150/1647
f 1831/4151/1648 1835/4152/1648 1833/4153/1648 1829/4154/1648
f 1829/4155/1649 1832/4156/1649 1831/4157/1649
f 1836/4158/1650 1834/4159/1650 1833/4160/1650 1835/4161/1650
f 1837/4162/1651 1836/4163/1651 1835/4164/1651 1831/4165/1651
f 1830/4147/1652 1834/4159/1652 1836/4158/1652 1837/4150/1652
f 1837/4166/1653 1832/4167/1653 1830/4168/1653
f 1831/4165/1654 1832/4169/1654 1837/4162/1654
f 1838/4170/1655 1841/4171/1655 1839/4172/1655
f 1840/4173/1656 1838/4174/1656 1839/4175/1656
f 1838/4176/1657 1840/4177/1657 1843/4178/1657 1842/4179/1657
f 1838/4180/1658 1840/4181/1658 1846/4182/1658 1841/4183/1658
f 1841/4171/1659 1838/4170/1659 1842/4184/1659 1844/4185/1659
f 1843/4186/1660 1845/4187/1660 1844/4188/1660 1842/4189/1660
f 1846/4190/1661 1841/4191/1661 1844/4192/1661 1845/4193/1661
f 1840/4194/1662 1846/4195/1662 1845/4196/1662 1843/4197/1662
f 1846/4195/1663 1840/4194/1663 1839/4198/1663
f 1841/4191/1664 1846/4190/1664 1839/4199/1664
f 1851/4200/1665 1847/4201/1665 1848/4202/1665
f 1847/4203/1666 1849/4204/1666 1848/4205/1666
f 1849/4206/1667 1847/4207/1667 1850/4208/1667
f 1850/4209/1668 1847/4210/1668 1851/4211/1668
f 1851/4211/1669 1852/4212/1669 1850/4209/1669
f 1848/4202/1670 1852/4213/1670 1851/4200/1670
f 1850/4208/1671 1852/4214/1671 1849/4206/1671
f 1852/4215/1672 1848/4205/1672 1849/4204/1672
f 1860/4232/1685 1858/4233/1685 1859/4234/1685
f 1861/4235/1686 1859/4234/1686 1858/4233/1686
f 1858/4236/1687 1860/4237/1687 1862/4238/1687
f 1862/4238/1688 1861/4239/1688 1858/4236/1688
f 1863/4240/1689 1861/4241/1689 1862/4242/1689
f 1862/4242/1690 1860/4243/1690 1863/4240/1690
f 1859/4244/1691 1861/4245/1691 1863/4246/1691
f 1863/4246/1692 1860/4247/1692 1859/4244/1692
f 1889/4312/1688 1885/4313/1688 1886/4314/1688
f 1885/4315/1686 1887/4316/1686 1886/4317/1686
f 1887/4318/1691 1885/4319/1691 1888/4320/1691
f 1888/4321/1689 1885/4322/1689 1889/4323/1689
f 1889/4323/1713 1890/4324/1713 1888/4321/1713
f 1886/4314/1714 1890/4325/1714 1889/4312/1714
f 1890/4326/1715 1886/4317/1715 1887/4316/1715
f 1888/4320/1716 1890/4327/1716 1887/4318/1716
f 1904/4368/1733 1907/4369/1733 1905/4370/1733
f 1905/4371/1734 1906/4372/1734 1904/4373/1734
f 1908/4374/1735 1904/4373/1735 1906/4372/1735
f 1907/4369/1736 1904/4368/1736 1908/4375/1736
f 1906/4376/1737 1909/4377/1737 1908/4378/1737
f 1909/4379/1738 1907/4380/1738 1908/4381/1738
f 1907/4380/1739 1909/4379/1739 1905/4382/1739
f 1909/4377/1740 1906/4376/1740 1905/4383/1740
f 1916/4400/1753 1915/4401/1753 1918/4402/1753
f 1915/4403/1754 1916/4404/1754 1917/4405/1754
f 1919/4406/1688 1915/4407/1688 1917/4408/1688
f 1918/4409/1755 1915/4410/1755 1919/4411/1755
f 1919/4411/1756 1920/4412/1756 1918/4409/1756
f 1917/4408/1687 1920/4413/1687 1919/4406/1687
f 1918/4402/1757 1920/4414/1757 1916/4400/1757
f 1920/4415/1758 1917/4405/1758 1916/4404/1758
f 1935/4456/1766 1937/4457/1766 1934/4458/1766
f 1934/4459/1767 1936/4460/1767 1935/4461/1767
f 1938/4462/1768 1936/4463/1768 1934/4464/1768
f 1937/4465/1769 1938/4466/1769 1934/4467/1769
f 1936/4463/1770 1938/4462/1770 1939/4468/1770
f 1938/4466/1771 1937/4465/1771 1939/4469/1771
f 1937/4457/1772 1935/4456/1772 1939/4470/1772
f 1939/4471/1773 1935/4461/1773 1936/4460/1773
f 1961/4536/1791 1962/4537/1791 1963/4538/1791
f 1962/4537/1771 1961/4536/1771 1964/4539/1771
f 1965/4540/1792 1961/4541/1792 1963/4542/1792
f 1961/4541/1772 1965/4540/1772 1964/4543/1772
f 1964/4544/1773 1965/4545/1773 1966/4546/1773
f 1963/4547/1793 1966/4546/1793 1965/4545/1793
f 1962/4548/1794 1966/4549/1794 1963/4550/1794
f 1966/4549/1770 1962/4548/1770 1964/4551/1770
f 1981/4584/1772 1978/4585/1772 1977/4586/1772
f 1977/4587/1807 1978/4588/1807 1980/4589/1807
f 1980/4590/1808 1979/4591/1808 1977/4592/1808
f 1979/4593/1809 1981/4594/1809 1977/4595/1809
f 1978/4585/1766 1981/4584/1766 1982/4596/1766
f 1981/4594/1810 1979/4593/1810 1982/4597/1810
f 1979/4591/1811 1980/4590/1811 1982/4598/1811
f 1982/4599/1812 1980/4589/1812 1978/4588/1812
usemtl WhiteBright
f 26/130/21 18/131/21 34/132/21
f 26/130/22 30/133/22 18/131/22
f 26/130/24 32/137/24 30/133/24
f 31/138/25 26/139/25 33/140/25
f 31/141/26 32/137/26 26/130/26
f 34/132/27 33/142/27 26/130/27
f 34/143/28 35/144/28 33/145/28
f 34/143/28 37/146/28 35/144/28
f 18/131/29 36/147/29 34/132/29
f 36/148/30 37/146/30 34/143/30
f 36/148/30 38/149/30 37/146/30
f 37/150/18 38/151/18 30/152/18
f 30/152/18 32/153/18 37/150/18
f 37/150/18 32/153/18 35/154/18
f 39/155/31 40/156/31 38/149/31
f 39/155/31 38/149/31 36/148/31
f 38/151/18 40/157/18 30/152/18
f 18/131/32 40/158/32 39/159/32
f 18/131/33 30/133/33 40/158/33
f 18/131/34 39/159/34 36/147/34
f 33/145/35 35/144/35 42/160/35
f 32/153/18 41/161/18 35/154/18
f 42/162/18 35/154/18 41/161/18
f 33/145/35 42/160/35 43/163/35
f 43/163/36 42/160/36 44/164/36
f 44/165/18 42/162/18 41/161/18
f 43/163/36 44/164/36 45/166/36
f 45/166/37 44/164/37 47/167/37
f 41/161/18 46/168/18 44/165/18
f 47/169/18 44/165/18 46/168/18
f 45/166/37 47/167/37 48/170/37
f 48/170/37 47/167/37 50/171/37
f 46/168/18 49/172/18 47/169/18
f 47/169/18 49/172/18 50/173/18
f 48/170/37 50/171/37 51/174/37
f 51/174/38 50/171/38 52/175/38
f 50/173/18 49/172/18 52/176/18
f 51/174/38 52/175/38 53/177/38
f 53/177/39 52/175/39 55/178/39
f 49/172/18 54/179/18 52/176/18
f 52/176/18 54/179/18 55/180/18
f 58/181/40 55/178/40 56/182/40
f 56/183/18 55/180/18 57/184/18
f 54/179/18 57/184/18 55/180/18
f 53/177/39 55/178/39 58/181/39
f 58/185/41 60/186/41 53/187/41
f 58/181/42 56/182/42 61/188/42
f 59/189/43 58/181/43 61/188/43
f 59/190/41 60/186/41 58/185/41
f 63/196/45 59/197/45 61/198/45
f 61/188/46 67/202/46 63/203/46
f 61/188/46 56/182/46 67/202/46
f 67/207/18 56/183/18 57/184/18
f 57/184/18 68/208/18 67/207/18
f 67/207/18 68/208/18 69/209/18
f 63/210/48 67/211/48 69/212/48
f 68/208/18 70/213/18 69/209/18
f 70/213/18 71/214/18 69/209/18
f 71/214/18 72/215/18 69/209/18
f 73/216/49 69/212/49 72/217/49
f 63/210/48 69/212/48 73/216/48
f 81/226/51 63/196/51 73/227/51
f 73/232/53 80/233/53 78/234/53
f 79/235/54 81/236/54 73/237/54
f 73/216/55 72/217/55 80/238/55
f 81/226/56 59/197/56 63/196/56
f 81/239/57 57/240/57 59/241/57
f 81/239/58 68/242/58 57/240/58
f 79/243/59 68/242/59 81/239/59
f 80/238/60 72/217/60 83/244/60
f 82/245/41 84/246/41 80/247/41
f 80/238/60 83/244/60 82/248/60
f 84/246/61 78/249/61 80/247/61
f 84/250/62 86/251/62 71/252/62
f 84/253/63 71/254/63 78/255/63
f 85/256/41 84/246/41 87/257/41
f 85/258/64 86/259/64 84/260/64
f 88/261/41 87/257/41 84/246/41
f 82/245/41 88/261/41 84/246/41
f 82/262/65 89/263/65 88/264/65
f 88/264/65 89/263/65 90/265/65
f 88/264/65 90/265/65 87/266/65
f 87/267/66 90/268/66 91/269/66
f 90/270/18 89/271/18 86/272/18
f 86/272/18 91/273/18 90/270/18
f 87/267/66 91/269/66 85/274/66
f 85/258/64 91/275/64 86/259/64
f 82/262/65 83/276/65 89/263/65
f 83/277/18 86/272/18 89/271/18
f 71/214/18 86/272/18 72/215/18
f 86/272/18 83/277/18 72/215/18
f 79/243/67 70/278/67 68/242/67
f 92/279/68 70/278/68 79/243/68
f 100/297/73 103/298/73 78/299/73
f 78/299/75 105/304/75 100/297/75
f 100/305/76 104/306/76 103/307/76
f 100/305/77 105/308/77 104/306/77
f 104/309/18 105/310/18 71/214/18
f 78/299/75 71/311/75 105/304/75
f 103/307/78 104/306/78 106/312/78
f 106/313/18 104/309/18 71/214/18
f 103/307/79 106/312/79 92/279/79
f 92/279/68 106/312/68 70/278/68
f 70/213/18 106/313/18 71/214/18
f 103/314/80 92/315/80 78/316/80
f 168/415/102 180/416/102 177/417/102
f 177/418/103 178/419/103 168/420/103
f 178/419/104 179/421/104 168/420/104
f 168/422/105 179/423/105 181/424/105
f 168/422/106 181/424/106 180/425/106
f 180/426/107 181/427/107 182/428/107
f 182/429/18 181/430/18 179/431/18
f 179/431/18 183/432/18 182/429/18
f 183/432/18 184/433/18 182/429/18
f 177/434/108 182/435/108 184/436/108
f 180/426/107 182/428/107 177/437/107
f 185/438/109 184/439/109 183/440/109
f 177/434/108 184/436/108 185/441/108
f 177/442/41 185/443/41 178/444/41
f 185/438/109 183/440/109 178/445/109
f 178/445/110 183/440/110 179/446/110
f 60/186/41 186/447/41 53/187/41
f 60/448/111 49/449/111 186/450/111
f 60/448/111 54/451/111 49/449/111
f 59/241/112 54/451/112 60/448/112
f 186/447/41 51/452/41 53/187/41
f 186/447/41 48/453/41 51/452/41
f 186/450/113 49/449/113 46/454/113
f 186/447/41 187/455/41 48/453/41
f 186/450/113 46/454/113 187/456/113
f 187/455/41 31/138/41 45/457/41
f 187/456/114 41/458/114 31/141/114
f 187/456/114 46/454/114 41/458/114
f 187/455/41 45/457/41 48/453/41
f 59/241/112 57/240/112 54/451/112
f 31/138/41 43/459/41 45/457/41
f 31/138/41 33/140/41 43/459/41
f 31/141/115 41/458/115 32/137/115
s 1
f 428/883/579 430/884/580 429/885/581
f 429/885/581 436/886/582 428/883/579
f 428/883/579 437/887/583 430/884/580
f 428/888/584 432/889/585 430/890/586
f 428/888/584 430/890/586 434/891/587
f 433/892/588 428/888/584 431/893/589
f 431/893/589 428/888/584 434/891/587
f 432/889/585 428/888/584 433/892/588
f 436/894/582 435/895/590 428/896/579
f 435/897/590 437/887/583 428/883/579
f 435/898/590 440/899/591 437/900/583
f 437/900/583 438/901/592 439/902/593
f 438/901/592 437/900/583 440/899/591
f 439/903/593 430/884/580 437/887/583
f 442/904/594 441/905/595 440/906/591
f 440/899/591 441/907/595 438/901/592
f 435/908/590 442/904/594 440/906/591
f 444/909/596 443/910/597 442/904/594
f 442/904/594 443/910/597 441/905/595
f 435/895/590 436/894/582 442/911/594
f 442/911/594 436/894/582 444/912/596
f 446/913/598 444/912/596 436/894/582
f 444/909/596 445/914/599 443/910/597
f 445/914/599 444/909/596 446/915/598
f 447/916/600 446/917/598 429/918/581
f 446/913/598 436/894/582 429/919/581
f 446/917/598 447/916/600 448/920/601
f 448/920/601 445/921/599 446/917/598
f 449/922/602 448/920/601 447/916/600
f 448/923/601 438/924/592 441/905/595
f 441/905/595 445/914/599 448/923/601
f 438/901/592 448/925/601 449/926/602
f 430/884/580 439/903/593 449/927/602
f 449/922/602 447/916/600 430/928/580
f 439/902/593 438/901/592 449/926/602
f 429/918/581 430/928/580 447/916/600
f 445/914/599 441/905/595 443/910/597
f 434/929/587 451/930/603 450/931/604
f 450/931/604 452/932/605 434/929/587
f 451/933/603 434/891/587 430/890/586
f 431/934/589 434/929/587 452/932/605
f 431/935/589 452/936/605 454/937/606
f 454/937/606 452/936/605 453/938/607
f 452/932/605 450/931/604 453/939/607
f 454/937/606 453/938/607 456/940/608
f 454/941/606 455/942/609 433/943/588
f 455/944/609 454/937/606 456/940/608
f 431/945/589 454/941/606 433/943/588
f 455/944/609 456/940/608 457/946/610
f 457/946/610 456/940/608 453/938/607
f 453/938/607 458/947/611 457/946/610
f 458/947/611 459/948/612 457/946/610
f 457/946/610 459/948/612 455/944/609
f 460/949/613 432/950/585 459/951/612
f 459/952/612 432/953/585 433/943/588
f 459/952/612 433/943/588 455/942/609
f 459/951/612 458/954/611 460/949/613
f 432/950/585 460/949/613 430/955/586
f 461/956/614 430/955/586 460/949/613
f 461/956/614 460/949/613 458/954/611
f 430/955/586 461/956/614 451/957/603
f 451/930/603 461/958/614 450/931/604
f 450/931/604 461/958/614 458/959/611
f 458/947/611 453/938/607 450/960/604
f 463/961/615 462/962/616 464/963/617
f 467/964/618 462/965/616 463/966/615
f 466/967/619 464/963/617 462/962/616
f 462/965/616 465/968/620 466/969/619
f 465/968/620 462/965/616 468/970/621
f 467/964/618 468/970/621 462/965/616
f 469/971/622 468/970/621 467/964/618
f 469/972/622 471/973/591 468/974/621
f 470/975/623 468/974/621 471/973/591
f 468/974/621 470/975/623 465/976/620
f 469/977/622 473/978/624 471/979/591
f 471/973/591 472/980/625 470/975/623
f 473/978/624 472/981/625 471/979/591
f 473/978/624 475/982/626 472/981/625
f 473/983/624 476/984/627 474/985/628
f 474/986/628 475/982/626 473/978/624
f 469/987/622 476/984/627 473/983/624
f 476/984/627 469/987/622 467/988/618
f 463/966/615 476/989/627 467/964/618
f 477/990/629 476/984/627 463/991/615
f 477/990/629 474/985/628 476/984/627
f 464/963/617 477/992/629 463/961/615
f 478/993/630 474/986/628 477/994/629
f 479/995/631 478/996/630 477/992/629
f 477/992/629 464/963/617 479/995/631
f 472/981/625 478/993/630 479/997/631
f 466/967/619 479/995/631 464/963/617
f 479/997/631 470/998/623 472/981/625
f 470/975/623 479/999/631 466/1000/619
f 474/986/628 478/993/630 475/982/626
f 478/993/630 472/981/625 475/982/626
f 465/976/620 470/975/623 466/1000/619
f 483/1001/599 481/1002/625 480/1003/626
f 484/1004/632 480/1003/626 481/1002/625
f 482/1005/633 483/1001/599 480/1003/626
f 482/1005/633 480/1003/626 484/1004/632
f 487/1006/634 485/1007/635 484/1008/632
f 484/1008/632 485/1007/635 482/1009/633
f 487/1010/634 484/1004/632 486/1011/591
f 484/1004/632 481/1002/625 486/1011/591
f 485/1007/635 487/1006/634 488/1012/636
f 487/1013/634 489/1014/637 488/1015/636
f 487/1016/634 486/1017/591 489/1018/637
f 492/1019/620 490/1020/638 489/1014/637
f 488/1015/636 489/1014/637 490/1020/638
f 489/1018/637 491/1021/592 492/1022/620
f 491/1021/592 489/1018/637 486/1017/591
f 492/1022/620 491/1021/592 493/1023/619
f 490/1020/638 492/1019/620 493/1024/619
f 491/1021/592 494/1025/601 493/1023/619
f 493/1026/619 494/1027/601 495/1028/639
f 493/1026/619 495/1028/639 490/1029/638
f 497/1030/640 490/1029/638 495/1028/639
f 496/1031/641 495/1028/639 494/1027/601
f 495/1028/639 496/1031/641 497/1030/640
f 496/1032/641 485/1007/635 497/1033/640
f 497/1034/640 485/1035/635 488/1015/636
f 488/1015/636 490/1020/638 497/1034/640
f 496/1032/641 482/1009/633 485/1007/635
f 494/1027/601 483/1036/599 496/1031/641
f 483/1001/599 482/1005/633 496/1037/641
f 494/1038/601 491/1039/592 481/1002/625
f 481/1002/625 483/1001/599 494/1038/601
f 486/1017/591 481/1040/625 491/1021/592
f 501/1041/642 499/1042/627 498/1043/643
f 499/1044/627 500/1045/634 498/1046/643
f 500/1047/634 502/1048/644 498/1043/643
f 498/1043/643 503/1049/645 501/1041/642
f 498/1043/643 502/1048/644 503/1049/645
f 501/1050/642 503/1051/645 504/1052/639
f 506/1053/646 504/1052/639 503/1051/645
f 505/1054/647 503/1049/645 502/1048/644
f 503/1049/645 505/1054/647 506/1055/646
f 505/1056/647 507/1057/648 506/1058/646
f 507/1057/648 508/1059/601 506/1058/646
f 506/1053/646 508/1060/601 504/1052/639
f 511/1061/595 509/1062/630 508/1063/601
f 508/1060/601 509/1064/630 510/1065/649
f 508/1063/601 507/1066/648 511/1061/595
f 510/1065/649 504/1052/639 508/1060/601
f 509/1062/630 511/1061/595 512/1067/650
f 513/1068/594 512/1067/650 511/1061/595
f 513/1068/594 511/1061/595 514/1069/651
f 514/1070/651 511/1071/595 507/1057/648
f 507/1057/648 502/1072/644 514/1070/651
f 500/1073/634 513/1068/594 514/1069/651
f 500/1074/634 514/1070/651 502/1072/644
f 500/1045/634 499/1044/627 513/1075/594
f 513/1075/594 499/1044/627 515/1076/652
f 515/1077/652 512/1067/650 513/1068/594
f 510/1078/649 515/1076/652 499/1044/627
f 515/1077/652 509/1062/630 512/1067/650
f 509/1062/630 515/1077/652 510/1079/649
f 504/1052/639 510/1065/649 501/1050/642
f 510/1078/649 499/1044/627 501/1080/642
f 502/1072/644 507/1057/648 505/1056/647
f 519/1081/653 516/1082/650 517/1083/654
f 517/1083/654 516/1082/650 518/1084/655
f 520/1085/630 518/1084/655 516/1082/650
f 519/1081/653 520/1085/630 516/1082/650
f 520/1085/630 519/1081/653 521/1086/656
f 522/1087/631 520/1088/630 521/1089/656
f 518/1084/655 520/1085/630 522/1090/631
f 523/1091/657 522/1092/631 524/1093/619
f 522/1090/631 523/1094/657 518/1084/655
f 524/1095/619 522/1087/631 525/1096/658
f 521/1089/656 525/1096/658 522/1087/631
f 525/1096/658 521/1089/656 527/1097/659
f 527/1097/659 526/1098/660 525/1096/658
f 524/1095/619 525/1096/658 526/1098/660
f 521/1099/656 528/1100/627 527/1101/659
f 527/1102/659 528/1103/627 529/1104/643
f 529/1104/643 526/1105/660 527/1102/659
f 528/1100/627 530/1106/622 529/1107/643
f 530/1108/622 531/1109/661 529/1104/643
f 529/1104/643 531/1109/661 526/1105/660
f 531/1110/661 523/1091/657 532/1111/662
f 523/1091/657 531/1110/661 533/1112/663
f 532/1113/662 526/1105/660 531/1109/661
f 530/1114/622 533/1112/663 531/1110/661
f 530/1115/622 517/1083/654 533/1116/663
f 517/1083/654 518/1084/655 533/1116/663
f 533/1112/663 518/1117/655 523/1091/657
f 532/1111/662 523/1091/657 524/1093/619
f 526/1105/660 532/1113/662 524/1118/619
f 530/1106/622 528/1100/627 517/1119/654
f 517/1119/654 528/1100/627 519/1120/653
f 521/1099/656 519/1120/653 528/1100/627
f 536/1121/664 534/1122/665 535/1123/594
f 535/1123/594 534/1122/665 537/1124/625
f 536/1121/664 538/1125/630 534/1122/665
f 538/1125/630 537/1124/625 534/1122/665
f 540/1126/601 538/1127/630 539/1128/666
f 538/1125/630 536/1121/664 539/1129/666
f 537/1124/625 538/1125/630 540/1130/601
f 542/1131/667 540/1126/601 541/1132/658
f 539/1128/666 541/1132/658 540/1126/601
f 543/1133/668 540/1134/601 542/1135/667
f 540/1130/601 543/1136/668 537/1124/625
f 544/1137/669 543/1133/668 546/1138/670
f 543/1133/668 544/1137/669 545/1139/591
f 545/1139/591 537/1140/625 543/1133/668
f 546/1138/670 543/1133/668 542/1135/667
f 547/1141/671 546/1142/670 542/1143/667
f 546/1142/670 547/1141/671 544/1144/669
f 548/1145/672 547/1146/671 541/1132/658
f 549/1147/618 547/1141/671 548/1148/672
f 542/1131/667 541/1132/658 547/1146/671
f 549/1147/618 544/1144/669 547/1141/671
f 550/1149/634 544/1144/669 549/1147/618
f 551/1150/673 550/1151/634 549/1152/618
f 548/1148/672 551/1153/673 549/1147/618
f 550/1151/634 551/1150/673 535/1154/594
f 535/1154/594 551/1150/673 536/1155/664
f 539/1156/666 551/1150/673 548/1157/672
f 539/1156/666 536/1155/664 551/1150/673
f 550/1158/634 535/1123/594 545/1159/591
f 550/1160/634 545/1139/591 544/1137/669
f 541/1132/658 539/1128/666 548/1145/672
f 535/1123/594 537/1124/625 545/1159/591
f 556/1161/630 553/1162/625 552/1163/674
f 554/1164/624 552/1163/674 553/1162/625
f 555/1165/633 552/1163/674 554/1164/624
f 555/1165/633 556/1161/630 552/1163/674
f 556/1161/630 555/1165/633 558/1166/675
f 553/1162/625 556/1161/630 557/1167/631
f 557/1168/631 556/1169/630 558/1170/675
f 560/1171/676 558/1170/675 559/1172/659
f 558/1173/675 561/1174/635 559/1175/659
f 558/1170/675 560/1171/676 557/1168/631
f 558/1173/675 555/1176/633 561/1174/635
f 563/1177/622 561/1174/635 554/1178/624
f 554/1178/624 561/1174/635 555/1176/633
f 559/1179/659 561/1180/635 562/1181/618
f 561/1174/635 563/1177/622 562/1182/618
f 563/1183/622 565/1184/677 562/1181/618
f 563/1185/622 554/1164/624 564/1186/663
f 563/1187/622 564/1188/663 565/1189/677
f 565/1189/677 567/1190/592 566/1191/620
f 566/1192/620 568/1193/671 565/1184/677
f 567/1190/592 565/1189/677 564/1188/663
f 562/1181/618 565/1184/677 568/1193/671
f 562/1181/618 568/1193/671 559/1179/659
f 559/1172/659 568/1194/671 560/1171/676
f 569/1195/619 560/1171/676 568/1194/671
f 568/1193/671 566/1192/620 569/1196/619
f 566/1191/620 567/1190/592 569/1197/619
f 569/1195/619 557/1168/631 560/1171/676
f 567/1190/592 557/1198/631 569/1197/619
f 557/1167/631 567/1199/592 553/1162/625
f 564/1188/663 553/1200/625 567/1190/592
f 554/1164/624 553/1162/625 564/1186/663
f 571/1201/633 574/1202/630 570/1203/678
f 571/1201/633 570/1203/678 573/1204/624
f 574/1202/630 572/1205/625 570/1203/678
f 573/1204/624 570/1203/678 572/1205/625
f 576/1206/679 574/1207/630 575/1208/680
f 574/1202/630 571/1201/633 575/1209/680
f 572/1205/625 574/1202/630 576/1210/679
f 577/1211/667 576/1206/679 578/1212/658
f 579/1213/681 576/1214/679 577/1215/667
f 575/1208/680 578/1212/658 576/1206/679
f 576/1210/679 579/1216/681 572/1205/625
f 580/1217/663 572/1218/625 579/1213/681
f 579/1213/681 581/1219/669 580/1217/663
f 581/1219/669 579/1213/681 582/1220/682
f 582/1220/682 579/1213/681 577/1215/667
f 582/1221/682 583/1222/671 581/1223/669
f 583/1222/671 582/1221/682 577/1224/667
f 584/1225/683 583/1226/671 578/1212/658
f 585/1227/618 583/1222/671 584/1228/683
f 577/1211/667 578/1212/658 583/1226/671
f 585/1227/618 581/1223/669 583/1222/671
f 584/1228/683 587/1229/627 585/1227/618
f 587/1230/627 586/1231/590 585/1232/618
f 586/1233/590 581/1223/669 585/1227/618
f 575/1234/680 571/1235/633 587/1230/627
f 573/1236/624 587/1230/627 571/1235/633
f 586/1231/590 587/1230/627 573/1236/624
f 575/1234/680 587/1230/627 584/1237/683
f 586/1238/590 580/1217/663 581/1219/669
f 586/1239/590 573/1204/624 580/1240/663
f 578/1212/658 575/1208/680 584/1225/683
f 573/1204/624 572/1205/625 580/1240/663
f 590/1241/684 589/1242/634 588/1243/685
f 589/1244/634 593/1245/686 588/1246/685
f 592/1247/642 590/1248/684 588/1246/685
f 588/1246/685 593/1245/686 591/1249/687
f 588/1246/685 591/1249/687 592/1247/642
f 593/1250/686 595/1251/592 594/1252/682
f 594/1253/682 591/1249/687 593/1245/686
f 589/1254/634 596/1255/663 593/1250/686
f 595/1251/592 593/1250/686 596/1255/663
f 589/1256/634 597/1257/624 596/1258/663
f 596/1255/663 598/1259/625 595/1251/592
f 597/1257/624 598/1260/625 596/1258/663
f 601/1261/630 598/1260/625 599/1262/626
f 597/1257/624 599/1262/626 598/1260/625
f 600/1263/601 595/1264/592 598/1260/625
f 598/1260/625 601/1261/630 600/1263/601
f 602/1265/652 601/1261/630 599/1262/626
f 601/1261/630 602/1265/652 603/1266/641
f 600/1267/601 601/1268/630 603/1269/641
f 604/1270/658 603/1269/641 592/1271/642
f 603/1272/641 590/1241/684 592/1273/642
f 603/1272/641 602/1274/652 590/1241/684
f 603/1269/641 604/1270/658 600/1267/601
f 592/1271/642 591/1275/687 604/1270/658
f 605/1276/688 604/1270/658 591/1275/687
f 605/1276/688 600/1267/601 604/1270/658
f 591/1249/687 594/1253/682 605/1277/688
f 595/1251/592 600/1278/601 605/1279/688
f 594/1252/682 595/1251/592 605/1279/688
f 602/1265/652 599/1262/626 597/1257/624
f 597/1280/624 590/1241/684 602/1274/652
f 589/1242/634 590/1241/684 597/1280/624
f 610/1281/599 607/1282/625 606/1283/650
f 608/1284/689 606/1283/650 607/1282/625
f 609/1285/690 606/1283/650 608/1284/689
f 609/1285/690 610/1281/599 606/1283/650
f 610/1281/599 609/1285/690 612/1286/656
f 607/1282/625 610/1281/599 611/1287/631
f 611/1288/631 610/1289/599 612/1290/656
f 612/1291/656 609/1292/690 613/1293/673
f 612/1291/656 613/1293/673 614/1294/659
f 615/1295/639 612/1290/656 614/1296/659
f 612/1290/656 615/1295/639 611/1288/631
f 614/1296/659 616/1297/691 615/1295/639
f 617/1298/692 611/1288/631 615/1295/639
f 617/1298/692 615/1295/639 616/1297/691
f 616/1299/691 618/1300/620 617/1301/692
f 618/1302/620 619/1303/623 617/1304/692
f 619/1303/623 611/1305/631 617/1304/692
f 620/1306/661 619/1303/623 618/1302/620
f 619/1303/623 620/1306/661 621/1307/693
f 611/1287/631 619/1308/623 607/1282/625
f 621/1307/693 607/1309/625 619/1303/623
f 622/1310/622 608/1284/689 621/1311/693
f 622/1312/622 621/1307/693 620/1306/661
f 608/1284/689 607/1282/625 621/1311/693
f 613/1293/673 622/1313/622 623/1314/618
f 622/1315/622 620/1316/661 623/1317/618
f 622/1313/622 613/1293/673 608/1318/689
f 614/1319/659 613/1320/673 623/1317/618
f 623/1317/618 616/1299/691 614/1319/659
f 623/1317/618 620/1316/661 616/1299/691
f 618/1300/620 616/1299/691 620/1316/661
f 608/1318/689 613/1293/673 609/1292/690
f 629/1321/649 624/1322/673 625/1323/683
f 625/1324/683 624/1325/673 628/1326/694
f 629/1321/649 626/1327/633 624/1322/673
f 627/1328/654 624/1322/673 626/1327/633
f 630/1329/634 624/1322/673 627/1328/654
f 624/1322/673 630/1329/634 628/1330/694
f 630/1331/634 632/1332/644 628/1326/694
f 630/1333/634 627/1334/654 631/1335/663
f 630/1336/634 631/1337/663 632/1338/644
f 632/1338/644 633/1339/592 635/1340/647
f 633/1339/592 632/1338/644 631/1337/663
f 628/1326/694 632/1332/644 634/1341/695
f 635/1342/647 634/1341/695 632/1332/644
f 634/1341/695 635/1342/647 636/1343/692
f 635/1340/647 633/1339/592 636/1344/692
f 633/1339/592 638/1345/696 636/1344/692
f 636/1346/692 637/1347/697 634/1348/695
f 636/1346/692 638/1349/696 637/1347/697
f 638/1349/696 639/1350/630 629/1351/649
f 640/1352/625 639/1353/630 638/1354/696
f 629/1351/649 637/1347/697 638/1349/696
f 638/1354/696 633/1355/592 640/1352/625
f 631/1337/663 640/1356/625 633/1339/592
f 627/1334/654 640/1352/625 631/1335/663
f 639/1353/630 640/1352/625 641/1357/665
f 627/1334/654 641/1357/665 640/1352/625
f 626/1358/633 641/1357/665 627/1334/654
f 626/1358/633 639/1353/630 641/1357/665
f 639/1353/630 626/1358/633 629/1359/649
f 637/1347/697 629/1351/649 625/1360/683
f 625/1360/683 634/1348/695 637/1347/697
f 628/1326/694 634/1341/695 625/1324/683
f 643/1361/615 642/1362/645 646/1363/698
f 647/1364/694 642/1365/645 643/1366/615
f 645/1367/699 642/1365/645 644/1368/669
f 647/1364/694 644/1368/669 642/1365/645
f 642/1365/645 645/1367/699 648/1369/700
f 648/1370/700 646/1363/698 642/1362/645
f 649/1371/701 650/1372/702 648/1373/700
f 645/1374/699 649/1371/701 648/1373/700
f 648/1370/700 650/1375/702 646/1363/698
f 653/1376/655 651/1377/630 650/1378/702
f 650/1375/702 651/1379/630 652/1380/641
f 652/1380/641 646/1363/698 650/1375/702
f 650/1378/702 649/1381/701 653/1376/655
f 651/1377/630 653/1376/655 654/1382/650
f 655/1383/624 654/1382/650 653/1376/655
f 656/1384/591 653/1385/655 649/1371/701
f 655/1383/624 653/1376/655 656/1386/591
f 657/1387/622 655/1383/624 656/1386/591
f 657/1388/622 656/1384/591 644/1389/669
f 649/1371/701 644/1389/669 656/1384/591
f 657/1390/622 644/1368/669 647/1364/694
f 657/1391/622 658/1392/582 655/1393/624
f 658/1392/582 657/1391/622 647/1394/694
f 643/1366/615 658/1395/582 647/1364/694
f 652/1396/641 659/1397/703 658/1392/582
f 655/1393/624 658/1392/582 659/1397/703
f 652/1396/641 658/1392/582 643/1398/615
f 659/1399/703 651/1377/630 654/1382/650
f 651/1377/630 659/1399/703 652/1400/641
f 659/1399/703 654/1382/650 655/1383/624
f 646/1363/698 652/1380/641 643/1361/615
f 644/1389/669 649/1371/701 645/1374/699
f 662/1401/704 660/1402/627 661/1403/659
f 661/1404/659 660/1405/627 664/1406/618
f 662/1401/704 665/1407/653 660/1402/627
f 666/1408/634 660/1402/627 663/1409/689
f 663/1409/689 660/1402/627 665/1407/653
f 660/1402/627 666/1408/634 664/1410/618
f 666/1411/634 668/1412/705 664/1406/618
f 666/1413/634 663/1414/689 667/1415/693
f 666/1416/634 667/1417/693 668/1418/705
f 668/1418/705 669/1419/592 671/1420/620
f 669/1419/592 668/1418/705 667/1417/693
f 671/1421/620 670/1422/671 668/1412/705
f 664/1406/618 668/1412/705 670/1422/671
f 671/1420/620 669/1419/592 672/1423/619
f 670/1422/671 671/1421/620 672/1424/619
f 672/1425/619 674/1426/696 673/1427/639
f 672/1425/619 673/1427/639 670/1428/671
f 669/1419/592 674/1429/696 672/1423/619
f 676/1430/595 675/1431/630 674/1432/696
f 674/1426/696 675/1433/630 662/1434/704
f 662/1434/704 673/1427/639 674/1426/696
f 674/1432/696 669/1435/592 676/1430/595
f 667/1417/693 676/1436/595 669/1419/592
f 675/1431/630 676/1430/595 677/1437/650
f 663/1414/689 677/1437/650 676/1430/595
f 663/1414/689 676/1430/595 667/1415/693
f 665/1438/653 677/1437/650 663/1414/689
f 665/1438/653 675/1431/630 677/1437/650
f 675/1431/630 665/1438/653 662/1439/704
f 673/1427/639 662/1434/704 661/1440/659
f 661/1440/659 670/1428/671 673/1427/639
f 664/1406/618 670/1422/671 661/1404/659
f 682/1441/706 678/1442/687 679/1443/639
f 684/1444/619 679/1443/639 678/1442/687
f 681/1445/699 678/1446/687 680/1447/661
f 683/1448/618 680/1447/661 678/1446/687
f 678/1446/687 681/1445/699 684/1449/619
f 683/1448/618 678/1446/687 682/1450/706
f 685/1451/623 686/1452/601 684/1453/619
f 681/1454/699 685/1451/623 684/1453/619
f 684/1444/619 686/1455/601 679/1443/639
f 688/1456/680 679/1443/639 686/1455/601
f 689/1457/707 687/1458/630 686/1459/601
f 686/1455/601 687/1460/630 688/1456/680
f 686/1459/601 685/1461/623 689/1457/707
f 687/1458/630 689/1457/707 690/1462/678
f 691/1463/654 690/1462/678 689/1457/707
f 691/1463/654 689/1457/707 692/1464/693
f 692/1465/693 689/1466/707 685/1451/623
f 693/1467/634 691/1463/654 692/1464/693
f 693/1468/634 692/1465/693 680/1469/661
f 685/1451/623 680/1469/661 692/1465/693
f 694/1470/708 693/1471/634 683/1472/618
f 693/1473/634 680/1447/661 683/1448/618
f 693/1471/634 694/1470/708 691/1474/654
f 691/1474/654 694/1470/708 695/1475/709
f 682/1450/706 694/1476/708 683/1448/618
f 688/1477/680 694/1470/708 682/1478/706
f 688/1477/680 695/1475/709 694/1470/708
f 695/1479/709 690/1462/678 691/1463/654
f 695/1479/709 687/1458/630 690/1462/678
f 687/1458/630 695/1479/709 688/1480/680
f 679/1443/639 688/1456/680 682/1441/706
f 680/1469/661 685/1451/623 681/1454/699
f 698/1481/630 697/1482/625 696/1483/678
f 699/1484/624 696/1483/678 697/1482/625
f 700/1485/653 698/1481/630 696/1483/678
f 700/1485/653 696/1483/678 699/1484/624
f 699/1486/624 701/1487/710 700/1488/653
f 702/1489/711 700/1488/653 701/1487/710
f 698/1481/630 700/1485/653 702/1490/711
f 704/1491/658 702/1492/711 703/1493/712
f 702/1489/711 701/1487/710 703/1494/712
f 705/1495/601 698/1496/630 702/1492/711
f 702/1492/711 704/1491/658 705/1495/601
f 707/1497/619 705/1495/601 704/1491/658
f 697/1482/625 698/1481/630 705/1498/601
f 705/1498/601 706/1499/713 697/1482/625
f 706/1500/713 705/1501/601 707/1502/619
f 709/1503/714 706/1500/713 707/1502/619
f 708/1504/616 709/1505/714 707/1506/619
f 707/1497/619 704/1491/658 708/1507/616
f 709/1505/714 708/1504/616 710/1508/661
f 710/1509/661 706/1500/713 709/1503/714
f 706/1500/713 710/1509/661 711/1510/663
f 712/1511/634 711/1510/663 710/1509/661
f 712/1512/634 710/1508/661 713/1513/643
f 713/1513/643 710/1508/661 708/1504/616
f 701/1487/710 712/1514/634 713/1515/643
f 703/1516/712 701/1517/710 713/1513/643
f 713/1513/643 708/1504/616 703/1516/712
f 712/1514/634 701/1487/710 699/1486/624
f 712/1518/634 699/1484/624 711/1519/663
f 711/1510/663 697/1520/625 706/1500/713
f 699/1484/624 697/1482/625 711/1519/663
f 703/1493/712 708/1507/616 704/1491/658
f 718/1521/630 715/1522/625 714/1523/650
f 716/1524/689 714/1523/650 715/1522/625
f 717/1525/664 714/1523/650 716/1524/689
f 717/1525/664 718/1521/630 714/1523/650
f 718/1521/630 717/1525/664 720/1526/680
f 715/1522/625 718/1521/630 719/1527/601
f 719/1528/601 718/1529/630 720/1530/680
f 722/1531/639 720/1530/680 721/1532/659
f 720/1533/680 723/1534/635 721/1535/659
f 720/1530/680 722/1531/639 719/1528/601
f 720/1533/680 717/1536/664 723/1534/635
f 721/1537/659 723/1538/635 724/1539/685
f 723/1534/635 725/1540/634 724/1541/685
f 716/1542/689 723/1534/635 717/1536/664
f 725/1540/634 723/1534/635 716/1542/689
f 725/1543/634 726/1544/644 724/1539/685
f 725/1545/634 727/1546/693 726/1547/644
f 725/1548/634 716/1524/689 727/1549/693
f 727/1546/693 715/1550/625 728/1551/715
f 728/1551/715 726/1547/644 727/1546/693
f 716/1524/689 715/1522/625 727/1549/693
f 728/1551/715 719/1552/601 729/1553/700
f 719/1527/601 728/1554/715 715/1522/625
f 730/1555/699 728/1551/715 729/1553/700
f 726/1547/644 728/1551/715 730/1555/699
f 730/1556/699 731/1557/671 726/1544/644
f 731/1557/671 730/1556/699 729/1558/700
f 724/1539/685 726/1544/644 731/1557/671
f 724/1539/685 731/1557/671 721/1537/659
f 729/1559/700 722/1531/639 731/1560/671
f 721/1532/659 731/1560/671 722/1531/639
f 729/1559/700 719/1528/601 722/1531/639
f 734/1561/659 733/1562/627 732/1563/694
f 733/1564/627 736/1565/622 732/1566/694
f 732/1563/694 737/1567/638 734/1561/659
f 732/1563/694 735/1568/661 737/1567/638
f 736/1569/622 735/1568/661 732/1563/694
f 737/1567/638 738/1570/716 740/1571/619
f 738/1570/716 737/1567/638 735/1568/661
f 734/1572/659 737/1573/638 739/1574/676
f 740/1575/619 739/1574/676 737/1573/638
f 741/1576/715 742/1577/601 740/1578/619
f 738/1579/716 741/1576/715 740/1578/619
f 740/1575/619 742/1580/601 739/1574/676
f 742/1580/601 743/1581/599 744/1582/680
f 745/1583/625 743/1584/599 742/1585/601
f 744/1582/680 739/1574/676 742/1580/601
f 742/1585/601 741/1586/715 745/1583/625
f 746/1587/654 745/1583/625 747/1588/663
f 746/1587/654 748/1589/650 745/1583/625
f 747/1590/663 745/1591/625 741/1576/715
f 743/1584/599 745/1583/625 748/1589/650
f 749/1592/652 743/1584/599 748/1589/650
f 749/1592/652 748/1589/650 746/1587/654
f 746/1593/654 733/1564/627 749/1594/652
f 744/1595/680 749/1594/652 733/1564/627
f 743/1584/599 749/1592/652 744/1596/680
f 741/1576/715 735/1597/661 747/1590/663
f 736/1598/622 746/1587/654 747/1588/663
f 736/1599/622 747/1590/663 735/1597/661
f 736/1565/622 733/1564/627 746/1593/654
f 739/1574/676 744/1582/680 734/1572/659
f 744/1595/680 733/1564/627 734/1600/659
f 735/1597/661 741/1576/715 738/1579/716
f 753/1601/717 750/1602/718 751/1603/719
f 754/1604/720 751/1603/719 750/1602/718
f 752/1605/721 750/1602/718 753/1601/717
f 752/1605/721 754/1604/720 750/1602/718
f 757/1606/722 755/1607/723 754/1604/720
f 754/1604/720 755/1607/723 751/1603/719
f 757/1608/722 754/1609/720 756/1610/724
f 754/1609/720 752/1611/721 756/1610/724
f 756/1612/724 758/1613/725 757/1614/722
f 757/1614/722 758/1613/725 759/1615/726
f 757/1616/722 759/1617/726 755/1618/723
f 760/1619/727 755/1618/723 759/1617/726
f 759/1617/726 762/1620/728 760/1619/727
f 762/1621/728 759/1615/726 761/1622/729
f 758/1613/725 761/1622/729 759/1615/726
f 761/1623/729 763/1624/730 762/1625/728
f 762/1620/728 763/1626/730 760/1619/727
f 763/1624/730 761/1623/729 764/1627/731
f 760/1619/727 763/1626/730 765/1628/732
f 763/1624/730 764/1627/731 765/1629/732
f 766/1630/733 765/1629/732 764/1627/731
f 765/1631/732 766/1632/733 753/1601/717
f 765/1631/732 751/1603/719 760/1633/727
f 751/1603/719 765/1631/732 753/1601/717
f 764/1627/731 767/1634/734 766/1630/733
f 766/1635/733 767/1636/734 756/1610/724
f 766/1635/733 756/1610/724 752/1611/721
f 753/1601/717 766/1632/733 752/1605/721
f 767/1637/734 758/1613/725 756/1612/724
f 758/1613/725 767/1637/734 761/1622/729
f 767/1634/734 764/1627/731 761/1623/729
f 755/1618/723 760/1619/727 751/1638/719
f 769/1639/735 768/1640/736 772/1641/610
f 769/1639/735 771/1642/737 768/1640/736
f 772/1641/610 768/1640/736 770/1643/719
f 771/1642/737 770/1643/719 768/1640/736
f 770/1643/719 774/1644/738 772/1641/610
f 772/1641/610 773/1645/739 769/1639/735
f 774/1644/738 773/1645/739 772/1641/610
f 773/1646/739 774/1647/738 775/1648/740
f 777/1649/741 775/1648/740 774/1647/738
f 776/1650/604 777/1651/741 774/1652/738
f 774/1644/738 770/1643/719 776/1653/604
f 778/1654/742 777/1649/741 779/1655/743
f 777/1649/741 778/1654/742 775/1648/740
f 779/1656/743 777/1651/741 776/1650/604
f 780/1657/744 779/1656/743 776/1650/604
f 779/1658/743 780/1659/744 778/1660/742
f 781/1661/745 782/1662/746 780/1659/744
f 781/1663/745 780/1657/744 783/1664/747
f 776/1650/604 783/1664/747 780/1657/744
f 782/1662/746 778/1660/742 780/1659/744
f 781/1665/745 783/1666/747 771/1642/737
f 783/1664/747 776/1650/604 770/1667/719
f 771/1642/737 783/1666/747 770/1643/719
f 784/1668/748 782/1662/746 781/1661/745
f 785/1669/749 782/1662/746 784/1668/748
f 782/1662/746 785/1669/749 778/1660/742
f 773/1670/739 785/1671/749 784/1672/748
f 775/1648/740 785/1673/749 773/1646/739
f 785/1673/749 775/1648/740 778/1654/742
f 773/1670/739 784/1672/748 769/1674/735
f 771/1675/737 769/1674/735 784/1672/748
f 781/1676/745 771/1675/737 784/1672/748
f 790/1677/750 786/1678/746 787/1679/745
f 787/1679/745 786/1678/746 791/1680/726
f 786/1678/746 788/1681/751 789/1682/752
f 788/1681/751 786/1678/746 790/1677/750
f 786/1678/746 789/1682/752 791/1680/726
f 791/1683/726 792/1684/753 794/1685/604
f 792/1686/753 791/1680/726 789/1682/752
f 794/1685/604 793/1687/754 791/1683/726
f 787/1688/745 791/1683/726 793/1687/754
f 796/1689/732 795/1690/607 794/1691/604
f 793/1687/754 794/1685/604 795/1692/607
f 792/1684/753 797/1693/755 794/1685/604
f 794/1685/604 797/1693/755 796/1694/732
f 789/1695/752 797/1696/755 792/1697/753
f 797/1696/755 798/1698/731 796/1699/732
f 797/1696/755 789/1695/752 798/1698/731
f 799/1700/739 796/1699/732 798/1698/731
f 798/1698/731 788/1701/751 799/1700/739
f 788/1701/751 798/1698/731 789/1695/752
f 799/1702/739 788/1703/751 790/1704/750
f 801/1705/717 799/1706/739 800/1707/756
f 799/1702/739 790/1704/750 800/1708/756
f 796/1689/732 799/1706/739 801/1705/717
f 795/1690/607 796/1689/732 801/1705/717
f 800/1707/756 802/1709/757 801/1705/717
f 801/1705/717 802/1709/757 795/1690/607
f 803/1710/737 795/1690/607 802/1709/757
f 800/1707/756 803/1710/737 802/1709/757
f 803/1710/737 793/1711/754 795/1690/607
f 803/1712/737 800/1708/756 790/1704/750
f 787/1713/745 793/1711/754 803/1710/737
f 787/1714/745 803/1712/737 790/1704/750
f 807/1715/717 804/1716/736 805/1717/607
f 806/1718/606 805/1717/607 804/1716/736
f 808/1719/758 806/1718/606 804/1716/736
f 808/1719/758 804/1716/736 807/1715/717
f 810/1720/759 809/1721/760 808/1722/758
f 806/1723/606 808/1722/758 809/1721/760
f 807/1715/717 810/1724/759 808/1719/758
f 812/1725/761 811/1726/762 810/1727/759
f 810/1720/759 811/1728/762 809/1721/760
f 810/1727/759 813/1729/732 812/1725/761
f 813/1730/732 810/1724/759 807/1715/717
f 805/1717/607 813/1730/732 807/1715/717
f 813/1730/732 805/1717/607 814/1731/763
f 814/1732/763 815/1733/730 813/1734/732
f 815/1735/730 812/1725/761 813/1729/732
f 816/1736/764 815/1735/730 817/1737/765
f 815/1735/730 816/1736/764 812/1725/761
f 817/1738/765 815/1733/730 814/1732/763
f 817/1739/765 818/1740/766 816/1741/764
f 818/1742/766 817/1738/765 814/1732/763
f 819/1743/767 816/1741/764 818/1740/766
f 820/1744/722 819/1743/767 818/1740/766
f 820/1745/722 818/1742/766 821/1746/723
f 814/1732/763 821/1746/723 818/1742/766
f 820/1747/722 821/1748/723 806/1718/606
f 821/1746/723 814/1732/763 805/1749/607
f 806/1718/606 821/1748/723 805/1717/607
f 820/1750/722 806/1723/606 809/1721/760
f 809/1751/760 819/1743/767 820/1744/722
f 811/1752/762 819/1743/767 809/1751/760
f 819/1743/767 811/1752/762 816/1741/764
f 811/1726/762 812/1725/761 816/1736/764
f 826/1753/748 822/1754/746 823/1755/745
f 823/1755/745 822/1754/746 827/1756/768
f 822/1754/746 824/1757/769 825/1758/770
f 824/1757/769 822/1754/746 826/1753/748
f 822/1754/746 825/1758/770 827/1756/768
f 827/1759/768 829/1760/771 828/1761/604
f 828/1761/604 830/1762/747 827/1759/768
f 829/1763/771 827/1756/768 825/1758/770
f 823/1764/745 827/1759/768 830/1762/747
f 823/1765/745 830/1766/747 831/1767/720
f 831/1767/720 830/1766/747 832/1768/719
f 830/1762/747 828/1761/604 832/1769/719
f 834/1770/717 833/1771/772 832/1768/719
f 831/1767/720 832/1768/719 833/1771/772
f 835/1772/738 832/1768/719 828/1773/604
f 832/1768/719 835/1772/738 834/1770/717
f 835/1772/738 836/1774/773 834/1770/717
f 836/1775/773 835/1776/738 837/1777/761
f 838/1778/774 837/1777/761 835/1776/738
f 828/1761/604 838/1779/774 835/1780/738
f 829/1760/771 838/1779/774 828/1761/604
f 825/1781/770 838/1778/774 829/1782/771
f 838/1778/774 825/1781/770 837/1777/761
f 837/1777/761 824/1783/769 836/1775/773
f 824/1783/769 837/1777/761 825/1781/770
f 836/1784/773 826/1785/748 839/1786/775
f 836/1784/773 824/1787/769 826/1785/748
f 834/1770/717 836/1774/773 839/1788/775
f 831/1789/720 839/1786/775 826/1785/748
f 839/1788/775 831/1767/720 833/1771/772
f 839/1788/775 833/1771/772 834/1770/717
f 823/1790/745 831/1789/720 826/1785/748
f 842/1791/717 840/1792/776 841/1793/719
f 843/1794/737 841/1793/719 840/1792/776
f 844/1795/777 840/1792/776 842/1791/717
f 844/1795/777 843/1794/737 840/1792/776
f 843/1796/737 844/1797/777 845/1798/724
f 846/1799/778 845/1798/724 844/1797/777
f 842/1791/717 846/1800/778 844/1795/777
f 848/1801/779 847/1802/780 846/1803/778
f 846/1799/778 847/1804/780 845/1798/724
f 846/1803/778 849/1805/732 848/1801/779
f 849/1806/732 846/1800/778 842/1791/717
f 851/1807/774 848/1801/779 849/1805/732
f 850/1808/781 851/1809/774 849/1810/732
f 849/1806/732 841/1793/719 850/1811/781
f 841/1793/719 849/1806/732 842/1791/717
f 852/1812/728 851/1809/774 850/1808/781
f 853/1813/764 851/1807/774 852/1814/728
f 851/1807/774 853/1813/764 848/1801/779
f 852/1815/728 854/1816/782 853/1817/764
f 855/1818/746 853/1817/764 854/1816/782
f 847/1802/780 848/1801/779 853/1813/764
f 855/1818/746 847/1819/780 853/1817/764
f 847/1819/780 855/1818/746 845/1820/724
f 845/1820/724 855/1818/746 856/1821/722
f 856/1821/722 855/1818/746 854/1816/782
f 856/1822/722 857/1823/783 843/1794/737
f 856/1824/722 854/1825/782 857/1826/783
f 856/1827/722 843/1796/737 845/1798/724
f 843/1794/737 857/1823/783 841/1793/719
f 857/1826/783 850/1808/781 841/1828/719
f 850/1808/781 857/1826/783 854/1825/782
f 854/1825/782 852/1812/728 850/1808/781
f 862/1829/756 859/1830/606 858/1831/784
f 859/1830/606 861/1832/719 858/1831/784
f 862/1829/756 858/1831/784 860/1833/717
f 860/1833/717 858/1831/784 861/1832/719
f 859/1834/606 862/1835/756 863/1836/724
f 864/1837/785 863/1836/724 862/1835/756
f 860/1833/717 864/1838/785 862/1829/756
f 867/1839/761 865/1840/786 864/1841/785
f 864/1837/785 865/1842/786 863/1836/724
f 866/1843/738 864/1838/785 860/1833/717
f 864/1841/785 866/1844/738 867/1839/761
f 865/1840/786 867/1839/761 868/1845/764
f 869/1846/755 868/1845/764 867/1839/761
f 869/1846/755 867/1839/761 866/1844/738
f 870/1847/787 869/1848/755 866/1849/738
f 871/1850/728 869/1848/755 870/1847/787
f 868/1845/764 869/1846/755 871/1851/728
f 871/1852/728 872/1853/726 868/1854/764
f 872/1855/726 871/1850/728 870/1847/787
f 873/1856/746 868/1854/764 872/1853/726
f 874/1857/788 873/1856/746 872/1853/726
f 874/1858/788 872/1855/726 875/1859/747
f 870/1847/787 875/1859/747 872/1855/726
f 874/1860/788 875/1861/747 859/1830/606
f 875/1859/747 870/1847/787 861/1862/719
f 859/1830/606 875/1861/747 861/1832/719
f 874/1863/788 859/1834/606 863/1836/724
f 863/1864/724 873/1856/746 874/1857/788
f 873/1856/746 865/1865/786 868/1854/764
f 865/1865/786 873/1856/746 863/1864/724
f 866/1843/738 861/1832/719 870/1866/787
f 861/1832/719 866/1843/738 860/1833/717
f 879/1867/717 876/1868/736 877/1869/719
f 878/1870/720 877/1869/719 876/1868/736
f 880/1871/789 878/1870/720 876/1868/736
f 880/1871/789 876/1868/736 879/1867/717
f 882/1872/759 881/1873/748 880/1874/789
f 878/1875/720 880/1874/789 881/1873/748
f 879/1867/717 882/1876/759 880/1871/789
f 884/1877/779 883/1878/769 882/1879/759
f 882/1872/759 883/1880/769 881/1873/748
f 882/1879/759 885/1881/611 884/1877/779
f 885/1882/611 882/1876/759 879/1867/717
f 887/1883/774 884/1877/779 885/1881/611
f 886/1884/604 887/1885/774 885/1886/611
f 885/1882/611 877/1869/719 886/1887/604
f 877/1869/719 885/1882/611 879/1867/717
f 888/1888/790 887/1883/774 889/1889/728
f 887/1883/774 888/1888/790 884/1877/779
f 889/1890/728 887/1885/774 886/1884/604
f 889/1891/728 890/1892/766 888/1893/790
f 890/1894/766 889/1890/728 886/1884/604
f 891/1895/746 888/1893/790 890/1892/766
f 893/1896/745 891/1895/746 890/1892/766
f 886/1884/604 892/1897/747 890/1894/766
f 893/1898/745 890/1894/766 892/1897/747
f 893/1899/745 878/1875/720 881/1873/748
f 881/1900/748 891/1895/746 893/1896/745
f 893/1901/745 892/1902/747 878/1870/720
f 878/1870/720 892/1902/747 877/1869/719
f 892/1897/747 886/1884/604 877/1903/719
f 883/1904/769 891/1895/746 881/1900/748
f 891/1895/746 883/1904/769 888/1893/790
f 883/1878/769 884/1877/779 888/1888/790
f 895/1905/791 896/1906/740 894/1907/792
f 899/1908/793 895/1909/791 894/1910/792
f 900/1911/794 894/1907/792 896/1906/740
f 898/1912/795 897/1913/768 894/1910/792
f 899/1908/793 894/1910/792 897/1913/768
f 894/1907/792 900/1911/794 898/1914/795
f 901/1915/781 900/1916/794 902/1917/732
f 898/1918/795 900/1916/794 901/1915/781
f 900/1911/794 896/1906/740 902/1919/732
f 903/1920/796 902/1919/732 896/1906/740
f 902/1921/732 903/1922/796 905/1923/610
f 902/1921/732 904/1924/797 901/1925/781
f 904/1924/797 902/1921/732 905/1923/610
f 906/1926/777 907/1927/608 905/1923/610
f 905/1923/610 903/1922/796 906/1926/777
f 905/1923/610 907/1927/608 904/1924/797
f 906/1926/777 908/1928/737 907/1927/608
f 908/1928/737 904/1924/797 907/1927/608
f 908/1928/737 909/1929/783 904/1924/797
f 911/1930/722 909/1929/783 908/1928/737
f 911/1931/722 908/1932/737 910/1933/724
f 908/1932/737 906/1934/777 910/1933/724
f 910/1935/724 899/1908/793 911/1936/722
f 911/1936/722 899/1908/793 897/1913/768
f 911/1937/722 897/1938/768 909/1939/783
f 895/1909/791 899/1908/793 910/1935/724
f 903/1940/796 910/1933/724 906/1934/777
f 903/1940/796 895/1941/791 910/1933/724
f 909/1939/783 901/1915/781 904/1942/797
f 901/1915/781 909/1939/783 897/1938/768
f 896/1906/740 895/1905/791 903/1920/796
f 897/1938/768 898/1918/795 901/1915/781
f 916/1943/717 912/1944/772 913/1945/719
f 914/1946/798 913/1945/719 912/1944/772
f 915/1947/799 914/1946/798 912/1944/772
f 915/1947/799 912/1944/772 916/1943/717
f 916/1943/717 917/1948/800 915/1947/799
f 918/1949/611 917/1948/800 916/1943/717
f 913/1945/719 918/1949/611 916/1943/717
f 917/1950/800 918/1951/611 919/1952/740
f 921/1953/774 919/1952/740 918/1951/611
f 918/1949/611 913/1945/719 920/1954/604
f 920/1955/604 921/1956/774 918/1957/611
f 922/1958/801 921/1953/774 923/1959/753
f 921/1953/774 922/1958/801 919/1952/740
f 923/1960/753 921/1956/774 920/1955/604
f 924/1961/744 923/1960/753 920/1955/604
f 923/1962/753 924/1963/744 922/1964/801
f 925/1965/745 926/1966/746 924/1963/744
f 925/1967/745 924/1961/744 927/1968/723
f 920/1955/604 927/1968/723 924/1961/744
f 926/1966/746 922/1964/801 924/1963/744
f 927/1968/723 920/1955/604 913/1969/719
f 914/1946/798 927/1970/723 913/1945/719
f 925/1971/745 927/1970/723 914/1946/798
f 929/1972/780 926/1966/746 928/1973/802
f 928/1973/802 926/1966/746 925/1965/745
f 926/1966/746 929/1972/780 922/1964/801
f 917/1974/800 929/1975/780 928/1976/802
f 929/1977/780 919/1952/740 922/1958/801
f 919/1952/740 929/1977/780 917/1950/800
f 925/1978/745 914/1979/798 928/1976/802
f 914/1979/798 915/1980/799 928/1976/802
f 917/1974/800 928/1976/802 915/1980/799
f 934/1981/717 930/1982/736 931/1983/719
f 932/1984/720 931/1983/719 930/1982/736
f 933/1985/756 932/1984/720 930/1982/736
f 933/1985/756 930/1982/736 934/1981/717
f 934/1981/717 935/1986/739 933/1985/756
f 936/1987/803 935/1986/739 934/1981/717
f 931/1983/719 936/1987/803 934/1981/717
f 935/1988/739 936/1989/803 937/1990/761
f 939/1991/774 937/1990/761 936/1989/803
f 936/1987/803 931/1983/719 938/1992/804
f 938/1993/804 939/1994/774 936/1995/803
f 940/1996/795 939/1994/774 938/1993/804
f 941/1997/729 939/1991/774 940/1998/795
f 939/1991/774 941/1997/729 937/1990/761
f 942/1999/769 937/1990/761 941/1997/729
f 943/2000/805 942/2001/769 941/2002/729
f 943/2000/805 941/2002/729 944/2003/806
f 940/2004/795 944/2003/806 941/2002/729
f 945/2005/722 943/2000/805 944/2003/806
f 945/2006/722 944/2007/806 946/2008/747
f 944/2007/806 940/1996/795 938/1993/804
f 938/1993/804 946/2008/747 944/2007/806
f 945/2009/722 946/2010/747 932/1984/720
f 946/2008/747 938/1993/804 931/2011/719
f 932/1984/720 946/2010/747 931/1983/719
f 947/2012/724 943/2000/805 945/2005/722
f 945/2013/722 932/2014/720 947/2015/724
f 932/2014/720 933/2016/756 947/2015/724
f 942/2001/769 943/2000/805 947/2012/724
f 935/2017/739 942/2018/769 947/2015/724
f 935/2017/739 947/2015/724 933/2016/756
f 937/1990/761 942/1999/769 935/1988/739
f 950/2019/750 948/2020/746 949/2021/745
f 949/2021/745 948/2020/746 952/2022/768
f 951/2023/786 948/2020/746 950/2019/750
f 948/2020/746 951/2023/786 953/2024/742
f 948/2020/746 953/2024/742 952/2022/768
f 955/2025/807 952/2022/768 953/2024/742
f 951/2026/786 954/2027/761 953/2028/742
f 956/2029/808 953/2028/742 954/2027/761
f 953/2028/742 956/2029/808 955/2030/807
f 955/2031/807 956/2032/808 958/2033/809
f 956/2029/808 954/2027/761 957/2034/611
f 958/2033/809 956/2032/808 957/2035/611
f 958/2033/809 959/2036/783 952/2037/768
f 952/2037/768 955/2031/807 958/2033/809
f 959/2036/783 958/2033/809 960/2038/607
f 957/2039/611 960/2040/607 958/2041/809
f 961/2042/606 959/2043/783 960/2040/607
f 961/2042/606 960/2040/607 963/2044/784
f 960/2040/607 957/2039/611 962/2045/717
f 962/2045/717 963/2044/784 960/2040/607
f 964/2046/758 961/2042/606 963/2044/784
f 964/2046/758 963/2044/784 962/2045/717
f 961/2047/606 964/2048/758 950/2049/750
f 965/2050/810 950/2049/750 964/2048/758
f 962/2045/717 965/2051/810 964/2046/758
f 954/2027/761 951/2026/786 965/2052/810
f 965/2050/810 951/2053/786 950/2049/750
f 957/2039/611 965/2051/810 962/2045/717
f 965/2052/810 957/2034/611 954/2027/761
f 949/2054/745 961/2047/606 950/2049/750
f 949/2055/745 959/2043/783 961/2042/606
f 949/2056/745 952/2037/768 959/2036/783
f 967/2057/758 966/2058/736 970/2059/717
f 967/2057/758 969/2060/798 966/2058/736
f 970/2059/717 966/2058/736 968/2061/719
f 969/2060/798 968/2061/719 966/2058/736
f 972/2062/738 971/2063/811 970/2059/717
f 970/2059/717 971/2063/811 967/2057/758
f 968/2061/719 972/2062/738 970/2059/717
f 973/2064/730 974/2065/740 972/2066/738
f 975/2067/727 973/2068/730 972/2069/738
f 971/2070/811 972/2066/738 974/2065/740
f 972/2062/738 968/2061/719 975/2071/727
f 977/2072/747 975/2067/727 968/2073/719
f 976/2074/726 978/2075/728 975/2067/727
f 975/2067/727 977/2072/747 976/2074/726
f 978/2075/728 973/2068/730 975/2067/727
f 978/2076/728 976/2077/726 979/2078/764
f 979/2079/764 973/2064/730 978/2080/728
f 981/2081/769 974/2065/740 979/2079/764
f 973/2064/730 979/2079/764 974/2065/740
f 980/2082/746 979/2078/764 976/2077/726
f 980/2082/746 981/2083/769 979/2078/764
f 971/2084/811 981/2085/769 982/2086/750
f 981/2083/769 980/2082/746 982/2087/750
f 974/2065/740 981/2081/769 971/2070/811
f 983/2088/745 969/2089/798 982/2086/750
f 969/2089/798 967/2090/758 982/2086/750
f 982/2087/750 980/2082/746 983/2091/745
f 971/2084/811 982/2086/750 967/2090/758
f 983/2091/745 980/2082/746 976/2077/726
f 983/2092/745 977/2093/747 969/2060/798
f 983/2094/745 976/2074/726 977/2072/747
f 969/2060/798 977/2093/747 968/2061/719
f 989/2095/773 985/2096/762 984/2097/750
f 985/2098/762 988/2099/767 984/2100/750
f 989/2095/773 984/2097/750 986/2101/777
f 987/2102/812 986/2101/777 984/2097/750
f 990/2103/745 987/2102/812 984/2097/750
f 984/2100/750 988/2099/767 990/2104/745
f 990/2104/745 988/2099/767 991/2105/782
f 990/2106/745 991/2107/782 992/2108/783
f 990/2109/745 992/2110/783 987/2111/812
f 992/2108/783 993/2112/604 994/2113/719
f 993/2112/604 992/2108/783 991/2107/782
f 987/2111/812 992/2110/783 994/2114/719
f 996/2115/717 995/2116/784 994/2114/719
f 987/2111/812 994/2114/719 995/2116/784
f 994/2114/719 997/2117/611 996/2115/717
f 997/2117/611 994/2114/719 993/2118/604
f 997/2117/611 989/2119/773 996/2115/717
f 989/2120/773 997/2121/611 998/2122/761
f 999/2123/741 998/2122/761 997/2121/611
f 993/2112/604 999/2124/741 997/2125/611
f 1000/2126/790 999/2123/741 1001/2127/728
f 999/2123/741 1000/2126/790 998/2122/761
f 1001/2128/728 999/2124/741 993/2112/604
f 1001/2129/728 991/2105/782 1000/2130/790
f 991/2107/782 1001/2128/728 993/2112/604
f 985/2131/762 998/2122/761 1000/2126/790
f 988/2099/767 985/2098/762 1000/2130/790
f 988/2099/767 1000/2130/790 991/2105/782
f 998/2122/761 985/2131/762 989/2120/773
f 996/2115/717 989/2119/773 986/2132/777
f 986/2132/777 995/2116/784 996/2115/717
f 986/2132/777 987/2111/812 995/2116/784
f 1006/2133/724 1002/2134/767 1003/2135/745
f 1003/2135/745 1002/2134/767 1007/2136/726
f 1002/2134/767 1004/2137/769 1005/2138/729
f 1004/2137/769 1002/2134/767 1006/2133/724
f 1002/2134/767 1005/2138/729 1007/2136/726
f 1007/2139/726 1009/2140/753 1008/2141/781
f 1008/2141/781 1010/2142/783 1007/2139/726
f 1003/2143/745 1007/2139/726 1010/2142/783
f 1009/2144/753 1007/2136/726 1005/2138/729
f 1003/2145/745 1010/2146/783 1011/2147/813
f 1011/2147/813 1010/2146/783 1012/2148/719
f 1010/2142/783 1008/2141/781 1012/2149/719
f 1014/2150/717 1013/2151/736 1012/2148/719
f 1011/2147/813 1012/2148/719 1013/2151/736
f 1015/2152/611 1012/2148/719 1008/2153/781
f 1012/2148/719 1015/2152/611 1014/2150/717
f 1015/2152/611 1018/2154/814 1014/2150/717
f 1017/2155/730 1016/2156/740 1015/2157/611
f 1018/2158/814 1015/2157/611 1016/2156/740
f 1008/2141/781 1017/2159/730 1015/2160/611
f 1018/2161/814 1006/2162/724 1019/2163/815
f 1018/2161/814 1004/2164/769 1006/2162/724
f 1016/2156/740 1004/2165/769 1018/2158/814
f 1014/2150/717 1018/2154/814 1019/2166/815
f 1011/2167/813 1019/2163/815 1006/2162/724
f 1019/2166/815 1011/2147/813 1013/2151/736
f 1019/2166/815 1013/2151/736 1014/2150/717
f 1005/2168/729 1017/2155/730 1009/2169/753
f 1017/2155/730 1005/2168/729 1016/2156/740
f 1009/2140/753 1017/2159/730 1008/2141/781
f 1004/2165/769 1016/2156/740 1005/2168/729
f 1003/2170/745 1011/2167/813 1006/2162/724
f 1026/2171/722 1021/2172/720 1020/2173/724
f 1021/2172/720 1024/2174/609 1020/2173/724
f 1023/2175/762 1022/2176/767 1020/2177/724
f 1020/2177/724 1022/2176/767 1026/2178/722
f 1025/2179/814 1023/2180/762 1020/2173/724
f 1025/2179/814 1020/2173/724 1024/2174/609
f 1026/2178/722 1022/2176/767 1028/2181/726
f 1026/2182/722 1027/2183/783 1021/2184/720
f 1026/2185/722 1028/2186/726 1027/2187/783
f 1028/2186/726 1030/2188/816 1029/2189/604
f 1029/2189/604 1027/2187/783 1028/2186/726
f 1022/2176/767 1031/2190/764 1028/2181/726
f 1030/2191/816 1028/2181/726 1031/2190/764
f 1023/2192/762 1032/2193/731 1031/2194/764
f 1033/2195/730 1031/2194/764 1032/2193/731
f 1031/2194/764 1033/2195/730 1030/2196/816
f 1022/2176/767 1023/2175/762 1031/2190/764
f 1033/2195/730 1032/2193/731 1034/2197/611
f 1030/2188/816 1033/2198/730 1029/2189/604
f 1029/2189/604 1033/2198/730 1034/2199/611
f 1025/2200/814 1034/2197/611 1032/2193/731
f 1034/2201/611 1025/2202/814 1035/2203/610
f 1034/2201/611 1036/2204/719 1029/2205/604
f 1036/2204/719 1034/2201/611 1035/2203/610
f 1035/2203/610 1037/2206/736 1036/2204/719
f 1021/2184/720 1036/2204/719 1037/2206/736
f 1021/2184/720 1027/2183/783 1036/2204/719
f 1027/2187/783 1029/2189/604 1036/2207/719
f 1024/2208/609 1021/2184/720 1037/2206/736
f 1024/2208/609 1037/2206/736 1035/2203/610
f 1035/2203/610 1025/2202/814 1024/2208/609
f 1032/2193/731 1023/2192/762 1025/2200/814
s 0
f 1045/2231/826 1044/2232/826 1048/2233/826
f 1044/2234/827 1045/2235/827 1046/2236/827
f 1044/2234/828 1046/2236/828 1047/2237/828
f 1047/2238/829 1048/2239/829 1044/2240/829
f 1049/2241/830 1045/2242/830 1048/2243/830
f 1045/2231/831 1046/2244/831 1047/2245/831 1048/2233/831
f 1048/2239/832 1047/2238/832 1049/2246/832
f 1046/2236/833 1049/2247/833 1047/2237/833
f 1049/2247/834 1046/2236/834 1045/2235/834
f 1057/2270/844 1060/2271/844 1056/2272/844
f 1056/2273/845 1058/2274/845 1057/2275/845
f 1056/2276/846 1059/2277/846 1058/2278/846
f 1059/2279/847 1056/2280/847 1060/2281/847
f 1061/2282/848 1060/2283/848 1057/2284/848
f 1057/2270/849 1060/2271/849 1059/2285/849 1058/2286/849
f 1060/2281/850 1061/2287/850 1059/2279/850
f 1058/2274/851 1059/2288/851 1061/2289/851
f 1061/2289/852 1057/2275/852 1058/2274/852
s 1
f 1077/2320/866 1074/2321/867 1073/2322/868
f 1075/2323/869 1073/2324/868 1074/2325/867
f 1076/2326/870 1073/2327/868 1075/2328/869
f 1076/2326/870 1077/2329/866 1073/2327/868
f 1077/2329/866 1076/2326/870 1078/2330/871
f 1081/2331/872 1078/2332/873 1077/2333/874
f 1079/2334/875 1077/2329/866 1078/2330/871
f 1077/2333/874 1078/2332/873 1080/2335/876
f 1074/2321/867 1077/2320/866 1079/2336/875
f 1080/2335/876 1082/2337/877 1077/2333/874
f 1083/2338/878 1081/2339/872 1077/2340/874
f 1077/2340/874 1082/2341/877 1083/2338/878
f 1084/2342/879 1083/2343/878 1082/2344/877
f 1084/2342/879 1086/2345/880 1083/2343/878
f 1081/2339/872 1083/2338/878 1085/2346/881
f 1086/2347/880 1085/2346/881 1083/2338/878
f 1087/2348/882 1086/2349/880 1084/2350/879
f 1087/2351/882 1088/2352/883 1086/2353/880
f 1085/2354/881 1086/2353/880 1088/2352/883
f 1087/2351/882 1089/2355/884 1088/2352/883
f 1088/2352/883 1091/2356/885 1085/2354/881
f 1089/2355/884 1090/2357/886 1088/2352/883
f 1091/2356/885 1088/2352/883 1090/2357/886
f 1090/2357/886 1092/2358/887 1091/2356/885
f 1091/2359/885 1092/2360/887 1085/2346/881
f 1092/2361/887 1090/2362/886 1093/2363/888
f 1085/2346/881 1092/2360/887 1081/2339/872
f 1092/2361/887 1093/2363/888 1081/2364/872
f 1078/2332/873 1081/2331/872 1093/2365/888
f 1093/2363/888 1094/2366/889 1078/2367/873
f 1094/2366/889 1093/2363/888 1090/2362/886
f 1078/2332/873 1094/2368/889 1095/2369/890
f 1094/2370/889 1089/2371/884 1095/2372/890
f 1089/2371/884 1094/2370/889 1090/2373/886
f 1087/2374/882 1084/2375/879 1095/2369/890
f 1084/2375/879 1080/2335/876 1095/2369/890
f 1095/2372/890 1089/2371/884 1087/2376/882
f 1078/2332/873 1095/2369/890 1080/2335/876
f 1080/2335/876 1084/2375/879 1082/2337/877
f 1078/2377/871 1096/2378/891 1079/2379/875
f 1098/2380/892 1079/2379/875 1096/2378/891
f 1079/2336/875 1097/2381/893 1074/2321/867
f 1097/2381/893 1079/2336/875 1098/2382/892
f 1099/2383/894 1100/2384/895 1098/2385/892
f 1098/2380/892 1096/2378/891 1099/2386/894
f 1100/2384/895 1097/2387/893 1098/2385/892
f 1100/2384/895 1099/2383/894 1101/2388/896
f 1101/2388/896 1097/2387/893 1100/2384/895
f 1102/2389/897 1101/2388/896 1103/2390/898
f 1102/2389/897 1104/2391/899 1101/2388/896
f 1097/2387/893 1101/2388/896 1104/2391/899
f 1103/2390/898 1101/2388/896 1099/2383/894
f 1102/2392/897 1075/2393/869 1104/2394/899
f 1104/2395/899 1074/2321/867 1097/2381/893
f 1075/2323/869 1074/2325/867 1104/2396/899
f 1105/2397/900 1102/2398/897 1103/2399/898
f 1106/2400/901 1105/2397/900 1103/2399/898
f 1103/2399/898 1099/2401/894 1106/2400/901
f 1078/2402/871 1105/2397/900 1106/2400/901
f 1106/2403/901 1099/2386/894 1096/2378/891
f 1096/2378/891 1078/2377/871 1106/2403/901
f 1102/2404/897 1105/2405/900 1075/2328/869
f 1075/2328/869 1105/2405/900 1076/2326/870
f 1078/2330/871 1076/2326/870 1105/2405/900
f 1111/2406/902 1108/2407/903 1107/2408/904
f 1109/2409/905 1107/2410/904 1108/2411/903
f 1110/2412/906 1107/2413/904 1109/2414/905
f 1110/2412/906 1111/2415/902 1107/2413/904
f 1111/2415/902 1110/2412/906 1112/2416/907
f 1113/2417/908 1111/2415/902 1112/2416/907
f 1108/2407/903 1111/2406/902 1113/2418/908
f 1112/2419/907 1114/2420/909 1113/2421/908
f 1116/2422/910 1113/2421/908 1114/2420/909
f 1113/2418/908 1115/2423/911 1108/2407/903
f 1115/2423/911 1113/2418/908 1116/2424/910
f 1117/2425/912 1118/2426/913 1116/2427/910
f 1116/2422/910 1114/2420/909 1117/2428/912
f 1118/2426/913 1115/2429/911 1116/2427/910
f 1118/2426/913 1117/2425/912 1119/2430/914
f 1119/2430/914 1115/2429/911 1118/2426/913
f 1120/2431/915 1119/2430/914 1121/2432/916
f 1120/2431/915 1122/2433/917 1119/2430/914
f 1115/2429/911 1119/2430/914 1122/2433/917
f 1121/2432/916 1119/2430/914 1117/2425/912
f 1120/2434/915 1109/2435/905 1122/2436/917
f 1122/2437/917 1108/2407/903 1115/2423/911
f 1109/2409/905 1108/2411/903 1122/2438/917
f 1123/2439/918 1120/2440/915 1121/2441/916
f 1124/2442/919 1123/2439/918 1121/2441/916
f 1121/2441/916 1117/2443/912 1124/2442/919
f 1112/2444/907 1123/2439/918 1124/2442/919
f 1124/2445/919 1117/2428/912 1114/2420/909
f 1114/2420/909 1112/2419/907 1124/2445/919
f 1120/2446/915 1123/2447/918 1109/2414/905
f 1109/2414/905 1123/2447/918 1110/2412/906
f 1112/2416/907 1110/2412/906 1123/2447/918
f 1129/2448/920 1126/2449/921 1125/2450/922
f 1127/2451/923 1125/2452/922 1126/2453/921
f 1128/2454/924 1125/2455/922 1127/2456/923
f 1128/2454/924 1129/2457/920 1125/2455/922
f 1129/2457/920 1128/2454/924 1130/2458/925
f 1131/2459/926 1129/2457/920 1130/2458/925
f 1126/2449/921 1129/2448/920 1131/2460/926
f 1130/2461/925 1132/2462/927 1131/2463/926
f 1134/2464/928 1131/2463/926 1132/2462/927
f 1131/2460/926 1133/2465/929 1126/2449/921
f 1133/2465/929 1131/2460/926 1134/2466/928
f 1135/2467/930 1136/2468/931 1134/2469/928
f 1134/2464/928 1132/2462/927 1135/2470/930
f 1136/2468/931 1133/2471/929 1134/2469/928
f 1136/2468/931 1135/2467/930 1137/2472/932
f 1137/2472/932 1133/2471/929 1136/2468/931
f 1138/2473/933 1137/2472/932 1139/2474/934
f 1138/2473/933 1140/2475/935 1137/2472/932
f 1133/2471/929 1137/2472/932 1140/2475/935
f 1139/2474/934 1137/2472/932 1135/2467/930
f 1138/2476/933 1127/2477/923 1140/2478/935
f 1140/2479/935 1126/2449/921 1133/2465/929
f 1127/2451/923 1126/2453/921 1140/2480/935
f 1141/2481/936 1138/2482/933 1139/2483/934
f 1142/2484/937 1141/2481/936 1139/2483/934
f 1139/2483/934 1135/2485/930 1142/2484/937
f 1130/2486/925 1141/2481/936 1142/2484/937
f 1142/2487/937 1135/2470/930 1132/2462/927
f 1132/2462/927 1130/2461/925 1142/2487/937
f 1138/2488/933 1141/2489/936 1127/2456/923
f 1127/2456/923 1141/2489/936 1128/2454/924
f 1130/2458/925 1128/2454/924 1141/2489/936
f 1158/2490/938 1157/2491/939 1144/2492/940
f 1155/2493/941 1144/2492/940 1157/2491/939
f 1147/2494/942 1158/2490/938 1144/2492/940
f 1153/2495/943 1143/2496/944 1155/2497/941
f 1147/2498/942 1145/2499/945 1158/2500/938
f 1152/2501/946 1145/2502/945 1148/2503/947
f 1143/2496/944 1153/2495/943 1150/2504/948
f 1147/2505/942 1148/2503/947 1145/2502/945
f 1149/2506/949 1148/2503/947 1150/2507/948
f 1155/2493/941 1143/2508/944 1144/2492/940
f 1149/2509/949 1151/2510/950 1152/2511/946
f 1155/2493/941 1154/2512/951 1153/2513/943
f 1151/2514/950 1150/2504/948 1153/2495/943
f 1152/2511/946 1151/2510/950 1154/2515/951
f 1159/2516/952 1154/2515/951 1156/2517/953
f 1154/2515/951 1159/2516/952 1152/2511/946
f 1157/2491/939 1158/2490/938 1160/2518/954
f 1157/2491/939 1160/2518/954 1156/2519/953
f 1151/2514/950 1153/2495/943 1154/2520/951
f 1154/2512/951 1155/2493/941 1156/2519/953
f 1144/2521/940 1146/2522/955 1147/2523/942
f 1143/2524/944 1146/2522/955 1144/2521/940
f 1146/2522/955 1143/2524/944 1150/2525/948
f 1158/2526/938 1159/2527/952 1160/2528/954
f 1156/2517/953 1160/2529/954 1159/2516/952
f 1156/2519/953 1155/2493/941 1157/2491/939
f 1148/2503/947 1149/2506/949 1152/2501/946
f 1150/2507/948 1151/2530/950 1149/2506/949
f 1147/2505/942 1146/2531/955 1148/2503/947
f 1145/2532/945 1152/2511/946 1159/2516/952
f 1158/2526/938 1145/2533/945 1159/2527/952
f 1146/2531/955 1150/2507/948 1148/2503/947
f 1165/2534/956 1162/2535/957 1161/2536/958
f 1163/2537/959 1161/2538/958 1162/2539/957
f 1164/2540/960 1161/2541/958 1163/2542/959
f 1164/2540/960 1165/2543/956 1161/2541/958
f 1165/2543/956 1164/2540/960 1166/2544/961
f 1167/2545/962 1165/2543/956 1166/2544/961
f 1162/2535/957 1165/2534/956 1167/2546/962
f 1166/2547/961 1168/2548/963 1167/2549/962
f 1170/2550/964 1167/2549/962 1168/2548/963
f 1167/2546/962 1169/2551/965 1162/2535/957
f 1169/2551/965 1167/2546/962 1170/2552/964
f 1171/2553/966 1172/2554/967 1170/2555/964
f 1170/2550/964 1168/2548/963 1171/2556/966
f 1172/2554/967 1169/2557/965 1170/2555/964
f 1172/2554/967 1171/2553/966 1173/2558/968
f 1173/2558/968 1169/2557/965 1172/2554/967
f 1174/2559/969 1173/2558/968 1175/2560/970
f 1174/2559/969 1176/2561/971 1173/2558/968
f 1169/2557/965 1173/2558/968 1176/2561/971
f 1175/2560/970 1173/2558/968 1171/2553/966
f 1174/2562/969 1163/2563/959 1176/2564/971
f 1176/2565/971 1162/2535/957 1169/2551/965
f 1163/2537/959 1162/2539/957 1176/2566/971
f 1177/2567/972 1174/2568/969 1175/2569/970
f 1178/2570/973 1177/2567/972 1175/2569/970
f 1175/2569/970 1171/2571/966 1178/2570/973
f 1166/2572/961 1177/2567/972 1178/2570/973
f 1178/2573/973 1171/2556/966 1168/2548/963
f 1168/2548/963 1166/2547/961 1178/2573/973
f 1174/2574/969 1177/2575/972 1163/2542/959
f 1163/2542/959 1177/2575/972 1164/2540/960
f 1166/2544/961 1164/2540/960 1177/2575/972
f 1183/2576/974 1180/2577/975 1179/2578/976
f 1181/2579/977 1179/2580/976 1180/2581/975
f 1182/2582/978 1179/2583/976 1181/2584/977
f 1182/2582/978 1183/2585/974 1179/2583/976
f 1183/2585/974 1182/2582/978 1184/2586/979
f 1185/2587/980 1183/2585/974 1184/2586/979
f 1180/2577/975 1183/2576/974 1185/2588/980
f 1184/2589/979 1186/2590/981 1185/2591/980
f 1188/2592/982 1185/2591/980 1186/2590/981
f 1185/2588/980 1187/2593/983 1180/2577/975
f 1187/2593/983 1185/2588/980 1188/2594/982
f 1189/2595/984 1190/2596/985 1188/2597/982
f 1188/2592/982 1186/2590/981 1189/2598/984
f 1190/2596/985 1187/2599/983 1188/2597/982
f 1190/2596/985 1189/2595/984 1191/2600/986
f 1191/2600/986 1187/2599/983 1190/2596/985
f 1192/2601/987 1191/2600/986 1193/2602/988
f 1192/2601/987 1194/2603/989 1191/2600/986
f 1187/2599/983 1191/2600/986 1194/2603/989
f 1193/2602/988 1191/2600/986 1189/2595/984
f 1192/2604/987 1181/2605/977 1194/2606/989
f 1194/2607/989 1180/2577/975 1187/2593/983
f 1181/2579/977 1180/2581/975 1194/2608/989
f 1195/2609/990 1192/2610/987 1193/2611/988
f 1196/2612/991 1195/2609/990 1193/2611/988
f 1193/2611/988 1189/2613/984 1196/2612/991
f 1184/2614/979 1195/2609/990 1196/2612/991
f 1196/2615/991 1189/2598/984 1186/2590/981
f 1186/2590/981 1184/2589/979 1196/2615/991
f 1192/2616/987 1195/2617/990 1181/2584/977
f 1181/2584/977 1195/2617/990 1182/2582/978
f 1184/2586/979 1182/2582/978 1195/2617/990
f 1201/2618/992 1198/2619/993 1197/2620/994
f 1199/2621/995 1197/2622/994 1198/2623/993
f 1200/2624/996 1197/2625/994 1199/2626/995
f 1200/2624/996 1201/2627/992 1197/2625/994
f 1201/2627/992 1200/2624/996 1202/2628/997
f 1203/2629/998 1201/2627/992 1202/2628/997
f 1198/2619/993 1201/2618/992 1203/2630/998
f 1202/2631/997 1204/2632/999 1203/2633/998
f 1206/2634/1000 1203/2633/998 1204/2632/999
f 1203/2630/998 1205/2635/1001 1198/2619/993
f 1205/2635/1001 1203/2630/998 1206/2636/1000
f 1207/2637/1002 1208/2638/1003 1206/2639/1000
f 1206/2634/1000 1204/2632/999 1207/2640/1002
f 1208/2638/1003 1205/2641/1001 1206/2639/1000
f 1208/2638/1003 1207/2637/1002 1209/2642/1004
f 1209/2642/1004 1205/2641/1001 1208/2638/1003
f 1210/2643/1005 1209/2642/1004 1211/2644/1006
f 1210/2643/1005 1212/2645/1007 1209/2642/1004
f 1205/2641/1001 1209/2642/1004 1212/2645/1007
f 1211/2644/1006 1209/2642/1004 1207/2637/1002
f 1210/2646/1005 1199/2647/995 1212/2648/1007
f 1212/2649/1007 1198/2619/993 1205/2635/1001
f 1199/2621/995 1198/2623/993 1212/2650/1007
f 1213/2651/1008 1210/2652/1005 1211/2653/1006
f 1214/2654/1009 1213/2651/1008 1211/2653/1006
f 1211/2653/1006 1207/2655/1002 1214/2654/1009
f 1202/2656/997 1213/2651/1008 1214/2654/1009
f 1214/2657/1009 1207/2640/1002 1204/2632/999
f 1204/2632/999 1202/2631/997 1214/2657/1009
f 1210/2658/1005 1213/2659/1008 1199/2626/995
f 1199/2626/995 1213/2659/1008 1200/2624/996
f 1202/2628/997 1200/2624/996 1213/2659/1008
f 1219/2660/1010 1216/2661/1011 1215/2662/1012
f 1217/2663/1013 1215/2664/1012 1216/2665/1011
f 1218/2666/1014 1215/2667/1012 1217/2668/1013
f 1218/2666/1014 1219/2669/1010 1215/2667/1012
f 1219/2669/1010 1218/2666/1014 1220/2670/1015
f 1221/2671/1016 1219/2669/1010 1220/2670/1015
f 1216/2661/1011 1219/2660/1010 1221/2672/1016
f 1220/2673/1015 1222/2674/1017 1221/2675/1016
f 1224/2676/1018 1221/2675/1016 1222/2674/1017
f 1221/2672/1016 1223/2677/1019 1216/2661/1011
f 1223/2677/1019 1221/2672/1016 1224/2678/1018
f 1225/2679/1020 1226/2680/1021 1224/2681/1018
f 1224/2676/1018 1222/2674/1017 1225/2682/1020
f 1226/2680/1021 1223/2683/1019 1224/2681/1018
f 1226/2680/1021 1225/2679/1020 1227/2684/1004
f 1227/2684/1004 1223/2683/1019 1226/2680/1021
f 1228/2685/1022 1227/2684/1004 1229/2686/1023
f 1228/2685/1022 1230/2687/1024 1227/2684/1004
f 1223/2683/1019 1227/2684/1004 1230/2687/1024
f 1229/2686/1023 1227/2684/1004 1225/2679/1020
f 1228/2688/1022 1217/2689/1013 1230/2690/1024
f 1230/2691/1024 1216/2661/1011 1223/2677/1019
f 1217/2663/1013 1216/2665/1011 1230/2692/1024
f 1231/2693/1025 1228/2694/1022 1229/2695/1023
f 1232/2696/1026 1231/2693/1025 1229/2695/1023
f 1229/2695/1023 1225/2697/1020 1232/2696/1026
f 1220/2698/1015 1231/2693/1025 1232/2696/1026
f 1232/2699/1026 1225/2682/1020 1222/2674/1017
f 1222/2674/1017 1220/2673/1015 1232/2699/1026
f 1228/2700/1022 1231/2701/1025 1217/2668/1013
f 1217/2668/1013 1231/2701/1025 1218/2666/1014
f 1220/2670/1015 1218/2666/1014 1231/2701/1025
f 1237/2702/1027 1234/2703/1028 1233/2704/1029
f 1235/2705/1030 1233/2706/1029 1234/2707/1028
f 1236/2708/1031 1233/2709/1029 1235/2710/1030
f 1236/2708/1031 1237/2711/1027 1233/2709/1029
f 1237/2711/1027 1236/2708/1031 1238/2712/1032
f 1239/2713/1033 1237/2711/1027 1238/2712/1032
f 1234/2703/1028 1237/2702/1027 1239/2714/1033
f 1238/2715/1032 1240/2716/1034 1239/2717/1033
f 1242/2718/1035 1239/2717/1033 1240/2716/1034
f 1239/2714/1033 1241/2719/1036 1234/2703/1028
f 1241/2719/1036 1239/2714/1033 1242/2720/1035
f 1243/2721/1037 1244/2722/1038 1242/2723/1035
f 1242/2718/1035 1240/2716/1034 1243/2724/1037
f 1244/2722/1038 1241/2725/1036 1242/2723/1035
f 1244/2722/1038 1243/2721/1037 1245/2726/1039
f 1245/2726/1039 1241/2725/1036 1244/2722/1038
f 1246/2727/1040 1245/2726/1039 1247/2728/1041
f 1246/2727/1040 1248/2729/1042 1245/2726/1039
f 1241/2725/1036 1245/2726/1039 1248/2729/1042
f 1247/2728/1041 1245/2726/1039 1243/2721/1037
f 1246/2730/1040 1235/2731/1030 1248/2732/1042
f 1248/2733/1042 1234/2703/1028 1241/2719/1036
f 1235/2705/1030 1234/2707/1028 1248/2734/1042
f 1249/2735/1043 1246/2736/1040 1247/2737/1041
f 1250/2738/1044 1249/2735/1043 1247/2737/1041
f 1247/2737/1041 1243/2739/1037 1250/2738/1044
f 1238/2740/1032 1249/2735/1043 1250/2738/1044
f 1250/2741/1044 1243/2724/1037 1240/2716/1034
f 1240/2716/1034 1238/2715/1032 1250/2741/1044
f 1246/2742/1040 1249/2743/1043 1235/2710/1030
f 1235/2710/1030 1249/2743/1043 1236/2708/1031
f 1238/2712/1032 1236/2708/1031 1249/2743/1043
f 1255/2744/1045 1252/2745/1046 1251/2746/1047
f 1253/2747/1048 1251/2748/1047 1252/2749/1046
f 1254/2750/1049 1251/2751/1047 1253/2752/1048
f 1254/2750/1049 1255/2753/1045 1251/2751/1047
f 1255/2753/1045 1254/2750/1049 1256/2754/1050
f 1257/2755/1051 1255/2753/1045 1256/2754/1050
f 1252/2745/1046 1255/2744/1045 1257/2756/1051
f 1256/2757/1050 1258/2758/1052 1257/2759/1051
f 1260/2760/1053 1257/2759/1051 1258/2758/1052
f 1257/2756/1051 1259/2761/1054 1252/2745/1046
f 1259/2761/1054 1257/2756/1051 1260/2762/1053
f 1261/2763/1055 1262/2764/1056 1260/2765/1053
f 1260/2760/1053 1258/2758/1052 1261/2766/1055
f 1262/2764/1056 1259/2767/1054 1260/2765/1053
f 1262/2764/1056 1261/2763/1055 1263/2768/1057
f 1263/2768/1057 1259/2767/1054 1262/2764/1056
f 1264/2769/1058 1263/2768/1057 1265/2770/1059
f 1264/2769/1058 1266/2771/1060 1263/2768/1057
f 1259/2767/1054 1263/2768/1057 1266/2771/1060
f 1265/2770/1059 1263/2768/1057 1261/2763/1055
f 1264/2772/1058 1253/2773/1048 1266/2774/1060
f 1266/2775/1060 1252/2745/1046 1259/2761/1054
f 1253/2747/1048 1252/2749/1046 1266/2776/1060
f 1267/2777/1061 1264/2778/1058 1265/2779/1059
f 1268/2780/1062 1267/2777/1061 1265/2779/1059
f 1265/2779/1059 1261/2781/1055 1268/2780/1062
f 1256/2782/1050 1267/2777/1061 1268/2780/1062
f 1268/2783/1062 1261/2766/1055 1258/2758/1052
f 1258/2758/1052 1256/2757/1050 1268/2783/1062
f 1264/2784/1058 1267/2785/1061 1253/2752/1048
f 1253/2752/1048 1267/2785/1061 1254/2750/1049
f 1256/2754/1050 1254/2750/1049 1267/2785/1061
f 1273/2786/1063 1270/2787/1064 1269/2788/1065
f 1271/2789/1066 1269/2790/1065 1270/2791/1064
f 1272/2792/1067 1269/2793/1065 1271/2794/1066
f 1272/2792/1067 1273/2795/1063 1269/2793/1065
f 1273/2795/1063 1272/2792/1067 1274/2796/1068
f 1275/2797/1069 1273/2795/1063 1274/2796/1068
f 1270/2787/1064 1273/2786/1063 1275/2798/1069
f 1274/2799/1068 1276/2800/1070 1275/2801/1069
f 1278/2802/1071 1275/2801/1069 1276/2800/1070
f 1275/2798/1069 1277/2803/1072 1270/2787/1064
f 1277/2803/1072 1275/2798/1069 1278/2804/1071
f 1279/2805/1073 1280/2806/1074 1278/2807/1071
f 1278/2802/1071 1276/2800/1070 1279/2808/1073
f 1280/2806/1074 1277/2809/1072 1278/2807/1071
f 1280/2806/1074 1279/2805/1073 1281/2810/1075
f 1281/2810/1075 1277/2809/1072 1280/2806/1074
f 1282/2811/1076 1281/2810/1075 1283/2812/1077
f 1282/2811/1076 1284/2813/1078 1281/2810/1075
f 1277/2809/1072 1281/2810/1075 1284/2813/1078
f 1283/2812/1077 1281/2810/1075 1279/2805/1073
f 1282/2814/1076 1271/2815/1066 1284/2816/1078
f 1284/2817/1078 1270/2787/1064 1277/2803/1072
f 1271/2789/1066 1270/2791/1064 1284/2818/1078
f 1285/2819/1079 1282/2820/1076 1283/2821/1077
f 1286/2822/1080 1285/2819/1079 1283/2821/1077
f 1283/2821/1077 1279/2823/1073 1286/2822/1080
f 1274/2824/1068 1285/2819/1079 1286/2822/1080
f 1286/2825/1080 1279/2808/1073 1276/2800/1070
f 1276/2800/1070 1274/2799/1068 1286/2825/1080
f 1282/2826/1076 1285/2827/1079 1271/2794/1066
f 1271/2794/1066 1285/2827/1079 1272/2792/1067
f 1274/2796/1068 1272/2792/1067 1285/2827/1079
f 1291/2828/1081 1288/2829/1082 1287/2830/1083
f 1289/2831/1084 1287/2832/1083 1288/2833/1082
f 1290/2834/1085 1287/2835/1083 1289/2836/1084
f 1290/2834/1085 1291/2837/1081 1287/2835/1083
f 1291/2837/1081 1290/2834/1085 1292/2838/1086
f 1293/2839/1087 1291/2837/1081 1292/2838/1086
f 1288/2829/1082 1291/2828/1081 1293/2840/1087
f 1292/2841/1086 1294/2842/1088 1293/2843/1087
f 1296/2844/1089 1293/2843/1087 1294/2842/1088
f 1293/2840/1087 1295/2845/1090 1288/2829/1082
f 1295/2845/1090 1293/2840/1087 1296/2846/1089
f 1297/2847/1091 1298/2848/1092 1296/2849/1089
f 1296/2844/1089 1294/2842/1088 1297/2850/1091
f 1298/2848/1092 1295/2851/1090 1296/2849/1089
f 1298/2848/1092 1297/2847/1091 1299/2852/1093
f 1299/2852/1093 1295/2851/1090 1298/2848/1092
f 1300/2853/1094 1299/2852/1093 1301/2854/1095
f 1300/2853/1094 1302/2855/1096 1299/2852/1093
f 1295/2851/1090 1299/2852/1093 1302/2855/1096
f 1301/2854/1095 1299/2852/1093 1297/2847/1091
f 1300/2856/1094 1289/2857/1084 1302/2858/1096
f 1302/2859/1096 1288/2829/1082 1295/2845/1090
f 1289/2831/1084 1288/2833/1082 1302/2860/1096
f 1303/2861/1097 1300/2862/1094 1301/2863/1095
f 1304/2864/1098 1303/2861/1097 1301/2863/1095
f 1301/2863/1095 1297/2865/1091 1304/2864/1098
f 1292/2866/1086 1303/2861/1097 1304/2864/1098
f 1304/2867/1098 1297/2850/1091 1294/2842/1088
f 1294/2842/1088 1292/2841/1086 1304/2867/1098
f 1300/2868/1094 1303/2869/1097 1289/2836/1084
f 1289/2836/1084 1303/2869/1097 1290/2834/1085
f 1292/2838/1086 1290/2834/1085 1303/2869/1097
f 1309/2870/1099 1306/2871/1100 1305/2872/1101
f 1307/2873/1102 1305/2874/1101 1306/2875/1100
f 1308/2876/1103 1305/2877/1101 1307/2878/1102
f 1308/2876/1103 1309/2879/1099 1305/2877/1101
f 1309/2879/1099 1308/2876/1103 1310/2880/1104
f 1311/2881/1105 1309/2879/1099 1310/2880/1104
f 1306/2871/1100 1309/2870/1099 1311/2882/1105
f 1310/2883/1104 1312/2884/1106 1311/2885/1105
f 1314/2886/1107 1311/2885/1105 1312/2884/1106
f 1311/2882/1105 1313/2887/1108 1306/2871/1100
f 1313/2887/1108 1311/2882/1105 1314/2888/1107
f 1315/2889/1109 1316/2890/1110 1314/2891/1107
f 1314/2886/1107 1312/2884/1106 1315/2892/1109
f 1316/2890/1110 1313/2893/1108 1314/2891/1107
f 1316/2890/1110 1315/2889/1109 1317/2894/1111
f 1317/2894/1111 1313/2893/1108 1316/2890/1110
f 1318/2895/1112 1317/2894/1111 1319/2896/1113
f 1318/2895/1112 1320/2897/1114 1317/2894/1111
f 1313/2893/1108 1317/2894/1111 1320/2897/1114
f 1319/2896/1113 1317/2894/1111 1315/2889/1109
f 1318/2898/1112 1307/2899/1102 1320/2900/1114
f 1320/2901/1114 1306/2871/1100 1313/2887/1108
f 1307/2873/1102 1306/2875/1100 1320/2902/1114
f 1321/2903/1115 1318/2904/1112 1319/2905/1113
f 1322/2906/1116 1321/2903/1115 1319/2905/1113
f 1319/2905/1113 1315/2907/1109 1322/2906/1116
f 1310/2908/1104 1321/2903/1115 1322/2906/1116
f 1322/2909/1116 1315/2892/1109 1312/2884/1106
f 1312/2884/1106 1310/2883/1104 1322/2909/1116
f 1318/2910/1112 1321/2911/1115 1307/2878/1102
f 1307/2878/1102 1321/2911/1115 1308/2876/1103
f 1310/2880/1104 1308/2876/1103 1321/2911/1115
f 1327/2912/1117 1324/2913/1118 1323/2914/1119
f 1325/2915/1120 1323/2916/1119 1324/2917/1118
f 1326/2918/1121 1323/2919/1119 1325/2920/1120
f 1326/2918/1121 1327/2921/1117 1323/2919/1119
f 1327/2921/1117 1326/2918/1121 1328/2922/1122
f 1329/2923/1123 1327/2921/1117 1328/2922/1122
f 1324/2913/1118 1327/2912/1117 1329/2924/1123
f 1328/2925/1122 1330/2926/1124 1329/2927/1123
f 1332/2928/1125 1329/2927/1123 1330/2926/1124
f 1329/2924/1123 1331/2929/1126 1324/2913/1118
f 1331/2929/1126 1329/2924/1123 1332/2930/1125
f 1333/2931/1127 1334/2932/1128 1332/2933/1125
f 1332/2928/1125 1330/2926/1124 1333/2934/1127
f 1334/2932/1128 1331/2935/1126 1332/2933/1125
f 1334/2932/1128 1333/2931/1127 1335/2936/1129
f 1335/2936/1129 1331/2935/1126 1334/2932/1128
f 1336/2937/1130 1335/2936/1129 1337/2938/1131
f 1336/2937/1130 1338/2939/1132 1335/2936/1129
f 1331/2935/1126 1335/2936/1129 1338/2939/1132
f 1337/2938/1131 1335/2936/1129 1333/2931/1127
f 1336/2940/1130 1325/2941/1120 1338/2942/1132
f 1338/2943/1132 1324/2913/1118 1331/2929/1126
f 1325/2915/1120 1324/2917/1118 1338/2944/1132
f 1339/2945/1133 1336/2946/1130 1337/2947/1131
f 1340/2948/1134 1339/2945/1133 1337/2947/1131
f 1337/2947/1131 1333/2949/1127 1340/2948/1134
f 1328/2950/1122 1339/2945/1133 1340/2948/1134
f 1340/2951/1134 1333/2934/1127 1330/2926/1124
f 1330/2926/1124 1328/2925/1122 1340/2951/1134
f 1336/2952/1130 1339/2953/1133 1325/2920/1120
f 1325/2920/1120 1339/2953/1133 1326/2918/1121
f 1328/2922/1122 1326/2918/1121 1339/2953/1133
f 1345/2954/1135 1342/2955/1136 1341/2956/1137
f 1343/2957/1138 1341/2958/1137 1342/2959/1136
f 1344/2960/1139 1341/2961/1137 1343/2962/1138
f 1344/2960/1139 1345/2963/1135 1341/2961/1137
f 1345/2963/1135 1344/2960/1139 1346/2964/1140
f 1347/2965/1141 1345/2963/1135 1346/2964/1140
f 1342/2955/1136 1345/2954/1135 1347/2966/1141
f 1346/2967/1140 1348/2968/1142 1347/2969/1141
f 1350/2970/1143 1347/2969/1141 1348/2968/1142
f 1347/2966/1141 1349/2971/1144 1342/2955/1136
f 1349/2971/1144 1347/2966/1141 1350/2972/1143
f 1351/2973/1145 1352/2974/1146 1350/2975/1143
f 1350/2970/1143 1348/2968/1142 1351/2976/1145
f 1352/2974/1146 1349/2977/1144 1350/2975/1143
f 1352/2974/1146 1351/2973/1145 1353/2978/1147
f 1353/2978/1147 1349/2977/1144 1352/2974/1146
f 1354/2979/1148 1353/2978/1147 1355/2980/1149
f 1354/2979/1148 1356/2981/1150 1353/2978/1147
f 1349/2977/1144 1353/2978/1147 1356/2981/1150
f 1355/2980/1149 1353/2978/1147 1351/2973/1145
f 1354/2982/1148 1343/2983/1138 1356/2984/1150
f 1356/2985/1150 1342/2959/1136 1349/2986/1144
f 1343/2957/1138 1342/2959/1136 1356/2985/1150
f 1357/2987/1151 1354/2988/1148 1355/2989/1149
f 1358/2990/1152 1357/2987/1151 1355/2989/1149
f 1355/2989/1149 1351/2991/1145 1358/2990/1152
f 1346/2992/1140 1357/2987/1151 1358/2990/1152
f 1358/2993/1152 1351/2976/1145 1348/2968/1142
f 1348/2968/1142 1346/2967/1140 1358/2993/1152
f 1354/2994/1148 1357/2995/1151 1343/2962/1138
f 1343/2962/1138 1357/2995/1151 1344/2960/1139
f 1346/2964/1140 1344/2960/1139 1357/2995/1151
f 1363/2996/1153 1360/2997/1154 1359/2998/1155
f 1361/2999/1156 1359/3000/1155 1360/3001/1154
f 1362/3002/1157 1359/3003/1155 1361/3004/1156
f 1362/3002/1157 1363/3005/1153 1359/3003/1155
f 1363/3005/1153 1362/3002/1157 1364/3006/1158
f 1365/3007/1159 1363/3005/1153 1364/3006/1158
f 1360/2997/1154 1363/2996/1153 1365/3008/1159
f 1364/3009/1158 1366/3010/1160 1365/3011/1159
f 1368/3012/1161 1365/3011/1159 1366/3010/1160
f 1365/3008/1159 1367/3013/1162 1360/2997/1154
f 1367/3013/1162 1365/3008/1159 1368/3014/1161
f 1369/3015/1163 1370/3016/1164 1368/3017/1161
f 1368/3012/1161 1366/3010/1160 1369/3018/1163
f 1370/3016/1164 1367/3019/1162 1368/3017/1161
f 1370/3016/1164 1369/3015/1163 1371/3020/1165
f 1371/3020/1165 1367/3019/1162 1370/3016/1164
f 1372/3021/1166 1371/3020/1165 1373/3022/1167
f 1372/3021/1166 1374/3023/1168 1371/3020/1165
f 1367/3019/1162 1371/3020/1165 1374/3023/1168
f 1373/3022/1167 1371/3020/1165 1369/3015/1163
f 1372/3024/1166 1361/3025/1156 1374/3026/1168
f 1374/3027/1168 1360/3001/1154 1367/3028/1162
f 1361/2999/1156 1360/3001/1154 1374/3027/1168
f 1375/3029/1169 1372/3030/1166 1373/3031/1167
f 1376/3032/1170 1375/3029/1169 1373/3031/1167
f 1373/3031/1167 1369/3033/1163 1376/3032/1170
f 1364/3034/1158 1375/3029/1169 1376/3032/1170
f 1376/3035/1170 1369/3018/1163 1366/3010/1160
f 1366/3010/1160 1364/3009/1158 1376/3035/1170
f 1372/3036/1166 1375/3037/1169 1361/3004/1156
f 1361/3004/1156 1375/3037/1169 1362/3002/1157
f 1364/3006/1158 1362/3002/1157 1375/3037/1169
f 1381/3038/1171 1378/3039/1172 1377/3040/1173
f 1379/3041/1174 1377/3042/1173 1378/3043/1172
f 1380/3044/1175 1377/3045/1173 1379/3046/1174
f 1380/3044/1175 1381/3047/1171 1377/3045/1173
f 1381/3047/1171 1380/3044/1175 1382/3048/1176
f 1383/3049/1177 1381/3047/1171 1382/3048/1176
f 1378/3039/1172 1381/3038/1171 1383/3050/1177
f 1382/3051/1176 1384/3052/1178 1383/3053/1177
f 1386/3054/1179 1383/3053/1177 1384/3052/1178
f 1383/3050/1177 1385/3055/1180 1378/3039/1172
f 1385/3055/1180 1383/3050/1177 1386/3056/1179
f 1387/3057/1181 1388/3058/1182 1386/3059/1179
f 1386/3054/1179 1384/3052/1178 1387/3060/1181
f 1388/3058/1182 1385/3061/1180 1386/3059/1179
f 1388/3058/1182 1387/3057/1181 1389/3062/1183
f 1389/3062/1183 1385/3061/1180 1388/3058/1182
f 1390/3063/1184 1389/3062/1183 1391/3064/1185
f 1390/3063/1184 1392/3065/1186 1389/3062/1183
f 1385/3061/1180 1389/3062/1183 1392/3065/1186
f 1391/3064/1185 1389/3062/1183 1387/3057/1181
f 1390/3066/1184 1379/3067/1174 1392/3068/1186
f 1392/3069/1186 1378/3043/1172 1385/3070/1180
f 1379/3041/1174 1378/3043/1172 1392/3069/1186
f 1393/3071/1187 1390/3072/1184 1391/3073/1185
f 1394/3074/1188 1393/3071/1187 1391/3073/1185
f 1391/3073/1185 1387/3075/1181 1394/3074/1188
f 1382/3076/1176 1393/3071/1187 1394/3074/1188
f 1394/3077/1188 1387/3060/1181 1384/3052/1178
f 1384/3052/1178 1382/3051/1176 1394/3077/1188
f 1390/3078/1184 1393/3079/1187 1379/3046/1174
f 1379/3046/1174 1393/3079/1187 1380/3044/1175
f 1382/3048/1176 1380/3044/1175 1393/3079/1187
f 1399/3080/1189 1395/3081/1190 1396/3082/1191
f 1397/3083/1192 1396/3084/1191 1395/3085/1190
f 1398/3086/1193 1397/3087/1192 1395/3088/1190
f 1398/3086/1193 1395/3088/1190 1399/3089/1189
f 1399/3089/1189 1400/3090/1194 1398/3086/1193
f 1401/3091/1195 1400/3090/1194 1399/3089/1189
f 1396/3082/1191 1401/3092/1195 1399/3080/1189
f 1400/3090/1194 1401/3091/1195 1402/3093/1196
f 1404/3094/1197 1402/3095/1196 1401/3096/1195
f 1401/3092/1195 1396/3082/1191 1403/3097/1198
f 1403/3097/1198 1404/3098/1197 1401/3092/1195
f 1405/3099/1199 1404/3100/1197 1406/3101/1200
f 1404/3094/1197 1405/3102/1199 1402/3095/1196
f 1406/3103/1200 1404/3098/1197 1403/3097/1198
f 1406/3101/1200 1407/3104/1201 1405/3099/1199
f 1407/3104/1201 1406/3101/1200 1403/3105/1198
f 1408/3106/1202 1409/3107/1203 1407/3104/1201
f 1408/3106/1202 1407/3104/1201 1410/3108/1204
f 1403/3105/1198 1410/3108/1204 1407/3104/1201
f 1409/3107/1203 1405/3099/1199 1407/3104/1201
f 1408/3109/1202 1410/3110/1204 1397/3111/1192
f 1410/3112/1204 1403/3097/1198 1396/3082/1191
f 1397/3083/1192 1410/3113/1204 1396/3084/1191
f 1411/3114/1205 1409/3115/1203 1408/3116/1202
f 1412/3117/1206 1409/3115/1203 1411/3114/1205
f 1409/3115/1203 1412/3117/1206 1405/3118/1199
f 1400/3090/1194 1412/3119/1206 1411/3120/1205
f 1412/3121/1206 1402/3095/1196 1405/3102/1199
f 1402/3095/1196 1412/3121/1206 1400/3122/1194
f 1408/3123/1202 1397/3087/1192 1411/3120/1205
f 1397/3087/1192 1398/3086/1193 1411/3120/1205
f 1400/3090/1194 1411/3120/1205 1398/3086/1193
f 1417/2517/1207 1413/2529/1208 1414/2516/1209
f 1415/2526/1210 1414/2527/1209 1413/2528/1208
f 1416/2491/1211 1415/2490/1210 1413/2518/1208
f 1416/2491/1211 1413/2518/1208 1417/2519/1207
f 1417/2519/1207 1418/2493/1212 1416/2491/1211
f 1419/2512/1213 1418/2493/1212 1417/2519/1207
f 1414/2516/1209 1419/2515/1213 1417/2517/1207
f 1418/2493/1212 1419/2512/1213 1420/2513/1214
f 1422/2514/1215 1420/2495/1214 1419/2520/1213
f 1419/2515/1213 1414/2516/1209 1421/2511/1216
f 1421/2511/1216 1422/2510/1215 1419/2515/1213
f 1423/2507/1217 1422/2530/1215 1424/2506/1200
f 1422/2514/1215 1423/2504/1217 1420/2495/1214
f 1424/2509/1200 1422/2510/1215 1421/2511/1216
f 1424/2506/1200 1425/2503/1218 1423/2507/1217
f 1425/2503/1218 1424/2506/1200 1421/2501/1216
f 1426/2505/1219 1427/2531/1220 1425/2503/1218
f 1426/2505/1219 1425/2503/1218 1428/2502/1221
f 1421/2501/1216 1428/2502/1221 1425/2503/1218
f 1427/2531/1220 1423/2507/1217 1425/2503/1218
f 1426/2498/1219 1428/2499/1221 1415/2500/1210
f 1428/2532/1221 1421/2511/1216 1414/2516/1209
f 1415/2526/1210 1428/2533/1221 1414/2527/1209
f 1429/2521/1222 1427/2522/1220 1426/2523/1219
f 1430/2524/1223 1427/2522/1220 1429/2521/1222
f 1427/2522/1220 1430/2524/1223 1423/2525/1217
f 1418/2493/1212 1430/2508/1223 1429/2492/1222
f 1430/2496/1223 1420/2495/1214 1423/2504/1217
f 1420/2495/1214 1430/2496/1223 1418/2497/1212
f 1426/2494/1219 1415/2490/1210 1429/2492/1222
f 1415/2490/1210 1416/2491/1211 1429/2492/1222
f 1418/2493/1212 1429/2492/1222 1416/2491/1211
f 1446/2456/1224 1432/2489/1225 1445/2454/1226
f 1443/2458/1227 1445/2454/1226 1432/2489/1225
f 1435/2488/1228 1432/2489/1225 1446/2456/1224
f 1441/2462/1229 1443/2461/1227 1431/2487/1230
f 1435/2476/1228 1446/2477/1224 1433/2478/1231
f 1440/2471/1232 1436/2472/1233 1433/2475/1231
f 1431/2487/1230 1438/2470/1234 1441/2462/1229
f 1435/2473/1228 1433/2475/1231 1436/2472/1233
f 1437/2468/1235 1438/2467/1234 1436/2472/1233
f 1443/2486/1227 1432/2481/1225 1431/2484/1230
f 1437/2468/1235 1440/2471/1232 1439/2469/1236
f 1443/2461/1227 1441/2462/1229 1442/2463/1237
f 1439/2464/1236 1441/2462/1229 1438/2470/1234
f 1440/2465/1232 1442/2460/1237 1439/2466/1236
f 1447/2449/1238 1444/2448/1239 1442/2460/1237
f 1442/2460/1237 1440/2465/1232 1447/2449/1238
f 1445/2454/1226 1448/2455/1240 1446/2456/1224
f 1445/2454/1226 1444/2457/1239 1448/2455/1240
f 1439/2464/1236 1442/2463/1237 1441/2462/1229
f 1442/2459/1237 1444/2457/1239 1443/2458/1227
f 1432/2481/1225 1435/2482/1228 1434/2483/1241
f 1431/2484/1230 1432/2481/1225 1434/2483/1241
f 1434/2483/1241 1438/2485/1234 1431/2484/1230
f 1446/2451/1224 1448/2452/1240 1447/2453/1238
f 1444/2448/1239 1447/2449/1238 1448/2450/1240
f 1444/2457/1239 1445/2454/1226 1443/2458/1227
f 1436/2472/1233 1440/2471/1232 1437/2468/1235
f 1438/2467/1234 1437/2468/1235 1439/2469/1236
f 1435/2473/1228 1436/2472/1233 1434/2474/1241
f 1433/2479/1231 1447/2449/1238 1440/2465/1232
f 1446/2451/1224 1447/2453/1238 1433/2480/1231
f 1434/2474/1241 1436/2472/1233 1438/2467/1234
f 1453/3124/1242 1449/3125/1243 1450/3126/1244
f 1451/3127/1245 1450/3128/1244 1449/3129/1243
f 1452/3130/1246 1451/3131/1245 1449/3132/1243
f 1452/3130/1246 1449/3132/1243 1453/3133/1242
f 1453/3133/1242 1454/3134/1247 1452/3130/1246
f 1455/3135/1248 1454/3134/1247 1453/3133/1242
f 1450/3126/1244 1455/3136/1248 1453/3124/1242
f 1454/3134/1247 1455/3135/1248 1456/3137/1249
f 1458/3138/1250 1456/3139/1249 1455/3140/1248
f 1455/3136/1248 1450/3126/1244 1457/3141/1251
f 1457/3141/1251 1458/3142/1250 1455/3136/1248
f 1459/3143/1252 1458/3144/1250 1460/3145/1253
f 1458/3138/1250 1459/3146/1252 1456/3139/1249
f 1460/3147/1253 1458/3142/1250 1457/3141/1251
f 1460/3145/1253 1461/3148/1254 1459/3143/1252
f 1461/3148/1254 1460/3145/1253 1457/3149/1251
f 1462/3150/1255 1463/3151/1256 1461/3148/1254
f 1462/3150/1255 1461/3148/1254 1464/3152/1257
f 1457/3149/1251 1464/3152/1257 1461/3148/1254
f 1463/3151/1256 1459/3143/1252 1461/3148/1254
f 1462/3153/1255 1464/3154/1257 1451/3155/1245
f 1464/3156/1257 1457/3141/1251 1450/3126/1244
f 1451/3127/1245 1464/3157/1257 1450/3128/1244
f 1465/3158/1258 1463/3159/1256 1462/3160/1255
f 1466/3161/1259 1463/3159/1256 1465/3158/1258
f 1463/3159/1256 1466/3161/1259 1459/3162/1252
f 1454/3134/1247 1466/3163/1259 1465/3164/1258
f 1466/3165/1259 1456/3139/1249 1459/3146/1252
f 1456/3139/1249 1466/3165/1259 1454/3166/1247
f 1462/3167/1255 1451/3131/1245 1465/3164/1258
f 1451/3131/1245 1452/3130/1246 1465/3164/1258
f 1454/3134/1247 1465/3164/1258 1452/3130/1246
f 1471/3168/1260 1467/3169/1261 1468/3170/1262
f 1469/3171/1263 1468/3172/1262 1467/3173/1261
f 1470/3174/1264 1469/3175/1263 1467/3176/1261
f 1470/3174/1264 1467/3176/1261 1471/3177/1260
f 1471/3177/1260 1472/3178/1265 1470/3174/1264
f 1473/3179/1266 1472/3178/1265 1471/3177/1260
f 1468/3170/1262 1473/3180/1266 1471/3168/1260
f 1472/3178/1265 1473/3179/1266 1474/3181/1267
f 1476/3182/1268 1474/3183/1267 1473/3184/1266
f 1473/3180/1266 1468/3170/1262 1475/3185/1269
f 1475/3185/1269 1476/3186/1268 1473/3180/1266
f 1477/3187/1270 1476/3188/1268 1478/3189/1271
f 1476/3182/1268 1477/3190/1270 1474/3183/1267
f 1478/3191/1271 1476/3186/1268 1475/3185/1269
f 1478/3189/1271 1479/3192/1272 1477/3187/1270
f 1479/3192/1272 1478/3189/1271 1475/3193/1269
f 1480/3194/1273 1481/3195/1274 1479/3192/1272
f 1480/3194/1273 1479/3192/1272 1482/3196/1275
f 1475/3193/1269 1482/3196/1275 1479/3192/1272
f 1481/3195/1274 1477/3187/1270 1479/3192/1272
f 1480/3197/1273 1482/3198/1275 1469/3199/1263
f 1482/3200/1275 1475/3185/1269 1468/3170/1262
f 1469/3171/1263 1482/3201/1275 1468/3172/1262
f 1483/3202/1276 1481/3203/1274 1480/3204/1273
f 1484/3205/1277 1481/3203/1274 1483/3202/1276
f 1481/3203/1274 1484/3205/1277 1477/3206/1270
f 1472/3178/1265 1484/3207/1277 1483/3208/1276
f 1484/3209/1277 1474/3183/1267 1477/3190/1270
f 1474/3183/1267 1484/3209/1277 1472/3210/1265
f 1480/3211/1273 1469/3175/1263 1483/3208/1276
f 1469/3175/1263 1470/3174/1264 1483/3208/1276
f 1472/3178/1265 1483/3208/1276 1470/3174/1264
f 1489/3212/1278 1485/3213/1279 1486/3214/1280
f 1487/3215/1281 1486/3216/1280 1485/3217/1279
f 1488/3218/1282 1487/3219/1281 1485/3220/1279
f 1488/3218/1282 1485/3220/1279 1489/3221/1278
f 1489/3221/1278 1490/3222/1283 1488/3218/1282
f 1491/3223/1284 1490/3222/1283 1489/3221/1278
f 1486/3214/1280 1491/3224/1284 1489/3212/1278
f 1490/3222/1283 1491/3223/1284 1492/3225/1285
f 1494/3226/1286 1492/3227/1285 1491/3228/1284
f 1491/3224/1284 1486/3214/1280 1493/3229/1287
f 1493/3229/1287 1494/3230/1286 1491/3224/1284
f 1495/3231/1288 1494/3232/1286 1496/3233/1289
f 1494/3226/1286 1495/3234/1288 1492/3227/1285
f 1496/3235/1289 1494/3230/1286 1493/3229/1287
f 1496/3233/1289 1497/3236/1290 1495/3231/1288
f 1497/3236/1290 1496/3233/1289 1493/3237/1287
f 1498/3238/1291 1499/3239/1292 1497/3236/1290
f 1498/3238/1291 1497/3236/1290 1500/3240/1293
f 1493/3237/1287 1500/3240/1293 1497/3236/1290
f 1499/3239/1292 1495/3231/1288 1497/3236/1290
f 1498/3241/1291 1500/3242/1293 1487/3243/1281
f 1500/3244/1293 1493/3229/1287 1486/3214/1280
f 1487/3215/1281 1500/3245/1293 1486/3216/1280
f 1501/3246/1294 1499/3247/1292 1498/3248/1291
f 1502/3249/1295 1499/3247/1292 1501/3246/1294
f 1499/3247/1292 1502/3249/1295 1495/3250/1288
f 1490/3222/1283 1502/3251/1295 1501/3252/1294
f 1502/3253/1295 1492/3227/1285 1495/3234/1288
f 1492/3227/1285 1502/3253/1295 1490/3254/1283
f 1498/3255/1291 1487/3219/1281 1501/3252/1294
f 1487/3219/1281 1488/3218/1282 1501/3252/1294
f 1490/3222/1283 1501/3252/1294 1488/3218/1282
f 1507/3256/1296 1503/3257/1297 1504/3258/1298
f 1505/3259/1299 1504/3260/1298 1503/3261/1297
f 1506/3262/1300 1505/3263/1299 1503/3264/1297
f 1506/3262/1300 1503/3264/1297 1507/3265/1296
f 1507/3265/1296 1508/3266/1301 1506/3262/1300
f 1509/3267/1302 1508/3266/1301 1507/3265/1296
f 1504/3258/1298 1509/3268/1302 1507/3256/1296
f 1508/3266/1301 1509/3267/1302 1510/3269/1303
f 1512/3270/1304 1510/3271/1303 1509/3272/1302
f 1509/3268/1302 1504/3258/1298 1511/3273/1305
f 1511/3273/1305 1512/3274/1304 1509/3268/1302
f 1513/3275/1306 1512/3276/1304 1514/3277/1307
f 1512/3270/1304 1513/3278/1306 1510/3271/1303
f 1514/3279/1307 1512/3274/1304 1511/3273/1305
f 1514/3277/1307 1515/3280/1290 1513/3275/1306
f 1515/3280/1290 1514/3277/1307 1511/3281/1305
f 1516/3282/1308 1517/3283/1309 1515/3280/1290
f 1516/3282/1308 1515/3280/1290 1518/3284/1310
f 1511/3281/1305 1518/3284/1310 1515/3280/1290
f 1517/3283/1309 1513/3275/1306 1515/3280/1290
f 1516/3285/1308 1518/3286/1310 1505/3287/1299
f 1518/3288/1310 1511/3273/1305 1504/3258/1298
f 1505/3259/1299 1518/3289/1310 1504/3260/1298
f 1519/3290/1311 1517/3291/1309 1516/3292/1308
f 1520/3293/1312 1517/3291/1309 1519/3290/1311
f 1517/3291/1309 1520/3293/1312 1513/3294/1306
f 1508/3266/1301 1520/3295/1312 1519/3296/1311
f 1520/3297/1312 1510/3271/1303 1513/3278/1306
f 1510/3271/1303 1520/3297/1312 1508/3298/1301
f 1516/3299/1308 1505/3263/1299 1519/3296/1311
f 1505/3263/1299 1506/3262/1300 1519/3296/1311
f 1508/3266/1301 1519/3296/1311 1506/3262/1300
f 1525/3300/1313 1521/3301/1314 1522/3302/1315
f 1523/3303/1316 1522/3304/1315 1521/3305/1314
f 1524/3306/1317 1523/3307/1316 1521/3308/1314
f 1524/3306/1317 1521/3308/1314 1525/3309/1313
f 1525/3309/1313 1526/3310/1318 1524/3306/1317
f 1527/3311/1319 1526/3310/1318 1525/3309/1313
f 1522/3302/1315 1527/3312/1319 1525/3300/1313
f 1526/3310/1318 1527/3311/1319 1528/3313/1320
f 1530/3314/1321 1528/3315/1320 1527/3316/1319
f 1527/3312/1319 1522/3302/1315 1529/3317/1322
f 1529/3317/1322 1530/3318/1321 1527/3312/1319
f 1531/3319/1323 1530/3320/1321 1532/3321/1307
f 1530/3314/1321 1531/3322/1323 1528/3315/1320
f 1532/3323/1307 1530/3318/1321 1529/3317/1322
f 1532/3321/1307 1533/3324/1324 1531/3319/1323
f 1533/3324/1324 1532/3321/1307 1529/3325/1322
f 1534/3326/1325 1535/3327/1326 1533/3324/1324
f 1534/3326/1325 1533/3324/1324 1536/3328/1327
f 1529/3325/1322 1536/3328/1327 1533/3324/1324
f 1535/3327/1326 1531/3319/1323 1533/3324/1324
f 1534/3329/1325 1536/3330/1327 1523/3331/1316
f 1536/3332/1327 1529/3317/1322 1522/3302/1315
f 1523/3303/1316 1536/3333/1327 1522/3304/1315
f 1537/3334/1328 1535/3335/1326 1534/3336/1325
f 1538/3337/1329 1535/3335/1326 1537/3334/1328
f 1535/3335/1326 1538/3337/1329 1531/3338/1323
f 1526/3310/1318 1538/3339/1329 1537/3340/1328
f 1538/3341/1329 1528/3315/1320 1531/3322/1323
f 1528/3315/1320 1538/3341/1329 1526/3342/1318
f 1534/3343/1325 1523/3307/1316 1537/3340/1328
f 1523/3307/1316 1524/3306/1317 1537/3340/1328
f 1526/3310/1318 1537/3340/1328 1524/3306/1317
f 1543/3344/1330 1539/3345/1331 1540/3346/1332
f 1541/3347/1333 1540/3348/1332 1539/3349/1331
f 1542/3350/1334 1541/3351/1333 1539/3352/1331
f 1542/3350/1334 1539/3352/1331 1543/3353/1330
f 1543/3353/1330 1544/3354/1335 1542/3350/1334
f 1545/3355/1336 1544/3354/1335 1543/3353/1330
f 1540/3346/1332 1545/3356/1336 1543/3344/1330
f 1544/3354/1335 1545/3355/1336 1546/3357/1337
f 1548/3358/1338 1546/3359/1337 1545/3360/1336
f 1545/3356/1336 1540/3346/1332 1547/3361/1339
f 1547/3361/1339 1548/3362/1338 1545/3356/1336
f 1549/3363/1340 1548/3364/1338 1550/3365/1341
f 1548/3358/1338 1549/3366/1340 1546/3359/1337
f 1550/3367/1341 1548/3362/1338 1547/3361/1339
f 1550/3365/1341 1551/3368/1342 1549/3363/1340
f 1551/3368/1342 1550/3365/1341 1547/3369/1339
f 1552/3370/1343 1553/3371/1344 1551/3368/1342
f 1552/3370/1343 1551/3368/1342 1554/3372/1345
f 1547/3369/1339 1554/3372/1345 1551/3368/1342
f 1553/3371/1344 1549/3363/1340 1551/3368/1342
f 1552/3373/1343 1554/3374/1345 1541/3375/1333
f 1554/3376/1345 1547/3361/1339 1540/3346/1332
f 1541/3347/1333 1554/3377/1345 1540/3348/1332
f 1555/3378/1346 1553/3379/1344 1552/3380/1343
f 1556/3381/1347 1553/3379/1344 1555/3378/1346
f 1553/3379/1344 1556/3381/1347 1549/3382/1340
f 1544/3354/1335 1556/3383/1347 1555/3384/1346
f 1556/3385/1347 1546/3359/1337 1549/3366/1340
f 1546/3359/1337 1556/3385/1347 1544/3386/1335
f 1552/3387/1343 1541/3351/1333 1555/3384/1346
f 1541/3351/1333 1542/3350/1334 1555/3384/1346
f 1544/3354/1335 1555/3384/1346 1542/3350/1334
f 1561/3388/1348 1557/3389/1349 1558/3390/1350
f 1559/3391/1351 1558/3392/1350 1557/3393/1349
f 1560/3394/1352 1559/3395/1351 1557/3396/1349
f 1560/3394/1352 1557/3396/1349 1561/3397/1348
f 1561/3397/1348 1562/3398/1353 1560/3394/1352
f 1563/3399/1354 1562/3398/1353 1561/3397/1348
f 1558/3390/1350 1563/3400/1354 1561/3388/1348
f 1562/3398/1353 1563/3399/1354 1564/3401/1355
f 1566/3402/1356 1564/3403/1355 1563/3404/1354
f 1563/3400/1354 1558/3390/1350 1565/3405/1357
f 1565/3405/1357 1566/3406/1356 1563/3400/1354
f 1567/3407/1358 1566/3408/1356 1568/3409/1359
f 1566/3402/1356 1567/3410/1358 1564/3403/1355
f 1568/3411/1359 1566/3406/1356 1565/3405/1357
f 1568/3409/1359 1569/3412/1360 1567/3407/1358
f 1569/3412/1360 1568/3409/1359 1565/3413/1357
f 1570/3414/1361 1571/3415/1362 1569/3412/1360
f 1570/3414/1361 1569/3412/1360 1572/3416/1363
f 1565/3413/1357 1572/3416/1363 1569/3412/1360
f 1571/3415/1362 1567/3407/1358 1569/3412/1360
f 1570/3417/1361 1572/3418/1363 1559/3419/1351
f 1572/3420/1363 1565/3405/1357 1558/3390/1350
f 1559/3391/1351 1572/3421/1363 1558/3392/1350
f 1573/3422/1364 1571/3423/1362 1570/3424/1361
f 1574/3425/1365 1571/3423/1362 1573/3422/1364
f 1571/3423/1362 1574/3425/1365 1567/3426/1358
f 1562/3398/1353 1574/3427/1365 1573/3428/1364
f 1574/3429/1365 1564/3403/1355 1567/3410/1358
f 1564/3403/1355 1574/3429/1365 1562/3430/1353
f 1570/3431/1361 1559/3395/1351 1573/3428/1364
f 1559/3395/1351 1560/3394/1352 1573/3428/1364
f 1562/3398/1353 1573/3428/1364 1560/3394/1352
f 1579/3432/1366 1575/3433/1367 1576/3434/1368
f 1577/3435/1369 1576/3436/1368 1575/3437/1367
f 1578/3438/1370 1577/3439/1369 1575/3440/1367
f 1578/3438/1370 1575/3440/1367 1579/3441/1366
f 1579/3441/1366 1580/3442/1371 1578/3438/1370
f 1581/3443/1372 1580/3442/1371 1579/3441/1366
f 1576/3434/1368 1581/3444/1372 1579/3432/1366
f 1580/3442/1371 1581/3443/1372 1582/3445/1373
f 1584/3446/1374 1582/3447/1373 1581/3448/1372
f 1581/3444/1372 1576/3434/1368 1583/3449/1375
f 1583/3449/1375 1584/3450/1374 1581/3444/1372
f 1585/3451/1376 1584/3452/1374 1586/3453/1377
f 1584/3446/1374 1585/3454/1376 1582/3447/1373
f 1586/3455/1377 1584/3450/1374 1583/3449/1375
f 1586/3453/1377 1587/3456/1378 1585/3451/1376
f 1587/3456/1378 1586/3453/1377 1583/3457/1375
f 1588/3458/1379 1589/3459/1380 1587/3456/1378
f 1588/3458/1379 1587/3456/1378 1590/3460/1381
f 1583/3457/1375 1590/3460/1381 1587/3456/1378
f 1589/3459/1380 1585/3451/1376 1587/3456/1378
f 1588/3461/1379 1590/3462/1381 1577/3463/1369
f 1590/3464/1381 1583/3449/1375 1576/3434/1368
f 1577/3435/1369 1590/3465/1381 1576/3436/1368
f 1591/3466/1382 1589/3467/1380 1588/3468/1379
f 1592/3469/1383 1589/3467/1380 1591/3466/1382
f 1589/3467/1380 1592/3469/1383 1585/3470/1376
f 1580/3442/1371 1592/3471/1383 1591/3472/1382
f 1592/3473/1383 1582/3447/1373 1585/3454/1376
f 1582/3447/1373 1592/3473/1383 1580/3474/1371
f 1588/3475/1379 1577/3439/1369 1591/3472/1382
f 1577/3439/1369 1578/3438/1370 1591/3472/1382
f 1580/3442/1371 1591/3472/1382 1578/3438/1370
f 1597/3476/1384 1593/3477/1385 1594/3478/1386
f 1595/3479/1387 1594/3480/1386 1593/3481/1385
f 1596/3482/1388 1595/3483/1387 1593/3484/1385
f 1596/3482/1388 1593/3484/1385 1597/3485/1384
f 1597/3485/1384 1598/3486/1389 1596/3482/1388
f 1599/3487/1390 1598/3486/1389 1597/3485/1384
f 1594/3478/1386 1599/3488/1390 1597/3476/1384
f 1598/3486/1389 1599/3487/1390 1600/3489/1391
f 1602/3490/1392 1600/3491/1391 1599/3492/1390
f 1599/3488/1390 1594/3478/1386 1601/3493/1393
f 1601/3493/1393 1602/3494/1392 1599/3488/1390
f 1603/3495/1394 1602/3496/1392 1604/3497/1395
f 1602/3490/1392 1603/3498/1394 1600/3491/1391
f 1604/3499/1395 1602/3494/1392 1601/3493/1393
f 1604/3497/1395 1605/3500/1396 1603/3495/1394
f 1605/3500/1396 1604/3497/1395 1601/3501/1393
f 1606/3502/1397 1607/3503/1398 1605/3500/1396
f 1606/3502/1397 1605/3500/1396 1608/3504/1399
f 1601/3501/1393 1608/3504/1399 1605/3500/1396
f 1607/3503/1398 1603/3495/1394 1605/3500/1396
f 1606/3505/1397 1608/3506/1399 1595/3507/1387
f 1608/3508/1399 1601/3493/1393 1594/3478/1386
f 1595/3479/1387 1608/3509/1399 1594/3480/1386
f 1609/3510/1400 1607/3511/1398 1606/3512/1397
f 1610/3513/1401 1607/3511/1398 1609/3510/1400
f 1607/3511/1398 1610/3513/1401 1603/3514/1394
f 1598/3486/1389 1610/3515/1401 1609/3516/1400
f 1610/3517/1401 1600/3491/1391 1603/3498/1394
f 1600/3491/1391 1610/3517/1401 1598/3518/1389
f 1606/3519/1397 1595/3483/1387 1609/3516/1400
f 1595/3483/1387 1596/3482/1388 1609/3516/1400
f 1598/3486/1389 1609/3516/1400 1596/3482/1388
f 1615/3520/1402 1611/3521/1403 1612/3522/1404
f 1613/3523/1405 1612/3524/1404 1611/3525/1403
f 1614/3526/1406 1613/3527/1405 1611/3528/1403
f 1614/3526/1406 1611/3528/1403 1615/3529/1402
f 1615/3529/1402 1616/3530/1407 1614/3526/1406
f 1617/3531/1408 1616/3530/1407 1615/3529/1402
f 1612/3522/1404 1617/3532/1408 1615/3520/1402
f 1616/3530/1407 1617/3531/1408 1618/3533/1409
f 1620/3534/1410 1618/3535/1409 1617/3536/1408
f 1617/3532/1408 1612/3522/1404 1619/3537/1411
f 1619/3537/1411 1620/3538/1410 1617/3532/1408
f 1621/3539/1412 1620/3540/1410 1622/3541/1413
f 1620/3534/1410 1621/3542/1412 1618/3535/1409
f 1622/3543/1413 1620/3538/1410 1619/3537/1411
f 1622/3541/1413 1623/3544/1414 1621/3539/1412
f 1623/3544/1414 1622/3541/1413 1619/3545/1411
f 1624/3546/1415 1625/3547/1416 1623/3544/1414
f 1624/3546/1415 1623/3544/1414 1626/3548/1417
f 1619/3545/1411 1626/3548/1417 1623/3544/1414
f 1625/3547/1416 1621/3539/1412 1623/3544/1414
f 1624/3549/1415 1626/3550/1417 1613/3551/1405
f 1626/3552/1417 1619/3537/1411 1612/3522/1404
f 1613/3523/1405 1626/3553/1417 1612/3524/1404
f 1627/3554/1418 1625/3555/1416 1624/3556/1415
f 1628/3557/1419 1625/3555/1416 1627/3554/1418
f 1625/3555/1416 1628/3557/1419 1621/3558/1412
f 1616/3530/1407 1628/3559/1419 1627/3560/1418
f 1628/3561/1419 1618/3535/1409 1621/3542/1412
f 1618/3535/1409 1628/3561/1419 1616/3562/1407
f 1624/3563/1415 1613/3527/1405 1627/3560/1418
f 1613/3527/1405 1614/3526/1406 1627/3560/1418
f 1616/3530/1407 1627/3560/1418 1614/3526/1406
f 1633/3564/1420 1629/3565/1421 1630/3566/1422
f 1631/3567/1423 1630/3568/1422 1629/3569/1421
f 1632/3570/1424 1631/3571/1423 1629/3572/1421
f 1632/3570/1424 1629/3572/1421 1633/3573/1420
f 1633/3573/1420 1634/3574/1425 1632/3570/1424
f 1635/3575/1426 1634/3574/1425 1633/3573/1420
f 1630/3566/1422 1635/3576/1426 1633/3564/1420
f 1634/3574/1425 1635/3575/1426 1636/3577/1427
f 1638/3578/1428 1636/3579/1427 1635/3580/1426
f 1635/3576/1426 1630/3566/1422 1637/3581/1429
f 1637/3581/1429 1638/3582/1428 1635/3576/1426
f 1639/3583/1430 1638/3584/1428 1640/3585/1431
f 1638/3578/1428 1639/3586/1430 1636/3579/1427
f 1640/3587/1431 1638/3582/1428 1637/3581/1429
f 1640/3585/1431 1641/3588/1432 1639/3583/1430
f 1641/3588/1432 1640/3585/1431 1637/3589/1429
f 1642/3590/1433 1643/3591/1434 1641/3588/1432
f 1642/3590/1433 1641/3588/1432 1644/3592/1435
f 1637/3589/1429 1644/3592/1435 1641/3588/1432
f 1643/3591/1434 1639/3583/1430 1641/3588/1432
f 1642/3593/1433 1644/3594/1435 1631/3595/1423
f 1644/3596/1435 1637/3581/1429 1630/3566/1422
f 1631/3567/1423 1644/3597/1435 1630/3568/1422
f 1645/3598/1436 1643/3599/1434 1642/3600/1433
f 1646/3601/1437 1643/3599/1434 1645/3598/1436
f 1643/3599/1434 1646/3601/1437 1639/3602/1430
f 1634/3574/1425 1646/3603/1437 1645/3604/1436
f 1646/3605/1437 1636/3579/1427 1639/3586/1430
f 1636/3579/1427 1646/3605/1437 1634/3606/1425
f 1642/3607/1433 1631/3571/1423 1645/3604/1436
f 1631/3571/1423 1632/3570/1424 1645/3604/1436
f 1634/3574/1425 1645/3604/1436 1632/3570/1424
f 1651/3608/1438 1647/3609/1439 1648/3610/1440
f 1649/3611/1441 1648/3612/1440 1647/3613/1439
f 1650/3614/1442 1649/3615/1441 1647/3616/1439
f 1650/3614/1442 1647/3616/1439 1651/3617/1438
f 1651/3617/1438 1652/3618/1443 1650/3614/1442
f 1653/3619/1444 1652/3618/1443 1651/3617/1438
f 1648/3610/1440 1653/3620/1444 1651/3608/1438
f 1652/3618/1443 1653/3619/1444 1654/3621/1445
f 1656/3622/1446 1654/3623/1445 1653/3624/1444
f 1653/3620/1444 1648/3610/1440 1655/3625/1447
f 1655/3625/1447 1656/3626/1446 1653/3620/1444
f 1657/3627/1448 1656/3628/1446 1658/3629/1449
f 1656/3622/1446 1657/3630/1448 1654/3623/1445
f 1658/3631/1449 1656/3626/1446 1655/3625/1447
f 1658/3629/1449 1659/3632/1450 1657/3627/1448
f 1659/3632/1450 1658/3629/1449 1655/3633/1447
f 1660/3634/1451 1661/3635/1452 1659/3632/1450
f 1660/3634/1451 1659/3632/1450 1662/3636/1453
f 1655/3633/1447 1662/3636/1453 1659/3632/1450
f 1661/3635/1452 1657/3627/1448 1659/3632/1450
f 1660/3637/1451 1662/3638/1453 1649/3639/1441
f 1662/3640/1453 1655/3625/1447 1648/3610/1440
f 1649/3611/1441 1662/3641/1453 1648/3612/1440
f 1663/3642/1454 1661/3643/1452 1660/3644/1451
f 1664/3645/1455 1661/3643/1452 1663/3642/1454
f 1661/3643/1452 1664/3645/1455 1657/3646/1448
f 1652/3618/1443 1664/3647/1455 1663/3648/1454
f 1664/3649/1455 1654/3623/1445 1657/3630/1448
f 1654/3623/1445 1664/3649/1455 1652/3650/1443
f 1660/3651/1451 1649/3615/1441 1663/3648/1454
f 1649/3615/1441 1650/3614/1442 1663/3648/1454
f 1652/3618/1443 1663/3648/1454 1650/3614/1442
f 1669/3652/1456 1665/3653/1457 1666/3654/1458
f 1667/3655/1459 1666/3656/1458 1665/3657/1457
f 1668/3658/1460 1667/3659/1459 1665/3660/1457
f 1668/3658/1460 1665/3660/1457 1669/3661/1456
f 1669/3661/1456 1670/3662/1461 1668/3658/1460
f 1671/3663/1462 1670/3662/1461 1669/3661/1456
f 1666/3654/1458 1671/3664/1462 1669/3652/1456
f 1670/3662/1461 1671/3663/1462 1672/3665/1463
f 1674/3666/1464 1672/3667/1463 1671/3668/1462
f 1671/3664/1462 1666/3654/1458 1673/3669/1465
f 1673/3669/1465 1674/3670/1464 1671/3664/1462
f 1675/3671/1466 1674/3672/1464 1676/3673/1467
f 1674/3666/1464 1675/3674/1466 1672/3667/1463
f 1676/3675/1467 1674/3670/1464 1673/3669/1465
f 1676/3673/1467 1677/3676/1468 1675/3671/1466
f 1677/3676/1468 1676/3673/1467 1673/3677/1465
f 1678/3678/1469 1679/3679/1470 1677/3676/1468
f 1678/3678/1469 1677/3676/1468 1680/3680/1471
f 1673/3677/1465 1680/3680/1471 1677/3676/1468
f 1679/3679/1470 1675/3671/1466 1677/3676/1468
f 1678/3681/1469 1680/3682/1471 1667/3683/1459
f 1680/3684/1471 1673/3669/1465 1666/3654/1458
f 1667/3655/1459 1680/3685/1471 1666/3656/1458
f 1681/3686/1472 1679/3687/1470 1678/3688/1469
f 1682/3689/1473 1679/3687/1470 1681/3686/1472
f 1679/3687/1470 1682/3689/1473 1675/3690/1466
f 1670/3662/1461 1682/3691/1473 1681/3692/1472
f 1682/3693/1473 1672/3667/1463 1675/3674/1466
f 1672/3667/1463 1682/3693/1473 1670/3694/1461
f 1678/3695/1469 1667/3659/1459 1681/3692/1472
f 1667/3659/1459 1668/3658/1460 1681/3692/1472
f 1670/3662/1461 1681/3692/1472 1668/3658/1460
s 0
usemtl Material.002
f 1039/2209/817 1038/2210/817 1042/2211/817
f 1038/2212/818 1039/2213/818 1040/2214/818
f 1038/2215/819 1040/2216/819 1041/2217/819
f 1041/2218/820 1042/2219/820 1038/2220/820
f 1043/2221/821 1039/2209/821 1042/2211/821
f 1039/2222/822 1040/2223/822 1041/2224/822 1042/2225/822
f 1042/2219/823 1041/2218/823 1043/2226/823
f 1040/2227/824 1043/2228/824 1041/2229/824
f 1043/2230/825 1040/2214/825 1039/2213/825
f 1051/2248/835 1054/2249/835 1050/2250/835
f 1050/2251/836 1052/2252/836 1051/2253/836
f 1050/2254/837 1053/2255/837 1052/2256/837
f 1053/2257/838 1050/2258/838 1054/2259/838
f 1055/2260/839 1054/2249/839 1051/2248/839
f 1051/2261/840 1054/2262/840 1053/2263/840 1052/2264/840
f 1054/2259/841 1055/2265/841 1053/2257/841
f 1052/2266/842 1053/2267/842 1055/2268/842
f 1055/2269/843 1051/2253/843 1052/2252/843
usemtl Gold
f 1702/3741/1495 1705/3742/1495 1704/3743/1495 1701/3744/1495
f 1701/3745/1496 1703/3746/1496 1708/3747/1496 1702/3748/1496
f 1701/3749/1497 1704/3750/1497 1706/3751/1497 1703/3752/1497
f 1704/3753/1498 1705/3754/1498 1707/3755/1498 1706/3756/1498
f 1703/3757/1499 1706/3758/1499 1707/3759/1499 1708/3760/1499
f 1708/3761/1500 1707/3762/1500 1705/3763/1500 1702/3764/1500
f 1719/3785/1513 1717/3786/1513 1716/3787/1513
f 1717/3788/1514 1718/3789/1514 1716/3790/1514
f 1718/3791/1515 1720/3792/1515 1716/3793/1515
f 1720/3794/1516 1719/3795/1516 1716/3796/1516
f 1717/3797/1517 1719/3798/1517 1720/3799/1517 1718/3800/1517
f 1722/3801/1518 1725/3802/1518 1724/3803/1518 1721/3804/1518
f 1721/3805/1519 1723/3806/1519 1728/3807/1519 1722/3808/1519
f 1724/3809/1520 1726/3810/1520 1723/3811/1520 1721/3812/1520
f 1725/3813/1521 1727/3814/1521 1726/3815/1521 1724/3816/1521
f 1727/3817/1522 1728/3818/1522 1723/3819/1522 1726/3820/1522
f 1722/3821/1523 1728/3822/1523 1727/3823/1523 1725/3824/1523
f 1736/3841/1532 1735/3842/1532 1738/3843/1532 1739/3844/1532
f 1735/3845/1533 1736/3846/1533 1742/3847/1533 1737/3848/1533
f 1735/3849/1534 1737/3850/1534 1740/3851/1534 1738/3852/1534
f 1738/3853/1535 1740/3854/1535 1741/3855/1535 1739/3856/1535
f 1737/3857/1536 1742/3858/1536 1741/3859/1536 1740/3860/1536
f 1742/3861/1537 1736/3862/1537 1739/3863/1537 1741/3864/1537
f 1753/3885/1550 1750/3886/1550 1751/3887/1550
f 1751/3888/1551 1750/3889/1551 1752/3890/1551
f 1752/3891/1552 1750/3892/1552 1754/3893/1552
f 1754/3894/1553 1750/3895/1553 1753/3896/1553
f 1751/3897/1554 1752/3898/1554 1754/3899/1554 1753/3900/1554
f 1756/3901/1555 1755/3902/1555 1758/3903/1555 1759/3904/1555
f 1755/3905/1556 1756/3906/1556 1762/3907/1556 1757/3908/1556
f 1758/3909/1557 1755/3910/1557 1757/3911/1557 1760/3912/1557
f 1759/3913/1558 1758/3914/1558 1760/3915/1558 1761/3916/1558
f 1761/3917/1559 1760/3918/1559 1757/3919/1559 1762/3920/1559
f 1756/3921/1560 1759/3922/1560 1761/3923/1560 1762/3924/1560
f 1783/3989/1593 1780/3990/1593 1781/3991/1593 1785/3992/1593
f 1787/3993/1594 1781/3994/1594 1780/3995/1594 1782/3996/1594
f 1782/3997/1595 1780/3998/1595 1783/3999/1595 1784/4000/1595
f 1784/4001/1596 1783/4002/1596 1785/4003/1596 1786/4004/1596
f 1786/4005/1597 1785/4006/1597 1781/4007/1597 1787/4008/1597
f 1782/3996/1598 1784/4009/1598 1786/4010/1598 1787/3993/1598
f 1791/4011/1599 1793/4012/1599 1789/4013/1599 1788/4014/1599
f 1788/4015/1600 1789/4016/1600 1795/4017/1600 1790/4018/1600
f 1790/4018/1598 1792/4019/1598 1791/4020/1598 1788/4015/1598
f 1792/4021/1601 1794/4022/1601 1793/4023/1601 1791/4024/1601
f 1794/4025/1593 1795/4026/1593 1789/4027/1593 1793/4028/1593
f 1790/4029/1602 1795/4030/1602 1794/4031/1602 1792/4032/1602
f 1816/4098/1635 1813/4099/1635 1814/4100/1635 1818/4101/1635
f 1813/4102/1636 1815/4103/1636 1820/4104/1636 1814/4105/1636
f 1815/4106/1637 1813/4107/1637 1816/4108/1637 1817/4109/1637
f 1817/4109/1638 1816/4108/1638 1818/4110/1638 1819/4111/1638
f 1819/4112/1639 1818/4113/1639 1814/4114/1639 1820/4115/1639
f 1815/4116/1640 1817/4117/1640 1819/4118/1640 1820/4119/1640
f 1824/4120/1641 1821/4121/1641 1822/4122/1641 1826/4123/1641
f 1821/4124/1642 1823/4125/1642 1828/4126/1642 1822/4127/1642
f 1823/4128/1637 1821/4129/1637 1824/4130/1637 1825/4131/1637
f 1825/4131/1643 1824/4130/1643 1826/4132/1643 1827/4133/1643
f 1827/4134/1639 1826/4135/1639 1822/4136/1639 1828/4137/1639
f 1823/4138/1644 1825/4139/1644 1827/4140/1644 1828/4141/1644
f 1853/4216/1673 1855/4217/1674 1857/4218/1675 1854/4219/1676
f 1854/4220/1677 1856/4221/1677 1853/4222/1677
f 1853/4223/1678 1856/4224/1678 1855/4225/1678
f 1856/4226/1679 1857/4227/1680 1855/4228/1681
f 1857/4229/1682 1856/4230/1683 1854/4231/1684
f 1867/4248/1693 1864/4249/1693 1865/4250/1693 1869/4251/1693
f 1864/4252/1694 1866/4253/1694 1871/4254/1694 1865/4255/1694
f 1866/4256/1695 1864/4257/1695 1867/4258/1695 1868/4259/1695
f 1868/4260/1696 1867/4261/1696 1869/4262/1696 1870/4263/1696
f 1870/4264/1697 1869/4265/1697 1865/4266/1697 1871/4267/1697
f 1866/4268/1698 1868/4269/1698 1870/4270/1698 1871/4271/1698
f 1875/4272/1693 1872/4273/1693 1873/4274/1693 1877/4275/1693
f 1872/4276/1694 1874/4277/1694 1879/4278/1694 1873/4279/1694
f 1874/4280/1695 1872/4281/1695 1875/4282/1695 1876/4283/1695
f 1876/4284/1699 1875/4285/1699 1877/4286/1699 1878/4287/1699
f 1878/4288/1697 1877/4289/1697 1873/4290/1697 1879/4291/1697
f 1874/4292/1700 1876/4293/1700 1878/4294/1700 1879/4295/1700
f 1880/4296/1701 1882/4297/1702 1884/4298/1703 1881/4299/1704
f 1881/4300/1705 1883/4301/1705 1880/4302/1705
f 1880/4303/1706 1883/4304/1706 1882/4305/1706
f 1883/4306/1707 1884/4307/1708 1882/4308/1709
f 1884/4309/1710 1883/4310/1711 1881/4311/1712
f 1894/4328/1717 1891/4329/1717 1892/4330/1717 1896/4331/1717
f 1891/4332/1694 1893/4333/1694 1898/4334/1694 1892/4335/1694
f 1893/4336/1718 1891/4337/1718 1894/4338/1718 1895/4339/1718
f 1895/4340/1696 1894/4341/1696 1896/4342/1696 1897/4343/1696
f 1897/4344/1719 1896/4345/1719 1892/4346/1719 1898/4347/1719
f 1893/4348/1720 1895/4349/1720 1897/4350/1720 1898/4351/1720
f 1899/4352/1721 1901/4353/1722 1903/4354/1723 1900/4355/1724
f 1900/4356/1725 1902/4357/1725 1899/4358/1725
f 1899/4359/1726 1902/4360/1726 1901/4361/1726
f 1902/4362/1727 1903/4363/1728 1901/4364/1729
f 1903/4365/1730 1902/4366/1731 1900/4367/1732
f 1910/4384/1741 1911/4385/1742 1914/4386/1743 1912/4387/1744
f 1911/4388/1745 1910/4389/1745 1913/4390/1745
f 1910/4391/1746 1912/4392/1746 1913/4393/1746
f 1913/4394/1747 1912/4395/1748 1914/4396/1749
f 1914/4397/1750 1911/4398/1751 1913/4399/1752
f 1921/4416/1701 1923/4417/1702 1925/4418/1703 1922/4419/1759
f 1922/4420/1705 1924/4421/1705 1921/4422/1705
f 1921/4423/1706 1924/4424/1706 1923/4425/1706
f 1924/4426/1707 1925/4427/1708 1923/4428/1709
f 1925/4429/1710 1924/4430/1711 1922/4431/1712
f 1929/4432/1760 1931/4433/1760 1927/4434/1760 1926/4435/1760
f 1926/4436/1761 1927/4437/1761 1933/4438/1761 1928/4439/1761
f 1928/4440/1762 1930/4441/1762 1929/4442/1762 1926/4443/1762
f 1930/4444/1763 1932/4445/1763 1931/4446/1763 1929/4447/1763
f 1932/4448/1764 1933/4449/1764 1927/4450/1764 1931/4451/1764
f 1928/4452/1765 1933/4453/1765 1932/4454/1765 1930/4455/1765
f 1943/4472/1760 1945/4473/1760 1941/4474/1760 1940/4475/1760
f 1940/4476/1761 1941/4477/1761 1947/4478/1761 1942/4479/1761
f 1942/4480/1762 1944/4481/1762 1943/4482/1762 1940/4483/1762
f 1944/4484/1774 1946/4485/1774 1945/4486/1774 1943/4487/1774
f 1946/4488/1764 1947/4489/1764 1941/4490/1764 1945/4491/1764
f 1942/4492/1765 1947/4493/1765 1946/4494/1765 1944/4495/1765
f 1948/4496/1775 1949/4497/1776 1952/4498/1777 1950/4499/1778
f 1949/4500/1779 1948/4501/1779 1951/4502/1779
f 1948/4503/1780 1950/4504/1780 1951/4505/1780
f 1951/4506/1781 1950/4507/1782 1952/4508/1783
f 1952/4509/1784 1949/4510/1785 1951/4511/1786
f 1956/4512/1787 1958/4513/1787 1954/4514/1787 1953/4515/1787
f 1953/4516/1761 1954/4517/1761 1960/4518/1761 1955/4519/1761
f 1955/4520/1788 1957/4521/1788 1956/4522/1788 1953/4523/1788
f 1957/4524/1774 1959/4525/1774 1958/4526/1774 1956/4527/1774
f 1959/4528/1789 1960/4529/1789 1954/4530/1789 1958/4531/1789
f 1955/4532/1790 1960/4533/1790 1959/4534/1790 1957/4535/1790
f 1967/4552/1795 1968/4553/1796 1971/4554/1797 1969/4555/1798
f 1968/4556/1799 1967/4557/1799 1970/4558/1799
f 1967/4559/1800 1969/4560/1800 1970/4561/1800
f 1970/4562/1801 1969/4563/1802 1971/4564/1803
f 1971/4565/1804 1968/4566/1805 1970/4567/1806
f 1972/4568/1775 1973/4569/1776 1976/4570/1777 1974/4571/1778
f 1973/4572/1779 1972/4573/1779 1975/4574/1779
f 1972/4575/1780 1974/4576/1780 1975/4577/1780
f 1975/4578/1781 1974/4579/1782 1976/4580/1783
f 1976/4581/1784 1973/4582/1785 1975/4583/1786
f 2006/4600/1813 2005/4601/1813 2003/4602/1813 2004/4603/1813
f 2008/4603/1814 2007/4602/1814 2005/4604/1814 2006/4605/1814
f 2010/4605/1815 2009/4604/1815 2007/4606/1815 2008/4607/1815
f 2012/4607/1816 2011/4606/1816 2009/4608/1816 2010/4609/1816
f 2014/4609/1817 2013/4608/1817 2011/4610/1817 2012/4611/1817
f 2016/4611/1818 2015/4610/1818 2013/4612/1818 2014/4613/1818
f 2018/4613/1819 2017/4612/1819 2015/4614/1819 2016/4615/1819
f 2020/4615/1820 2019/4614/1820 2017/4616/1820 2018/4617/1820
f 2022/4617/1821 2021/4616/1821 2019/4618/1821 2020/4619/1821
f 2024/4619/1822 2023/4618/1822 2021/4620/1822 2022/4621/1822
f 2004/4621/1823 2003/4620/1823 2001/4622/1823 2002/4623/1823
f 2026/4623/1824 2025/4622/1824 2023/4624/1824 2024/4625/1824
f 2028/4625/1825 2027/4624/1825 2025/4626/1825 2026/4627/1825
f 2030/4627/1826 2029/4626/1826 2027/4628/1826 2028/4629/1826
f 2032/4629/1827 2031/4628/1827 2029/4630/1827 2030/4631/1827
f 2034/4631/1828 2033/4630/1828 2031/4632/1828 2032/4633/1828
f 2036/4633/1829 2035/4632/1829 2033/4634/1829 2034/4635/1829
f 2038/4635/1830 2037/4634/1830 2035/4636/1830 2036/4637/1830
f 2040/4637/1831 2039/4636/1831 2037/4638/1831 2038/4639/1831
f 2042/4639/1832 2041/4638/1832 2039/4640/1832 2040/4641/1832
f 2044/4641/1833 2043/4640/1833 2041/4642/1833 2042/4643/1833
f 2046/4643/1834 2045/4642/1834 2043/4644/1834 2044/4645/1834
f 2002/4646/1835 2000/4647/1835 1998/4648/1835 1996/4649/1835 1994/4650/1835 1992/4651/1835 1990/4652/1835 1988/4653/1835 1986/4654/1835 1984/4655/1835 2046/4656/1835 2044/4657/1835 2042/4658/1835 2040/4659/1835 2038/4660/1835 2036/4661/1835 2034/4662/1835 2032/4663/1835 2030/4664/1835 2028/4665/1835 2026/4666/1835 2024/4667/1835 2022/4668/1835 2020/4669/1835 2018/4670/1835 2016/4671/1835 2014/4672/1835 2012/4673/1835 2010/4674/1835 2008/4675/1835 2006/4676/1835 2004/4677/1835
f 1984/4645/1836 1983/4644/1836 2045/4678/1836 2046/4679/1836
f 1986/4679/1837 1985/4678/1837 1983/4680/1837 1984/4681/1837
f 2003/4682/1838 2005/4683/1838 2007/4684/1838 2009/4685/1838 2011/4686/1838 2013/4687/1838 2015/4688/1838 2017/4689/1838 2019/4690/1838 2021/4691/1838 2023/4692/1838 2025/4693/1838 2027/4694/1838 2029/4695/1838 2031/4696/1838 2033/4697/1838 2035/4698/1838 2037/4699/1838 2039/4700/1838 2041/4701/1838 2043/4702/1838 2045/4703/1838 1983/4704/1838 1985/4705/1838 1987/4706/1838 1989/4707/1838 1991/4708/1838 1993/4709/1838 1995/4710/1838 1997/4711/1838 1999/4712/1838 2001/4713/1838
f 1988/4681/1839 1987/4680/1839 1985/4714/1839 1986/4715/1839
f 1990/4715/1840 1989/4714/1840 1987/4716/1840 1988/4717/1840
f 1992/4717/1841 1991/4716/1841 1989/4718/1841 1990/4719/1841
f 1994/4719/1842 1993/4718/1842 1991/4720/1842 1992/4721/1842
f 1996/4721/1843 1995/4720/1843 1993/4722/1843 1994/4723/1843
f 1998/4723/1844 1997/4722/1844 1995/4724/1844 1996/4725/1844
f 2000/4725/1845 1999/4724/1845 1997/4726/1845 1998/4727/1845
f 2002/4727/1846 2001/4726/1846 1999/4728/1846 2000/4729/1846
f 2070/4600/1847 2069/4601/1847 2067/4602/1847 2068/4603/1847
f 2072/4603/1848 2071/4602/1848 2069/4604/1848 2070/4605/1848
f 2074/4605/1849 2073/4604/1849 2071/4606/1849 2072/4607/1849
f 2076/4607/1850 2075/4606/1850 2073/4608/1850 2074/4609/1850
f 2078/4609/1851 2077/4608/1851 2075/4610/1851 2076/4611/1851
f 2080/4611/1852 2079/4610/1852 2077/4612/1852 2078/4613/1852
f 2082/4613/1853 2081/4612/1853 2079/4614/1853 2080/4615/1853
f 2084/4615/1854 2083/4614/1854 2081/4616/1854 2082/4617/1854
f 2086/4617/1855 2085/4616/1855 2083/4618/1855 2084/4619/1855
f 2088/4619/1856 2087/4618/1856 2085/4620/1856 2086/4621/1856
f 2068/4621/1857 2067/4620/1857 2065/4622/1857 2066/4623/1857
f 2090/4623/1858 2089/4622/1858 2087/4624/1858 2088/4625/1858
f 2092/4625/1859 2091/4624/1859 2089/4626/1859 2090/4627/1859
f 2094/4627/1860 2093/4626/1860 2091/4628/1860 2092/4629/1860
f 2096/4629/1861 2095/4628/1861 2093/4630/1861 2094/4631/1861
f 2098/4631/1862 2097/4630/1862 2095/4632/1862 2096/4633/1862
f 2100/4633/1863 2099/4632/1863 2097/4634/1863 2098/4635/1863
f 2102/4635/1864 2101/4634/1864 2099/4636/1864 2100/4637/1864
f 2104/4637/1865 2103/4636/1865 2101/4638/1865 2102/4639/1865
f 2106/4639/1866 2105/4638/1866 2103/4640/1866 2104/4641/1866
f 2108/4641/1867 2107/4640/1867 2105/4642/1867 2106/4643/1867
f 2110/4643/1868 2109/4642/1868 2107/4644/1868 2108/4645/1868
f 2066/4646/1869 2064/4647/1869 2062/4648/1869 2060/4649/1869 2058/4650/1869 2056/4651/1869 2054/4652/1869 2052/4653/1869 2050/4654/1869 2048/4655/1869 2110/4656/1869 2108/4657/1869 2106/4658/1869 2104/4659/1869 2102/4660/1869 2100/4661/1869 2098/4662/1869 2096/4663/1869 2094/4664/1869 2092/4665/1869 2090/4666/1869 2088/4667/1869 2086/4668/1869 2084/4669/1869 2082/4670/1869 2080/4671/1869 2078/4672/1869 2076/4673/1869 2074/4674/1869 2072/4675/1869 2070/4676/1869 2068/4677/1869
f 2048/4645/1870 2047/4644/1870 2109/4678/1870 2110/4679/1870
f 2050/4679/1871 2049/4678/1871 2047/4680/1871 2048/4681/1871
f 2067/4682/1872 2069/4683/1872 2071/4684/1872 2073/4685/1872 2075/4686/1872 2077/4687/1872 2079/4688/1872 2081/4689/1872 2083/4690/1872 2085/4691/1872 2087/4692/1872 2089/4693/1872 2091/4694/1872 2093/4695/1872 2095/4696/1872 2097/4697/1872 2099/4698/1872 2101/4699/1872 2103/4700/1872 2105/4701/1872 2107/4702/1872 2109/4703/1872 2047/4704/1872 2049/4705/1872 2051/4706/1872 2053/4707/1872 2055/4708/1872 2057/4709/1872 2059/4710/1872 2061/4711/1872 2063/4712/1872 2065/4713/1872
f 2052/4681/1873 2051/4680/1873 2049/4714/1873 2050/4715/1873
f 2054/4715/1874 2053/4714/1874 2051/4716/1874 2052/4717/1874
f 2056/4717/1875 2055/4716/1875 2053/4718/1875 2054/4719/1875
f 2058/4719/1876 2057/4718/1876 2055/4720/1876 2056/4721/1876
f 2060/4721/1877 2059/4720/1877 2057/4722/1877 2058/4723/1877
f 2062/4723/1878 2061/4722/1878 2059/4724/1878 2060/4725/1878
f 2064/4725/1879 2063/4724/1879 2061/4726/1879 2062/4727/1879
f 2066/4727/1880 2065/4726/1880 2063/4728/1880 2064/4729/1880
f 2134/4600/1881 2133/4601/1881 2131/4602/1881 2132/4603/1881
f 2136/4603/1882 2135/4602/1882 2133/4604/1882 2134/4605/1882
f 2138/4605/1883 2137/4604/1883 2135/4606/1883 2136/4607/1883
f 2140/4607/1884 2139/4606/1884 2137/4608/1884 2138/4609/1884
f 2142/4609/1885 2141/4608/1885 2139/4610/1885 2140/4611/1885
f 2144/4611/1886 2143/4610/1886 2141/4612/1886 2142/4613/1886
f 2146/4613/1887 2145/4612/1887 2143/4614/1887 2144/4615/1887
f 2148/4615/1888 2147/4614/1888 2145/4616/1888 2146/4617/1888
f 2150/4617/1889 2149/4616/1889 2147/4618/1889 2148/4619/1889
f 2152/4619/1890 2151/4618/1890 2149/4620/1890 2150/4621/1890
f 2132/4621/1891 2131/4620/1891 2129/4622/1891 2130/4623/1891
f 2154/4623/1892 2153/4622/1892 2151/4624/1892 2152/4625/1892
f 2156/4625/1893 2155/4624/1893 2153/4626/1893 2154/4627/1893
f 2158/4627/1894 2157/4626/1894 2155/4628/1894 2156/4629/1894
f 2160/4629/1895 2159/4628/1895 2157/4630/1895 2158/4631/1895
f 2162/4631/1896 2161/4630/1896 2159/4632/1896 2160/4633/1896
f 2164/4633/1897 2163/4632/1897 2161/4634/1897 2162/4635/1897
f 2166/4635/1898 2165/4634/1898 2163/4636/1898 2164/4637/1898
f 2168/4637/1899 2167/4636/1899 2165/4638/1899 2166/4639/1899
f 2170/4639/1900 2169/4638/1900 2167/4640/1900 2168/4641/1900
f 2172/4641/1901 2171/4640/1901 2169/4642/1901 2170/4643/1901
f 2174/4643/1902 2173/4642/1902 2171/4644/1902 2172/4645/1902
f 2130/4646/1903 2128/4647/1903 2126/4648/1903 2124/4649/1903 2122/4650/1903 2120/4651/1903 2118/4652/1903 2116/4653/1903 2114/4654/1903 2112/4655/1903 2174/4656/1903 2172/4657/1903 2170/4658/1903 2168/4659/1903 2166/4660/1903 2164/4661/1903 2162/4662/1903 2160/4663/1903 2158/4664/1903 2156/4665/1903 2154/4666/1903 2152/4667/1903 2150/4668/1903 2148/4669/1903 2146/4670/1903 2144/4671/1903 2142/4672/1903 2140/4673/1903 2138/4674/1903 2136/4675/1903 2134/4676/1903 2132/4677/1903
f 2112/4645/1904 2111/4644/1904 2173/4678/1904 2174/4679/1904
f 2114/4679/1905 2113/4678/1905 2111/4680/1905 2112/4681/1905
f 2131/4682/1906 2133/4683/1906 2135/4684/1906 2137/4685/1906 2139/4686/1906 2141/4687/1906 2143/4688/1906 2145/4689/1906 2147/4690/1906 2149/4691/1906 2151/4692/1906 2153/4693/1906 2155/4694/1906 2157/4695/1906 2159/4696/1906 2161/4697/1906 2163/4698/1906 2165/4699/1906 2167/4700/1906 2169/4701/1906 2171/4702/1906 2173/4703/1906 2111/4704/1906 2113/4705/1906 2115/4706/1906 2117/4707/1906 2119/4708/1906 2121/4709/1906 2123/4710/1906 2125/4711/1906 2127/4712/1906 2129/4713/1906
f 2116/4681/1907 2115/4680/1907 2113/4714/1907 2114/4715/1907
f 2118/4715/1908 2117/4714/1908 2115/4716/1908 2116/4717/1908
f 2120/4717/1909 2119/4716/1909 2117/4718/1909 2118/4719/1909
f 2122/4719/1910 2121/4718/1910 2119/4720/1910 2120/4721/1910
f 2124/4721/1911 2123/4720/1911 2121/4722/1911 2122/4723/1911
f 2126/4723/1912 2125/4722/1912 2123/4724/1912 2124/4725/1912
f 2128/4725/1913 2127/4724/1913 2125/4726/1913 2126/4727/1913
f 2130/4727/1914 2129/4726/1914 2127/4728/1914 2128/4729/1914
f 2198/4600/1915 2197/4601/1915 2195/4602/1915 2196/4603/1915
f 2200/4603/1916 2199/4602/1916 2197/4604/1916 2198/4605/1916
f 2202/4605/1917 2201/4604/1917 2199/4606/1917 2200/4607/1917
f 2204/4607/1918 2203/4606/1918 2201/4608/1918 2202/4609/1918
f 2206/4609/1919 2205/4608/1919 2203/4610/1919 2204/4611/1919
f 2208/4611/1920 2207/4610/1920 2205/4612/1920 2206/4613/1920
f 2210/4613/1921 2209/4612/1921 2207/4614/1921 2208/4615/1921
f 2212/4615/1922 2211/4614/1922 2209/4616/1922 2210/4617/1922
f 2214/4617/1923 2213/4616/1923 2211/4618/1923 2212/4619/1923
f 2216/4619/1924 2215/4618/1924 2213/4620/1924 2214/4621/1924
f 2196/4621/1925 2195/4620/1925 2193/4622/1925 2194/4623/1925
f 2218/4623/1926 2217/4622/1926 2215/4624/1926 2216/4625/1926
f 2220/4625/1927 2219/4624/1927 2217/4626/1927 2218/4627/1927
f 2222/4627/1928 2221/4626/1928 2219/4628/1928 2220/4629/1928
f 2224/4629/1929 2223/4628/1929 2221/4630/1929 2222/4631/1929
f 2226/4631/1930 2225/4630/1930 2223/4632/1930 2224/4633/1930
f 2228/4633/1931 2227/4632/1931 2225/4634/1931 2226/4635/1931
f 2230/4635/1932 2229/4634/1932 2227/4636/1932 2228/4637/1932
f 2232/4637/1933 2231/4636/1933 2229/4638/1933 2230/4639/1933
f 2234/4639/1934 2233/4638/1934 2231/4640/1934 2232/4641/1934
f 2236/4641/1935 2235/4640/1935 2233/4642/1935 2234/4643/1935
f 2238/4643/1936 2237/4642/1936 2235/4644/1936 2236/4645/1936
f 2194/4646/1937 2192/4647/1937 2190/4648/1937 2188/4649/1937 2186/4650/1937 2184/4651/1937 2182/4652/1937 2180/4653/1937 2178/4654/1937 2176/4655/1937 2238/4656/1937 2236/4657/1937 2234/4658/1937 2232/4659/1937 2230/4660/1937 2228/4661/1937 2226/4662/1937 2224/4663/1937 2222/4664/1937 2220/4665/1937 2218/4666/1937 2216/4667/1937 2214/4668/1937 2212/4669/1937 2210/4670/1937 2208/4671/1937 2206/4672/1937 2204/4673/1937 2202/4674/1937 2200/4675/1937 2198/4676/1937 2196/4677/1937
f 2176/4645/1938 2175/4644/1938 2237/4678/1938 2238/4679/1938
f 2178/4679/1939 2177/4678/1939 2175/4680/1939 2176/4681/1939
f 2195/4682/1940 2197/4683/1940 2199/4684/1940 2201/4685/1940 2203/4686/1940 2205/4687/1940 2207/4688/1940 2209/4689/1940 2211/4690/1940 2213/4691/1940 2215/4692/1940 2217/4693/1940 2219/4694/1940 2221/4695/1940 2223/4696/1940 2225/4697/1940 2227/4698/1940 2229/4699/1940 2231/4700/1940 2233/4701/1940 2235/4702/1940 2237/4703/1940 2175/4704/1940 2177/4705/1940 2179/4706/1940 2181/4707/1940 2183/4708/1940 2185/4709/1940 2187/4710/1940 2189/4711/1940 2191/4712/1940 2193/4713/1940
f 2180/4681/1941 2179/4680/1941 2177/4714/1941 2178/4715/1941
f 2182/4715/1942 2181/4714/1942 2179/4716/1942 2180/4717/1942
f 2184/4717/1943 2183/4716/1943 2181/4718/1943 2182/4719/1943
f 2186/4719/1944 2185/4718/1944 2183/4720/1944 2184/4721/1944
f 2188/4721/1945 2187/4720/1945 2185/4722/1945 2186/4723/1945
f 2190/4723/1946 2189/4722/1946 2187/4724/1946 2188/4725/1946
f 2192/4725/1947 2191/4724/1947 2189/4726/1947 2190/4727/1947
f 2194/4727/1948 2193/4726/1948 2191/4728/1948 2192/4729/1948
usemtl MouthInside
f 1063/2290/853 1062/2291/853 1066/2292/853
f 1065/2293/854 1062/2294/854 1063/2295/854
f 1066/2292/855 1062/2291/855 1064/2296/855
f 1064/2297/856 1062/2298/856 1065/2299/856
f 1065/2293/857 1063/2295/857 1066/2300/857 1064/2301/857
f 1684/3696/1474 1683/3697/1474 1687/3698/1474
f 1686/3699/1475 1683/3700/1475 1684/3701/1475
f 1687/3698/1476 1683/3697/1476 1685/3702/1476
f 1685/3703/1477 1683/3704/1477 1686/3705/1477
f 1686/3699/1478 1684/3701/1478 1687/3706/1478 1685/3707/1478
l 1691 1694
l 1690 1694
o Ruby.001
v 0.029593 2.842060 -0.182503
v 0.064719 2.831141 -0.214031
v 0.057623 2.842060 -0.178341
v 0.001286 2.842060 -0.183895
v 0.033153 2.831141 -0.218707
v 0.001286 2.842060 -0.087618
v 0.038832 2.842060 -0.083920
v 0.020153 2.842060 -0.086690
v 0.020153 2.804452 -0.086690
v 0.001286 2.804452 -0.087618
v 0.038832 2.804452 -0.083919
v 0.029593 2.804452 -0.182503
v 0.057623 2.804452 -0.178341
v 0.057160 2.804452 -0.079331
v 0.057160 2.842060 -0.079331
v 0.085102 2.842060 -0.171459
v 0.111792 2.842060 -0.161919
v 0.074948 2.842060 -0.072963
v 0.092022 2.842060 -0.064890
v 0.074948 2.804452 -0.072963
v 0.111792 2.804452 -0.161919
v 0.092022 2.804452 -0.064890
v 0.108219 2.804452 -0.055174
v 0.161710 2.804452 -0.135230
v 0.137403 2.804452 -0.149796
v 0.154552 2.815371 -0.181889
v 0.125707 2.815371 -0.195528
v 0.126990 2.816988 -0.194921
v 0.125707 2.831141 -0.195528
v 0.095670 2.815371 -0.206272
v 0.085102 2.804452 -0.171459
v 0.064719 2.815371 -0.214031
v 0.095670 2.831141 -0.206272
v 0.033153 2.815371 -0.218707
v 0.034933 2.816988 -0.218444
v -0.011250 2.816988 -0.333901
v 0.034933 2.829524 -0.218444
v 0.033153 2.816988 -0.218707
v 0.001286 2.816988 -0.220274
v -0.011250 2.816988 -0.219658
v 0.001286 2.815371 -0.220274
v -0.030580 2.815371 -0.218707
v 0.001286 2.804452 -0.183895
v -0.027020 2.804452 -0.182503
v -0.055051 2.804452 -0.178341
v -0.017580 2.804452 -0.086690
v -0.036259 2.804452 -0.083919
v -0.062146 2.815371 -0.214031
v -0.093098 2.815371 -0.206272
v -0.062146 2.831141 -0.214031
v -0.093098 2.831141 -0.206272
v -0.059012 2.816988 -0.214495
v -0.059012 2.829524 -0.214495
v -0.011250 2.829524 -0.333901
v -0.030580 2.816988 -0.218707
v -0.030580 2.829524 -0.218707
v -0.011250 2.829524 -0.219657
v 0.001286 2.829524 -0.220274
v 0.033153 2.829524 -0.218707
v 0.001286 2.831141 -0.220274
v -0.030580 2.831141 -0.218707
v -0.027020 2.842060 -0.182503
v -0.055051 2.842060 -0.178341
v -0.036259 2.842060 -0.083920
v -0.017580 2.842060 -0.086690
v -0.054587 2.842060 -0.079331
v -0.082530 2.842060 -0.171459
v -0.054587 2.804452 -0.079331
v -0.109219 2.842060 -0.161919
v -0.072375 2.842060 -0.072963
v -0.089450 2.842060 -0.064890
v -0.089450 2.804452 -0.064890
v -0.072375 2.804452 -0.072963
v -0.109219 2.804452 -0.161919
v -0.134830 2.804452 -0.149796
v -0.082530 2.804452 -0.171459
v -0.123134 2.815371 -0.195528
v -0.151979 2.815371 -0.181889
v -0.135415 2.816988 -0.189720
v -0.151979 2.816988 -0.181889
v -0.179346 2.816988 -0.165479
v -0.179346 2.815371 -0.165479
v -0.159137 2.804452 -0.135230
v -0.204982 2.815371 -0.146474
v -0.204982 2.816988 -0.146474
v -0.486253 2.816988 -0.382679
v -0.228625 2.816988 -0.125051
v -0.250049 2.816988 -0.101407
v -0.228625 2.815371 -0.125050
v -0.181903 2.804452 -0.118344
v -0.250049 2.815371 -0.101408
v -0.202888 2.804452 -0.099314
v -0.134818 2.804452 -0.031243
v -0.221918 2.804452 -0.078328
v -0.147504 2.804452 -0.017240
v -0.238804 2.804452 -0.055563
v -0.269054 2.815371 -0.075771
v -0.285463 2.815371 -0.048405
v -0.269054 2.816988 -0.075771
v -0.285463 2.816988 -0.048405
v -0.293295 2.816988 -0.031841
v -0.293295 2.829524 -0.031841
v -0.299102 2.831141 -0.019559
v -0.299102 2.815371 -0.019559
v -0.309846 2.815371 0.010477
v -0.265493 2.804452 -0.005645
v -0.309846 2.831141 0.010477
v -0.253371 2.804452 -0.031256
v -0.168464 2.804452 0.014125
v -0.176537 2.804452 0.031199
v -0.158749 2.842060 -0.002072
v -0.168464 2.842060 0.014125
v -0.158749 2.804452 -0.002072
v -0.147504 2.842060 -0.017240
v -0.238804 2.842060 -0.055563
v -0.134818 2.842060 -0.031243
v -0.221918 2.842060 -0.078329
v -0.228625 2.831141 -0.125050
v -0.250049 2.831141 -0.101407
v -0.202888 2.842061 -0.099314
v -0.181903 2.842060 -0.118344
v -0.204982 2.831141 -0.146474
v -0.228625 2.829524 -0.125050
v -0.179346 2.829524 -0.165479
v -0.204982 2.829524 -0.146474
v -0.179346 2.831141 -0.165479
v -0.151979 2.829524 -0.181889
v -0.151979 2.831141 -0.181889
v -0.159137 2.842060 -0.135230
v -0.134830 2.842060 -0.149797
v -0.105646 2.842060 -0.055174
v -0.120815 2.842060 -0.043930
v -0.105646 2.804452 -0.055174
v -0.120815 2.804452 -0.043929
v -0.123134 2.831141 -0.195528
v -0.135415 2.829524 -0.189720
v -0.486253 2.829524 -0.382679
v -0.250049 2.829524 -0.101407
v -0.269054 2.829524 -0.075771
v -0.285463 2.829524 -0.048405
v -0.285463 2.831141 -0.048405
v -0.269054 2.831141 -0.075771
v -0.253371 2.842060 -0.031256
v -0.265493 2.842060 -0.005645
v -0.176537 2.842060 0.031199
v -0.275033 2.842060 0.021045
v -0.182906 2.842060 0.048988
v -0.187494 2.842061 0.067315
v -0.281916 2.842060 0.048524
v -0.182906 2.804452 0.048988
v -0.187494 2.804452 0.067316
v -0.190264 2.804452 0.085994
v -0.281916 2.804452 0.048524
v -0.286078 2.804452 0.076554
v -0.191192 2.804452 0.104861
v -0.287469 2.804452 0.104861
v -0.322282 2.815371 0.072994
v -0.323849 2.815371 0.104861
v -0.322282 2.815371 0.136728
v -0.323849 2.816988 0.104861
v -0.322282 2.816988 0.136728
v -0.322282 2.816988 0.072994
v -0.320044 2.816988 0.057888
v -0.437476 2.816988 0.104861
v -0.437476 2.829524 0.104861
v -0.320044 2.829524 0.057888
v -0.320044 2.816988 0.151834
v -0.320044 2.829524 0.151833
v -0.322282 2.829524 0.136728
v -0.317606 2.831141 0.168293
v -0.322282 2.831141 0.136727
v -0.323849 2.831141 0.104861
v -0.286078 2.842060 0.133167
v -0.281916 2.842061 0.161198
v -0.187494 2.842061 0.142406
v -0.182906 2.842060 0.160734
v -0.275033 2.842061 0.188677
v -0.265493 2.842060 0.215366
v -0.309846 2.831141 0.199245
v -0.299102 2.831141 0.229281
v -0.317606 2.815371 0.168293
v -0.309846 2.815371 0.199245
v -0.275033 2.804452 0.188677
v -0.299102 2.815371 0.229281
v -0.281916 2.804452 0.161198
v -0.182906 2.804452 0.160734
v -0.286078 2.804452 0.133168
v -0.187494 2.804452 0.142406
v -0.190264 2.804452 0.123728
v -0.190264 2.842060 0.123728
v -0.191192 2.842061 0.104861
v -0.286078 2.842060 0.076554
v -0.287469 2.842061 0.104861
v -0.190264 2.842061 0.085994
v -0.322282 2.831141 0.072994
v -0.317606 2.831141 0.041429
v -0.323849 2.829524 0.104861
v -0.322282 2.829524 0.072994
v -0.317606 2.815371 0.041428
v -0.275033 2.804451 0.021045
v -0.265493 2.804452 0.215366
v -0.176537 2.804452 0.178523
v -0.176537 2.842060 0.178523
v -0.168464 2.804452 0.195597
v -0.168464 2.842060 0.195597
v -0.158749 2.804452 0.211793
v -0.158749 2.842060 0.211793
v -0.253371 2.842060 0.240977
v -0.238804 2.842060 0.265285
v -0.147504 2.842061 0.226962
v -0.269054 2.831141 0.285493
v -0.285463 2.831141 0.258127
v -0.221918 2.842060 0.288050
v -0.202888 2.842060 0.309036
v -0.250049 2.831141 0.311129
v -0.134818 2.842060 0.240965
v -0.134818 2.804452 0.240965
v -0.120815 2.842060 0.253651
v -0.181903 2.842060 0.328065
v -0.159137 2.842060 0.344952
v -0.228625 2.831141 0.334772
v -0.204982 2.831141 0.356196
v -0.204982 2.829524 0.356196
v -0.179346 2.829524 0.375201
v -0.179346 2.831141 0.375201
v -0.228625 2.829525 0.334772
v -0.250049 2.829524 0.311129
v -0.495116 2.829524 0.583537
v -0.298496 2.829524 0.230565
v -0.300105 2.829525 0.228955
v -0.285463 2.829525 0.258127
v -0.148859 2.829525 0.393086
v -0.151979 2.829524 0.391611
v -0.495116 2.816988 0.583537
v -0.300105 2.816988 0.228955
v -0.269054 2.829524 0.285493
v -0.298496 2.816988 0.230565
v -0.285463 2.816988 0.258127
v -0.285463 2.815371 0.258127
v -0.253371 2.804452 0.240977
v -0.269054 2.815371 0.285493
v -0.269054 2.816988 0.285493
v -0.250049 2.815371 0.311129
v -0.250049 2.816988 0.311129
v -0.228625 2.816988 0.334772
v -0.204982 2.816988 0.356196
v -0.228625 2.815371 0.334772
v -0.202888 2.804452 0.309036
v -0.221918 2.804452 0.288050
v -0.204982 2.815371 0.356196
v -0.181903 2.804452 0.328066
v -0.179346 2.815371 0.375201
v -0.159137 2.804452 0.344951
v -0.151979 2.815371 0.391611
v -0.179346 2.816988 0.375201
v -0.151979 2.816988 0.391611
v -0.148859 2.816988 0.393086
v -0.123134 2.831141 0.405250
v -0.123134 2.815371 0.405250
v -0.093098 2.815371 0.415993
v -0.109219 2.804452 0.371640
v -0.093098 2.831141 0.415993
v -0.134830 2.804452 0.359518
v -0.089450 2.804452 0.274612
v -0.072375 2.804452 0.282685
v -0.105646 2.804452 0.264896
v -0.089450 2.842060 0.274612
v -0.072375 2.842060 0.282685
v -0.105646 2.842061 0.264896
v -0.134830 2.842060 0.359518
v -0.109219 2.842061 0.371641
v -0.054587 2.842061 0.289053
v -0.151979 2.831141 0.391611
v -0.082530 2.842061 0.381181
v -0.055051 2.842061 0.388063
v -0.062146 2.831141 0.423753
v -0.027020 2.842061 0.392225
v -0.036259 2.842061 0.293641
v -0.017580 2.842060 0.296412
v -0.036259 2.804452 0.293641
v -0.054587 2.804452 0.289053
v -0.082530 2.804452 0.381180
v -0.055051 2.804452 0.388063
v -0.062146 2.815371 0.423753
v -0.030580 2.815371 0.428429
v -0.027020 2.804452 0.392225
v 0.001286 2.804452 0.393617
v -0.017580 2.804452 0.296412
v 0.001286 2.804452 0.297340
v 0.001286 2.815371 0.429996
v 0.033153 2.815371 0.428429
v -0.011250 2.816988 0.429379
v 0.001286 2.816988 0.429996
v 0.033153 2.816988 0.428429
v -0.011250 2.816988 0.543623
v 0.034933 2.816988 0.428166
v 0.064719 2.831141 0.423753
v 0.064719 2.815371 0.423753
v 0.034933 2.829525 0.428166
v -0.011250 2.829524 0.543622
v 0.033153 2.829524 0.428429
v 0.033153 2.831141 0.428429
v 0.001286 2.831141 0.429996
v 0.029593 2.842061 0.392225
v 0.057623 2.842061 0.388063
v 0.085102 2.842061 0.381181
v 0.038832 2.842061 0.293641
v 0.057160 2.842061 0.289053
v 0.074948 2.804452 0.282685
v 0.111792 2.842061 0.371641
v 0.038832 2.804452 0.293641
v 0.074948 2.842060 0.282685
v 0.057160 2.804452 0.289053
v 0.111792 2.804452 0.371640
v 0.085102 2.804452 0.381180
v 0.057623 2.804452 0.388063
v 0.029593 2.804452 0.392225
v 0.095670 2.815371 0.415993
v 0.125707 2.815371 0.405250
v 0.125707 2.831141 0.405250
v 0.095670 2.831141 0.415993
v 0.137988 2.829524 0.399442
v 0.137988 2.816988 0.399442
v 0.154552 2.831141 0.391611
v 0.137403 2.842060 0.359518
v 0.161710 2.842060 0.344952
v 0.092022 2.842060 0.274612
v 0.108219 2.804452 0.264896
v 0.108219 2.842061 0.264896
v 0.092022 2.804452 0.274612
v 0.161710 2.804452 0.344951
v 0.137403 2.804452 0.359518
v 0.154552 2.815371 0.391611
v 0.181918 2.815371 0.375201
v 0.207555 2.815371 0.356196
v 0.154552 2.816988 0.391611
v 0.181918 2.816988 0.375201
v 0.207555 2.816988 0.356196
v 0.231198 2.816988 0.334772
v 0.488826 2.816988 0.592400
v 0.295867 2.816988 0.241563
v 0.288036 2.816988 0.258127
v 0.271626 2.816988 0.285493
v 0.488826 2.829524 0.592401
v 0.295867 2.829524 0.241563
v 0.252622 2.816988 0.311129
v 0.252622 2.815371 0.311129
v 0.205461 2.804452 0.309036
v 0.224491 2.804452 0.288050
v 0.271626 2.815371 0.285493
v 0.231198 2.815371 0.334772
v 0.184476 2.804452 0.328066
v 0.137390 2.804452 0.240965
v 0.123388 2.804452 0.253651
v 0.123388 2.842060 0.253651
v 0.184476 2.842060 0.328065
v 0.137390 2.842060 0.240965
v 0.150077 2.842061 0.226962
v 0.205461 2.842060 0.309036
v 0.224491 2.842060 0.288050
v 0.252622 2.831141 0.311129
v 0.231198 2.831141 0.334772
v 0.241377 2.842060 0.265285
v 0.255944 2.842060 0.240977
v 0.171037 2.842060 0.195597
v 0.161322 2.842060 0.211793
v 0.271626 2.831141 0.285493
v 0.271626 2.829524 0.285493
v 0.288036 2.829525 0.258127
v 0.288036 2.831141 0.258127
v 0.301675 2.831141 0.229281
v 0.268066 2.842060 0.215366
v 0.277606 2.842061 0.188677
v 0.185479 2.842060 0.160734
v 0.179110 2.842060 0.178523
v 0.179110 2.804452 0.178523
v 0.171037 2.804452 0.195597
v 0.185479 2.804452 0.160734
v 0.190067 2.804452 0.142406
v 0.268066 2.804452 0.215366
v 0.284488 2.804452 0.161198
v 0.277606 2.804452 0.188677
v 0.312419 2.815371 0.199245
v 0.320179 2.815371 0.168293
v 0.324855 2.815371 0.136728
v 0.320179 2.831141 0.168293
v 0.322617 2.816988 0.151834
v 0.322617 2.829524 0.151833
v 0.440048 2.816988 0.104861
v 0.324855 2.816988 0.136728
v 0.326422 2.816988 0.104861
v 0.326422 2.815371 0.104861
v 0.290042 2.804452 0.104861
v 0.324855 2.815371 0.072994
v 0.288650 2.804452 0.133168
v 0.193765 2.804452 0.104861
v 0.192837 2.804452 0.123728
v 0.192837 2.842060 0.123728
v 0.193765 2.842061 0.104861
v 0.192837 2.842061 0.085994
v 0.288650 2.842060 0.076554
v 0.290042 2.842061 0.104861
v 0.288650 2.842060 0.133167
v 0.324855 2.831141 0.136727
v 0.284488 2.842061 0.161198
v 0.190067 2.842061 0.142406
v 0.312419 2.831141 0.199245
v 0.326422 2.831141 0.104861
v 0.324855 2.829524 0.136728
v 0.326422 2.829524 0.104861
v 0.440048 2.829524 0.104861
v 0.324855 2.829524 0.072994
v 0.322617 2.829524 0.057888
v 0.324855 2.831141 0.072994
v 0.320179 2.831141 0.041429
v 0.284488 2.842060 0.048524
v 0.277606 2.842060 0.021045
v 0.185479 2.842060 0.048988
v 0.190067 2.842061 0.067315
v 0.185479 2.804452 0.048988
v 0.190067 2.804452 0.067316
v 0.288650 2.804452 0.076554
v 0.192837 2.804452 0.085994
v 0.284488 2.804452 0.048524
v 0.277606 2.804451 0.021045
v 0.320179 2.815371 0.041428
v 0.312419 2.815371 0.010477
v 0.301675 2.815371 -0.019559
v 0.312419 2.831141 0.010477
v 0.301675 2.831141 -0.019559
v 0.268066 2.842060 -0.005645
v 0.255944 2.842060 -0.031256
v 0.171037 2.842060 0.014125
v 0.179110 2.842060 0.031199
v 0.179110 2.804452 0.031199
v 0.171037 2.804452 0.014125
v 0.241377 2.804452 -0.055563
v 0.255944 2.804452 -0.031256
v 0.161322 2.804452 -0.002072
v 0.268066 2.804452 -0.005645
v 0.161322 2.842060 -0.002072
v 0.150077 2.842060 -0.017240
v 0.241377 2.842060 -0.055563
v 0.224491 2.842060 -0.078329
v 0.271626 2.831141 -0.075771
v 0.288036 2.831141 -0.048405
v 0.271626 2.829524 -0.075771
v 0.288036 2.829524 -0.048405
v 0.289512 2.829524 -0.045285
v 0.479963 2.829524 -0.391542
v 0.479963 2.816988 -0.391542
v 0.289512 2.816988 -0.045285
v 0.288036 2.816988 -0.048405
v 0.288036 2.815371 -0.048405
v 0.271626 2.815371 -0.075771
v 0.252622 2.815371 -0.101408
v 0.252622 2.816988 -0.101407
v 0.271626 2.816988 -0.075771
v 0.231198 2.816988 -0.125051
v 0.231198 2.815371 -0.125050
v 0.207555 2.816988 -0.146474
v 0.207555 2.815371 -0.146474
v 0.184476 2.804452 -0.118344
v 0.181918 2.815371 -0.165479
v 0.205461 2.804452 -0.099314
v 0.137390 2.804452 -0.031243
v 0.224491 2.804452 -0.078328
v 0.150077 2.804452 -0.017240
v 0.123388 2.804452 -0.043929
v 0.137390 2.842060 -0.031243
v 0.123388 2.842060 -0.043930
v 0.205461 2.842061 -0.099314
v 0.184476 2.842060 -0.118344
v 0.161710 2.842060 -0.135230
v 0.207555 2.831141 -0.146474
v 0.231198 2.831141 -0.125050
v 0.231198 2.829524 -0.125050
v 0.252622 2.831141 -0.101407
v 0.252622 2.829524 -0.101407
v 0.207555 2.829524 -0.146474
v 0.181918 2.829524 -0.165479
v 0.154552 2.829524 -0.181889
v 0.181918 2.831141 -0.165479
v 0.154552 2.831141 -0.181889
v 0.126990 2.829524 -0.194921
v 0.137403 2.842060 -0.149797
v 0.125381 2.829524 -0.196531
v 0.125381 2.816988 -0.196531
v 0.108219 2.842060 -0.055174
v 0.181918 2.816988 -0.165479
v 0.154552 2.816988 -0.181889
v 0.322617 2.816988 0.057888
v 0.324855 2.816988 0.072994
v 0.301675 2.815371 0.229281
v 0.255944 2.804452 0.240977
v 0.288036 2.815371 0.258127
v 0.241377 2.804452 0.265285
v 0.161322 2.804452 0.211793
v 0.150077 2.804452 0.226962
v 0.252622 2.829524 0.311129
v 0.231198 2.829525 0.334772
v 0.207555 2.829524 0.356196
v 0.207555 2.831141 0.356196
v 0.181918 2.829524 0.375201
v 0.181918 2.831141 0.375201
v 0.154552 2.829524 0.391611
v 0.020153 2.804452 0.296412
v 0.020153 2.842060 0.296412
v 0.001286 2.842060 0.297339
v 0.001286 2.842060 0.393616
v -0.030580 2.831141 0.428429
v -0.011250 2.829525 0.429379
v -0.030580 2.829524 0.428429
v -0.059012 2.829525 0.424217
v -0.059012 2.816988 0.424217
v -0.030580 2.816988 0.428429
v 0.001286 2.829525 0.429996
v -0.120815 2.804452 0.253651
v -0.147504 2.804452 0.226962
v -0.238804 2.804452 0.265285
vn 0.0422 0.9577 -0.2847
vn 0.0423 0.9577 -0.2846
vn -0.0000 1.0000 -0.0000
vn 0.0141 0.9577 -0.2874
vn -0.1467 -0.0000 0.9892
vn -0.0491 -0.0000 0.9988
vn -0.0000 -1.0000 -0.0000
vn -0.2429 -0.0000 0.9701
vn -0.2428 -0.0000 0.9701
vn -0.3370 -0.0000 0.9415
vn -0.4275 -0.0000 0.9040
vn -0.5144 -0.0000 0.8576
vn 0.1479 -0.9577 -0.2468
vn 0.1230 -0.9577 -0.2601
vn 0.1232 -0.9577 -0.2601
vn 0.4275 -0.0002 -0.9040
vn 0.4272 -0.0000 -0.9041
vn 0.3368 -0.0000 -0.9416
vn 0.0969 -0.9577 -0.2710
vn 0.0700 -0.9577 -0.2791
vn 0.2432 -0.0000 -0.9700
vn 0.0969 0.9577 -0.2710
vn 0.0699 0.9577 -0.2792
vn 0.0700 0.9577 -0.2791
vn 0.0422 -0.9577 -0.2846
vn 0.0699 -0.9577 -0.2791
vn 0.1465 -0.0003 -0.9892
vn 0.1465 -0.0000 -0.9892
vn 0.9285 -0.0000 -0.3714
vn 0.1464 -0.0002 -0.9892
vn 0.0491 -0.0002 -0.9988
vn -0.0491 0.0001 -0.9988
vn 0.0491 -0.0000 -0.9988
vn 0.0141 -0.9577 -0.2874
vn -0.0141 -0.9577 -0.2874
vn -0.0423 -0.9577 -0.2846
vn -0.0422 -0.9577 -0.2847
vn -0.0700 -0.9577 -0.2791
vn -0.2432 -0.0000 -0.9700
vn -0.1464 -0.0000 -0.9892
vn -0.1465 0.0004 -0.9892
vn -0.9285 -0.0000 -0.3714
vn -0.1466 -0.0002 -0.9892
vn -0.0491 -0.0001 -0.9988
vn -0.0000 1.0000 -0.0001
vn 0.1463 0.0002 -0.9892
vn 0.0491 0.0002 -0.9988
vn 0.0141 0.9577 -0.2875
vn -0.0141 0.9577 -0.2875
vn -0.0491 -0.0000 -0.9988
vn -0.0141 0.9577 -0.2874
vn -0.0423 0.9577 -0.2847
vn 0.0491 -0.0000 0.9988
vn 0.1467 -0.0000 0.9892
vn 0.2429 -0.0000 0.9701
vn 0.2428 -0.0000 0.9701
vn 0.3370 -0.0000 0.9415
vn 0.4274 -0.0000 0.9040
vn 0.4275 -0.0000 0.9040
vn 0.3371 -0.0000 0.9415
vn -0.1231 -0.9577 -0.2601
vn -0.0969 -0.9577 -0.2710
vn -0.1230 -0.9577 -0.2602
vn -0.4275 0.0004 -0.9040
vn -0.4274 -0.0000 -0.9041
vn -0.5141 -0.0002 -0.8577
vn -0.1480 -0.9577 -0.2468
vn -0.5145 0.0003 -0.8575
vn -0.1714 -0.9577 -0.2312
vn -0.1479 -0.9577 -0.2469
vn -0.5955 -0.0000 -0.8033
vn -0.5956 0.0001 -0.8033
vn -0.6715 -0.0000 -0.7410
vn -0.7410 -0.0002 -0.6715
vn -0.6714 -0.0002 -0.7411
vn -0.1932 -0.9577 -0.2131
vn -0.1932 -0.9577 -0.2132
vn -0.2132 -0.9577 -0.1932
vn -0.7411 0.0001 -0.6714
vn -0.2132 -0.9577 -0.1933
vn -0.2312 -0.9577 -0.1714
vn -0.2311 -0.9577 -0.1714
vn -0.2468 -0.9577 -0.1480
vn -0.8576 -0.0000 -0.5143
vn -0.8033 -0.0001 -0.5955
vn -0.8034 0.0001 -0.5955
vn -0.8577 -0.0000 -0.5142
vn -0.9041 0.0001 -0.4274
vn -0.8762 -0.0000 0.4819
vn -0.9040 -0.0000 -0.4275
vn -0.9040 0.0003 -0.4275
vn -0.9416 -0.0000 -0.3368
vn -0.2710 -0.9577 -0.0969
vn -0.2601 -0.9577 -0.1230
vn -0.2601 -0.9577 -0.1231
vn -0.2468 -0.9577 -0.1479
vn 0.9040 -0.0000 0.4275
vn 0.8576 -0.0000 0.5144
vn 0.8033 -0.0000 0.5955
vn 0.7411 -0.0000 0.6714
vn -0.2131 0.9577 -0.1932
vn -0.2132 0.9577 -0.1932
vn -0.2311 0.9577 -0.1714
vn -0.1933 0.9577 -0.2132
vn -0.1932 0.9577 -0.2132
vn -0.6714 -0.0003 -0.7411
vn -0.6714 0.0001 -0.7411
vn -0.1714 0.9577 -0.2311
vn -0.5956 -0.0000 -0.8033
vn -0.5955 -0.0000 -0.8034
vn -0.5142 -0.0000 -0.8577
vn -0.5144 0.0001 -0.8576
vn -0.1480 0.9577 -0.2468
vn -0.1715 0.9577 -0.2311
vn -0.1479 0.9577 -0.2468
vn 0.5955 -0.0000 0.8033
vn 0.6714 -0.0000 0.7411
vn 0.5144 -0.0000 0.8575
vn 0.5144 -0.0000 0.8576
vn -0.1230 0.9577 -0.2601
vn -0.1231 0.9577 -0.2601
vn -0.4275 -0.0000 -0.9040
vn -0.3368 -0.0000 -0.9416
vn -0.0969 0.9577 -0.2710
vn -0.4275 -0.0004 -0.9040
vn 0.4819 -0.0000 -0.8762
vn -0.4274 0.0001 -0.9041
vn -0.8576 -0.0001 -0.5144
vn -0.9040 -0.0004 -0.4275
vn -0.8577 0.0001 -0.5142
vn -0.2468 0.9577 -0.1480
vn -0.2602 0.9577 -0.1230
vn -0.2601 0.9577 -0.1231
vn -0.2710 0.9577 -0.0969
vn 0.9701 -0.0000 0.2429
vn 0.9415 -0.0000 0.3371
vn 0.9415 -0.0000 0.3370
vn 0.9701 -0.0000 0.2428
vn 0.9892 -0.0000 0.1467
vn -0.2874 -0.9577 -0.0141
vn -0.2847 -0.9577 -0.0423
vn -0.9988 -0.0000 0.0491
vn -0.2874 -0.9577 0.0141
vn -0.9988 -0.0000 -0.0491
vn -0.9892 -0.0000 -0.1465
vn -0.3714 -0.0000 -0.9285
vn -0.3714 -0.0000 0.9285
vn -0.9892 -0.0000 0.1465
vn -0.2874 0.9577 0.0141
vn -0.2846 0.9577 0.0422
vn -0.2847 0.9577 0.0423
vn -0.2791 0.9577 0.0699
vn -0.2791 0.9577 0.0700
vn -0.2710 0.9577 0.0969
vn -0.9700 -0.0000 0.2432
vn -0.9416 -0.0000 0.3368
vn -0.2710 -0.9577 0.0969
vn -0.2791 -0.9577 0.0699
vn -0.2791 -0.9577 0.0700
vn -0.2846 -0.9577 0.0423
vn 0.9701 -0.0000 -0.2428
vn 0.9892 -0.0000 -0.1467
vn 0.9988 -0.0000 -0.0491
vn 0.9988 -0.0000 0.0491
vn -0.2874 0.9577 -0.0141
vn -0.2875 0.9577 0.0141
vn -0.2847 0.9577 -0.0422
vn -0.2846 0.9577 -0.0423
vn -0.2791 0.9577 -0.0700
vn -0.9700 -0.0000 -0.2432
vn -0.2846 -0.9577 -0.0422
vn -0.2791 -0.9577 -0.0699
vn -0.2791 -0.9577 -0.0700
vn -0.2847 -0.9577 0.0422
vn 0.9701 -0.0000 -0.2429
vn 0.9415 -0.0000 -0.3370
vn 0.9040 -0.0000 -0.4275
vn 0.8575 -0.0000 -0.5144
vn 0.8576 -0.0000 -0.5144
vn -0.2468 0.9577 0.1479
vn -0.2312 0.9577 0.1715
vn -0.2468 0.9577 0.1480
vn -0.2132 0.9577 0.1933
vn -0.2311 0.9577 0.1714
vn 0.7411 -0.0000 -0.6714
vn 0.6714 -0.0000 -0.7411
vn -0.1714 0.9577 0.2311
vn -0.1932 0.9577 0.2131
vn -0.1932 0.9577 0.2132
vn -0.6715 -0.0001 0.7410
vn -0.5955 -0.0001 0.8034
vn -0.5955 0.0001 0.8034
vn -0.1714 0.9577 0.2312
vn -0.6714 0.0001 0.7411
vn -0.7410 -0.0000 0.6715
vn 0.0001 1.0000 0.0001
vn -0.8762 -0.0000 -0.4819
vn 0.4819 -0.0000 0.8762
vn -0.0001 1.0000 -0.0001
vn -0.8576 -0.0001 0.5143
vn -0.8034 -0.0002 0.5955
vn 0.7072 -0.0000 -0.7071
vn -0.9041 -0.0000 0.4274
vn 0.7072 -0.0000 -0.7070
vn -0.9041 -0.0000 0.4273
vn -0.9040 0.0001 0.4276
vn -0.9041 -0.0001 0.4274
vn -0.2468 -0.9577 0.1480
vn -0.2601 -0.9577 0.1231
vn -0.2602 -0.9577 0.1230
vn -0.8576 -0.0000 0.5143
vn -0.8034 -0.0000 0.5955
vn -0.8033 0.0001 0.5956
vn -0.7411 -0.0000 0.6714
vn -0.1932 -0.9577 0.2132
vn -0.2131 -0.9577 0.1932
vn -0.6715 -0.0000 0.7410
vn -0.2132 -0.9577 0.1932
vn -0.1933 -0.9577 0.2132
vn -0.1713 -0.9577 0.2312
vn -0.5955 -0.0000 0.8033
vn -0.1480 -0.9577 0.2468
vn -0.1715 -0.9577 0.2312
vn -0.5143 -0.0000 0.8576
vn -0.5142 -0.0001 0.8577
vn -0.4275 -0.0002 0.9040
vn -0.0000 -1.0000 -0.0001
vn -0.4274 -0.0001 0.9041
vn -0.3368 -0.0000 0.9416
vn -0.0969 -0.9577 0.2710
vn -0.1230 -0.9577 0.2601
vn -0.1231 -0.9577 0.2601
vn -0.1479 -0.9577 0.2468
vn 0.4275 -0.0000 -0.9040
vn 0.5144 -0.0000 -0.8575
vn 0.5144 -0.0000 -0.8576
vn -0.0969 0.9577 0.2710
vn -0.1230 0.9577 0.2602
vn -0.1231 0.9577 0.2601
vn -0.0699 0.9577 0.2792
vn -0.0423 0.9577 0.2846
vn -0.0700 0.9577 0.2791
vn 0.1467 -0.0000 -0.9892
vn 0.2429 -0.0000 -0.9701
vn 0.2428 -0.0000 -0.9701
vn 0.3371 -0.0000 -0.9415
vn -0.0699 -0.9577 0.2791
vn -0.0422 -0.9577 0.2846
vn -0.0423 -0.9577 0.2847
vn -0.0141 -0.9577 0.2875
vn -0.0141 -0.9577 0.2874
vn 0.0141 -0.9577 0.2875
vn 0.0491 -0.0001 0.9988
vn 0.1462 -0.0000 0.9893
vn 0.1466 -0.0000 0.9892
vn 0.1465 -0.0000 0.9892
vn 0.9285 -0.0000 0.3714
vn 0.1465 -0.0001 0.9892
vn -0.0002 1.0000 -0.0001
vn 0.1463 -0.0002 0.9892
vn 0.1466 0.0002 0.9892
vn 0.0491 -0.0002 0.9988
vn 0.0141 0.9577 0.2875
vn 0.0423 0.9577 0.2847
vn 0.0422 0.9577 0.2846
vn 0.0699 0.9577 0.2791
vn -0.3371 -0.0000 -0.9415
vn -0.2428 -0.0000 -0.9701
vn -0.2429 -0.0000 -0.9701
vn 0.0699 -0.9577 0.2792
vn 0.0423 -0.9577 0.2846
vn 0.0700 -0.9577 0.2791
vn 0.0969 -0.9577 0.2710
vn 0.2432 -0.0000 0.9700
vn 0.3368 -0.0000 0.9416
vn 0.0700 0.9577 0.2791
vn 0.0969 0.9577 0.2710
vn 0.4275 -0.0006 0.9040
vn 0.1230 0.9577 0.2601
vn 0.1232 0.9577 0.2602
vn 0.1479 0.9577 0.2468
vn -0.5144 -0.0000 -0.8576
vn -0.5144 -0.0000 -0.8575
vn -0.4274 -0.0000 -0.9040
vn 0.1231 -0.9577 0.2601
vn 0.1480 -0.9577 0.2468
vn 0.1479 -0.9577 0.2469
vn 0.1714 -0.9577 0.2312
vn 0.5956 -0.0001 0.8033
vn 0.5142 0.0001 0.8577
vn 0.5143 -0.0002 0.8576
vn 0.6715 -0.0001 0.7410
vn -0.4819 -0.0000 0.8762
vn 0.8762 -0.0000 -0.4819
vn 0.7410 -0.0000 0.6715
vn 0.2132 -0.9577 0.1933
vn 0.2132 -0.9577 0.1932
vn 0.2311 -0.9577 0.1714
vn 0.8033 0.0001 0.5956
vn 0.1932 -0.9577 0.2132
vn 0.1932 -0.9577 0.2131
vn 0.1714 -0.9577 0.2311
vn -0.6714 -0.0000 -0.7411
vn -0.7411 -0.0000 -0.6714
vn 0.2311 0.9577 0.1714
vn 0.2132 0.9577 0.1932
vn 0.2131 0.9577 0.1932
vn 0.2469 0.9577 0.1479
vn 0.2312 0.9577 0.1714
vn 0.8034 -0.0002 0.5955
vn 0.8576 -0.0000 0.5142
vn 0.2468 0.9577 0.1480
vn 0.2602 0.9577 0.1230
vn 0.9040 -0.0004 0.4275
vn 0.2601 0.9577 0.1231
vn 0.9040 -0.0000 0.4274
vn 0.2710 0.9577 0.0969
vn -0.9415 -0.0000 -0.3371
vn -0.9415 -0.0000 -0.3370
vn -0.9701 -0.0000 -0.2429
vn 0.2791 -0.9577 0.0699
vn 0.2710 -0.9577 0.0969
vn 0.2791 -0.9577 0.0700
vn 0.2846 -0.9577 0.0422
vn 0.9892 -0.0000 0.1466
vn 0.9892 -0.0000 0.1465
vn 0.9700 -0.0000 0.2432
vn 0.3714 -0.0000 0.9285
vn 0.9892 0.0001 0.1465
vn 0.2874 -0.9577 0.0141
vn 0.2874 -0.9577 -0.0141
vn 0.2847 -0.9577 0.0423
vn -0.9892 -0.0000 -0.1467
vn 0.2874 0.9577 0.0141
vn 0.2847 0.9577 0.0422
vn 0.2846 0.9577 0.0422
vn -0.9701 -0.0000 -0.2428
vn 0.2791 0.9577 0.0700
vn 0.2792 0.9577 0.0699
vn 0.9416 -0.0000 0.3368
vn 0.9892 -0.0000 -0.1465
vn 0.2874 0.9577 -0.0141
vn 0.2847 0.9577 -0.0423
vn 0.2846 0.9577 -0.0422
vn 0.2791 0.9577 -0.0699
vn -0.9701 -0.0000 0.2428
vn -0.9701 -0.0000 0.2429
vn -0.9892 -0.0000 0.1467
vn 0.2792 -0.9577 -0.0699
vn 0.2846 -0.9577 -0.0423
vn 0.2791 -0.9577 -0.0700
vn 0.9416 -0.0000 -0.3368
vn 0.2710 -0.9577 -0.0969
vn 0.9700 -0.0000 -0.2432
vn 0.2710 0.9577 -0.0969
vn 0.2791 0.9577 -0.0700
vn 0.2601 0.9577 -0.1231
vn -0.9415 -0.0000 0.3370
vn -0.9415 -0.0000 0.3371
vn -0.9040 -0.0000 0.4275
vn -0.8576 -0.0000 0.5144
vn -0.8033 -0.0000 0.5955
vn 0.2312 0.9577 -0.1715
vn 0.2468 0.9577 -0.1479
vn 0.2468 0.9577 -0.1480
vn 0.8576 -0.0001 -0.5144
vn 0.8577 0.0001 -0.5142
vn 0.2601 0.9577 -0.1230
vn 0.8762 -0.0000 0.4819
vn 0.8762 -0.0000 0.4820
vn 0.9040 -0.0001 -0.4275
vn 0.8576 -0.0001 -0.5143
vn 0.2468 -0.9577 -0.1480
vn 0.2601 -0.9577 -0.1231
vn 0.2602 -0.9577 -0.1230
vn 0.2312 -0.9577 -0.1714
vn 0.2469 -0.9577 -0.1479
vn 0.8033 -0.0000 -0.5956
vn 0.8034 0.0001 -0.5955
vn 0.7410 -0.0000 -0.6715
vn 0.6714 -0.0002 -0.7411
vn 0.6715 -0.0000 -0.7410
vn 0.1933 -0.9577 -0.2132
vn 0.1714 -0.9577 -0.2311
vn 0.5956 0.0002 -0.8033
vn 0.1932 -0.9577 -0.2132
vn 0.2131 -0.9577 -0.1932
vn 0.2311 -0.9577 -0.1714
vn 0.2132 -0.9577 -0.1932
vn -0.6714 -0.0000 0.7411
vn 0.1714 0.9577 -0.2311
vn 0.1932 0.9577 -0.2131
vn 0.1932 0.9577 -0.2132
vn 0.6715 -0.0001 -0.7410
vn 0.7410 -0.0001 -0.6715
vn 0.2132 0.9577 -0.1931
vn 0.2312 0.9577 -0.1713
vn 0.2132 0.9577 -0.1933
vn 0.8034 0.0001 -0.5954
vn 0.6714 0.0001 -0.7411
vn 0.5955 -0.0000 -0.8034
vn 0.5143 0.0002 -0.8576
vn 0.5956 -0.0000 -0.8033
vn 0.5143 -0.0001 -0.8576
vn 0.1230 0.9577 -0.2602
vn 0.4275 0.0003 -0.9040
vn 0.4274 -0.0000 -0.9041
vn 0.1231 0.9577 -0.2601
vn 0.1480 0.9577 -0.2468
vn 0.1479 0.9577 -0.2469
vn -0.7071 -0.0000 0.7071
vn -0.4819 -0.0000 -0.8762
vn -0.0000 -1.0000 0.0002
vn 0.1714 0.9577 -0.2312
vn -0.5144 -0.0000 0.8575
vn 0.1480 -0.9577 -0.2468
vn 0.5144 0.0003 -0.8575
vn 0.5955 -0.0001 -0.8033
vn 0.5141 -0.0002 -0.8577
vn 0.2847 -0.9577 -0.0422
vn 0.3714 -0.0000 -0.9285
vn 0.9892 -0.0001 -0.1465
vn 0.2875 0.9577 -0.0141
vn 0.9040 0.0005 0.4275
vn 0.2601 -0.9577 0.1231
vn 0.2601 -0.9577 0.1230
vn 0.9041 -0.0000 0.4274
vn 0.8576 -0.0000 0.5143
vn 0.2468 -0.9577 0.1480
vn 0.2468 -0.9577 0.1479
vn 0.2312 -0.9577 0.1714
vn -0.8033 -0.0000 -0.5955
vn -0.8576 -0.0000 -0.5144
vn -0.8575 -0.0000 -0.5144
vn 0.8033 -0.0000 0.5956
vn 0.7410 -0.0001 0.6715
vn 0.6715 0.0001 0.7410
vn 0.1932 0.9577 0.2132
vn 0.5955 -0.0001 0.8034
vn 0.5956 -0.0000 0.8033
vn 0.1714 0.9577 0.2311
vn 0.1933 0.9577 0.2132
vn 0.5142 0.0002 0.8577
vn 0.1714 0.9577 0.2312
vn 0.1480 0.9577 0.2468
vn 0.5144 -0.0002 0.8576
vn 0.4274 0.0001 0.9041
vn 0.4273 -0.0000 0.9041
vn 0.1230 -0.9577 0.2602
vn 0.4274 0.0005 0.9040
vn 0.0141 -0.9577 0.2874
vn 0.0422 -0.9577 0.2847
vn -0.1467 -0.0000 -0.9892
vn -0.0141 0.9577 0.2875
vn 0.0141 0.9577 0.2874
vn -0.0141 0.9577 0.2874
vn -0.0422 0.9577 0.2847
vn -0.1465 -0.0001 0.9892
vn -0.0491 -0.0003 0.9988
vn -0.0491 -0.0001 0.9988
vn -0.1466 -0.0003 0.9892
vn -0.9285 -0.0000 0.3714
vn -0.1464 -0.0000 0.9892
vn -0.1463 -0.0000 0.9892
vn -0.1466 0.0001 0.9892
vn -0.1465 -0.0000 0.9892
vn -0.0491 0.0001 0.9988
vn -0.2432 -0.0000 0.9700
vn -0.0700 -0.9577 0.2791
vn -0.4274 0.0001 0.9040
vn -0.5142 0.0002 0.8577
vn -0.1480 0.9577 0.2468
vn -0.4274 -0.0000 0.9041
vn -0.1479 0.9577 0.2469
vn 0.5955 -0.0000 -0.8033
vn -0.2311 -0.9577 0.1714
vn -0.2469 -0.9577 0.1479
vn -0.2312 -0.9577 0.1714
vn 0.8033 -0.0000 -0.5955
vn -0.5144 -0.0002 0.8576
vn -0.8576 -0.0000 0.5142
vn -0.9040 0.0002 0.4275
vn -0.8033 -0.0000 0.5956
vn -0.2132 0.9577 0.1932
vn -0.2601 0.9577 0.1230
vn -0.2602 0.9577 0.1231
vn -0.9892 -0.0000 0.1466
vn -0.2792 0.9577 -0.0699
vn -0.2468 0.9577 -0.1479
vn -0.8033 0.0001 -0.5956
vn -0.2312 0.9577 -0.1714
vn -0.7410 -0.0001 -0.6715
vn -0.1714 -0.9577 -0.2311
vn -0.0699 -0.9577 -0.2792
vn -0.0700 0.9577 -0.2791
vn -0.0699 0.9577 -0.2791
vn -0.0422 0.9577 -0.2846
vn -0.1466 0.0002 -0.9892
vn -0.1465 -0.0003 -0.9892
vn 0.1465 0.0004 -0.9892
vn 0.0423 -0.9577 -0.2847
vt 0.751367 0.007019
vt 0.754656 0.017418
vt 0.742470 0.010737
vt 0.746757 0.020723
vt 0.759186 0.047177
vt 0.762840 0.014910
vt 0.769905 0.043304
vt 0.764450 0.044976
vt 0.745275 0.756900
vt 0.745160 0.762572
vt 0.733945 0.756915
vt 0.745122 0.768307
vt 0.733792 0.768321
vt 0.733831 0.762587
vt 0.773436 0.713614
vt 0.774871 0.684372
vt 0.779147 0.714176
vt 0.783441 0.685217
vt 0.745465 0.751341
vt 0.784778 0.715296
vt 0.734136 0.751355
vt 0.754158 0.049888
vt 0.739218 0.024789
vt 0.732106 0.029580
vt 0.749419 0.053085
vt 0.745729 0.745950
vt 0.745013 0.056731
vt 0.734400 0.745964
vt 0.746064 0.740781
vt 0.795575 0.719162
vt 0.790272 0.716965
vt 0.800127 0.689396
vt 0.734735 0.740796
vt 0.735138 0.735898
vt 0.800636 0.721871
vt 0.815677 0.696757
vt 0.808082 0.692695
vt 0.812931 0.682693
vt 0.803972 0.678981
vt 0.261550 0.207803
vt 0.261070 0.207424
vt 0.261734 0.198973
vt 0.256784 0.207938
vt 0.261472 0.216981
vt 0.794695 0.676167
vt 0.785185 0.674272
vt 0.791884 0.686897
vt 0.261499 0.226424
vt 0.256706 0.217117
vt 0.733980 0.015319
vt 0.725976 0.020714
vt 0.256733 0.226559
vt 0.775535 0.673323
vt 0.261632 0.236039
vt 0.261135 0.235511
vt 0.654572 0.593540
vt 0.654572 0.631350
vt 0.654099 0.631075
vt 0.470811 0.396226
vt 0.470811 0.360799
vt 0.474601 0.396084
vt 0.257347 0.235618
vt 0.261143 0.236053
vt 0.645284 0.627038
vt 0.261380 0.245745
vt 0.641677 0.625799
vt 0.261869 0.245732
vt 0.261514 0.249553
vt 0.765839 0.673323
vt 0.766259 0.684372
vt 0.262208 0.255410
vt 0.756190 0.674275
vt 0.767696 0.713614
vt 0.757688 0.685218
vt 0.761983 0.714178
vt 0.749243 0.686900
vt 0.746679 0.676167
vt 0.756355 0.715298
vt 0.737401 0.678986
vt 0.263179 0.274354
vt 0.258413 0.274490
vt 0.262646 0.264982
vt 0.257880 0.265118
vt 0.262114 0.264046
vt 0.258326 0.264154
vt 0.557996 0.359942
vt 0.557996 0.323085
vt 0.561684 0.359618
vt 0.636115 0.623887
vt 0.627616 0.621870
vt 0.561684 0.322762
vt 0.261719 0.255424
vt 0.222061 0.568941
vt 0.214545 0.564609
vt 0.222061 0.529945
vt 0.209220 0.562204
vt 0.205767 0.560644
vt 0.474601 0.360657
vt 0.196107 0.557442
vt 0.196637 0.557565
vt 0.257354 0.236161
vt 0.256866 0.236175
vt 0.257103 0.245867
vt 0.257592 0.245853
vt 0.760579 0.004195
vt 0.770022 0.002296
vt 0.771228 0.013223
vt 0.257725 0.249661
vt 0.257442 0.255545
vt 0.775496 0.042179
vt 0.779738 0.012373
vt 0.781166 0.041612
vt 0.745160 0.774046
vt 0.733946 0.779749
vt 0.733831 0.774061
vt 0.745275 0.779734
vt 0.786868 0.041607
vt 0.745465 0.785320
vt 0.796799 0.013202
vt 0.788286 0.012366
vt 0.734136 0.785335
vt 0.745729 0.790748
vt 0.792542 0.042167
vt 0.746064 0.795963
vt 0.734735 0.795978
vt 0.798132 0.043283
vt 0.734400 0.790762
vt 0.740495 0.721872
vt 0.733047 0.692698
vt 0.745557 0.719165
vt 0.750861 0.716965
vt 0.725454 0.696762
vt 0.719893 0.687271
vt 0.728445 0.682698
vt 0.741005 0.689401
vt 0.263801 0.283435
vt 0.264507 0.292140
vt 0.263613 0.287155
vt 0.264018 0.292154
vt 0.264801 0.300396
vt 0.711832 0.692664
vt 0.265290 0.300382
vt 0.704335 0.698819
vt 0.718294 0.701549
vt 0.266141 0.308088
vt 0.265653 0.308102
vt 0.866640 0.250204
vt 0.857821 0.246165
vt 0.879536 0.136654
vt 0.848649 0.243012
vt 0.266565 0.315190
vt 0.839211 0.240775
vt 0.039081 0.328755
vt 0.041631 0.321556
vt 0.039557 0.328792
vt 0.267054 0.315176
vt 0.705551 0.713111
vt 0.697478 0.705680
vt 0.711636 0.707018
vt 0.691329 0.713181
vt 0.041155 0.321519
vt 0.727227 0.732769
vt 0.700088 0.719769
vt 0.723586 0.737212
vt 0.695303 0.726936
vt 0.685943 0.721251
vt 0.681371 0.729808
vt 0.043095 0.313686
vt 0.044882 0.305336
vt 0.043571 0.313723
vt 0.819901 0.239117
vt 0.829596 0.239474
vt 0.045358 0.305373
vt 0.046285 0.300326
vt 0.814340 0.239461
vt 0.049976 0.300612
vt 0.052914 0.406100
vt 0.051139 0.296906
vt 0.046497 0.296547
vt 0.052568 0.287765
vt 0.047926 0.287405
vt 0.674849 0.748056
vt 0.677662 0.738773
vt 0.687947 0.742496
vt 0.691244 0.734537
vt 0.717692 0.747052
vt 0.806273 0.740688
vt 0.795141 0.745803
vt 0.794895 0.740664
vt 0.715497 0.752358
vt 0.805977 0.735826
vt 0.794598 0.735802
vt 0.720399 0.741987
vt 0.805634 0.731287
vt 0.794255 0.731263
vt 0.818623 0.053033
vt 0.842535 0.034965
vt 0.823027 0.056674
vt 0.835922 0.029502
vt 0.805247 0.727112
vt 0.793868 0.727087
vt 0.813881 0.049844
vt 0.834866 0.015241
vt 0.828811 0.024724
vt 0.842872 0.020626
vt 0.821272 0.020667
vt 0.826373 0.010674
vt 0.261375 0.308223
vt 0.262777 0.315298
vt 0.262288 0.315312
vt 0.261864 0.308209
vt 0.817474 0.006969
vt 0.261012 0.300504
vt 0.260524 0.300518
vt 0.260230 0.292261
vt 0.259741 0.292275
vt 0.813369 0.017374
vt 0.808259 0.004158
vt 0.805185 0.014879
vt 0.808852 0.047140
vt 0.803586 0.044948
vt 0.746467 0.800916
vt 0.746934 0.805560
vt 0.735138 0.800930
vt 0.735604 0.805575
vt 0.747460 0.809855
vt 0.731288 0.728707
vt 0.735724 0.725065
vt 0.736131 0.809869
vt 0.798815 0.002273
vt 0.259035 0.283570
vt 0.259825 0.287263
vt 0.789235 0.001330
vt 0.256706 0.394775
vt 0.369366 0.931785
vt 0.402358 0.815065
vt 0.374569 0.929911
vt 0.260494 0.394667
vt 0.436865 0.931785
vt 0.431638 0.929911
vt 0.056604 0.406386
vt 0.412713 0.926136
vt 0.403076 0.925659
vt 0.422265 0.927559
vt 0.383911 0.927559
vt 0.393445 0.926136
vt 0.049048 0.305659
vt 0.049524 0.305696
vt 0.047261 0.314008
vt 0.047737 0.314045
vt 0.857127 0.033633
vt 0.848583 0.041054
vt 0.850316 0.026778
vt 0.863237 0.041129
vt 0.854011 0.047709
vt 0.830676 0.065168
vt 0.827060 0.060730
vt 0.833845 0.069942
vt 0.858762 0.054874
vt 0.806854 0.756737
vt 0.795475 0.756712
vt 0.806714 0.751194
vt 0.836533 0.075007
vt 0.862793 0.062468
vt 0.806520 0.745827
vt 0.795335 0.751170
vt 0.795560 0.762373
vt 0.712710 0.763491
vt 0.712148 0.769206
vt 0.682926 0.767770
vt 0.713829 0.757856
vt 0.683771 0.759194
vt 0.712148 0.774950
vt 0.682926 0.776388
vt 0.672008 0.776932
vt 0.672008 0.767230
vt 0.051535 0.249084
vt 0.052011 0.249121
vt 0.050969 0.258742
vt 0.672959 0.786587
vt 0.051445 0.258779
vt 0.050649 0.268447
vt 0.050173 0.268410
vt 0.180198 0.151542
vt 0.194485 0.187228
vt 0.189891 0.186548
vt 0.050162 0.273034
vt 0.180201 0.186072
vt 0.478955 0.131336
vt 0.478955 0.166909
vt 0.475169 0.131168
vt 0.318435 0.477504
vt 0.318435 0.441876
vt 0.322206 0.441665
vt 0.475169 0.166740
vt 0.170510 0.186548
vt 0.165917 0.187228
vt 0.322206 0.477292
vt 0.333817 0.656023
vt 0.329816 0.653667
vt 0.333817 0.617745
vt 0.055702 0.249407
vt 0.055861 0.244834
vt 0.056178 0.249444
vt 0.052171 0.244548
vt 0.056510 0.239887
vt 0.055611 0.259102
vt 0.881491 0.085504
vt 0.870222 0.087122
vt 0.879611 0.075990
vt 0.882438 0.095160
vt 0.871061 0.095698
vt 0.871063 0.104312
vt 0.842046 0.102898
vt 0.842044 0.097153
vt 0.882438 0.104863
vt 0.870229 0.112890
vt 0.051868 0.239528
vt 0.056604 0.230527
vt 0.051961 0.230167
vt 0.056459 0.221453
vt 0.881498 0.114518
vt 0.681376 0.814352
vt 0.677666 0.805390
vt 0.687952 0.801659
vt 0.685453 0.793416
vt 0.051817 0.221093
vt 0.674849 0.796105
vt 0.715497 0.791796
vt 0.713831 0.786298
vt 0.683771 0.784965
vt 0.806854 0.779566
vt 0.795335 0.785143
vt 0.795475 0.779542
vt 0.795560 0.773845
vt 0.712711 0.780666
vt 0.806938 0.773870
vt 0.806967 0.768128
vt 0.795588 0.768103
vt 0.841484 0.091439
vt 0.840371 0.085806
vt 0.838715 0.080310
vt 0.866068 0.070426
vt 0.868553 0.078671
vt 0.806938 0.762398
vt 0.876814 0.066708
vt 0.053798 0.278355
vt 0.053852 0.273320
vt 0.054815 0.268769
vt 0.054339 0.268732
vt 0.873128 0.057745
vt 0.055135 0.259065
vt 0.307369 0.645267
vt 0.311874 0.646370
vt 0.321022 0.649579
vt 0.868586 0.049191
vt 0.049156 0.277996
vt 0.672956 0.757573
vt 0.685450 0.750745
vt 0.806714 0.785168
vt 0.691246 0.809623
vt 0.717695 0.797104
vt 0.795141 0.790592
vt 0.806520 0.790617
vt 0.806273 0.795860
vt 0.794895 0.795835
vt 0.720401 0.802169
vt 0.840377 0.114250
vt 0.841487 0.108617
vt 0.794598 0.800822
vt 0.805977 0.800846
vt 0.838722 0.119747
vt 0.866080 0.129590
vt 0.868560 0.121342
vt 0.879622 0.124036
vt 0.836543 0.125054
vt 0.862808 0.137555
vt 0.876827 0.133323
vt 0.858778 0.145155
vt 0.833857 0.130124
vt 0.873145 0.142292
vt 0.805634 0.805531
vt 0.805247 0.809869
vt 0.793868 0.809845
vt 0.804305 0.866416
vt 0.815675 0.866431
vt 0.815260 0.870734
vt 0.854032 0.152322
vt 0.830689 0.134903
vt 0.848607 0.158989
vt 0.863261 0.158923
vt 0.868609 0.150852
vt 0.390180 0.097021
vt 0.383327 0.094622
vt 0.390250 0.096539
vt 0.397794 0.098445
vt 0.397724 0.098927
vt 0.857152 0.166427
vt 0.383257 0.095104
vt 0.833505 0.272686
vt 0.842643 0.269468
vt 0.867924 0.377358
vt 0.054141 0.196752
vt 0.053078 0.189651
vt 0.053554 0.189687
vt 0.824102 0.274994
vt 0.859780 0.260437
vt 0.867262 0.254966
vt 0.867924 0.254769
vt 0.604454 0.499262
vt 0.608128 0.498811
vt 0.604454 0.609579
vt 0.851429 0.265370
vt 0.300948 0.092936
vt 0.301493 0.089199
vt 0.406807 0.100521
vt 0.803820 0.276748
vt 0.804864 0.276804
vt 0.814523 0.276369
vt 0.608128 0.609128
vt 0.055601 0.212712
vt 0.054985 0.204466
vt 0.055461 0.204503
vt 0.397105 0.801746
vt 0.397769 0.801553
vt 0.462990 0.905660
vt 0.300435 0.183435
vt 0.300435 0.187228
vt 0.299936 0.183387
vt 0.052276 0.220743
vt 0.055966 0.221029
vt 0.299936 0.187180
vt 0.407021 0.802125
vt 0.051911 0.212426
vt 0.051435 0.212390
vt 0.691335 0.830976
vt 0.685946 0.822909
vt 0.695307 0.817221
vt 0.050818 0.204143
vt 0.051294 0.204180
vt 0.416716 0.801770
vt 0.426330 0.800470
vt 0.049975 0.196430
vt 0.050451 0.196466
vt 0.435767 0.798233
vt 0.049388 0.189365
vt 0.444939 0.795081
vt 0.383872 0.090885
vt 0.383942 0.090403
vt 0.390795 0.092802
vt 0.048912 0.189328
vt 0.711645 0.837138
vt 0.711837 0.851493
vt 0.704341 0.845340
vt 0.705556 0.831048
vt 0.390865 0.092320
vt 0.697486 0.838479
vt 0.718299 0.842604
vt 0.719902 0.856883
vt 0.398409 0.094226
vt 0.398339 0.094708
vt 0.725461 0.847393
vt 0.728453 0.861458
vt 0.406496 0.096104
vt 0.453758 0.791043
vt 0.406426 0.096586
vt 0.462140 0.786163
vt 0.407351 0.096784
vt 0.462990 0.785549
vt 0.415053 0.097934
vt 0.414368 0.102635
vt 0.423309 0.104401
vt 0.746688 0.867984
vt 0.737411 0.865170
vt 0.741010 0.854753
vt 0.423994 0.099699
vt 0.733056 0.851454
vt 0.745562 0.824988
vt 0.802939 0.885553
vt 0.803204 0.880332
vt 0.814574 0.880347
vt 0.750865 0.827185
vt 0.740501 0.822279
vt 0.803522 0.875372
vt 0.818641 0.147055
vt 0.823047 0.143409
vt 0.835954 0.170560
vt 0.814309 0.885568
vt 0.814892 0.875387
vt 0.827075 0.139343
vt 0.842561 0.165087
vt 0.828842 0.175351
vt 0.813902 0.150252
vt 0.842903 0.179455
vt 0.850345 0.173295
vt 0.821303 0.179418
vt 0.834899 0.184850
vt 0.813404 0.182722
vt 0.826409 0.189432
vt 0.808874 0.152963
vt 0.803609 0.155164
vt 0.802581 0.896574
vt 0.813951 0.896589
vt 0.813860 0.902278
vt 0.802731 0.890985
vt 0.814101 0.890999
vt 0.756359 0.828853
vt 0.761991 0.829973
vt 0.757696 0.858932
vt 0.749253 0.857252
vt 0.756198 0.869879
vt 0.765849 0.870827
vt 0.766266 0.859777
vt 0.774878 0.859777
vt 0.775544 0.870827
vt 0.773441 0.830535
vt 0.767701 0.830536
vt 0.785193 0.869875
vt 0.461865 0.105791
vt 0.461795 0.106273
vt 0.452265 0.104445
vt 0.442692 0.102971
vt 0.448428 0.104347
vt 0.452194 0.104927
vt 0.346880 0.215420
vt 0.334331 0.251089
vt 0.346342 0.215523
vt 0.336687 0.216406
vt 0.462333 0.106341
vt 0.461788 0.110078
vt 0.470718 0.111699
vt 0.471403 0.106998
vt 0.433076 0.872117
vt 0.436865 0.872279
vt 0.433076 0.906950
vt 0.436865 0.907112
vt 0.590711 0.114659
vt 0.564830 0.087239
vt 0.565358 0.087113
vt 0.461250 0.110010
vt 0.461180 0.110492
vt 0.451579 0.109146
vt 0.798856 0.197873
vt 0.796832 0.186918
vt 0.808299 0.195974
vt 0.788322 0.187768
vt 0.789274 0.198834
vt 0.786893 0.158528
vt 0.779773 0.187774
vt 0.781192 0.158533
vt 0.771261 0.186939
vt 0.814309 0.930365
vt 0.802939 0.930350
vt 0.814101 0.924978
vt 0.802731 0.924964
vt 0.775518 0.157973
vt 0.802581 0.919407
vt 0.813951 0.919422
vt 0.790276 0.827184
vt 0.795580 0.824984
vt 0.808091 0.851452
vt 0.800132 0.854748
vt 0.791895 0.857249
vt 0.784782 0.828851
vt 0.803983 0.865164
vt 0.794704 0.867984
vt 0.783449 0.858932
vt 0.812939 0.861453
vt 0.480783 0.108052
vt 0.480098 0.112753
vt 0.489230 0.113646
vt 0.489915 0.108945
vt 0.779644 0.198839
vt 0.770064 0.197896
vt 0.498029 0.114368
vt 0.493046 0.113471
vt 0.493591 0.109734
vt 0.760619 0.196011
vt 0.762875 0.185261
vt 0.769927 0.156858
vt 0.754691 0.182767
vt 0.814892 0.940417
vt 0.803522 0.940403
vt 0.814574 0.935527
vt 0.803204 0.935513
vt 0.764473 0.155193
vt 0.800642 0.822277
vt 0.805413 0.819084
vt 0.822843 0.842600
vt 0.815683 0.847388
vt 0.821490 0.856879
vt 0.829552 0.851486
vt 0.837049 0.845331
vt 0.514974 0.110574
vt 0.514903 0.111056
vt 0.507092 0.110211
vt 0.507022 0.110693
vt 0.498644 0.110149
vt 0.498714 0.109667
vt 0.522206 0.111232
vt 0.873730 0.744557
vt 0.833420 0.640446
vt 0.842854 0.638197
vt 0.823809 0.641758
vt 0.597426 0.133096
vt 0.596882 0.136833
vt 0.873730 0.622822
vt 0.869218 0.626090
vt 0.403820 0.115052
vt 0.403258 0.118803
vt 0.297927 0.093491
vt 0.860840 0.630981
vt 0.808559 0.641789
vt 0.814117 0.642126
vt 0.852023 0.635031
vt 0.297365 0.097243
vt 0.390653 0.113858
vt 0.382979 0.113313
vt 0.383051 0.112829
vt 0.375909 0.112931
vt 0.375981 0.112448
vt 0.841049 0.824380
vt 0.850055 0.830970
vt 0.835587 0.831038
vt 0.843905 0.838471
vt 0.855441 0.822900
vt 0.390726 0.113374
vt 0.829501 0.837131
vt 0.522276 0.110750
vt 0.809849 0.815442
vt 0.813910 0.811380
vt 0.803890 0.944975
vt 0.815260 0.944989
vt 0.804305 0.949187
vt 0.746788 0.179474
vt 0.759208 0.153000
vt 0.754178 0.150296
vt 0.815675 0.949202
vt 0.664980 0.777939
vt 0.653877 0.777862
vt 0.654801 0.773501
vt 0.732138 0.170638
vt 0.749437 0.147107
vt 0.739249 0.175417
vt 0.725525 0.165175
vt 0.726007 0.179543
vt 0.734013 0.184929
vt 0.719477 0.159086
vt 0.741000 0.139410
vt 0.718563 0.173391
vt 0.745033 0.143467
vt 0.390020 0.118093
vt 0.382345 0.117548
vt 0.390092 0.117609
vt 0.398291 0.118312
vt 0.398219 0.118796
vt 0.711751 0.166536
vt 0.705642 0.159040
vt 0.714049 0.152431
vt 0.406869 0.119650
vt 0.709298 0.145267
vt 0.734215 0.130198
vt 0.737384 0.134973
vt 0.656915 0.758536
vt 0.668018 0.758613
vt 0.667431 0.763870
vt 0.668482 0.753153
vt 0.657379 0.753076
vt 0.656327 0.763793
vt 0.668816 0.747543
vt 0.827308 0.786294
vt 0.828427 0.780658
vt 0.857366 0.784956
vt 0.855687 0.793404
vt 0.853190 0.801653
vt 0.825641 0.791791
vt 0.868428 0.786578
vt 0.866535 0.796095
vt 0.869376 0.776921
vt 0.435368 0.118314
vt 0.430757 0.118198
vt 0.425883 0.117060
vt 0.425177 0.121779
vt 0.416588 0.115929
vt 0.430195 0.121949
vt 0.465024 0.384415
vt 0.465024 0.348519
vt 0.468795 0.384615
vt 0.052250 0.608128
vt 0.048238 0.605789
vt 0.052250 0.569689
vt 0.435296 0.118798
vt 0.039418 0.601745
vt 0.444950 0.119678
vt 0.444877 0.120162
vt 0.454537 0.121140
vt 0.869376 0.767219
vt 0.858211 0.776380
vt 0.858211 0.767762
vt 0.868425 0.757563
vt 0.828989 0.774944
vt 0.828989 0.769200
vt 0.669086 0.736100
vt 0.669018 0.741843
vt 0.657982 0.736023
vt 0.657914 0.741766
vt 0.657914 0.730296
vt 0.726576 0.108701
vt 0.727689 0.114334
vt 0.697837 0.113018
vt 0.699507 0.121469
vt 0.729345 0.119830
vt 0.701992 0.129714
vt 0.692065 0.133462
vt 0.695750 0.142424
vt 0.705267 0.137673
vt 0.731527 0.125133
vt 0.657713 0.747467
vt 0.700293 0.150978
vt 0.415882 0.120648
vt 0.689268 0.124179
vt 0.444244 0.124397
vt 0.434662 0.123033
vt 0.444316 0.123913
vt 0.434735 0.122549
vt 0.453073 0.340146
vt 0.453213 0.374456
vt 0.443386 0.339673
vt 0.462756 0.339673
vt 0.453904 0.125375
vt 0.438793 0.338998
vt 0.458452 0.126114
vt 0.453831 0.125859
vt 0.687388 0.114665
vt 0.463335 0.127404
vt 0.696999 0.104443
vt 0.686440 0.105009
vt 0.726016 0.102987
vt 0.696997 0.095828
vt 0.726014 0.097242
vt 0.668482 0.719185
vt 0.668816 0.724718
vt 0.657713 0.724641
vt 0.657379 0.719108
vt 0.855685 0.750733
vt 0.857366 0.759185
vt 0.827306 0.757851
vt 0.828426 0.763483
vt 0.825640 0.752353
vt 0.669018 0.730373
vt 0.853186 0.742490
vt 0.863717 0.738761
vt 0.866534 0.748046
vt 0.473365 0.124298
vt 0.482420 0.125965
vt 0.472659 0.129017
vt 0.860008 0.729799
vt 0.464041 0.122685
vt 0.481714 0.130683
vt 0.687381 0.085651
vt 0.697831 0.087250
vt 0.686440 0.095306
vt 0.699499 0.078799
vt 0.727683 0.085890
vt 0.726573 0.091524
vt 0.656915 0.713753
vt 0.668018 0.713830
vt 0.667431 0.708707
vt 0.656327 0.708630
vt 0.817546 0.737206
vt 0.841046 0.719764
vt 0.820737 0.741980
vt 0.845830 0.726929
vt 0.849892 0.734526
vt 0.666723 0.703864
vt 0.655620 0.703787
vt 0.823442 0.747045
vt 0.654801 0.699270
vt 0.729338 0.080393
vt 0.701980 0.070550
vt 0.731517 0.075086
vt 0.705252 0.062585
vt 0.692052 0.066847
vt 0.689257 0.076134
vt 0.498751 0.133627
vt 0.490416 0.132387
vt 0.490488 0.131903
vt 0.498678 0.134111
vt 0.489547 0.131719
vt 0.593888 0.137393
vt 0.593326 0.141144
vt 0.465561 0.908563
vt 0.465561 0.788849
vt 0.466408 0.907944
vt 0.490108 0.127968
vt 0.891147 0.889695
vt 0.890297 0.889080
vt 0.891147 0.769540
vt 0.491049 0.128152
vt 0.491122 0.127668
vt 0.499384 0.129392
vt 0.850049 0.713175
vt 0.855438 0.721241
vt 0.499312 0.129876
vt 0.843898 0.705672
vt 0.507059 0.131604
vt 0.507131 0.131120
vt 0.881918 0.884189
vt 0.873102 0.880139
vt 0.863934 0.876975
vt 0.514211 0.133319
vt 0.514284 0.132835
vt 0.262894 0.175419
vt 0.262410 0.182702
vt 0.262406 0.175433
vt 0.854500 0.874727
vt 0.261921 0.182716
vt 0.829547 0.692657
vt 0.829492 0.707012
vt 0.822838 0.701545
vt 0.821482 0.687268
vt 0.262022 0.190581
vt 0.837042 0.698811
vt 0.809847 0.728703
vt 0.835581 0.713101
vt 0.813907 0.732767
vt 0.664980 0.695195
vt 0.665904 0.699346
vt 0.747460 0.727082
vt 0.735604 0.731318
vt 0.736131 0.727097
vt 0.805408 0.725059
vt 0.653877 0.695118
vt 0.746934 0.731303
vt 0.737370 0.065237
vt 0.734203 0.070016
vt 0.714028 0.047818
vt 0.709282 0.054985
vt 0.719453 0.041151
vt 0.705618 0.041246
vt 0.700269 0.049317
vt 0.258617 0.175541
vt 0.257644 0.182838
vt 0.258128 0.175555
vt 0.513650 0.137070
vt 0.513578 0.137554
vt 0.506425 0.135839
vt 0.695733 0.057878
vt 0.506498 0.135355
vt 0.483545 0.898914
vt 0.474758 0.903012
vt 0.492683 0.895696
vt 0.502086 0.893389
vt 0.258132 0.182824
vt 0.511665 0.892014
vt 0.257745 0.190703
vt 0.257457 0.199095
vt 0.256968 0.199109
vt 0.521324 0.891580
vt 0.257256 0.190717
vt 0.718533 0.026874
vt 0.257281 0.207532
vt 0.725499 0.035053
vt 0.711727 0.033742
vt 0.531205 0.891876
vt 0.530542 0.892074
vt 0.018383 0.262632
vt 0.018868 0.258923
vt 0.018868 0.262700
vt 0.612482 0.074113
vt 0.612482 0.181422
vt 0.608699 0.073883
vt 0.018383 0.258856
vt 0.608699 0.181192
vt 0.825950 0.873610
vt 0.825285 0.873417
vt 0.740985 0.060797
vt 0.746467 0.735884
vt 0.261533 0.190595
vt 0.844889 0.873415
vt 0.835198 0.873048
vt 0.261245 0.198987
vt 0.459013 0.122363
vt 0.030245 0.598586
vt 0.025728 0.597510
vt 0.469363 0.166909
vt 0.473149 0.130842
vt 0.473149 0.166751
vt 0.454465 0.121623
vt 0.469363 0.131000
vt 0.467344 0.338998
vt 0.468795 0.348719
vt 0.863722 0.805378
vt 0.407575 0.114932
vt 0.398925 0.114077
vt 0.849893 0.809613
vt 0.860013 0.814343
vt 0.398853 0.114561
vt 0.845835 0.817213
vt 0.817552 0.806938
vt 0.820738 0.802162
vt 0.823445 0.797098
vt 0.666723 0.768873
vt 0.665904 0.773578
vt 0.655619 0.768797
vt 0.247317 0.899855
vt 0.251798 0.781420
vt 0.260120 0.786333
vt 0.247317 0.778141
vt 0.382418 0.117064
vt 0.268877 0.790406
vt 0.277983 0.793595
vt 0.375275 0.117166
vt 0.375348 0.116683
vt 0.521662 0.114969
vt 0.514288 0.115275
vt 0.514359 0.114793
vt 0.287354 0.795868
vt 0.521591 0.115451
vt 0.742506 0.189495
vt 0.506477 0.114430
vt 0.506407 0.114913
vt 0.751405 0.193200
vt 0.498099 0.113886
vt 0.296900 0.797206
vt 0.306526 0.797600
vt 0.312046 0.797277
vt 0.779154 0.829972
vt 0.802490 0.913737
vt 0.813860 0.913752
vt 0.802460 0.908004
vt 0.792564 0.157961
vt 0.798155 0.156836
vt 0.813830 0.908019
vt 0.805220 0.185230
vt 0.817512 0.193150
vt 0.432552 0.106085
vt 0.433561 0.105761
vt 0.442006 0.107672
vt 0.447884 0.108084
vt 0.442077 0.107190
vt 0.453503 0.127555
vt 0.457184 0.164006
vt 0.453503 0.163623
vt 0.590711 0.075554
vt 0.583216 0.079943
vt 0.434105 0.102024
vt 0.457184 0.127937
vt 0.433237 0.101384
vt 0.318306 0.215420
vt 0.326992 0.216337
vt 0.442621 0.103453
vt 0.332873 0.216379
vt 0.577906 0.082386
vt 0.574463 0.083971
vt 0.451650 0.108664
vt 0.802490 0.902264
vt 0.405881 0.100323
vt 0.405811 0.100805
vt 0.803890 0.870720
vt 0.735730 0.819090
vt 0.731290 0.815446
vt 0.727231 0.811383
vt 0.700091 0.824386
vt 0.723591 0.806943
vt 0.794255 0.805506
vt 0.056077 0.212749
vt 0.054617 0.196789
vt 0.045798 0.321879
vt 0.045322 0.321842
vt 0.043248 0.329078
vt 0.043724 0.329115
vt 0.879536 0.258345
vt 0.875022 0.255084
vt 0.779605 0.001336
vt 0.257931 0.255532
s 0
usemtl WhiteBright
f 2243/4730/1949 2239/4731/1949 2240/4732/1949
f 2239/4731/1950 2241/4733/1950 2240/4732/1950
f 2241/4733/1951 2239/4731/1951 2245/4734/1951
f 2242/4735/1951 2244/4736/1951 2239/4731/1951
f 2242/4735/1952 2239/4731/1952 2243/4730/1952
f 2246/4737/1951 2239/4731/1951 2244/4736/1951
f 2245/4734/1951 2239/4731/1951 2246/4737/1951
f 2245/4738/1953 2246/4739/1953 2249/4740/1953
f 2244/4741/1954 2248/4742/1954 2246/4739/1954
f 2247/4743/1953 2249/4740/1953 2246/4739/1953
f 2247/4743/1954 2246/4739/1954 2248/4742/1954
f 2247/4744/1955 2250/4745/1955 2249/4746/1955
f 2251/4747/1955 2249/4746/1955 2250/4745/1955
f 2245/4738/1956 2249/4740/1956 2253/4748/1956
f 2249/4746/1955 2251/4747/1955 2252/4749/1955
f 2252/4750/1957 2253/4748/1957 2249/4740/1957
f 2245/4734/1951 2253/4751/1951 2241/4733/1951
f 2254/4752/1951 2241/4733/1951 2253/4751/1951
f 2254/4752/1951 2253/4751/1951 2255/4753/1951
f 2256/4754/1951 2255/4753/1951 2253/4751/1951
f 2256/4755/1958 2253/4748/1958 2252/4750/1958
f 2257/4756/1951 2255/4753/1951 2256/4754/1951
f 2258/4757/1959 2257/4758/1959 2256/4755/1959
f 2256/4755/1958 2252/4750/1958 2258/4757/1958
f 2260/4759/1955 2258/4760/1955 2259/4761/1955
f 2258/4760/1955 2252/4749/1955 2259/4761/1955
f 2257/4758/1959 2258/4757/1959 2260/4762/1959
f 2261/4763/1960 2257/4758/1960 2260/4762/1960
f 2261/4764/1955 2260/4759/1955 2262/4765/1955
f 2259/4761/1955 2263/4766/1955 2260/4759/1955
f 2263/4766/1955 2262/4765/1955 2260/4759/1955
f 2263/4766/1961 2264/4767/1961 2262/4765/1961
f 2265/4768/1962 2264/4767/1962 2263/4766/1962
f 2259/4761/1963 2265/4768/1963 2263/4766/1963
f 2265/4769/1964 2266/4770/1964 2264/4771/1964
f 2265/4769/1965 2267/4772/1965 2266/4770/1965
f 2268/4773/1966 2267/4772/1966 2265/4769/1966
f 2268/4774/1967 2265/4768/1967 2259/4761/1967
f 2270/4775/1968 2268/4774/1968 2269/4776/1968
f 2268/4774/1967 2259/4761/1967 2269/4776/1967
f 2268/4773/1969 2270/4777/1969 2271/4778/1969
f 2267/4772/1966 2268/4773/1966 2271/4778/1966
f 2271/4779/1970 2254/4752/1970 2267/4780/1970
f 2241/4733/1971 2254/4752/1971 2271/4779/1971
f 2241/4733/1972 2271/4779/1972 2240/4732/1972
f 2240/4781/1969 2271/4778/1969 2270/4777/1969
f 2272/4782/1973 2270/4775/1973 2251/4747/1973
f 2251/4747/1974 2270/4775/1974 2269/4776/1974
f 2272/4783/1975 2273/4784/1975 2270/4777/1975
f 2270/4777/1976 2273/4784/1976 2240/4781/1976
f 2274/4785/1955 2273/4786/1955 2276/4787/1955
f 2273/4788/1977 2274/4789/1977 2275/4790/1977
f 2240/4781/1976 2273/4784/1976 2275/4791/1976
f 2276/4792/1978 2273/4784/1978 2272/4783/1978
f 2274/4785/1955 2276/4787/1955 2277/4793/1955
f 2272/4783/1979 2277/4794/1979 2276/4792/1979
f 2277/4793/1955 2278/4795/1955 2274/4785/1955
f 2277/4794/1980 2279/4796/1980 2278/4797/1980
f 2279/4796/1981 2277/4794/1981 2272/4783/1981
f 2279/4798/1982 2272/4782/1982 2250/4745/1982
f 2281/4799/1982 2279/4798/1982 2250/4745/1982
f 2280/4800/1980 2278/4797/1980 2279/4796/1980
f 2281/4799/1983 2280/4801/1983 2279/4798/1983
f 2250/4745/1955 2248/4802/1955 2281/4799/1955
f 2281/4799/1955 2248/4802/1955 2282/4803/1955
f 2282/4803/1983 2280/4801/1983 2281/4799/1983
f 2248/4802/1955 2284/4804/1955 2282/4803/1955
f 2283/4805/1984 2286/4806/1984 2282/4803/1984
f 2283/4805/1955 2282/4803/1955 2285/4807/1955
f 2284/4804/1955 2285/4807/1955 2282/4803/1955
f 2286/4806/1985 2280/4801/1985 2282/4803/1985
f 2287/4808/1986 2286/4806/1986 2283/4805/1986
f 2287/4809/1987 2289/4810/1987 2286/4811/1987
f 2286/4811/1987 2289/4810/1987 2288/4812/1987
f 2288/4812/1988 2290/4813/1988 2286/4811/1988
f 2280/4800/1989 2286/4811/1989 2290/4813/1989
f 2291/4814/1988 2290/4813/1988 2288/4812/1988
f 2291/4815/1990 2292/4816/1990 2290/4817/1990
f 2293/4818/1955 2290/4819/1955 2274/4785/1955
f 2274/4820/1990 2290/4817/1990 2292/4816/1990
f 2280/4800/1991 2290/4813/1991 2293/4821/1991
f 2278/4795/1955 2293/4818/1955 2274/4785/1955
f 2278/4797/1992 2280/4800/1992 2293/4821/1992
f 2291/4822/1951 2294/4823/1951 2292/4824/1951
f 2295/4825/1951 2292/4824/1951 2294/4823/1951
f 2295/4825/1951 2296/4826/1951 2292/4824/1951
f 2292/4827/1977 2275/4790/1977 2274/4789/1977
f 2275/4828/1993 2292/4824/1993 2297/4829/1993
f 2296/4826/1951 2297/4829/1951 2292/4824/1951
f 2297/4830/1994 2243/4831/1994 2275/4791/1994
f 2297/4830/1995 2298/4832/1995 2243/4831/1995
f 2297/4830/1981 2296/4833/1981 2298/4832/1981
f 2298/4834/1996 2242/4735/1996 2243/4730/1996
f 2299/4835/1997 2300/4836/1997 2298/4834/1997
f 2298/4832/1998 2295/4837/1998 2299/4838/1998
f 2298/4832/1992 2296/4833/1992 2295/4837/1992
f 2300/4836/1999 2242/4735/1999 2298/4834/1999
f 2244/4736/1951 2300/4836/1951 2303/4839/1951
f 2242/4735/1951 2300/4836/1951 2244/4736/1951
f 2301/4840/2000 2300/4836/2000 2299/4835/2000
f 2301/4840/1951 2302/4841/1951 2300/4836/1951
f 2303/4839/1951 2300/4836/1951 2302/4841/1951
f 2244/4741/2001 2303/4842/2001 2248/4742/2001
f 2303/4842/2002 2285/4843/2002 2284/4844/2002
f 2285/4843/2002 2303/4842/2002 2302/4845/2002
f 2303/4842/2001 2284/4844/2001 2248/4742/2001
f 2302/4841/1951 2301/4840/1951 2304/4846/1951
f 2302/4845/2003 2304/4847/2003 2285/4843/2003
f 2307/4848/1951 2304/4846/1951 2305/4849/1951
f 2305/4849/1951 2304/4846/1951 2301/4840/1951
f 2285/4843/2004 2304/4847/2004 2306/4850/2004
f 2304/4847/2005 2308/4851/2005 2306/4850/2005
f 2304/4846/1951 2307/4848/1951 2308/4852/1951
f 2308/4851/2006 2309/4853/2006 2310/4854/2006
f 2308/4852/1951 2307/4848/1951 2309/4855/1951
f 2308/4851/2007 2310/4854/2007 2311/4856/2007
f 2311/4856/2008 2306/4850/2008 2308/4851/2008
f 2310/4857/1955 2312/4858/1955 2311/4859/1955
f 2311/4859/1955 2312/4858/1955 2306/4860/1955
f 2312/4858/2009 2313/4861/2009 2316/4862/2009
f 2313/4861/1955 2312/4858/1955 2310/4857/1955
f 2315/4863/2010 2314/4864/2010 2312/4858/2010
f 2314/4864/1955 2306/4860/1955 2312/4858/1955
f 2312/4858/2011 2316/4862/2011 2315/4863/2011
f 2315/4865/2012 2316/4866/2012 2317/4867/2012
f 2318/4868/2013 2317/4867/2013 2316/4866/2013
f 2316/4866/2014 2319/4869/2014 2318/4868/2014
f 2320/4870/2015 2316/4862/2015 2313/4861/2015
f 2316/4866/2016 2320/4871/2016 2319/4869/2016
f 2322/4872/2017 2320/4870/2017 2321/4873/2017
f 2321/4873/2018 2320/4870/2018 2313/4861/2018
f 2320/4871/2019 2322/4874/2019 2323/4875/2019
f 2320/4871/2020 2323/4875/2020 2319/4869/2020
f 2319/4876/1955 2323/4877/1955 2324/4878/1955
f 2323/4877/1955 2325/4879/1955 2324/4878/1955
f 2323/4875/2021 2322/4874/2021 2325/4880/2021
f 2325/4879/1955 2326/4881/1955 2324/4878/1955
f 2327/4882/2022 2326/4883/2022 2325/4884/2022
f 2327/4885/2023 2325/4880/2023 2322/4874/2023
f 2330/4886/2024 2327/4887/2024 2328/4888/2024
f 2327/4887/2025 2322/4872/2025 2328/4888/2025
f 2329/4889/2026 2327/4887/2026 2330/4886/2026
f 2327/4882/2027 2329/4890/2027 2326/4883/2027
f 2330/4886/1955 2328/4888/1955 2331/4891/1955
f 2332/4892/1955 2330/4886/1955 2331/4891/1955
f 2329/4889/2028 2330/4886/2028 2332/4892/2028
f 2332/4892/1955 2333/4893/1955 2334/4894/1955
f 2331/4891/1955 2333/4893/1955 2332/4892/1955
f 2334/4894/2029 2335/4895/2029 2332/4892/2029
f 2335/4895/2030 2329/4889/2030 2332/4892/2030
f 2334/4894/2031 2336/4896/2031 2335/4895/2031
f 2335/4897/2032 2336/4898/2032 2337/4899/2032
f 2335/4897/2033 2337/4899/2033 2329/4890/2033
f 2338/4900/1955 2324/4878/1955 2337/4901/1955
f 2326/4881/1955 2337/4901/1955 2324/4878/1955
f 2326/4883/2034 2329/4890/2034 2337/4899/2034
f 2338/4902/2035 2337/4899/2035 2336/4898/2035
f 2336/4898/2036 2339/4903/2036 2338/4902/2036
f 2339/4904/1955 2324/4878/1955 2338/4900/1955
f 2339/4903/2037 2340/4905/2037 2324/4906/2037
f 2340/4905/2038 2339/4903/2038 2341/4907/2038
f 2341/4907/2038 2339/4903/2038 2342/4908/2038
f 2336/4898/2039 2342/4908/2039 2339/4903/2039
f 2342/4908/2040 2345/4909/2040 2341/4907/2040
f 2343/4910/2040 2345/4909/2040 2342/4908/2040
f 2343/4911/2041 2342/4912/2041 2344/4913/2041
f 2342/4912/2042 2336/4896/2042 2346/4914/2042
f 2344/4913/2043 2342/4912/2043 2346/4914/2043
f 2344/4913/1955 2346/4914/1955 2347/4915/1955
f 2346/4914/1955 2334/4894/1955 2347/4915/1955
f 2346/4914/2044 2336/4896/2044 2334/4894/2044
f 2350/4916/2045 2348/4917/2045 2347/4918/2045
f 2347/4915/1955 2348/4919/1955 2344/4913/1955
f 2349/4920/2046 2350/4916/2046 2347/4918/2046
f 2349/4920/2046 2347/4918/2046 2351/4921/2046
f 2351/4922/1955 2347/4915/1955 2334/4894/1955
f 2349/4920/2047 2351/4921/2047 2352/4923/2047
f 2333/4924/2047 2352/4923/2047 2351/4921/2047
f 2351/4922/1955 2334/4894/1955 2333/4893/1955
f 2352/4925/1951 2353/4926/1951 2349/4927/1951
f 2353/4926/1951 2352/4925/1951 2355/4928/1951
f 2354/4929/2048 2352/4923/2048 2331/4930/2048
f 2354/4931/1951 2355/4928/1951 2352/4925/1951
f 2333/4924/2048 2331/4930/2048 2352/4923/2048
f 2356/4932/2049 2355/4928/2049 2358/4933/2049
f 2356/4932/2050 2357/4934/2050 2355/4928/2050
f 2355/4928/2051 2357/4934/2051 2353/4926/2051
f 2355/4928/1951 2354/4931/1951 2358/4933/1951
f 2358/4933/2052 2359/4935/2052 2360/4936/2052
f 2358/4933/1951 2354/4931/1951 2359/4935/1951
f 2356/4932/2053 2358/4933/2053 2360/4936/2053
f 2360/4937/2054 2361/4938/2054 2356/4939/2054
f 2363/4940/2055 2361/4938/2055 2360/4937/2055
f 2360/4936/2056 2359/4935/2056 2364/4941/2056
f 2362/4942/2057 2360/4937/2057 2364/4943/2057
f 2362/4942/2058 2363/4940/2058 2360/4937/2058
f 2365/4944/2059 2364/4943/2059 2366/4945/2059
f 2365/4944/2060 2362/4942/2060 2364/4943/2060
f 2364/4941/2061 2367/4946/2061 2366/4947/2061
f 2359/4935/2062 2367/4946/2062 2364/4941/2062
f 2368/4948/1951 2367/4946/1951 2309/4855/1951
f 2367/4946/2063 2368/4948/2063 2366/4947/2063
f 2367/4946/1951 2359/4935/1951 2370/4949/1951
f 2370/4949/1951 2369/4950/1951 2367/4946/1951
f 2369/4950/1951 2309/4855/1951 2367/4946/1951
f 2370/4949/1951 2359/4935/1951 2354/4931/1951
f 2369/4951/2064 2370/4952/2064 2371/4953/2064
f 2371/4953/2064 2370/4952/2064 2372/4954/2064
f 2370/4952/2065 2354/4955/2065 2372/4954/2065
f 2372/4956/1955 2331/4891/1955 2328/4888/1955
f 2328/4888/1955 2321/4873/1955 2372/4956/1955
f 2371/4957/1955 2372/4956/1955 2321/4873/1955
f 2331/4958/2065 2372/4954/2065 2354/4955/2065
f 2309/4853/2066 2369/4951/2066 2371/4953/2066
f 2309/4853/2067 2371/4953/2067 2310/4854/2067
f 2310/4857/1955 2371/4957/1955 2321/4873/1955
f 2368/4948/1951 2309/4855/1951 2307/4848/1951
f 2366/4947/2068 2368/4948/2068 2373/4959/2068
f 2368/4948/2069 2307/4848/2069 2373/4959/2069
f 2317/4867/2070 2373/4960/2070 2315/4865/2070
f 2373/4960/2070 2317/4867/2070 2374/4961/2070
f 2373/4960/2071 2289/4810/2071 2315/4865/2071
f 2373/4959/2072 2307/4848/2072 2289/4962/2072
f 2366/4945/2073 2373/4960/2073 2374/4961/2073
f 2374/4961/2074 2317/4867/2074 2375/4963/2074
f 2365/4944/2075 2366/4945/2075 2374/4961/2075
f 2374/4964/1951 2375/4965/1951 2365/4966/1951
f 2324/4967/2074 2375/4963/2074 2317/4867/2074
f 2375/4965/1951 2340/4968/1951 2378/4969/1951
f 2375/4970/2037 2324/4906/2037 2340/4905/2037
f 2376/4971/1951 2361/4972/1951 2375/4965/1951
f 2377/4973/1951 2376/4971/1951 2375/4965/1951
f 2365/4966/1951 2375/4965/1951 2362/4974/1951
f 2363/4975/1951 2362/4974/1951 2375/4965/1951
f 2377/4973/1951 2375/4965/1951 2378/4969/1951
f 2363/4975/1951 2375/4965/1951 2361/4972/1951
f 2378/4976/2038 2340/4905/2038 2379/4977/2038
f 2377/4978/2076 2378/4976/2076 2379/4977/2076
f 2341/4907/2077 2379/4977/2077 2340/4905/2077
f 2377/4978/2078 2379/4977/2078 2380/4979/2078
f 2379/4980/2079 2381/4981/2079 2380/4982/2079
f 2341/4983/2080 2382/4984/2080 2379/4980/2080
f 2379/4980/2081 2382/4984/2081 2381/4981/2081
f 2383/4985/1951 2350/4986/1951 2382/4984/1951
f 2385/4987/1951 2383/4985/1951 2382/4984/1951
f 2384/4988/2082 2382/4984/2082 2341/4983/2082
f 2382/4984/1951 2384/4988/1951 2385/4987/1951
f 2381/4981/1951 2382/4984/1951 2350/4986/1951
f 2386/4989/2083 2389/4990/2083 2385/4991/2083
f 2386/4992/1951 2385/4987/1951 2387/4993/1951
f 2384/4988/1951 2387/4993/1951 2385/4987/1951
f 2383/4994/2084 2385/4991/2084 2348/4917/2084
f 2348/4917/2085 2385/4991/2085 2388/4995/2085
f 2388/4995/2086 2385/4991/2086 2389/4990/2086
f 2386/4989/2087 2390/4996/2087 2389/4990/2087
f 2389/4997/1955 2390/4998/1955 2392/4999/1955
f 2388/5000/1955 2389/4997/1955 2391/5001/1955
f 2392/4999/1955 2391/5001/1955 2389/4997/1955
f 2390/4998/1955 2393/5002/1955 2392/4999/1955
f 2394/5003/1955 2392/4999/1955 2393/5002/1955
f 2396/5004/2088 2392/4999/2088 2394/5003/2088
f 2392/4999/2089 2395/5005/2089 2391/5001/2089
f 2396/5004/2088 2395/5005/2088 2392/4999/2088
f 2397/5006/2090 2399/5007/2090 2396/5008/2090
f 2397/5009/2091 2396/5004/2091 2394/5003/2091
f 2398/5010/2092 2400/5011/2092 2396/5008/2092
f 2398/5010/2090 2396/5008/2090 2399/5007/2090
f 2395/5012/2092 2396/5008/2092 2400/5011/2092
f 2402/5013/1955 2401/5014/1955 2400/5015/1955
f 2400/5011/2093 2401/5016/2093 2395/5012/2093
f 2402/5013/1955 2400/5015/1955 2398/5017/1955
f 2403/5018/2094 2404/5019/2094 2402/5020/2094
f 2406/5021/2095 2403/5022/2095 2402/5023/2095
f 2401/5024/2094 2402/5020/2094 2404/5019/2094
f 2399/5025/1955 2405/5026/1955 2402/5013/1955
f 2406/5021/2095 2402/5023/2095 2405/5027/2095
f 2398/5017/1955 2399/5025/1955 2402/5013/1955
f 2406/5028/1951 2407/5029/1951 2403/5030/1951
f 2407/5031/2096 2406/5032/2096 2409/5033/2096
f 2406/5032/2096 2405/5034/2096 2408/5035/2096
f 2408/5035/2096 2409/5033/2096 2406/5032/2096
f 2407/5031/2090 2409/5033/2090 2410/5036/2090
f 2409/5037/2097 2411/5038/2097 2410/5039/2097
f 2408/5040/2098 2412/5041/2098 2409/5037/2098
f 2412/5041/2099 2411/5038/2099 2409/5037/2099
f 2415/5042/2100 2412/5041/2100 2408/5040/2100
f 2414/5043/1951 2413/5044/1951 2412/5041/1951
f 2411/5038/1951 2412/5041/1951 2413/5044/1951
f 2412/5041/1951 2415/5042/1951 2414/5043/1951
f 2417/5045/2101 2415/5042/2101 2408/5040/2101
f 2415/5042/1951 2416/5046/1951 2414/5043/1951
f 2415/5042/2102 2417/5045/2102 2416/5046/2102
f 2408/5035/2103 2419/5047/2103 2417/5048/2103
f 2420/5049/2104 2418/5050/2104 2417/5048/2104
f 2418/5051/2102 2416/5046/2102 2417/5045/2102
f 2420/5049/2103 2417/5048/2103 2419/5047/2103
f 2422/5052/2105 2420/5053/2105 2421/5054/2105
f 2421/5054/2106 2420/5053/2106 2423/5055/2106
f 2422/5056/2104 2418/5050/2104 2420/5049/2104
f 2423/5055/2107 2420/5053/2107 2419/5057/2107
f 2421/5054/1955 2423/5055/1955 2424/5058/1955
f 2426/5059/1955 2424/5058/1955 2423/5055/1955
f 2423/5055/2108 2419/5057/2108 2425/5060/2108
f 2423/5055/1955 2425/5060/1955 2426/5059/1955
f 2413/5061/2109 2424/5062/2109 2426/5063/2109
f 2427/5064/2110 2413/5061/2110 2426/5063/2110
f 2427/5065/1955 2426/5059/1955 2425/5060/1955
f 2428/5066/2110 2413/5061/2110 2427/5064/2110
f 2427/5065/1955 2425/5060/1955 2393/5002/1955
f 2427/5064/2111 2429/5067/2111 2428/5066/2111
f 2429/5067/2111 2427/5064/2111 2393/5068/2111
f 2428/5069/1951 2429/5070/1951 2411/5038/1951
f 2429/5070/1951 2432/5071/1951 2430/5072/1951
f 2430/5072/1951 2431/5073/1951 2429/5070/1951
f 2431/5073/1951 2411/5038/1951 2429/5070/1951
f 2429/5067/2112 2393/5068/2112 2432/5074/2112
f 2432/5071/1951 2386/4992/1951 2430/5072/1951
f 2386/4989/2087 2432/5074/2087 2390/4996/2087
f 2390/4996/2112 2432/5074/2112 2393/5068/2112
f 2431/5073/2113 2433/5075/2113 2410/5039/2113
f 2411/5038/2114 2431/5073/2114 2410/5039/2114
f 2431/5073/2113 2430/5072/2113 2433/5075/2113
f 2434/5076/2093 2404/5077/2093 2433/5078/2093
f 2436/5079/2093 2433/5078/2093 2404/5077/2093
f 2433/5075/2115 2430/5072/2115 2434/5080/2115
f 2410/5036/2092 2433/5078/2092 2435/5081/2092
f 2436/5079/2092 2435/5081/2092 2433/5078/2092
f 2404/5082/1951 2403/5030/1951 2436/5083/1951
f 2435/5084/1951 2436/5083/1951 2403/5030/1951
f 2407/5031/2090 2410/5036/2090 2435/5081/2090
f 2435/5084/1951 2403/5030/1951 2407/5029/1951
f 2404/5077/2093 2434/5076/2093 2401/5016/2093
f 2434/5080/2116 2430/5072/2116 2387/4993/2116
f 2434/5080/2117 2387/4993/2117 2345/5085/2117
f 2437/5086/2093 2401/5016/2093 2434/5076/2093
f 2434/5076/2118 2345/4909/2118 2437/5086/2118
f 2395/5012/2093 2401/5016/2093 2437/5086/2093
f 2395/5005/2119 2437/5087/2119 2391/5001/2119
f 2391/5001/2120 2437/5087/2120 2438/5088/2120
f 2437/5087/2121 2343/4911/2121 2438/5088/2121
f 2345/4909/2118 2343/4910/2118 2437/5086/2118
f 2438/5088/1955 2388/5000/1955 2391/5001/1955
f 2343/4911/2041 2344/4913/2041 2438/5088/2041
f 2344/4913/1955 2388/5000/1955 2438/5088/1955
f 2387/4993/1951 2430/5072/1951 2386/4992/1951
f 2413/5044/1951 2428/5069/1951 2411/5038/1951
f 2394/5003/1955 2393/5002/1955 2425/5060/1955
f 2425/5060/2091 2397/5009/2091 2394/5003/2091
f 2419/5057/2122 2397/5009/2122 2425/5060/2122
f 2424/5062/2123 2413/5061/2123 2414/5089/2123
f 2439/5090/1955 2421/5054/1955 2424/5058/1955
f 2424/5058/1955 2440/5091/1955 2439/5090/1955
f 2414/5089/2124 2440/5092/2124 2424/5062/2124
f 2414/5089/2124 2441/5093/2124 2440/5092/2124
f 2440/5092/2125 2441/5093/2125 2443/5094/2125
f 2440/5092/2125 2443/5094/2125 2442/5095/2125
f 2440/5091/1955 2442/5096/1955 2439/5090/1955
f 2443/5097/1951 2441/5098/1951 2416/5046/1951
f 2442/5095/2126 2443/5094/2126 2444/5099/2126
f 2444/5099/2127 2443/5094/2127 2445/5100/2127
f 2445/5101/1951 2443/5097/1951 2447/5102/1951
f 2416/5046/1951 2446/5103/1951 2443/5097/1951
f 2446/5103/1951 2447/5102/1951 2443/5097/1951
f 2447/5102/2128 2446/5103/2128 2450/5104/2128
f 2448/5105/1951 2445/5101/1951 2447/5102/1951
f 2447/5102/1951 2451/5106/1951 2448/5105/1951
f 2449/5107/2129 2451/5106/2129 2447/5102/2129
f 2449/5107/2130 2447/5102/2130 2450/5104/2130
f 2452/5108/1951 2454/5109/1951 2451/5106/1951
f 2452/5108/2131 2451/5106/2131 2453/5110/2131
f 2454/5109/1951 2448/5105/1951 2451/5106/1951
f 2453/5110/2132 2451/5106/2132 2449/5107/2132
f 2448/5111/2133 2454/5112/2133 2455/5113/2133
f 2455/5114/2134 2454/5115/2134 2456/5116/2134
f 2454/5109/1951 2457/5117/1951 2456/5118/1951
f 2457/5117/1951 2454/5109/1951 2452/5108/1951
f 2458/5119/1951 2456/5118/1951 2457/5117/1951
f 2458/5119/2135 2457/5117/2135 2460/5120/2135
f 2452/5108/2136 2459/5121/2136 2457/5117/2136
f 2457/5117/2137 2459/5121/2137 2460/5120/2137
f 2460/5122/2138 2464/5123/2138 2461/5124/2138
f 2462/5125/2139 2460/5122/2139 2461/5124/2139
f 2462/5125/2140 2463/5126/2140 2460/5122/2140
f 2463/5127/2141 2458/5119/2141 2460/5120/2141
f 2460/5122/2142 2459/5128/2142 2464/5123/2142
f 2464/5129/1951 2465/5130/1951 2466/5131/1951
f 2465/5132/2143 2464/5133/2143 2459/5134/2143
f 2461/5135/1951 2464/5129/1951 2466/5131/1951
f 2469/5136/1951 2467/5137/1951 2466/5131/1951
f 2468/5138/2144 2466/5131/2144 2467/5137/2144
f 2468/5139/2145 2473/5140/2145 2466/5141/2145
f 2469/5136/1951 2466/5131/1951 2474/5142/1951
f 2466/5143/2146 2472/5144/2146 2470/5145/2146
f 2470/5146/2147 2471/5147/2147 2466/5131/2147
f 2462/5148/1951 2466/5131/1951 2471/5147/1951
f 2472/5149/2145 2466/5141/2145 2473/5140/2145
f 2461/5135/1951 2466/5131/1951 2462/5148/1951
f 2474/5142/1951 2466/5131/1951 2465/5130/1951
f 2469/5150/2148 2474/5151/2148 2449/5152/2148
f 2465/5132/2149 2449/5152/2149 2474/5151/2149
f 2473/5153/1955 2475/5154/1955 2472/5155/1955
f 2473/5156/2150 2468/5157/2150 2475/5158/2150
f 2418/5050/2151 2475/5159/2151 2467/5160/2151
f 2467/5161/2152 2475/5158/2152 2468/5157/2152
f 2422/5056/2153 2475/5159/2153 2418/5050/2153
f 2476/5162/1955 2472/5155/1955 2475/5154/1955
f 2476/5163/2154 2475/5159/2154 2477/5164/2154
f 2422/5056/2155 2477/5164/2155 2475/5159/2155
f 2479/5165/2156 2477/5166/2156 2478/5167/2156
f 2478/5167/2157 2477/5166/2157 2439/5090/2157
f 2422/5052/2158 2439/5090/2158 2477/5166/2158
f 2477/5164/2159 2479/5168/2159 2480/5169/2159
f 2477/5164/2159 2480/5169/2159 2476/5163/2159
f 2480/5170/1955 2482/5171/1955 2472/5155/1955
f 2480/5170/1955 2472/5155/1955 2476/5162/1955
f 2479/5168/2160 2481/5172/2160 2480/5169/2160
f 2480/5169/2161 2481/5172/2161 2482/5173/2161
f 2483/5174/1955 2472/5155/1955 2482/5171/1955
f 2481/5172/2162 2483/5175/2162 2482/5173/2162
f 2484/5176/1955 2472/5155/1955 2483/5174/1955
f 2483/5177/2138 2485/5178/2138 2484/5179/2138
f 2481/5172/2143 2485/5180/2143 2483/5175/2143
f 2486/5181/2163 2488/5182/2163 2485/5183/2163
f 2486/5181/2164 2485/5183/2164 2487/5184/2164
f 2485/5178/2165 2488/5185/2165 2484/5179/2165
f 2485/5183/2166 2481/5186/2166 2487/5184/2166
f 2486/5181/2167 2489/5187/2167 2488/5182/2167
f 2490/5188/2168 2488/5182/2168 2489/5187/2168
f 2490/5189/2169 2484/5179/2169 2488/5185/2169
f 2490/5189/2169 2493/5190/2169 2484/5179/2169
f 2491/5191/2170 2492/5192/2170 2490/5188/2170
f 2491/5191/2171 2490/5188/2171 2489/5187/2171
f 2490/5189/2172 2492/5193/2172 2493/5190/2172
f 2484/5176/1955 2493/5194/1955 2472/5155/1955
f 2494/5195/2173 2493/5190/2173 2492/5193/2173
f 2493/5194/1955 2494/5196/1955 2472/5155/1955
f 2494/5195/2174 2492/5193/2174 2495/5197/2174
f 2495/5198/2175 2472/5155/2175 2494/5196/2175
f 2497/5199/1959 2496/5200/1959 2495/5197/1959
f 2496/5200/1959 2470/5145/1959 2495/5197/1959
f 2472/5144/2146 2495/5197/2146 2470/5145/2146
f 2497/5199/2176 2495/5197/2176 2492/5193/2176
f 2496/5200/2177 2497/5199/2177 2500/5201/2177
f 2498/5202/2178 2497/5203/2178 2499/5204/2178
f 2497/5199/2177 2498/5205/2177 2500/5201/2177
f 2497/5203/2179 2492/5192/2179 2501/5206/2179
f 2499/5204/2180 2497/5203/2180 2501/5206/2180
f 2499/5204/1955 2501/5206/1955 2502/5207/1955
f 2501/5206/1955 2491/5191/1955 2502/5207/1955
f 2501/5206/2181 2492/5192/2181 2491/5191/2181
f 2503/5208/2182 2502/5209/2182 2505/5210/2182
f 2503/5211/1955 2499/5204/1955 2502/5207/1955
f 2504/5212/1955 2502/5207/1955 2491/5191/1955
f 2505/5210/2183 2502/5209/2183 2504/5213/2183
f 2506/5214/1951 2505/5215/1951 2509/5216/1951
f 2506/5217/2182 2503/5208/2182 2505/5210/2182
f 2504/5213/2184 2507/5218/2184 2505/5210/2184
f 2507/5219/1951 2458/5119/1951 2505/5215/1951
f 2458/5119/1951 2508/5220/1951 2505/5215/1951
f 2508/5220/1951 2509/5216/1951 2505/5215/1951
f 2512/5221/1951 2510/5222/1951 2509/5216/1951
f 2510/5222/1951 2506/5214/1951 2509/5216/1951
f 2512/5221/2185 2509/5216/2185 2496/5223/2185
f 2509/5216/2186 2511/5224/2186 2496/5223/2186
f 2511/5224/2187 2509/5216/2187 2508/5220/2187
f 2512/5221/1951 2513/5225/1951 2510/5222/1951
f 2513/5225/2188 2512/5221/2188 2500/5226/2188
f 2500/5226/2185 2512/5221/2185 2496/5223/2185
f 2515/5227/2189 2513/5225/2189 2514/5228/2189
f 2514/5228/2190 2513/5225/2190 2500/5226/2190
f 2516/5229/1951 2510/5222/1951 2513/5225/1951
f 2513/5225/1951 2515/5227/1951 2516/5229/1951
f 2516/5229/1951 2515/5227/1951 2517/5230/1951
f 2518/5231/2191 2516/5232/2191 2517/5233/2191
f 2516/5232/2192 2518/5231/2192 2519/5234/2192
f 2516/5232/2193 2519/5234/2193 2510/5235/2193
f 2510/5235/2194 2519/5234/2194 2506/5217/2194
f 2519/5236/1955 2518/5237/1955 2521/5238/1955
f 2503/5211/1955 2519/5236/1955 2499/5204/1955
f 2503/5208/2194 2506/5217/2194 2519/5234/2194
f 2521/5238/1955 2520/5239/1955 2519/5236/1955
f 2520/5239/1955 2499/5204/1955 2519/5236/1955
f 2521/5238/2195 2522/5240/2195 2520/5239/2195
f 2523/5241/2196 2522/5240/2196 2521/5238/2196
f 2524/5242/2197 2523/5241/2197 2521/5238/2197
f 2524/5242/1955 2521/5238/1955 2518/5237/1955
f 2525/5243/2198 2528/5244/2198 2524/5242/2198
f 2525/5243/1955 2524/5242/1955 2527/5245/1955
f 2526/5246/1955 2527/5245/1955 2524/5242/1955
f 2518/5237/1955 2526/5246/1955 2524/5242/1955
f 2524/5242/2199 2528/5244/2199 2523/5241/2199
f 2529/5247/2200 2528/5244/2200 2525/5243/2200
f 2529/5248/2201 2532/5249/2201 2528/5250/2201
f 2523/5251/1954 2528/5250/1954 2530/5252/1954
f 2528/5250/1954 2531/5253/1954 2530/5252/1954
f 2531/5253/2001 2528/5250/2001 2532/5249/2001
f 2534/5254/2175 2533/5255/2175 2532/5256/2175
f 2532/5256/1955 2533/5255/1955 2531/5257/1955
f 2532/5249/2202 2529/5248/2202 2534/5258/2202
f 2537/5259/2203 2534/5258/2203 2535/5260/2203
f 2536/5261/2204 2535/5260/2204 2534/5258/2204
f 2534/5262/2205 2537/5263/2205 2533/5264/2205
f 2536/5261/2206 2534/5258/2206 2529/5248/2206
f 2538/5265/2205 2533/5264/2205 2537/5263/2205
f 2538/5266/2207 2537/5267/2207 2539/5268/2207
f 2539/5269/2208 2537/5259/2208 2540/5270/2208
f 2540/5270/2209 2537/5259/2209 2535/5260/2209
f 2539/5269/2210 2540/5270/2210 2541/5271/2210
f 2540/5272/2211 2542/5273/2211 2541/5274/2211
f 2543/5275/2212 2542/5273/2212 2540/5272/2212
f 2535/5276/2213 2543/5275/2213 2540/5272/2213
f 2543/5275/1951 2545/5277/1951 2542/5273/1951
f 2544/5278/2214 2543/5275/2214 2535/5276/2214
f 2544/5278/1951 2546/5279/1951 2543/5275/1951
f 2545/5277/1951 2543/5275/1951 2546/5279/1951
f 2548/5280/1951 2546/5279/1951 2544/5278/1951
f 2550/5281/2215 2547/5282/2215 2546/5283/2215
f 2551/5284/2215 2546/5283/2215 2547/5282/2215
f 2546/5279/1951 2548/5280/1951 2550/5285/1951
f 2546/5283/2216 2549/5286/2216 2545/5287/2216
f 2546/5283/2217 2551/5284/2217 2549/5286/2217
f 2551/5288/1955 2547/5289/1955 2552/5290/1955
f 2552/5290/1955 2553/5291/1955 2551/5288/1955
f 2553/5291/1955 2554/5292/1955 2551/5288/1955
f 2549/5293/1955 2551/5288/1955 2554/5292/1955
f 2553/5291/2218 2556/5294/2218 2554/5292/2218
f 2554/5292/2219 2536/5295/2219 2555/5296/2219
f 2554/5292/1955 2555/5296/1955 2549/5293/1955
f 2556/5294/2220 2536/5295/2220 2554/5292/2220
f 2557/5297/2221 2556/5294/2221 2553/5291/2221
f 2536/5261/2222 2556/5298/2222 2535/5260/2222
f 2559/5299/2222 2535/5260/2222 2556/5298/2222
f 2558/5300/2223 2556/5298/2223 2557/5301/2223
f 2559/5299/2223 2556/5298/2223 2558/5300/2223
f 2559/5302/2224 2544/5278/2224 2535/5276/2224
f 2559/5302/2225 2548/5280/2225 2544/5278/2225
f 2559/5302/2225 2558/5303/2225 2548/5280/2225
f 2562/5304/2226 2558/5300/2226 2560/5305/2226
f 2560/5305/2007 2558/5300/2007 2561/5306/2007
f 2557/5301/2007 2561/5306/2007 2558/5300/2007
f 2562/5307/2227 2563/5308/2227 2558/5303/2227
f 2563/5308/2228 2548/5280/2228 2558/5303/2228
f 2563/5308/1951 2565/5309/1951 2548/5280/1951
f 2563/5308/2229 2562/5307/2229 2564/5310/2229
f 2564/5310/1951 2565/5309/1951 2563/5308/1951
f 2567/5311/2230 2566/5312/2230 2565/5313/2230
f 2568/5314/2231 2565/5313/2231 2566/5312/2231
f 2565/5313/2070 2547/5282/2070 2550/5281/2070
f 2565/5313/2232 2568/5314/2232 2547/5282/2232
f 2565/5309/1951 2564/5310/1951 2567/5315/1951
f 2550/5285/1951 2548/5280/1951 2565/5309/1951
f 2568/5316/1955 2566/5317/1955 2569/5318/1955
f 2569/5318/1955 2570/5319/1955 2568/5316/1955
f 2570/5319/1955 2552/5290/1955 2568/5316/1955
f 2547/5289/1955 2568/5316/1955 2552/5290/1955
f 2570/5319/2233 2571/5320/2233 2552/5290/2233
f 2572/5321/2234 2571/5320/2234 2570/5319/2234
f 2569/5318/2235 2572/5321/2235 2570/5319/2235
f 2573/5322/2236 2572/5321/2236 2569/5318/2236
f 2573/5323/2237 2576/5324/2237 2572/5325/2237
f 2572/5325/2238 2575/5326/2238 2574/5327/2238
f 2572/5325/2239 2574/5327/2239 2571/5328/2239
f 2576/5324/2064 2575/5326/2064 2572/5325/2064
f 2577/5329/2240 2576/5324/2240 2573/5323/2240
f 2578/5330/1955 2576/5331/1955 2577/5332/1955
f 2575/5333/1955 2576/5331/1955 2578/5330/1955
f 2560/5305/2241 2578/5334/2241 2582/5335/2241
f 2561/5306/2241 2578/5334/2241 2560/5305/2241
f 2579/5336/1955 2578/5330/1955 2580/5337/1955
f 2579/5338/2242 2583/5339/2242 2578/5340/2242
f 2581/5341/1955 2580/5337/1955 2578/5330/1955
f 2561/5342/1955 2574/5343/1955 2578/5330/1955
f 2584/5344/1955 2581/5341/1955 2578/5330/1955
f 2582/5345/2242 2578/5340/2242 2583/5339/2242
f 2584/5344/1955 2578/5330/1955 2577/5332/1955
f 2575/5333/1955 2578/5330/1955 2574/5343/1955
f 2581/5346/2047 2584/5347/2047 2585/5348/2047
f 2585/5348/2048 2584/5347/2048 2577/5349/2048
f 2585/5348/2243 2577/5349/2243 2589/5350/2243
f 2587/5351/2244 2585/5352/2244 2586/5353/2244
f 2585/5352/2245 2589/5354/2245 2586/5353/2245
f 2588/5355/2246 2585/5352/2246 2587/5351/2246
f 2581/5346/2247 2585/5348/2247 2588/5356/2247
f 2589/5354/2248 2573/5322/2248 2590/5357/2248
f 2573/5323/2240 2589/5358/2240 2577/5329/2240
f 2589/5354/2249 2590/5357/2249 2586/5353/2249
f 2590/5357/2250 2573/5322/2250 2569/5318/2250
f 2590/5357/1955 2569/5318/1955 2592/5359/1955
f 2586/5353/1955 2590/5357/1955 2591/5360/1955
f 2592/5359/1955 2591/5360/1955 2590/5357/1955
f 2592/5361/2251 2593/5362/2251 2591/5363/2251
f 2593/5362/2019 2592/5361/2019 2566/5312/2019
f 2566/5317/1955 2592/5359/1955 2569/5318/1955
f 2594/5364/1951 2593/5365/1951 2564/5310/1951
f 2593/5365/1951 2594/5364/1951 2595/5366/1951
f 2593/5362/2019 2566/5312/2019 2567/5311/2019
f 2567/5315/1951 2564/5310/1951 2593/5365/1951
f 2595/5367/2251 2591/5363/2251 2593/5362/2251
f 2591/5368/2252 2595/5369/2252 2596/5370/2252
f 2595/5366/1951 2598/5371/1951 2596/5372/1951
f 2597/5373/1951 2595/5366/1951 2594/5364/1951
f 2597/5373/1951 2598/5371/1951 2595/5366/1951
f 2601/5374/2253 2598/5371/2253 2599/5375/2253
f 2599/5375/2254 2598/5371/2254 2600/5376/2254
f 2598/5371/2255 2597/5373/2255 2600/5376/2255
f 2601/5374/1951 2596/5372/1951 2598/5371/1951
f 2602/5377/1951 2603/5378/1951 2601/5374/1951
f 2602/5377/2256 2601/5374/2256 2605/5379/2256
f 2605/5379/2257 2601/5374/2257 2599/5375/2257
f 2604/5380/1951 2601/5374/1951 2603/5378/1951
f 2596/5372/1951 2601/5374/1951 2604/5380/1951
f 2605/5381/2258 2599/5382/2258 2606/5383/2258
f 2607/5384/2046 2605/5381/2046 2606/5383/2046
f 2607/5384/2259 2608/5385/2259 2605/5381/2259
f 2608/5386/2260 2602/5377/2260 2605/5379/2260
f 2609/5387/2261 2610/5388/2261 2608/5386/2261
f 2608/5385/2262 2583/5339/2262 2609/5389/2262
f 2608/5386/2263 2610/5388/2263 2602/5377/2263
f 2607/5384/2264 2583/5339/2264 2608/5385/2264
f 2610/5388/1951 2611/5390/1951 2612/5391/1951
f 2611/5390/2265 2610/5388/2265 2609/5387/2265
f 2612/5391/1951 2613/5392/1951 2610/5388/1951
f 2613/5392/1951 2603/5378/1951 2610/5388/1951
f 2602/5377/1951 2610/5388/1951 2603/5378/1951
f 2613/5393/2038 2614/5394/2038 2615/5395/2038
f 2616/5396/2266 2614/5394/2266 2613/5393/2266
f 2612/5397/2267 2616/5396/2267 2613/5393/2267
f 2613/5393/2038 2615/5395/2038 2603/5398/2038
f 2616/5396/2268 2612/5397/2268 2617/5399/2268
f 2616/5400/1955 2617/5401/1955 2619/5402/1955
f 2620/5403/1955 2618/5404/1955 2616/5400/1955
f 2614/5405/1955 2616/5400/1955 2618/5404/1955
f 2619/5402/1955 2620/5403/1955 2616/5400/1955
f 2619/5402/2269 2622/5406/2269 2620/5403/2269
f 2620/5403/2270 2621/5407/2270 2618/5404/2270
f 2621/5407/2271 2620/5403/2271 2622/5406/2271
f 2623/5408/2272 2622/5406/2272 2619/5402/2272
f 2623/5409/2273 2625/5410/2273 2622/5411/2273
f 2624/5412/2274 2622/5411/2274 2625/5410/2274
f 2622/5411/2275 2624/5412/2275 2621/5413/2275
f 2624/5412/2274 2625/5410/2274 2626/5414/2274
f 2625/5415/2276 2627/5416/2276 2626/5417/2276
f 2625/5418/1955 2628/5419/1955 2627/5420/1955
f 2623/5409/2277 2628/5421/2277 2625/5410/2277
f 2629/5422/1955 2627/5420/1955 2628/5419/1955
f 2630/5423/2112 2629/5424/2112 2628/5421/2112
f 2630/5423/2112 2628/5421/2112 2623/5409/2112
f 2629/5424/2111 2630/5423/2111 2632/5425/2111
f 2630/5426/2278 2633/5427/2278 2631/5428/2278
f 2632/5429/2279 2630/5426/2279 2631/5428/2279
f 2630/5426/2278 2623/5408/2278 2633/5427/2278
f 2633/5427/1955 2619/5402/1955 2617/5401/1955
f 2617/5401/1955 2635/5430/1955 2633/5427/1955
f 2631/5428/1955 2633/5427/1955 2634/5431/1955
f 2635/5430/1955 2634/5431/1955 2633/5427/1955
f 2633/5427/2280 2623/5408/2280 2619/5402/2280
f 2634/5432/2092 2635/5433/2092 2637/5434/2092
f 2636/5435/2281 2635/5433/2281 2617/5399/2281
f 2635/5433/2092 2636/5435/2092 2637/5434/2092
f 2637/5434/2090 2638/5436/2090 2634/5432/2090
f 2638/5437/1951 2637/5438/1951 2639/5439/1951
f 2640/5440/1951 2639/5439/1951 2637/5438/1951
f 2637/5438/1951 2636/5441/1951 2641/5442/1951
f 2641/5442/1951 2640/5440/1951 2637/5438/1951
f 2640/5440/2282 2641/5442/2282 2642/5443/2282
f 2642/5443/2283 2641/5442/2283 2624/5444/2283
f 2643/5445/1951 2641/5442/1951 2644/5446/1951
f 2641/5442/2284 2643/5445/2284 2624/5444/2284
f 2636/5441/1951 2644/5446/1951 2641/5442/1951
f 2644/5446/1951 2612/5391/1951 2643/5445/1951
f 2644/5447/2285 2617/5399/2285 2612/5397/2285
f 2636/5435/2281 2617/5399/2281 2644/5447/2281
f 2624/5444/2286 2643/5445/2286 2645/5448/2286
f 2643/5445/2287 2611/5390/2287 2645/5448/2287
f 2643/5445/1951 2612/5391/1951 2611/5390/1951
f 2645/5448/2265 2611/5390/2265 2609/5387/2265
f 2645/5449/2275 2621/5413/2275 2624/5412/2275
f 2645/5449/2288 2609/5389/2288 2621/5413/2288
f 2646/5450/2282 2640/5440/2282 2642/5443/2282
f 2646/5451/2112 2642/5452/2112 2648/5453/2112
f 2647/5454/2112 2648/5453/2112 2642/5452/2112
f 2647/5454/2274 2642/5452/2274 2626/5414/2274
f 2624/5412/2273 2626/5414/2273 2642/5452/2273
f 2648/5455/1951 2649/5456/1951 2650/5457/1951
f 2648/5455/1951 2647/5458/1951 2649/5456/1951
f 2650/5459/2111 2646/5451/2111 2648/5453/2111
f 2649/5456/1951 2651/5460/1951 2650/5457/1951
f 2650/5459/2289 2651/5461/2289 2652/5462/2289
f 2650/5459/2111 2652/5462/2111 2646/5451/2111
f 2652/5463/2290 2639/5439/2290 2646/5450/2290
f 2653/5464/2289 2652/5462/2289 2651/5461/2289
f 2654/5465/2291 2639/5439/2291 2652/5463/2291
f 2653/5466/2292 2654/5465/2292 2652/5463/2292
f 2654/5465/1951 2657/5467/1951 2639/5439/1951
f 2655/5468/2293 2654/5465/2293 2653/5466/2293
f 2655/5468/1951 2656/5469/1951 2654/5465/1951
f 2657/5467/1951 2654/5465/1951 2656/5469/1951
f 2658/5470/2294 2659/5471/2294 2657/5472/2294
f 2656/5473/2295 2658/5470/2295 2657/5472/2295
f 2657/5472/2296 2659/5471/2296 2638/5436/2296
f 2657/5467/1951 2638/5437/1951 2639/5439/1951
f 2662/5474/1955 2660/5475/1955 2659/5476/1955
f 2661/5477/1955 2659/5476/1955 2660/5475/1955
f 2659/5476/1955 2658/5478/1955 2662/5474/1955
f 2661/5479/2296 2638/5436/2296 2659/5471/2296
f 2663/5480/2297 2665/5481/2297 2662/5474/2297
f 2663/5480/1955 2662/5474/1955 2658/5478/1955
f 2662/5474/2298 2664/5482/2298 2660/5475/2298
f 2665/5481/2299 2664/5482/2299 2662/5474/2299
f 2665/5483/2300 2666/5484/2300 2667/5485/2300
f 2666/5486/2301 2665/5481/2301 2663/5480/2301
f 2665/5483/2302 2653/5464/2302 2664/5487/2302
f 2667/5485/2302 2653/5464/2302 2665/5483/2302
f 2667/5485/2300 2666/5484/2300 2668/5488/2300
f 2668/5489/2303 2669/5490/2303 2667/5491/2303
f 2667/5491/2304 2655/5468/2304 2653/5466/2304
f 2667/5491/2303 2669/5490/2303 2655/5468/2303
f 2670/5492/2305 2669/5490/2305 2668/5489/2305
f 2670/5492/1951 2671/5493/1951 2669/5490/1951
f 2672/5494/1951 2669/5490/1951 2671/5493/1951
f 2669/5490/1951 2656/5469/1951 2655/5468/1951
f 2656/5469/1951 2669/5490/1951 2672/5494/1951
f 2672/5495/2306 2673/5496/2306 2658/5470/2306
f 2658/5470/2307 2656/5473/2307 2672/5495/2307
f 2673/5496/2308 2672/5495/2308 2674/5497/2308
f 2671/5498/2308 2674/5497/2308 2672/5495/2308
f 2677/5499/1955 2675/5500/1955 2674/5501/1955
f 2676/5502/1955 2674/5501/1955 2675/5500/1955
f 2678/5503/1955 2674/5501/1955 2676/5502/1955
f 2677/5504/2309 2674/5497/2309 2679/5505/2309
f 2674/5501/1955 2678/5503/1955 2673/5506/1955
f 2671/5498/2309 2679/5505/2309 2674/5497/2309
f 2680/5507/2310 2677/5504/2310 2679/5505/2310
f 2679/5508/1951 2681/5509/1951 2680/5510/1951
f 2671/5493/1951 2681/5509/1951 2679/5508/1951
f 2682/5511/2311 2681/5509/2311 2683/5512/2311
f 2682/5511/1951 2680/5510/1951 2681/5509/1951
f 2681/5509/2312 2670/5492/2312 2684/5513/2312
f 2681/5509/1951 2671/5493/1951 2670/5492/1951
f 2683/5512/2313 2681/5509/2313 2684/5513/2313
f 2685/5514/2314 2684/5515/2314 2686/5516/2314
f 2685/5514/2315 2683/5517/2315 2684/5515/2315
f 2684/5513/2316 2670/5492/2316 2668/5489/2316
f 2684/5515/2125 2668/5488/2125 2687/5518/2125
f 2686/5516/2125 2684/5515/2125 2687/5518/2125
f 2689/5519/2317 2688/5520/2317 2687/5518/2317
f 2687/5521/1951 2688/5522/1951 2686/5523/1951
f 2687/5518/2125 2668/5488/2125 2690/5524/2125
f 2689/5519/2318 2687/5518/2318 2690/5524/2318
f 2690/5525/2175 2691/5526/2175 2689/5527/2175
f 2691/5528/2319 2690/5524/2319 2692/5529/2319
f 2666/5484/2319 2692/5529/2319 2690/5524/2319
f 2666/5484/2125 2690/5524/2125 2668/5488/2125
f 2693/5530/2320 2691/5528/2320 2692/5529/2320
f 2693/5531/2321 2692/5532/2321 2676/5502/2321
f 2676/5502/2322 2692/5532/2322 2678/5503/2322
f 2692/5532/2323 2666/5486/2323 2678/5503/2323
f 2693/5530/2315 2696/5533/2315 2691/5528/2315
f 2693/5531/2324 2675/5500/2324 2694/5534/2324
f 2675/5500/2325 2693/5531/2325 2676/5502/2325
f 2695/5535/2326 2693/5530/2326 2694/5536/2326
f 2695/5535/2327 2696/5533/2327 2693/5530/2327
f 2691/5526/1955 2696/5537/1955 2689/5527/1955
f 2695/5538/1955 2689/5527/1955 2696/5537/1955
f 2695/5538/1955 2697/5539/1955 2689/5527/1955
f 2695/5535/2328 2694/5536/2328 2697/5540/2328
f 2694/5536/2133 2698/5541/2133 2697/5540/2133
f 2698/5542/2329 2700/5543/2329 2697/5544/2329
f 2699/5545/1955 2689/5527/1955 2697/5539/1955
f 2697/5544/2330 2700/5543/2330 2699/5546/2330
f 2700/5547/2331 2703/5548/2331 2701/5549/2331
f 2701/5549/2332 2702/5550/2332 2700/5547/2332
f 2700/5543/2333 2702/5551/2333 2699/5546/2333
f 2700/5547/2334 2698/5552/2334 2703/5548/2334
f 2701/5549/1955 2703/5548/1955 2704/5553/1955
f 2703/5548/1955 2705/5554/1955 2704/5553/1955
f 2698/5552/2335 2705/5554/2335 2703/5548/2335
f 2705/5554/2336 2694/5534/2336 2675/5500/2336
f 2675/5500/1955 2706/5555/1955 2705/5554/1955
f 2706/5555/1955 2704/5553/1955 2705/5554/1955
f 2698/5552/2337 2694/5534/2337 2705/5554/2337
f 2706/5555/1955 2675/5500/1955 2677/5499/1955
f 2704/5556/2162 2706/5557/2162 2680/5507/2162
f 2680/5507/2310 2706/5557/2310 2677/5504/2310
f 2708/5558/2338 2707/5559/2338 2704/5560/2338
f 2704/5553/1955 2707/5561/1955 2701/5549/1955
f 2708/5562/2162 2704/5556/2162 2680/5507/2162
f 2708/5558/2338 2709/5563/2338 2707/5559/2338
f 2709/5564/1951 2708/5565/1951 2711/5566/1951
f 2710/5567/1951 2711/5566/1951 2708/5565/1951
f 2710/5567/1951 2708/5565/1951 2682/5511/1951
f 2680/5510/1951 2682/5511/1951 2708/5565/1951
f 2712/5568/1951 2709/5564/1951 2711/5566/1951
f 2712/5568/2339 2711/5566/2339 2713/5569/2339
f 2711/5566/2340 2710/5567/2340 2714/5570/2340
f 2711/5566/2341 2714/5570/2341 2713/5569/2341
f 2715/5571/2342 2713/5572/2342 2714/5573/2342
f 2715/5574/2343 2714/5575/2343 2716/5576/2343
f 2714/5570/2344 2710/5567/2344 2716/5577/2344
f 2716/5576/2326 2683/5517/2326 2717/5578/2326
f 2715/5574/2133 2716/5576/2133 2717/5578/2133
f 2716/5577/2345 2682/5511/2345 2683/5512/2345
f 2710/5567/2346 2682/5511/2346 2716/5577/2346
f 2717/5579/1951 2685/5580/1951 2688/5522/1951
f 2717/5579/1951 2688/5522/1951 2715/5581/1951
f 2685/5514/2347 2717/5578/2347 2683/5517/2347
f 2718/5582/1951 2715/5581/1951 2688/5522/1951
f 2715/5571/2348 2718/5583/2348 2713/5572/2348
f 2688/5522/1951 2719/5584/1951 2718/5582/1951
f 2718/5583/2349 2719/5585/2349 2713/5572/2349
f 2719/5585/2350 2720/5586/2350 2722/5587/2350
f 2719/5584/1951 2688/5522/1951 2720/5588/1951
f 2719/5585/2351 2721/5589/2351 2713/5572/2351
f 2719/5585/2352 2722/5587/2352 2721/5589/2352
f 2267/4780/2353 2255/4753/2353 2722/5590/2353
f 2267/4772/2354 2722/5587/2354 2723/5591/2354
f 2720/5586/2355 2723/5591/2355 2722/5587/2355
f 2722/5590/2356 2255/4753/2356 2724/5592/2356
f 2722/5590/2357 2724/5592/2357 2721/5593/2357
f 2724/5592/2358 2712/5568/2358 2721/5593/2358
f 2724/5592/1951 2257/4756/1951 2712/5568/1951
f 2255/4753/1951 2257/4756/1951 2724/5592/1951
f 2725/5594/1951 2723/5595/1951 2688/5522/1951
f 2720/5588/1951 2688/5522/1951 2723/5595/1951
f 2723/5591/1965 2266/4770/1965 2267/4772/1965
f 2725/5596/2359 2266/5597/2359 2723/5598/2359
f 2725/5599/2360 2688/5600/2360 2726/5601/2360
f 2725/5596/2359 2726/5602/2359 2266/5597/2359
f 2689/5603/2360 2726/5601/2360 2688/5600/2360
f 2266/5604/2361 2726/5605/2361 2689/5527/2361
f 2712/5568/2362 2713/5569/2362 2721/5593/2362
f 2709/5564/1951 2712/5568/1951 2727/5606/1951
f 2727/5606/1951 2712/5568/1951 2257/4756/1951
f 2727/5607/2169 2261/4763/2169 2709/5563/2169
f 2727/5607/2363 2257/4758/2363 2261/4763/2363
f 2707/5559/2169 2709/5563/2169 2261/4763/2169
f 2262/4765/1955 2701/5549/1955 2707/5561/1955
f 2707/5561/1955 2261/4764/1955 2262/4765/1955
f 2264/4767/2364 2702/5550/2364 2262/4765/2364
f 2262/4765/2332 2702/5550/2332 2701/5549/2332
f 2702/5551/2365 2264/4771/2365 2728/5608/2365
f 2702/5551/2366 2728/5608/2366 2699/5546/2366
f 2699/5545/1955 2728/5609/1955 2689/5527/1955
f 2729/5610/1955 2689/5527/1955 2728/5609/1955
f 2729/5611/2367 2728/5608/2367 2264/4771/2367
f 2264/4771/2182 2266/4770/2182 2729/5611/2182
f 2729/5610/1955 2266/5604/1955 2689/5527/1955
f 2686/5523/1951 2688/5522/1951 2685/5580/1951
f 2678/5503/2301 2666/5486/2301 2663/5480/2301
f 2663/5480/1955 2658/5478/1955 2678/5503/1955
f 2673/5506/1955 2678/5503/1955 2658/5478/1955
f 2664/5482/2368 2632/5429/2368 2660/5475/2368
f 2653/5464/2289 2730/5612/2289 2664/5487/2289
f 2632/5425/2289 2664/5487/2289 2730/5612/2289
f 2653/5464/2289 2651/5461/2289 2730/5612/2289
f 2731/5613/1955 2730/5614/1955 2627/5420/1955
f 2651/5615/2369 2627/5616/2369 2730/5617/2369
f 2731/5618/2370 2632/5425/2370 2730/5612/2370
f 2632/5425/2111 2731/5618/2111 2629/5424/2111
f 2629/5422/1955 2731/5613/1955 2627/5420/1955
f 2634/5431/1955 2661/5477/1955 2660/5475/1955
f 2661/5479/2090 2634/5432/2090 2638/5436/2090
f 2660/5475/2279 2632/5429/2279 2631/5428/2279
f 2660/5475/1955 2631/5428/1955 2634/5431/1955
f 2649/5619/2369 2627/5616/2369 2651/5615/2369
f 2626/5620/1951 2649/5456/1951 2647/5458/1951
f 2649/5621/2276 2626/5417/2276 2627/5416/2276
f 2639/5439/2371 2640/5440/2371 2646/5450/2371
f 2621/5407/2270 2732/5622/2270 2618/5404/2270
f 2732/5623/2288 2621/5413/2288 2609/5389/2288
f 2732/5623/2372 2579/5338/2372 2734/5624/2372
f 2732/5623/2045 2609/5389/2045 2579/5338/2045
f 2618/5404/2373 2732/5622/2373 2733/5625/2373
f 2732/5622/2374 2734/5626/2374 2733/5625/2374
f 2580/5627/2375 2734/5624/2375 2579/5338/2375
f 2734/5624/2376 2580/5627/2376 2581/5346/2376
f 2734/5626/2377 2588/5355/2377 2735/5628/2377
f 2581/5346/2376 2588/5356/2376 2734/5624/2376
f 2733/5625/2378 2734/5626/2378 2735/5628/2378
f 2735/5628/2379 2588/5355/2379 2587/5351/2379
f 2735/5628/1955 2587/5351/1955 2737/5629/1955
f 2736/5630/1955 2615/5631/1955 2735/5628/1955
f 2737/5629/1955 2736/5630/1955 2735/5628/1955
f 2733/5625/1955 2735/5628/1955 2615/5631/1955
f 2736/5632/2380 2737/5633/2380 2596/5370/2380
f 2596/5370/2252 2737/5633/2252 2591/5368/2252
f 2591/5360/1955 2737/5629/1955 2587/5351/1955
f 2604/5634/2380 2736/5632/2380 2596/5370/2380
f 2604/5634/2381 2603/5398/2381 2736/5632/2381
f 2736/5632/2382 2603/5398/2382 2615/5395/2382
f 2618/5404/1955 2733/5625/1955 2615/5631/1955
f 2615/5631/1955 2614/5405/1955 2618/5404/1955
f 2583/5339/2045 2579/5338/2045 2609/5389/2045
f 2582/5635/1951 2607/5636/1951 2606/5637/1951
f 2582/5635/1951 2583/5638/1951 2607/5636/1951
f 2738/5639/2383 2606/5383/2383 2599/5382/2383
f 2738/5640/1951 2582/5635/1951 2606/5637/1951
f 2739/5641/1951 2582/5635/1951 2738/5640/1951
f 2738/5639/2243 2600/5642/2243 2739/5643/2243
f 2738/5639/2384 2599/5382/2384 2600/5642/2384
f 2739/5644/2240 2741/5645/2240 2740/5646/2240
f 2740/5647/1951 2582/5635/1951 2739/5641/1951
f 2739/5644/2385 2600/5648/2385 2741/5645/2385
f 2741/5649/2386 2600/5376/2386 2597/5373/2386
f 2741/5645/2387 2742/5650/2387 2740/5646/2387
f 2741/5645/2388 2743/5651/2388 2742/5650/2388
f 2594/5364/2389 2743/5652/2389 2741/5649/2389
f 2741/5649/2390 2597/5373/2390 2594/5364/2390
f 2742/5650/2391 2743/5651/2391 2562/5304/2391
f 2594/5364/2392 2564/5310/2392 2743/5652/2392
f 2743/5652/2393 2564/5310/2393 2562/5307/2393
f 2742/5650/2394 2562/5304/2394 2744/5653/2394
f 2582/5635/1951 2740/5647/1951 2742/5654/1951
f 2742/5654/1951 2744/5655/1951 2582/5635/1951
f 2744/5653/2395 2562/5304/2395 2560/5305/2395
f 2744/5655/1951 2560/5656/1951 2582/5635/1951
f 2587/5351/1955 2586/5353/1955 2591/5360/1955
f 2574/5327/2396 2561/5306/2396 2571/5328/2396
f 2557/5297/2397 2552/5290/2397 2571/5320/2397
f 2557/5301/2398 2571/5328/2398 2561/5306/2398
f 2557/5297/2221 2553/5291/2221 2552/5290/2221
f 2527/5245/1955 2745/5657/1955 2555/5296/1955
f 2525/5243/1955 2527/5245/1955 2555/5296/1955
f 2745/5657/1955 2549/5293/1955 2555/5296/1955
f 2555/5296/2399 2529/5247/2399 2525/5243/2399
f 2536/5295/2400 2529/5247/2400 2555/5296/2400
f 2545/5287/2401 2549/5286/2401 2745/5658/2401
f 2746/5659/1998 2745/5658/1998 2527/5660/1998
f 2545/5287/2401 2745/5658/2401 2746/5659/2401
f 2746/5661/1951 2542/5273/1951 2545/5277/1951
f 2747/5662/1951 2542/5273/1951 2746/5661/1951
f 2746/5659/1998 2527/5660/1998 2747/5663/1998
f 2542/5273/1951 2747/5662/1951 2748/5664/1951
f 2747/5663/1981 2527/5660/1981 2517/5233/1981
f 2517/5230/1951 2515/5227/1951 2747/5662/1951
f 2748/5664/1951 2747/5662/1951 2515/5227/1951
f 2541/5274/2402 2748/5664/2402 2749/5665/2402
f 2542/5273/2403 2748/5664/2403 2541/5274/2403
f 2748/5664/2404 2515/5227/2404 2749/5665/2404
f 2749/5665/2405 2515/5227/2405 2514/5228/2405
f 2514/5666/2406 2752/5667/2406 2749/5668/2406
f 2541/5271/2407 2749/5668/2407 2750/5669/2407
f 2751/5670/2408 2750/5669/2408 2749/5668/2408
f 2751/5670/2409 2749/5668/2409 2752/5667/2409
f 2752/5671/2410 2533/5672/2410 2538/5673/2410
f 2752/5674/1951 2538/5266/1951 2751/5675/1951
f 2752/5667/2411 2514/5666/2411 2753/5676/2411
f 2752/5671/2410 2753/5677/2410 2533/5672/2410
f 2522/5678/2412 2753/5676/2412 2514/5666/2412
f 2523/5251/2413 2753/5676/2413 2522/5678/2413
f 2533/5255/1955 2753/5679/1955 2754/5680/1955
f 2523/5251/2414 2754/5681/2414 2753/5676/2414
f 2530/5252/2415 2754/5681/2415 2523/5251/2415
f 2754/5680/1955 2530/5682/1955 2533/5255/1955
f 2750/5683/1951 2751/5675/1951 2538/5266/1951
f 2755/5684/1951 2750/5683/1951 2538/5266/1951
f 2750/5669/2408 2755/5685/2408 2541/5271/2408
f 2538/5266/1951 2539/5268/1951 2755/5684/1951
f 2539/5269/2201 2541/5271/2201 2755/5685/2201
f 2531/5257/1955 2533/5255/1955 2530/5682/1955
f 2517/5233/1981 2527/5660/1981 2526/5686/1981
f 2517/5233/2191 2526/5686/2191 2518/5231/2191
f 2522/5678/2416 2514/5666/2416 2500/5201/2416
f 2498/5205/2416 2522/5678/2416 2500/5201/2416
f 2498/5202/2417 2520/5239/2417 2522/5240/2417
f 2520/5239/2178 2498/5202/2178 2499/5204/2178
f 2471/5687/2418 2470/5145/2418 2511/5688/2418
f 2471/5687/2419 2511/5688/2419 2463/5126/2419
f 2511/5224/2420 2508/5220/2420 2463/5127/2420
f 2496/5200/2421 2511/5688/2421 2470/5145/2421
f 2508/5220/2422 2458/5119/2422 2463/5127/2422
f 2504/5213/2423 2456/5116/2423 2507/5218/2423
f 2456/5118/1951 2458/5119/1951 2507/5219/1951
f 2504/5213/2423 2756/5689/2423 2456/5116/2423
f 2504/5212/1955 2491/5191/1955 2756/5690/1955
f 2456/5116/2134 2756/5689/2134 2455/5114/2134
f 2489/5187/1955 2455/5691/1955 2756/5690/1955
f 2489/5187/1955 2756/5690/1955 2491/5191/1955
f 2489/5187/1955 2486/5181/1955 2455/5691/1955
f 2486/5181/1955 2487/5184/1955 2455/5691/1955
f 2757/5692/1955 2455/5691/1955 2487/5184/1955
f 2487/5184/1955 2758/5693/1955 2757/5692/1955
f 2487/5184/2424 2481/5186/2424 2758/5693/2424
f 2478/5167/1955 2442/5096/1955 2758/5693/1955
f 2442/5096/1955 2444/5694/1955 2758/5693/1955
f 2444/5694/1955 2757/5692/1955 2758/5693/1955
f 2758/5693/2425 2479/5165/2425 2478/5167/2425
f 2479/5165/2426 2758/5693/2426 2481/5186/2426
f 2448/5111/2133 2455/5113/2133 2757/5695/2133
f 2444/5099/2427 2448/5111/2427 2757/5695/2427
f 2439/5090/1955 2442/5096/1955 2478/5167/1955
f 2471/5687/2428 2463/5126/2428 2462/5125/2428
f 2469/5150/2308 2450/5696/2308 2467/5160/2308
f 2469/5150/2429 2449/5152/2429 2450/5696/2429
f 2450/5696/2430 2418/5050/2430 2467/5160/2430
f 2465/5132/2143 2459/5134/2143 2453/5697/2143
f 2465/5132/2431 2453/5697/2431 2449/5152/2431
f 2453/5110/2432 2459/5121/2432 2452/5108/2432
f 2450/5104/2433 2446/5103/2433 2418/5051/2433
f 2445/5100/2427 2448/5111/2427 2444/5099/2427
f 2446/5103/2434 2416/5046/2434 2418/5051/2434
f 2441/5098/1951 2414/5043/1951 2416/5046/1951
f 2421/5054/2105 2439/5090/2105 2422/5052/2105
f 2408/5035/2096 2405/5034/2096 2419/5047/2096
f 2397/5006/2435 2419/5047/2435 2405/5034/2435
f 2397/5006/2435 2405/5034/2435 2399/5007/2435
f 2388/5000/1955 2344/4913/1955 2348/4919/1955
f 2387/4993/2436 2384/4988/2436 2345/5085/2436
f 2345/5085/2082 2384/4988/2082 2341/4983/2082
f 2348/4917/2045 2350/4916/2045 2383/4994/2045
f 2353/4926/1951 2381/4981/1951 2350/4986/1951
f 2381/4981/2437 2353/4926/2437 2380/4982/2437
f 2380/4979/2438 2357/5698/2438 2377/4978/2438
f 2357/4934/2439 2380/4982/2439 2353/4926/2439
f 2376/5699/2034 2377/4978/2034 2357/5698/2034
f 2361/5700/2440 2376/5699/2440 2357/5698/2440
f 2361/5700/2440 2357/5698/2440 2356/5701/2440
f 2349/4927/1951 2353/4926/1951 2350/4986/1951
f 2328/4888/2441 2322/4872/2441 2321/4873/2441
f 2317/5702/1955 2318/5703/1955 2324/4878/1955
f 2318/5703/1955 2319/4876/1955 2324/4878/1955
f 2321/4873/1955 2313/4861/1955 2310/4857/1955
f 2287/4809/2071 2315/4865/2071 2289/4810/2071
f 2315/4863/2010 2287/4808/2010 2314/4864/2010
f 2314/4864/2442 2287/4808/2442 2283/4805/2442
f 2283/4805/1955 2306/4860/1955 2314/4864/1955
f 2307/4848/2072 2305/4849/2072 2289/4962/2072
f 2285/4807/1955 2306/4860/1955 2283/4805/1955
f 2289/4962/2443 2305/4849/2443 2288/5704/2443
f 2305/4849/2444 2301/4840/2444 2288/5704/2444
f 2288/5704/2445 2301/4840/2445 2299/4835/2445
f 2294/5705/2446 2291/4814/2446 2299/4838/2446
f 2288/4812/2447 2299/4838/2447 2291/4814/2447
f 2294/5705/1980 2299/4838/1980 2295/4837/1980
f 2243/4831/2448 2240/4781/2448 2275/4791/2448
f 2250/4745/2449 2272/4782/2449 2251/4747/2449
f 2269/4776/1955 2252/4749/1955 2251/4747/1955
f 2269/4776/1955 2259/4761/1955 2252/4749/1955
f 2267/4780/1970 2254/4752/1970 2255/4753/1970
f 2248/4802/1955 2250/4745/1955 2247/4744/1955
