# Blender 4.2.23 LTS
# www.blender.org
mtllib rubystatue.mtl
o Ruby
v 2.379333 119.086090 -3.760966
v -9.909431 168.488510 33.115707
v 26.126524 175.308716 7.800340
v -35.487564 169.247437 -2.561728
v 0.193643 176.078156 -28.371931
v -5.818306 206.234421 0.942147
v -5.344549 204.652832 9.619996
v -13.210733 203.607971 1.192331
v -9.170025 210.864624 3.266908
v -8.911504 210.001587 8.002213
v -13.348489 209.369293 3.398912
v -13.102519 208.548157 7.904321
v -12.760865 202.106140 9.432565
v -16.340744 198.010498 6.915620
v -16.460756 197.863281 6.836816
v -16.714199 197.089691 6.942094
v -14.531937 197.242981 5.602509
v -15.850843 195.621338 4.733605
v -14.941256 196.230164 5.630715
v -17.613308 195.378815 6.708673
v -15.885532 194.450989 5.369882
v -16.751303 196.998230 6.944726
v -18.234705 194.049255 6.633721
v -16.472919 193.165894 5.311898
v -17.697834 195.220001 6.685517
v -16.849028 193.956207 4.331887
v -17.751541 196.240265 6.012239
v -17.902744 191.773682 4.156106
v -18.661964 194.725494 5.647981
v -16.773834 196.410797 5.412110
v -16.835972 191.718872 3.390123
v -17.772020 194.745667 5.010392
v -15.406160 193.111084 4.545938
v -14.818770 194.396149 4.603929
v -17.395912 193.955383 5.990418
v -13.874468 196.175323 4.864739
v -16.808517 195.240479 6.048394
v -15.864237 197.019623 6.309228
v -13.465174 197.188141 4.836549
v -15.454936 198.032440 6.281030
v -18.825735 192.563171 4.834596
v -17.902576 192.643341 6.059411
v -15.912804 191.798996 4.614930
v -18.799545 189.179108 6.848649
v -16.809801 188.334839 5.404191
v -19.816730 189.213837 5.427232
v -18.871859 188.467102 7.165238
v -16.882114 187.622803 5.720780
v -20.290657 186.458466 6.384927
v -18.944157 187.755066 7.481835
v -16.954395 186.910797 6.037362
v -18.842636 186.639862 8.273561
v -16.852871 185.795517 6.829087
v -20.301371 185.085159 7.172868
v -18.686010 185.950989 8.891938
v -18.529388 185.262131 9.510324
v -20.070362 183.355011 8.502374
v -16.696249 185.106689 7.447473
v -18.080597 182.510696 7.057900
v -18.311621 184.240845 5.728402
v -17.606407 184.472672 8.831819
v -18.982813 184.194229 11.392228
v -17.116541 183.324966 10.177484
v -17.763029 185.161560 8.213449
v -19.431068 185.246902 10.156426
v -19.147379 182.565552 7.823869
v -18.039520 184.114349 10.855981
v -19.590435 181.412476 10.298928
v -17.509193 183.507126 11.941476
v -19.312363 180.742462 11.073579
v -17.566814 181.117981 13.258584
v -16.581306 184.286407 12.764138
v -16.586210 182.717636 11.262971
v -17.560610 184.207520 13.343362
v -15.658308 183.496948 12.085641
v -18.412985 183.492828 12.589128
v -18.667439 180.623016 9.620400
v -16.643814 180.328552 12.580064
v -18.389380 179.952972 10.395059
v -14.591553 183.442078 11.319673
v -17.600664 180.568176 8.854424
v -12.822423 185.061996 12.809815
v -14.812174 185.906250 14.254273
v -12.818830 182.475281 14.326692
v -11.504419 186.781113 13.620515
v -14.808584 183.319580 15.771173
v -12.115959 186.040588 13.210954
v -12.302917 185.781570 13.104798
v -14.292665 186.625885 14.549249
v -14.105714 186.884888 14.655419
v -13.494159 187.625427 15.064965
v -18.670794 177.839661 11.242684
v -20.474556 181.345367 11.010942
v -20.219641 180.729645 11.723756
v -20.242380 180.560532 11.791757
v -20.503666 178.617462 12.573266
v -20.573925 178.224518 12.707284
v -21.397511 173.618591 14.278428
v -19.558441 172.838211 12.943360
v -19.826113 170.502899 13.939660
v -21.417973 173.442062 14.353936
v -21.668070 171.284485 15.276834
v -18.491667 172.783371 12.177392
v -20.481434 173.627670 13.621865
v -20.749094 171.292328 14.618157
v -19.593779 178.629150 11.921182
v -21.429325 172.018463 15.174562
v -18.473551 181.104950 13.908380
v -18.251183 181.282166 14.110581
v -15.712522 183.305328 16.418917
v -13.885600 182.530121 15.092668
v -12.571177 186.835983 14.386468
v -13.182725 186.095459 13.976907
v -13.889188 185.116821 13.575784
v -13.369685 185.836441 13.870759
v -15.192510 186.609924 15.194047
v -15.020958 186.847000 15.291039
v -15.005218 186.868774 15.299943
v -14.444494 187.546371 15.674294
v -14.392735 187.608917 15.708840
v -15.604208 183.658508 16.360636
v -15.236149 186.549622 15.169351
v -15.712908 185.890686 14.899713
v -15.860556 185.755737 14.775613
v -17.484102 184.271698 13.411073
v -20.496878 181.399292 10.948495
v -20.935440 183.182220 9.297090
v -20.974436 183.340820 9.150224
v -21.184389 184.927002 7.929330
v -21.203327 185.070068 7.819184
v -21.191950 186.327881 7.095986
v -19.378382 184.295685 6.494355
v -19.367674 185.669022 5.706422
v -17.919641 185.850372 7.595063
v -18.021175 186.965607 6.803346
v -19.599836 185.992889 9.485810
v -19.742605 186.623901 8.918450
v -19.751022 186.717438 8.851953
v -19.842762 187.738602 8.125726
v -19.836561 187.798737 8.098878
v -19.769577 188.450195 7.808480
v -17.948864 187.677658 6.486741
v -17.876562 188.389648 6.170144
v -18.893738 188.424377 4.748704
v -19.805302 192.251862 5.526208
v -20.713562 189.196564 6.069818
v -20.754257 188.961792 6.151666
v -21.190903 186.442657 7.029992
v -19.718405 192.544159 5.474191
v -18.755714 194.531921 5.632577
v -19.763367 188.510681 7.781526
v -16.979586 191.853897 5.380891
v -19.696398 189.161880 7.491273
v -19.619272 189.458221 7.423455
v -18.795116 192.624268 6.698884
v -18.750576 192.739166 6.692750
v -18.286816 193.935638 6.628701
v -19.586847 185.935455 9.537461
v -19.444000 185.304108 10.105042
v -18.456385 183.542542 12.500131
v -18.942589 184.099762 11.503098
v -18.128443 185.123199 12.023347
v -17.940655 185.393448 12.123284
v -17.537296 187.257156 11.584107
v -16.303667 184.348938 10.698655
v -14.047843 187.602631 11.904267
v -15.661047 186.680420 10.221108
v -15.319954 187.260178 10.352090
v -17.482897 187.453491 11.543694
v -17.170044 187.983826 11.663095
v -17.141088 188.032898 11.674142
v -17.163059 190.144867 10.403306
v -17.165123 190.343719 10.283639
v -15.978823 188.542664 12.975625
v -15.346844 189.572174 8.963662
v -15.868493 188.375183 13.225968
v -12.981072 187.547760 11.138291
v -14.594269 186.625565 9.455148
v -16.242943 188.049591 11.030602
v -14.280078 189.517334 8.197709
v -16.269825 190.361633 9.642167
v -14.970836 188.392059 12.582765
v -16.584021 187.469864 10.899629
v -17.226660 185.138397 11.377160
v -15.236904 184.294113 9.932687
v -18.300903 185.614166 4.940446
v -17.826967 188.369522 3.982751
v -17.661695 196.389709 6.048188
v -1.778568 128.103592 -8.476542
v -2.957368 126.264954 -7.442222
v -6.310422 123.161819 -19.118238
v 2.102420 129.703781 -10.246039
v 2.967315 127.418388 -14.765899
v 0.099352 129.350525 -9.509021
v 4.183550 126.264931 -5.098399
v -7.185568 121.624634 -18.244459
v -4.912812 124.506165 -20.056421
v -2.541482 125.450005 -21.044764
v -0.433152 125.416534 -21.697561
v 0.652214 124.894218 -22.275675
v -7.701083 117.973022 -28.749704
v -5.553089 118.920769 -29.688086
v -3.331949 118.287399 -31.171354
v -1.045606 121.314194 -26.734327
v -3.668450 116.430481 -33.752010
v -9.075862 111.473022 -39.746433
v -6.868881 112.372467 -39.444527
v -5.126221 115.251648 -35.581764
v -5.543439 113.105988 -38.260155
v -89.330765 166.073685 -67.784592
v -90.092072 166.130203 -68.373680
v -88.878716 164.738113 -69.122002
v -92.263573 171.817017 -67.177498
v -91.189972 169.724716 -67.578499
v -92.063988 170.507065 -66.281006
v -90.609146 168.083145 -67.982651
v -91.300659 168.823929 -66.640900
v -89.906532 165.488373 -67.232689
v -92.616776 172.075867 -66.391777
v -84.852661 155.160431 -72.421043
v -84.113441 155.914978 -71.926399
v -86.602303 161.121552 -69.451118
v -85.349892 158.556000 -69.419830
v -86.103355 156.654694 -68.710464
v -86.928726 160.322525 -70.563850
v -86.783455 158.238785 -68.437408
v -88.401833 163.661774 -68.015961
v -87.688560 162.105942 -70.026672
v -88.639671 162.553452 -67.683807
v -78.408180 145.178162 -77.578323
v -78.168167 143.118195 -78.663116
v -80.868103 149.966843 -74.994713
v -79.685013 148.351120 -75.719643
v -78.827721 146.616638 -76.620941
v -80.087044 149.574631 -73.478188
v -82.579826 152.713791 -73.712616
v -83.632301 151.538696 -70.429550
v -83.000824 150.264557 -70.969612
v -81.556160 147.441406 -72.201065
v -82.373863 148.930588 -71.520508
v -84.125511 155.509750 -69.763580
v -85.133240 154.514389 -69.195541
v -84.325768 152.836136 -69.792694
v -3.076006 123.315781 -6.190650
v -7.606189 119.070526 -17.416410
v -1.606868 120.338417 -5.599864
v 1.987774 118.351044 -5.804969
v -6.929097 116.578903 -16.627584
v -5.390692 114.959579 -15.779143
v -1.667540 118.051010 -8.732451
v -9.335711 116.665680 -24.701632
v -9.018415 116.663307 -27.873365
v -10.762192 109.028458 -30.538671
v -11.697037 108.979309 -35.559372
v -9.398055 110.157852 -40.031033
v -11.638551 109.286530 -39.095123
v -7.141042 109.967514 -42.660728
v -21.281055 105.529099 -51.376358
v -18.265377 105.950394 -53.053089
v -13.301065 105.638634 -51.409836
v -8.368604 108.007584 -45.389442
v -19.906639 106.361732 -51.961979
v -24.005745 106.397919 -59.035004
v -32.463524 106.860893 -65.894936
v -4.661313 114.064835 -15.971755
v -2.909529 114.688271 -16.182726
v -3.853076 113.272789 -17.988974
v -6.248796 111.003677 -20.142328
v -8.245763 110.394180 -23.768648
v -7.642032 108.688339 -23.385012
v -5.403090 110.559601 -21.040987
v -6.382985 109.341125 -22.558596
v -12.656616 102.127731 -37.109825
v -9.622413 103.003693 -32.170410
v -7.937708 106.090477 -26.783499
v -22.200743 101.201515 -48.755577
v -21.665283 103.442749 -48.739529
v -19.205160 104.886681 -47.956604
v -38.281567 107.190262 -69.043724
v -36.688797 105.177246 -62.824089
v -39.396660 106.589233 -67.666344
v -58.057568 118.720177 -77.073578
v -38.092350 106.679955 -71.229111
v -51.673798 111.985970 -74.501343
v -59.908779 117.143570 -75.620674
v -57.438118 119.397690 -77.302185
v -11.258420 100.828644 -36.304176
v -14.312603 98.417763 -42.028099
v -22.686750 99.929451 -48.439964
v -21.984407 97.992661 -49.049026
v -41.416580 104.033882 -65.734291
v -41.934177 102.829842 -65.466217
v -30.995905 99.660515 -55.924767
v -41.794239 100.272697 -66.143936
v -50.318115 106.066025 -71.817238
v -50.376549 104.668655 -72.432823
v -61.166431 117.272751 -74.211197
v -59.505959 122.207741 -78.851189
v -62.296131 125.271675 -79.786369
v -64.682083 127.841080 -80.774010
v -67.727509 130.980042 -82.184158
v -71.818779 135.529144 -82.816299
v -73.480293 136.284332 -83.294647
v -70.523636 133.765289 -83.298676
v -73.648064 138.186966 -80.761002
v -75.918274 140.556427 -80.141434
v -75.175446 138.966293 -81.268501
v -76.504272 142.401260 -79.002670
v -76.596603 143.500900 -76.617836
v -74.342140 138.304413 -78.417023
v -79.790405 147.291595 -73.095001
v -75.004860 137.239059 -77.557945
v -80.831314 145.987030 -72.811401
v -80.068787 144.732880 -73.321785
v -78.963318 142.495697 -74.413376
v -57.185822 118.976128 -78.626854
v -64.778717 128.206085 -79.767082
v -67.633064 129.876251 -78.911942
v -65.065140 124.760361 -77.123421
v -64.945793 127.918953 -78.674789
v -69.399536 125.949821 -77.045258
v -66.819725 122.424377 -75.835739
v -71.347641 130.959320 -78.566132
v -73.851204 131.826309 -79.860382
v -72.251976 129.414581 -78.682251
v -75.957207 136.020203 -77.894302
v -57.988762 111.181023 -74.683258
v -64.913551 120.449615 -74.799133
v 6.603733 127.818550 -10.820170
v 7.957836 126.068100 -10.571063
v 3.971709 126.114929 -16.023111
v 4.250767 129.323090 -10.606273
v 8.149052 121.051498 -8.719604
v 8.557409 123.987350 -9.923903
v 4.903166 115.369194 -19.196650
v 2.757269 123.932465 -22.256201
v 3.829977 123.094437 -22.051504
v 0.819512 123.033829 -23.548906
v 0.414527 120.917618 -26.590460
v 5.008346 121.339371 -21.781870
v 0.309733 116.037071 -29.911440
v 0.974292 113.597305 -29.300489
v -2.034199 117.593102 -31.417212
v -4.166586 109.306694 -40.119362
v -4.021235 114.474777 -35.800564
v -5.846202 111.402878 -40.009735
v 5.671549 118.746384 -21.019392
v 5.516403 117.000137 -20.225969
v -91.200363 168.242966 -67.013367
v -85.876778 157.833511 -71.545166
v -87.469711 158.624557 -70.383415
v -86.135239 154.657471 -70.540848
v -87.856392 160.737762 -67.984879
v -87.278534 158.978668 -68.531433
v -89.450890 163.267929 -68.723877
v -77.301476 137.938232 -80.621490
v -81.427010 145.108704 -75.918800
v -81.383583 148.385574 -75.951454
v -79.777344 145.241348 -77.598694
v -82.988037 149.038269 -74.719719
v -83.829956 151.748856 -70.400787
v -84.104355 152.155685 -73.595406
v -82.763184 147.900208 -73.237122
v 3.870538 118.241547 -6.378150
v 6.338734 119.099457 -7.407622
v -0.074157 110.390396 -21.777010
v 0.396241 117.333481 -8.257739
v -0.530439 112.541885 -16.586542
v -5.334775 102.245659 -36.323914
v -3.489111 104.709679 -39.835732
v -3.727654 108.057312 -39.500446
v -8.316597 102.706726 -48.374241
v -7.620967 107.319542 -45.740845
v -11.299984 105.447556 -50.264149
v -17.171654 99.503899 -54.726425
v -16.261152 103.032593 -54.843616
v -16.399296 100.696312 -54.727089
v -14.009389 105.131172 -52.401058
v -17.220985 105.854523 -54.052746
v -21.942894 105.763100 -57.975647
v -36.953682 104.710274 -71.220734
v -31.944120 106.198898 -66.250175
v -2.336227 113.150574 -15.782672
v -4.540823 111.969269 -19.455332
v -5.072488 109.670975 -21.016855
v -5.795842 107.802696 -23.492666
v -3.515322 107.264503 -25.057844
v -11.038059 98.634262 -40.809975
v -7.657627 100.237869 -37.946198
v -18.378557 97.196144 -52.222351
v -13.651838 98.176422 -50.485901
v -35.843021 99.889816 -68.182961
v -37.122864 103.197403 -71.529839
v -37.504147 105.773712 -71.533745
v -38.157406 101.421684 -71.944420
v -39.974201 106.615456 -73.705727
v -61.300945 116.306328 -79.951157
v -59.625916 116.018044 -80.671051
v -61.382423 114.752899 -79.963448
v -20.522316 97.037361 -51.270252
v -40.589996 99.263962 -67.868210
v -39.429115 99.482162 -69.147194
v -62.004574 114.717773 -75.593552
v -61.784641 114.510796 -76.949768
v 3.116592 113.545013 -18.027571
v 1.509751 111.834061 -26.718328
v -0.282177 109.300415 -26.541708
v -4.096699 103.199371 -38.450146
v -70.460098 130.813766 -83.344200
v -77.852882 141.707977 -79.496010
v -76.143822 138.481140 -81.483566
v -77.426888 136.507156 -80.631012
v -77.731239 139.740860 -75.762543
v -79.853371 141.498611 -76.436432
v -57.027065 117.036819 -80.662285
v -58.297699 116.192421 -81.115952
v -61.162434 113.696571 -78.892487
v -71.350624 127.690948 -79.376762
v -66.619278 121.678802 -77.797432
v -71.100945 128.966293 -82.325996
v -72.781647 129.656601 -81.506386
v -76.934525 135.910690 -79.151802
v -37.465904 202.195587 -12.475493
v -28.650347 225.707199 16.491915
v -5.020580 220.153473 -3.039115
v -15.927470 232.951584 -4.743499
v -18.120527 212.694336 18.825655
v -34.316765 203.119415 -10.273566
v -34.885838 203.942612 -10.630561
v -34.701546 203.997696 -10.204497
v -34.030643 202.002869 -9.897605
v -35.126949 203.805344 -10.228133
v -34.869938 202.982315 -10.216224
v -34.243084 203.423218 -9.965552
v -33.555145 202.273621 -10.691245
v -34.516197 203.183746 -10.806655
v -34.112938 203.497345 -10.182776
v -34.006207 204.205322 -10.374976
v -34.344872 204.172668 -10.188293
v -33.746696 202.930130 -10.535651
v -33.916515 204.004929 -10.587989
v -33.849777 202.729370 -10.812774
v -34.005550 203.587128 -10.974952
v -34.273232 203.439743 -11.048659
v -34.263893 204.214447 -11.043441
v -34.657661 204.164795 -10.981345
v -34.716133 204.348145 -10.698760
v -34.299091 204.512497 -10.707412
v -34.469097 204.428467 -10.368430
v -34.540562 203.901031 -9.483092
v -34.553764 204.053711 -9.839652
v -34.184505 202.680832 -9.804915
v -34.611988 203.608902 -9.427184
v -34.406876 202.412170 -9.882941
v -35.012699 203.018707 -9.814437
v -34.856247 203.102753 -9.555091
v -35.218311 203.671021 -9.450454
v -35.046051 204.087189 -9.460677
v -35.356281 203.766998 -9.815314
v -35.207569 204.068329 -9.878509
v -34.834728 204.220276 -9.758162
v -33.743008 204.633286 -9.916640
v -33.952667 204.565964 -10.333175
v -33.775379 204.989624 -10.404418
v -33.387505 204.806305 -9.871146
v -33.517273 205.073563 -10.059348
v -33.358074 203.706024 -9.960364
v -33.145172 204.100769 -9.865348
v -32.562443 202.822327 -10.396598
v -33.033688 204.840454 -10.066169
v -32.762554 203.508179 -10.234031
v -32.939949 204.631042 -10.288695
v -32.870266 203.298447 -10.523551
v -33.312634 204.040634 -10.769980
v -33.033001 204.194611 -10.692977
v -33.566463 203.773163 -10.517142
v -33.714283 204.798096 -10.699676
v -33.302895 204.849960 -10.764548
v -33.339664 205.161377 -10.413474
v -32.016930 204.829208 -10.398406
v -31.919722 205.285187 -9.976035
v -32.309086 204.668365 -10.478850
v -32.298904 205.513916 -10.473166
v -31.846903 203.892975 -10.221404
v -32.574265 204.388931 -10.214690
v -31.734373 204.112122 -9.918899
v -31.525316 203.395569 -10.088759
v -32.356522 204.318817 -9.632979
v -32.134109 204.731201 -9.533751
v -32.758698 205.287537 -9.587325
v -32.017643 205.503967 -9.743545
v -32.387283 205.468307 -9.539786
v -32.522865 205.747528 -9.736403
v -32.337315 205.839233 -10.106399
v -32.792526 205.659851 -10.096938
v -32.728695 205.459747 -10.405395
v -32.977741 205.217224 -10.022506
v -31.310171 204.958984 -9.290984
v -31.537666 205.032257 -9.898726
v -30.441784 203.994415 -9.767135
v -31.959198 205.897583 -9.697936
v -31.077824 205.389832 -9.187301
v -31.730354 205.971069 -9.243278
v -31.765688 206.360031 -9.775680
v -31.342306 206.159943 -9.193603
v -31.483974 206.451660 -9.399024
v -30.956142 206.197189 -9.406478
v -31.290110 206.547455 -9.785560
v -31.249990 206.207581 -10.168746
v -31.699009 206.150970 -10.097938
v -30.853851 205.968628 -9.649367
v -30.955381 205.492249 -10.090636
v -30.777754 204.514114 -9.905700
v -30.660200 204.743057 -9.589690
v -31.260618 205.324203 -10.174689
v -29.846369 206.184967 -9.769103
v -29.660761 205.163025 -9.575881
v -29.740267 206.682648 -9.308089
v -30.165247 206.009369 -9.856925
v -30.154135 206.932281 -9.850707
v -30.623257 206.873154 -9.776732
v -30.196051 207.287354 -9.450385
v -29.847134 206.921432 -9.054336
v -30.398579 207.187256 -9.046538
v -30.692902 207.091553 -9.440063
v -30.655998 206.685181 -8.883834
v -30.895067 206.608429 -9.358817
v -30.454670 205.704376 -9.568595
v -30.217012 205.627808 -8.933684
v -29.309767 204.620117 -9.431121
v -29.974281 206.077972 -8.825362
v -30.250591 206.882492 -8.831931
v -29.537962 205.402237 -9.245742
v -28.687717 206.908661 -9.433196
v -28.493822 205.841019 -9.231338
v -29.020870 206.725189 -9.524932
v -28.576862 207.428589 -8.951545
v -29.009266 207.689423 -9.518439
v -29.499350 207.627625 -9.441146
v -29.053055 208.060394 -9.100196
v -29.572128 207.855835 -9.089416
v -29.264645 207.955811 -8.678298
v -28.688507 207.678070 -8.686431
v -28.821333 206.796860 -8.447188
v -28.365509 206.090881 -8.886397
v -29.110016 207.637390 -8.454062
v -29.533566 207.431274 -8.508323
v -29.783346 207.351074 -9.004539
v -29.074949 206.326584 -8.560363
v -28.127104 205.273788 -9.080085
v -29.323236 206.406525 -9.223708
v -27.519253 207.640747 -9.012076
v -27.403454 208.184021 -8.508872
v -27.316683 206.525330 -8.801185
v -27.867317 207.449127 -9.107924
v -27.855179 208.456451 -9.101142
v -27.900927 208.844040 -8.664184
v -28.367218 208.391937 -9.020392
v -28.663898 208.103027 -8.564223
v -28.443247 208.630341 -8.652900
v -28.183226 207.116180 -8.793220
v -27.923828 207.032684 -8.100204
v -26.933575 205.932739 -8.643172
v -27.182648 206.786438 -8.440825
v -27.658854 207.523987 -7.981963
v -27.960472 208.402115 -7.989142
v -27.520094 208.444611 -8.231910
v -28.402954 208.186768 -8.045821
v -28.121998 208.734787 -8.223411
v -26.254606 208.430664 -8.645431
v -26.618229 208.230438 -8.745559
v -26.133621 208.998215 -8.119704
v -26.042955 207.265381 -8.425094
v -26.605560 209.282898 -8.738471
v -27.140488 209.215393 -8.654120
v -26.653368 209.687744 -8.281966
v -26.884319 209.573608 -7.821479
v -27.219929 209.464493 -8.270202
v -26.255487 209.270477 -7.830359
v -25.902924 207.538086 -8.048621
v -26.400459 208.308640 -7.569228
v -26.715567 209.226074 -7.576728
v -27.177841 209.001099 -7.635940
v -27.450462 208.913559 -8.177543
v -26.677273 207.795349 -7.692740
v -25.642727 206.646225 -8.260024
v -26.948273 207.882629 -8.416778
v -25.374954 208.592163 -7.267074
v -24.294098 207.391647 -7.859702
v -25.658081 208.683319 -8.023490
v -25.897911 209.851837 -7.207702
v -26.182739 209.760422 -7.773566
v -25.085749 209.128418 -7.138022
v -25.414951 210.086945 -7.145850
v -24.934278 210.133270 -7.410827
v -24.565969 208.323395 -7.638885
v -24.712254 208.038452 -8.032172
v -24.806957 209.848816 -7.713149
v -24.933346 209.255890 -8.262351
v -25.349953 210.569229 -7.882651
v -25.300024 210.146240 -8.359572
v -25.313257 209.046738 -8.366973
v -25.858898 210.075745 -8.271445
v -25.941885 210.335999 -7.870330
v -25.591249 210.449966 -7.401542
v -23.552992 210.118042 -7.862174
v -23.420937 210.737503 -7.288367
v -23.322020 208.846176 -7.621680
v -23.949888 209.899521 -7.971457
v -23.936060 211.048248 -7.963737
v -23.988224 211.490158 -7.465453
v -24.519957 210.974625 -7.871657
v -24.310139 209.519897 -7.612586
v -24.858271 210.645142 -7.351485
v -24.606653 211.246460 -7.452621
v -24.560722 210.740662 -6.760314
v -24.240335 211.365585 -6.962821
v -24.056133 210.986267 -6.695701
v -23.553965 211.034698 -6.972548
v -23.712212 209.984894 -6.687514
v -23.169165 209.143829 -7.210761
v -22.885134 208.170380 -7.441504
v -24.014332 209.424622 -6.822341
v -22.901915 210.393860 -7.183341
v -23.474556 211.569458 -6.910544
v -22.525560 210.790497 -7.558257
v -21.869553 209.689972 -7.192817
v -22.592865 210.294312 -6.357718
v -23.121099 211.913696 -7.453971
v -21.413132 208.983978 -7.004584
v -21.709871 210.000977 -6.763518
v -22.277222 210.879669 -6.216872
v -22.111893 211.976440 -6.514625
v -23.163691 211.669266 -6.292922
v -22.636511 211.925827 -6.225417
v -22.828962 212.322113 -6.504508
v -23.211672 212.197662 -7.016189
v -22.565599 212.452286 -7.029609
v -22.511108 211.990601 -7.550170
v -21.972919 211.665939 -6.844596
v -22.110889 211.018799 -7.444076
v -21.704142 212.639404 -5.804610
v -22.028927 212.535126 -6.449851
v -20.778015 211.814484 -5.725142
v -21.153397 212.907471 -5.734084
v -21.754286 213.191467 -6.560241
v -21.107792 211.202942 -5.872306
v -21.354460 213.321503 -6.025657
v -20.605295 212.960327 -6.036231
v -21.079317 213.457489 -6.574264
v -21.022364 212.975098 -7.118117
v -21.659666 212.894775 -7.017615
v -20.460096 212.635956 -6.380965
v -20.604240 211.959824 -7.007262
v -20.352110 210.571564 -6.744765
v -20.185274 210.896484 -6.296241
v -19.875269 209.833923 -6.548110
v -21.430649 211.306946 -6.734855
v -21.037443 211.721283 -7.126555
v -19.893578 212.260880 -6.266318
v -20.518627 213.544006 -5.968558
v -20.132822 213.919693 -6.561736
v -18.766777 211.492584 -6.276694
v -19.556276 212.152237 -5.365172
v -19.482780 212.693741 -6.675536
v -18.268597 210.721970 -6.071212
v -18.592480 211.832016 -5.808097
v -19.211740 212.791107 -5.211432
v -19.031290 213.988220 -5.536452
v -20.179317 213.652954 -5.294456
v -19.603920 213.932983 -5.220763
v -19.813961 214.365540 -5.525374
v -20.231699 214.229721 -6.083877
v -19.526518 214.507599 -6.098548
v -19.467016 214.003662 -6.666709
v -18.879616 213.649353 -5.896598
v -19.030172 212.942947 -6.550918
v -18.644623 214.678619 -4.663993
v -18.699381 215.281174 -5.488769
v -17.633766 213.778198 -4.577262
v -18.043509 214.971161 -4.587020
v -18.999125 214.564758 -5.368308
v -17.993731 213.110764 -4.737884
v -18.262949 215.423080 -4.905257
v -17.445251 215.028900 -4.916808
v -17.962631 215.571503 -5.504073
v -17.900463 215.045013 -6.097671
v -18.596077 214.957321 -5.987990
v -17.286789 214.674835 -5.293097
v -17.444103 213.936844 -5.976691
v -17.168909 212.421570 -5.690177
v -16.986799 212.776260 -5.200637
v -16.648445 211.616486 -5.475547
v -18.346111 213.224213 -5.679351
v -17.916935 213.676514 -6.106887
v -15.726039 215.009949 -5.478583
v -15.561684 215.780945 -4.764403
v -16.202826 216.167694 -5.604980
v -15.438524 213.426849 -5.179267
v -16.220049 214.737930 -5.614615
v -16.668423 214.265427 -5.167968
v -16.929564 216.076019 -5.490401
v -17.350639 215.665955 -4.842971
v -17.037468 216.414429 -4.968818
v -16.267763 216.717728 -4.984839
v -15.727227 216.150848 -4.371291
v -16.581530 216.562653 -4.359237
v -16.980291 215.784912 -4.107169
v -16.352268 216.090576 -4.026748
v -15.924199 214.844208 -4.016547
v -15.248286 213.797379 -4.667815
v -14.894791 212.585785 -4.955001
v -16.300268 214.146851 -4.184371
v -13.931106 216.131012 -4.958198
v -13.759401 216.936554 -4.212058
v -13.630748 214.477142 -4.645484
v -14.447215 215.846878 -5.100303
v -14.429225 217.340576 -5.090240
v -14.497073 217.915237 -4.442336
v -15.188475 217.244858 -4.970527
v -15.628414 216.816406 -4.294143
v -15.301209 217.598343 -4.425628
v -14.915649 215.353226 -4.633666
v -14.531012 215.229340 -3.606055
v -13.062648 213.598389 -4.411178
v -14.138123 215.957870 -3.430747
v -13.431972 214.864227 -4.111144
v -13.932357 217.322968 -3.801360
v -14.824871 217.753235 -3.788741
v -14.585339 217.260010 -3.441397
v -15.241470 216.940659 -3.525412
v -12.682624 216.360229 -3.001891
v -13.084461 216.489670 -4.075484
v -13.829103 218.018356 -3.720748
v -12.272155 217.121384 -2.818740
v -11.148575 214.656372 -3.843032
v -13.424878 218.148163 -2.917647
v -12.739370 218.481766 -2.829856
v -13.487263 218.835266 -3.858130
v -12.989635 218.997070 -3.192771
v -12.057183 218.547546 -3.205939
v -12.647157 219.166351 -3.875586
v -12.576285 218.565979 -4.552497
v -13.369485 218.465942 -4.427413
v -11.876478 218.143829 -3.635001
v -11.742055 215.574387 -4.087806
v -11.534411 215.978790 -3.529578
v -12.055861 217.302277 -4.414519
v -12.595064 217.005432 -4.563003
v -34.296253 203.475296 -8.584517
v -34.041039 204.004089 -8.450866
v -34.459686 203.387482 -8.855475
v -34.674515 204.068939 -8.475211
v -33.826782 202.753815 -8.927039
v -33.594448 203.034485 -8.845534
v -34.310532 203.349487 -9.275229
v -33.433723 202.326233 -8.942374
v -33.732727 203.492706 -9.335036
v -33.655643 203.810089 -9.013335
v -33.966465 204.309357 -8.509299
v -34.151775 204.400513 -9.234397
v -33.980232 204.468796 -8.881820
v -34.273762 204.642822 -8.796706
v -34.663300 204.484070 -8.922416
v -34.494549 204.503784 -8.485915
v -34.818657 204.169250 -8.856399
v -34.579063 204.209320 -9.287681
v -33.711197 203.864502 -7.570540
v -33.881962 203.772766 -7.853614
v -33.444588 204.416931 -7.430930
v -33.220726 203.110733 -7.928382
v -34.106396 204.484741 -7.456321
v -34.256996 204.589539 -7.854568
v -33.918362 204.939011 -7.467498
v -34.094669 204.918396 -7.923545
v -33.366653 204.735840 -7.491942
v -33.687706 205.084259 -7.792205
v -33.560265 204.831146 -8.249480
v -33.381046 204.902466 -7.881133
v -33.041931 204.214310 -8.018538
v -32.810074 202.664032 -7.944388
v -33.122444 203.882660 -8.354606
v -32.978001 203.404007 -7.843215
v -33.726124 203.733063 -8.292167
v -34.006657 204.631332 -8.305160
v -32.484859 204.290100 -7.330321
v -32.158527 203.016907 -6.901763
v -33.408657 205.072266 -7.278670
v -32.942272 205.280991 -7.220496
v -33.115570 204.133820 -7.265082
v -32.400764 204.636566 -6.979224
v -32.755032 205.355530 -6.835662
v -32.333961 203.790009 -6.796050
v -32.740002 205.181442 -6.429084
v -32.821442 204.848282 -6.365333
v -33.316395 205.393677 -6.403541
v -33.075436 205.545471 -6.742766
v -33.500595 205.372162 -6.879989
v -33.670181 205.028595 -6.807906
v -33.278378 204.175293 -6.806914
v -33.512852 204.919128 -6.391852
v -33.099968 204.271118 -6.511176
v -32.587547 203.483627 -6.885032
v -32.461407 204.695969 -5.404433
v -32.170399 205.298920 -5.252036
v -31.926025 203.873169 -5.794982
v -32.892746 205.372925 -5.279769
v -32.647778 204.595825 -5.713393
v -32.477673 204.552475 -6.192061
v -33.057117 205.487305 -5.714438
v -32.783886 205.532928 -6.206244
v -32.879932 205.846252 -5.789725
v -32.687500 205.868729 -5.291968
v -32.085316 205.647003 -5.318641
v -32.435738 206.027283 -5.646361
v -32.296650 205.751007 -6.145469
v -32.101021 205.828857 -5.743430
v -31.730909 205.077744 -5.893416
v -31.818768 204.715759 -6.260238
v -31.477825 203.385620 -5.812476
v -31.661116 204.193314 -5.702041
v -31.122875 205.160492 -5.142234
v -30.766661 203.770813 -4.674468
v -32.131168 206.014221 -5.085845
v -31.622120 206.242035 -5.022353
v -31.811241 204.989853 -5.071029
v -31.031061 205.538635 -4.759009
v -31.401327 206.133362 -4.158530
v -31.417738 206.323395 -4.602324
v -30.958158 204.614624 -4.559073
v -31.234943 204.280212 -4.656196
v -31.490219 205.769730 -4.088920
v -31.794268 205.139801 -4.248160
v -32.244907 205.847046 -4.117911
v -32.030479 206.365051 -4.130652
v -32.416611 205.966537 -4.572028
v -32.231522 206.341568 -4.650680
v -31.767462 206.530701 -4.500922
v -31.988974 205.035172 -4.570945
v -31.055212 205.627380 -3.110312
v -30.737581 206.285553 -2.943961
v -31.526014 206.366287 -2.974242
v -30.470873 204.729355 -3.536620
v -31.258652 205.518082 -3.447539
v -31.072975 205.470749 -3.970008
v -31.705437 206.491150 -3.448676
v -31.407190 206.541000 -3.985480
v -31.512051 206.882950 -3.530852
v -31.302000 206.907471 -2.987548
v -30.644711 206.665466 -3.016677
v -31.027227 207.080536 -3.374373
v -30.661871 206.863953 -3.480330
v -30.875378 206.778961 -3.919150
v -30.257870 206.044113 -3.644034
v -30.353796 205.649048 -4.044402
v -29.981653 204.197205 -3.555686
v -30.181723 205.078781 -3.435149
v -30.327042 206.111816 -1.848243
v -29.716534 205.173615 -2.293616
v -30.818895 206.883789 -1.706092
v -29.995192 206.799423 -1.674460
v -30.539562 205.997650 -2.200568
v -30.345594 205.948212 -2.746405
v -31.006315 207.014191 -2.201758
v -30.694765 207.066254 -2.762580
v -30.584869 207.449158 -1.720000
v -30.804300 207.423553 -2.287612
v -30.139151 207.314941 -2.693282
v -30.297785 207.629990 -2.124129
v -29.898182 207.196320 -1.750441
v -29.916092 207.403702 -2.234832
v -29.494019 206.547180 -2.405844
v -29.594227 206.134430 -2.824126
v -29.205450 204.617599 -2.313567
v -29.414446 205.538635 -2.187636
v -29.566256 206.617920 -0.529708
v -29.219564 207.336273 -0.348174
v -28.928461 205.637756 -0.995024
v -30.080149 207.424408 -0.381202
v -29.788300 206.498657 -0.897788
v -29.585657 206.446960 -1.468070
v -30.275965 207.560669 -0.899054
v -29.950462 207.615082 -1.484969
v -30.064896 207.988342 -0.988738
v -29.835627 208.015076 -0.395720
v -29.118217 207.750961 -0.427512
v -29.535707 208.204010 -0.817954
v -29.369978 207.874847 -1.412558
v -29.136934 207.967621 -0.933585
v -28.695993 207.072739 -1.112273
v -28.800690 206.641541 -1.549269
v -28.612871 206.019104 -0.884291
v -28.394484 205.056885 -1.015853
v -28.566395 208.459854 -0.074546
v -29.172823 208.188446 -0.150176
v -29.292402 208.578400 0.368242
v -27.862242 207.621872 0.239190
v -28.322916 208.556763 0.425874
v -27.971605 207.171326 -0.217360
v -28.739546 208.803741 0.546693
v -28.303371 208.330368 0.954568
v -29.052860 208.606354 0.987787
v -29.512911 208.131622 0.461969
v -28.409245 207.897186 1.037492
v -29.308321 207.989258 1.002961
v -29.003422 207.022049 0.463250
v -28.771446 207.146667 0.847802
v -28.105135 206.122650 0.361688
v -27.775400 206.521042 0.477372
v -28.791712 206.968079 -0.132514
v -27.547256 205.515778 0.339914
v -27.941088 207.699066 2.286966
v -27.562674 208.483154 2.485132
v -27.244942 206.629211 1.779100
v -28.183460 207.568878 1.885194
v -28.501991 208.579376 2.449067
v -28.715714 208.728104 1.883859
v -28.235113 209.224060 2.433206
v -28.485336 209.194839 1.785936
v -27.452061 208.935760 2.398507
v -27.907743 209.430237 1.972345
v -27.726856 209.070984 1.323343
v -27.472469 209.172241 1.846162
v -26.991201 208.195526 1.651109
v -26.662111 205.995209 1.756349
v -27.105463 207.724838 1.174127
v -26.900463 207.045471 1.899957
v -27.962267 207.512497 1.262773
v -28.360422 208.787445 1.244340
v -27.073565 208.276184 3.790513
v -26.678226 209.095337 3.997552
v -26.346275 207.158478 3.259919
v -27.326761 208.140152 3.370767
v -27.659571 209.195877 3.959871
v -27.882866 209.351257 3.369355
v -27.380758 209.869446 3.943292
v -27.642176 209.838898 3.267076
v -26.562662 209.568222 3.907037
v -27.038744 210.084869 3.461839
v -26.583982 209.815262 3.329973
v -26.849745 209.709503 2.783777
v -27.511658 209.413254 2.701226
v -26.200556 208.303131 2.627885
v -26.081169 208.794861 3.126222
v -25.737370 206.496094 3.236161
v -25.986362 207.593338 3.386209
v -27.095684 208.081268 2.720491
v -25.255169 208.907257 4.146691
v -24.771235 207.019363 4.782174
v -26.190334 208.675476 4.243440
v -26.624945 210.067078 4.223306
v -25.130440 209.420990 4.667314
v -25.933409 210.376556 4.309541
v -26.761284 210.511780 4.814477
v -25.655756 210.487061 4.880189
v -26.130840 210.768707 5.017953
v -26.488161 210.543671 5.520951
v -25.633471 210.228928 5.483079
v -25.031391 208.165710 4.938928
v -25.754221 209.734955 5.577622
v -25.407398 207.711395 4.807000
v -26.779448 209.839951 5.538262
v -26.167221 208.879089 5.361344
v -26.431763 208.737015 4.922814
v -27.012737 210.002289 4.921342
v -25.161970 209.542297 6.904992
v -25.438322 209.393829 6.446847
v -24.730469 210.436401 7.130960
v -24.368137 208.322357 6.325845
v -25.801567 210.546112 7.089829
v -26.045292 210.715714 6.445298
v -25.497242 211.281281 7.071755
v -25.123941 211.516434 6.546243
v -25.782595 211.248001 6.333642
v -24.604317 210.952515 7.032174
v -24.078766 210.108414 6.179917
v -23.975298 208.796997 6.463685
v -24.627596 211.222198 6.402307
v -24.917652 211.106750 5.806153
v -24.209091 209.571747 5.635995
v -25.640133 210.783386 5.716035
v -25.186090 209.329529 5.737077
v -23.703518 207.599335 6.299897
v -24.197929 209.978119 7.399339
v -24.672277 211.497009 7.377374
v -24.461445 210.045288 8.140862
v -23.343349 208.925842 8.014482
v -23.177210 210.231140 7.293756
v -25.095568 211.426300 8.139260
v -22.649015 208.170502 7.987374
v -23.041054 210.791870 7.862016
v -22.932953 209.421738 8.158456
v -23.590088 211.673721 8.752412
v -23.721897 211.134521 8.855599
v -24.172701 210.200409 8.619523
v -24.840927 211.249146 8.812646
v -24.522989 212.017197 8.793748
v -24.821093 211.982407 8.022637
v -24.132992 212.262848 8.244714
v -23.917486 211.834854 7.471513
v -23.614443 211.955475 8.094354
v -22.099133 210.920044 9.025681
v -21.547310 208.767212 9.750337
v -23.661123 212.242599 9.113046
v -22.872538 212.595520 9.211389
v -23.165545 210.655731 9.136018
v -21.956896 211.505859 9.619363
v -22.530521 212.427185 10.549592
v -22.555931 212.721527 9.862092
v -21.843967 210.074448 9.929086
v -22.272743 209.556396 9.778657
v -22.668215 211.863861 10.657418
v -23.139191 210.887939 10.410768
v -23.837307 211.983597 10.612527
v -23.505142 212.786057 10.592782
v -23.816591 212.749680 9.787171
v -23.097698 213.042679 10.019189
v -24.103336 212.168732 9.909028
v -23.440842 210.725891 9.910714
v -22.086964 211.363663 10.950356
v -21.154205 210.215088 11.621758
v -20.972843 211.639786 10.835084
v -22.604704 213.021545 10.926393
v -22.374582 211.436966 11.759744
v -23.066710 212.944366 11.757981
v -20.396351 209.390686 11.592179
v -20.706272 210.756348 11.778916
v -20.824255 212.251816 11.455338
v -21.423536 213.214355 12.427201
v -21.450073 213.521881 11.708940
v -21.780876 213.390244 11.029122
v -22.767141 213.551285 11.630662
v -22.016092 213.857391 11.873063
v -22.441761 213.589294 12.472329
v -22.788801 212.750961 12.492944
v -21.567379 212.625824 12.539834
v -22.059431 211.606277 12.282174
v -22.012106 214.992889 -7.702025
v -20.306320 223.052673 -6.575347
v -17.079044 221.281158 -6.268516
v -17.133690 221.245026 -5.957290
v -20.342669 223.028656 -6.368278
v -15.416659 228.205109 -5.010642
v -21.554260 215.726532 -7.554343
v -19.329300 222.389008 -6.566283
v -17.789635 221.519318 -6.383834
v -17.632988 221.360092 -6.030883
v -19.605375 222.474213 -6.264579
v -15.676887 227.607483 -5.138793
v -29.201021 210.899521 4.296807
v -29.643417 217.736130 9.008958
v -27.246519 215.491791 10.701760
v -27.011784 215.620438 10.529969
v -29.487223 217.821716 8.894654
v -27.289919 221.444458 14.806687
v -29.049303 211.458847 4.955445
v -28.950581 216.910660 9.492341
v -27.770983 215.835938 10.275750
v -27.359755 215.821655 10.203835
v -28.870874 217.198425 9.200219
v -27.362001 220.953964 14.364518
v -34.889633 203.573944 -10.461745
v -20.764421 211.788849 14.363175
v -6.955102 218.768082 -2.501250
v -9.751420 218.059662 -4.018325
v -18.292963 212.312317 16.422464
v -7.569401 220.189774 -3.012030
v -25.512987 191.091446 -9.102248
v -9.161283 216.220596 9.267396
v -19.417107 213.443680 16.762644
v -1.736854 214.656189 -1.405310
v -13.584549 207.910095 18.369379
v -25.049452 193.803955 -8.102157
v -24.482941 193.840149 -8.201964
v -25.661680 194.189758 -8.614654
v -25.249304 193.573730 -8.178702
v -24.610683 193.381897 -7.780265
v -24.680735 193.022415 -7.944869
v -24.173655 193.330292 -7.951659
v -25.315296 193.536148 -8.068542
v -24.511232 193.138062 -7.388228
v -25.214331 193.710083 -7.826980
v -25.014582 193.537415 -7.314620
v -26.051792 193.967651 -7.963538
v -24.932320 193.326263 -7.109122
v -25.996244 193.900238 -7.616981
v -26.510620 194.277130 -7.909019
v -25.652065 193.306793 -7.285750
v -25.950476 193.246765 -7.601798
v -25.180279 192.710266 -7.391601
v -25.048744 192.956787 -7.132712
v -24.740423 192.865814 -7.232619
v -24.665880 192.801758 -7.641189
v -25.060297 192.711975 -7.826308
v -25.655170 193.277069 -8.091537
v -24.365318 192.972900 -8.142844
v -24.215303 193.734558 -8.305884
v -24.089510 193.236481 -8.319045
v -24.401327 193.153763 -8.691718
v -24.191851 193.444717 -8.562926
v -24.722874 193.835876 -8.836646
v -25.938698 194.602768 -8.863585
v -25.116121 193.721848 -8.994399
v -25.333021 194.277893 -8.723968
v -25.370670 193.439056 -8.566375
v -24.693279 192.920959 -8.438888
v -24.420958 194.887024 -7.867698
v -23.833422 194.924911 -7.971114
v -25.056002 195.286682 -8.399451
v -24.628067 194.648102 -7.947028
v -23.950031 194.458649 -7.559806
v -24.016260 194.089233 -7.740767
v -23.512411 194.396347 -7.711280
v -23.710960 194.025513 -7.909461
v -23.555780 194.815460 -8.078795
v -23.425035 194.298950 -8.092254
v -23.748293 194.212921 -8.478782
v -23.531250 194.514832 -8.345275
v -24.082119 194.920090 -8.629386
v -25.343506 195.714722 -8.657821
v -24.489870 194.801544 -8.793029
v -24.715185 195.378204 -8.512778
v -24.753788 194.508301 -8.349074
v -24.051008 193.971390 -8.216537
v -23.769779 196.010773 -7.624778
v -23.160461 196.050339 -7.731925
v -24.428543 196.424683 -8.176536
v -23.984463 195.762878 -7.707023
v -23.281221 195.566788 -7.305243
v -23.349642 195.183655 -7.492782
v -22.827291 195.502441 -7.462203
v -23.032936 195.117645 -7.667663
v -22.872423 195.936951 -7.843513
v -22.736534 195.401352 -7.857284
v -23.071684 195.311813 -8.258193
v -22.846758 195.625107 -8.119773
v -23.418238 196.044952 -8.414680
v -24.726881 196.868393 -8.444678
v -23.841049 195.921722 -8.584441
v -24.075098 196.519760 -8.294021
v -24.114674 195.617599 -8.123961
v -23.385540 195.061218 -7.986182
v -24.240499 195.237854 -5.045264
v -24.910210 195.884979 -5.361548
v -25.337038 196.573059 -4.759246
v -25.301081 195.819412 -4.713180
v -25.914003 197.006500 -5.107337
v -24.970894 195.883041 -4.337554
v -24.276457 195.489532 -4.174750
v -24.418076 195.212830 -4.482276
v -23.904848 195.397842 -4.322371
v -24.130520 195.918228 -4.171248
v -23.785021 195.344452 -4.845382
v -23.613111 195.725647 -4.551406
v -23.800520 195.596329 -5.193892
v -23.713297 196.010406 -5.020072
v -24.501957 196.192688 -5.371551
v -25.373182 196.664902 -5.199058
v -24.205996 196.168884 -4.436057
v -24.397085 196.385437 -5.080245
v -22.396168 198.386246 -7.112357
v -21.740788 198.429428 -7.227378
v -23.104996 198.830292 -7.706359
v -22.626753 198.119293 -7.200721
v -21.870281 197.909515 -6.768149
v -21.943356 197.497162 -6.969642
v -21.381918 197.840729 -6.936774
v -21.602570 197.426483 -7.157569
v -21.430803 198.307770 -7.347228
v -21.284018 197.731827 -7.361587
v -21.644217 197.634796 -7.792884
v -21.402739 197.972137 -7.644126
v -22.017775 198.422913 -7.961852
v -23.426317 199.307022 -7.995215
v -22.472351 198.289734 -8.144515
v -22.724880 198.932922 -7.832664
v -22.766476 197.962616 -7.649116
v -21.981630 197.365143 -7.500251
v -21.671997 199.641235 -6.842208
v -20.992311 199.686325 -6.961387
v -22.407249 200.101135 -7.458541
v -21.910965 199.364182 -6.933814
v -21.126406 199.147247 -6.484962
v -21.201921 198.719452 -6.693801
v -20.619829 199.076050 -6.659713
v -20.848404 198.646271 -6.888595
v -20.670725 199.560303 -7.085578
v -20.518147 198.963074 -7.100234
v -20.891590 198.862091 -7.547553
v -20.641367 199.212112 -7.393363
v -21.279436 199.679169 -7.723159
v -22.740717 200.595245 -7.758346
v -21.750731 199.540741 -7.912635
v -22.013069 200.207703 -7.589492
v -22.055689 199.201477 -7.398818
v -21.241407 198.582306 -7.244063
v -20.921726 200.943237 -6.562324
v -20.216805 200.990387 -6.685805
v -21.684401 201.419647 -7.201812
v -21.169386 200.655777 -6.657271
v -20.355646 200.431366 -6.191527
v -20.433683 199.987610 -6.407989
v -19.830210 200.357819 -6.372657
v -20.066982 199.911789 -6.609946
v -19.883204 200.859787 -6.814498
v -19.724619 200.240463 -6.829467
v -20.111769 200.135422 -7.293433
v -19.852472 200.498596 -7.133597
v -20.514446 200.982559 -7.475890
v -22.030424 201.931793 -7.512961
v -21.003115 200.838654 -7.672462
v -21.275633 201.530334 -7.337584
v -21.319309 200.486816 -7.139518
v -20.474459 199.845169 -6.978637
v -20.242481 202.238281 -6.108611
v -19.511419 202.287521 -6.236579
v -21.033609 202.731659 -6.772155
v -20.499151 201.939941 -6.207038
v -19.655182 201.707825 -5.723784
v -19.735844 201.247498 -5.948142
v -19.110178 201.631775 -5.911506
v -19.355440 201.169037 -6.157508
v -19.165335 202.152222 -6.369895
v -19.000528 201.510040 -6.385215
v -19.401873 201.400665 -6.866431
v -19.133190 201.777588 -6.700706
v -19.819927 202.278961 -7.056022
v -21.392712 203.262543 -7.095092
v -20.326626 202.129364 -7.259933
v -20.609724 202.846710 -6.912910
v -20.654455 201.764465 -6.707145
v -19.777943 201.099548 -6.539947
v -19.437136 203.639801 -5.808173
v -18.678942 203.691254 -5.940749
v -20.257753 204.150848 -6.496665
v -19.703123 203.330261 -5.910201
v -18.827808 203.090179 -5.408790
v -18.911165 202.612610 -5.641341
v -18.262497 203.011520 -5.603339
v -18.516544 202.531403 -5.858329
v -18.319889 203.551056 -6.078940
v -18.148615 202.885117 -6.094558
v -18.564701 202.771332 -6.593657
v -18.286320 203.162415 -6.421905
v -18.998735 203.681915 -6.790679
v -20.630440 204.701126 -6.831824
v -19.524101 203.526428 -7.002189
v -19.818174 204.270264 -6.642615
v -19.863995 203.147980 -6.428840
v -18.954617 202.458939 -6.255019
v -18.602730 205.093872 -5.496917
v -17.816399 205.147644 -5.634284
v -19.453968 205.623215 -6.211272
v -18.878416 204.772675 -5.602683
v -17.970587 204.524353 -5.082397
v -18.056711 204.028931 -5.323432
v -17.384209 204.443024 -5.284034
v -17.647390 203.944885 -5.548385
v -17.443949 205.002441 -5.777472
v -17.265930 204.311859 -5.793410
v -17.697308 204.193481 -6.311088
v -17.408831 204.599274 -6.133018
v -18.147907 205.137482 -6.515800
v -19.840725 206.193558 -6.559150
v -18.692657 204.975830 -6.735213
v -18.998119 205.747284 -6.362586
v -19.045057 204.583374 -6.140517
v -18.101557 203.869324 -5.959861
v -17.738281 206.602539 -5.174445
v -16.922777 206.658676 -5.316756
v -18.621254 207.150787 -5.915648
v -18.023991 206.269196 -5.284080
v -17.082428 206.012360 -4.744231
v -17.171400 205.498444 -4.994033
v -16.474207 205.928268 -4.953200
v -16.746788 205.411392 -5.227233
v -16.536386 206.508240 -5.465148
v -16.351366 205.792145 -5.481421
v -16.798582 205.668915 -6.018355
v -16.499659 206.090012 -5.833747
v -17.266390 206.647644 -6.231063
v -19.022617 207.741943 -6.276694
v -17.831221 206.479645 -6.458663
v -18.148523 207.279678 -6.072539
v -18.196589 206.072586 -5.841834
v -17.217722 205.332672 -5.654044
v -16.842640 208.167740 -4.840331
v -15.996886 208.226379 -4.987807
v -17.758566 208.735565 -5.609412
v -17.138742 207.821838 -4.953979
v -16.162203 207.556152 -4.393859
v -16.254150 207.023071 -4.652770
v -15.531343 207.469284 -4.610412
v -15.813701 206.932922 -4.894515
v -15.596053 208.070511 -5.141585
v -15.403754 207.327942 -5.158179
v -15.867402 207.199738 -5.715056
v -15.557654 207.636627 -5.523696
v -16.353067 208.214447 -5.936088
v -18.175081 209.348343 -5.984130
v -16.938715 208.039825 -6.172187
v -17.268328 208.869446 -5.772094
v -17.317520 207.617676 -5.532409
v -16.301979 206.850891 -5.337218
v -15.914739 209.791656 -4.494201
v -15.037609 209.852905 -4.647002
v -16.864799 210.379791 -5.292174
v -16.221596 209.432724 -4.611983
v -15.208772 209.157928 -4.030799
v -15.303792 208.604889 -4.299163
v -14.554434 209.068100 -4.255256
v -14.846880 208.511597 -4.549750
v -14.621760 209.691437 -4.806334
v -14.421906 208.921387 -4.823279
v -14.902571 208.787964 -5.400863
v -14.581619 209.241364 -5.202506
v -15.406810 209.839996 -5.630538
v -17.297050 211.014893 -5.681090
v -16.014044 209.658447 -5.875464
v -16.356421 210.518875 -5.460814
v -16.406801 209.220673 -5.211852
v -15.353148 208.426086 -5.008948
v -14.953361 211.476471 -4.135589
v -14.043696 211.540421 -4.293906
v -15.938878 212.085571 -4.963569
v -15.271391 211.103989 -4.257689
v -14.220958 210.819809 -3.654624
v -14.319137 210.246063 -3.932791
v -13.542214 210.726898 -3.887267
v -13.845176 210.149475 -4.192573
v -13.612297 211.373138 -4.459029
v -13.404603 210.574677 -4.476279
v -13.902906 210.435806 -5.075355
v -13.570342 210.906296 -4.869712
v -14.426406 211.526489 -5.313994
v -16.387447 212.743942 -5.367194
v -15.056019 211.337830 -5.568061
v -15.411689 212.230072 -5.138427
v -15.463217 210.883774 -4.879760
v -14.370081 210.060364 -4.668868
v -13.957367 213.224426 -3.764067
v -13.013948 213.291229 -3.928099
v -14.979612 213.855377 -4.623145
v -14.286950 212.837952 -3.890624
v -13.197493 212.543976 -3.264899
v -13.298931 211.948883 -3.553199
v -12.493452 212.447968 -3.505996
v -12.807269 211.848877 -3.822486
v -12.566415 213.117950 -4.099204
v -12.350551 212.289948 -4.116782
v -12.867142 212.145447 -4.738143
v -12.522552 212.633667 -4.524962
v -13.410660 213.276230 -4.986114
v -15.445105 214.537720 -5.042075
v -14.063448 213.080124 -5.249656
v -14.432906 214.005432 -4.804442
v -14.485654 212.609222 -4.535743
v -13.351526 211.755981 -4.316520
v -12.925467 215.038025 -3.379142
v -11.947021 215.107758 -3.549102
v -13.985844 215.691437 -4.270530
v -13.267021 214.636902 -3.510329
v -12.137095 214.332886 -2.861068
v -12.241906 213.715530 -3.159880
v -11.406855 214.233612 -3.110961
v -11.731906 213.611938 -3.439055
v -11.482759 214.928268 -3.726409
v -11.258418 214.069626 -3.744338
v -11.793983 213.919250 -4.388778
v -11.436919 214.425827 -4.167792
v -12.358238 215.091629 -4.646430
v -14.468916 216.398712 -4.705314
v -13.035115 214.887756 -4.919829
v -13.418891 215.847366 -4.458472
v -13.472850 214.399353 -4.179366
v -12.296192 213.515137 -3.951499
v -11.863173 216.637268 -2.777907
v -10.924552 216.977905 -3.040503
v -13.210439 217.256882 -3.347373
v -12.151150 216.199158 -2.983313
v -10.844312 215.999481 -2.560828
v -10.882043 215.448456 -3.022139
v -10.135985 216.137436 -2.922156
v -10.399063 215.538284 -3.387847
v -10.454856 216.956635 -3.321990
v -10.066201 216.174652 -3.613440
v -10.687469 216.068115 -4.231673
v -10.388690 216.589844 -3.908820
v -11.526457 217.147934 -4.082686
v -13.908730 217.946747 -3.517165
v -12.214107 216.860626 -4.332679
v -12.704641 217.590057 -3.554778
v -12.428854 216.090836 -3.689574
v -11.036425 215.443405 -3.856704
v -25.001347 194.556580 -6.898986
v -24.794186 194.377838 -6.367537
v -25.869978 194.823181 -7.040862
v -25.105902 194.376038 -7.149482
v -24.390810 194.207672 -6.824126
v -24.469421 193.831207 -6.984389
v -24.271906 193.963882 -6.443625
v -24.432058 193.614929 -6.705901
v -24.708799 194.158936 -6.154334
v -24.509491 193.681458 -6.282218
v -24.965542 193.519836 -6.447112
v -24.829334 193.775665 -6.178672
v -25.455185 194.138275 -6.337638
v -26.346039 195.143906 -6.984519
v -25.764584 194.075714 -6.665458
v -25.812412 194.753448 -6.681434
v -25.458241 194.107178 -7.173293
v -24.841030 193.521576 -6.897925
v -24.781096 195.434906 -5.936812
v -24.566267 195.249863 -5.385528
v -25.682119 195.710922 -6.084228
v -24.889421 195.247574 -6.196578
v -24.147743 195.073425 -5.858962
v -24.229029 194.682938 -6.025046
v -24.024357 194.820831 -5.464217
v -24.190189 194.458710 -5.736144
v -24.477621 195.022949 -5.164336
v -24.270624 194.527863 -5.296767
v -24.743486 194.359879 -5.467811
v -24.602400 194.625443 -5.189475
v -25.251652 195.001007 -5.354575
v -26.176004 196.043274 -6.025985
v -25.572449 194.935852 -5.694617
v -25.622442 195.638718 -5.711402
v -25.254656 194.968506 -6.221236
v -24.614269 194.361603 -5.935340
v -22.713533 196.107346 -7.593886
v -23.493540 196.691650 -7.726073
v -23.414129 197.667969 -7.968734
v -23.149431 197.044586 -8.304427
v -24.113146 198.031906 -8.113120
v -22.692478 197.180389 -8.140403
v -22.094683 196.731812 -7.816291
v -22.340488 196.395767 -7.949912
v -21.998402 196.483353 -7.504363
v -22.135706 197.054062 -7.500739
v -22.346884 196.163300 -7.245734
v -22.125496 196.572693 -7.034354
v -22.707710 196.218567 -7.017898
v -22.636459 196.623550 -6.817397
v -23.377340 196.833069 -7.248633
v -23.815340 197.551941 -7.799193
v -22.458973 197.163620 -7.351951
v -23.140299 197.101044 -7.177917
v -24.317909 197.291992 -3.904830
v -24.086834 197.093582 -3.311660
v -25.287304 197.587677 -4.063926
v -24.434097 197.090179 -4.184142
v -23.636276 196.903992 -3.820563
v -23.723179 196.483734 -3.998961
v -23.503441 196.632721 -3.395781
v -23.681274 196.242828 -3.688048
v -23.991310 196.849792 -3.073523
v -23.768055 196.317413 -3.215560
v -24.276375 196.136078 -3.399604
v -24.125069 196.422058 -3.100371
v -24.823757 196.825180 -3.278456
v -25.818962 197.944656 -4.001723
v -25.168604 196.754486 -3.644263
v -25.223166 197.510361 -3.662833
v -24.826607 196.789597 -4.210608
v -24.137224 196.137756 -3.902434
v -24.074442 198.273254 -2.832343
v -23.834806 198.067825 -2.217055
v -25.079926 198.579315 -2.997634
v -24.194761 198.063782 -3.121962
v -23.367327 197.871262 -2.744696
v -23.457182 197.435287 -2.929587
v -23.229479 197.590149 -2.304023
v -23.413637 197.185638 -2.607047
v -23.735645 197.815125 -1.969992
v -23.503748 197.263031 -2.117064
v -24.030806 197.074646 -2.307982
v -23.874096 197.371414 -1.997687
v -24.598936 197.789047 -2.182677
v -25.631533 198.949234 -2.933341
v -24.956429 197.715408 -2.562087
v -25.013453 198.499298 -2.581633
v -24.601650 197.751785 -3.149405
v -23.886375 197.076263 -2.829413
v -23.822710 199.291397 -1.720366
v -23.574169 199.078674 -1.082122
v -24.865652 199.608231 -1.892073
v -23.947325 199.074005 -2.020697
v -23.089119 198.874939 -1.629180
v -23.182028 198.422729 -1.820815
v -22.946085 198.583618 -1.172026
v -23.136793 198.163849 -1.486197
v -23.471245 198.816803 -0.825789
v -23.230391 198.244293 -0.978080
v -23.776861 198.048508 -1.176116
v -23.614567 198.356476 -0.854384
v -24.366507 198.789169 -1.046515
v -25.437912 199.991547 -1.825621
v -24.737162 198.712463 -1.440070
v -24.796738 199.525421 -1.460593
v -24.369141 198.750214 -2.049102
v -23.626968 198.050110 -1.716872
v -23.464325 200.403748 -0.731139
v -23.206577 200.183517 -0.069091
v -24.546114 200.731659 -0.909529
v -23.593378 200.178101 -1.042540
v -22.703293 199.972229 -0.636290
v -22.799368 199.503128 -0.834906
v -22.554886 199.670349 -0.162040
v -22.752371 199.234818 -0.487769
v -23.099716 199.912003 0.196870
v -22.849596 199.318390 0.039170
v -23.416180 199.114929 -0.166251
v -23.248081 199.434540 0.167344
v -24.028141 199.882767 -0.032203
v -25.139851 201.128891 -0.840842
v -24.412439 199.802887 -0.440413
v -24.474691 200.645966 -0.461997
v -24.030663 199.842056 -1.072013
v -23.260639 199.116486 -0.727065
v -23.195200 201.499969 0.464288
v -22.927889 201.271912 1.151040
v -24.317274 201.839355 0.278962
v -23.328846 201.265808 0.141389
v -22.405691 201.052917 0.562959
v -22.505039 200.566254 0.357110
v -22.251688 200.740067 1.054925
v -22.456194 200.288147 0.717225
v -22.816938 200.990479 1.426980
v -22.557182 200.374878 1.263673
v -23.144634 200.163513 1.050584
v -22.970583 200.495224 1.396470
v -23.779772 200.959595 1.189218
v -24.933294 202.251068 0.349946
v -24.178196 200.876358 0.765832
v -24.243235 201.750671 0.743135
v -23.782160 200.916992 0.110872
v -22.983212 200.165070 0.469003
v -22.916922 202.637390 1.703775
v -22.639677 202.401245 2.416131
v -24.080786 202.988693 1.511224
v -23.055344 202.394318 1.368921
v -22.097902 202.174240 1.806390
v -22.200623 201.669434 1.593057
v -21.938107 201.850037 2.316743
v -22.149891 201.381134 1.966615
v -22.524544 202.109528 2.702409
v -22.254763 201.471207 2.533311
v -22.863865 201.251617 2.312265
v -22.683582 201.595825 2.670923
v -23.523029 202.076904 2.455667
v -24.719921 203.415344 1.584581
v -23.936121 201.990219 2.016519
v -24.004051 202.896927 1.992662
v -23.525274 202.032318 1.337297
v -22.696323 201.253098 1.709131
v -22.629223 203.817612 2.988893
v -22.341698 203.573120 3.727807
v -23.836437 204.181213 2.788858
v -22.772594 203.565338 2.641679
v -21.779564 203.337830 3.095651
v -21.885750 202.814087 2.874559
v -21.613752 203.001816 3.625070
v -21.833042 202.515289 3.262101
v -22.222178 203.270737 4.024850
v -21.941982 202.608856 3.849740
v -22.573521 202.380676 3.620446
v -22.386810 202.737885 3.992334
v -23.257635 203.236221 3.768754
v -24.499537 204.623383 2.864671
v -23.685919 203.145966 3.313264
v -23.756884 204.086273 3.288232
v -23.259727 203.189636 2.608918
v -22.399643 202.382050 2.994989
v -22.331745 205.042267 4.321374
v -22.033560 204.789078 5.087846
v -23.583939 205.418610 4.113557
v -22.480223 204.780426 3.961335
v -21.450321 204.545105 4.432405
v -21.560114 204.001846 4.203271
v -21.278267 204.196960 4.981637
v -21.505365 203.692108 4.605279
v -21.909498 204.475647 5.396012
v -21.618500 203.789276 5.214684
v -22.273296 203.552216 4.976861
v -22.079931 203.922882 5.362443
v -22.983303 204.439163 5.130250
v -24.271896 205.876816 4.191895
v -23.427332 204.345184 4.657792
v -23.501472 205.320297 4.631478
v -22.985220 204.390442 3.927385
v -22.092859 203.553558 4.328195
v -22.024191 206.312943 5.702920
v -21.714954 206.050812 6.497972
v -23.323002 206.702454 5.487062
v -22.177937 206.041199 5.329591
v -21.109779 205.797882 5.818429
v -21.223305 205.234360 5.580926
v -20.931278 205.437103 6.388177
v -21.166414 204.913239 5.998002
v -21.586149 205.725922 6.817735
v -21.283936 205.014160 6.629960
v -21.962851 204.767838 6.383256
v -21.762579 205.152512 6.783059
v -22.699736 205.687378 6.541894
v -24.036770 207.177307 5.567994
v -23.160112 205.589478 6.051850
v -23.237514 206.600739 6.024240
v -22.701477 205.636459 5.294419
v -21.775587 204.769135 5.710557
v -21.706192 207.631393 7.135392
v -21.385496 207.360001 7.960099
v -23.053406 208.034607 6.911088
v -21.865442 207.349365 6.748246
v -20.757607 207.097839 7.255502
v -20.874975 206.513184 7.009370
v -20.572361 206.723907 7.846559
v -20.815870 206.180389 7.442025
v -21.251791 207.023224 8.291841
v -20.937922 206.285187 8.097398
v -21.641840 206.029266 7.841485
v -21.434443 206.428497 8.256043
v -22.406624 206.982544 8.005563
v -23.793940 208.526672 6.994760
v -22.883924 206.880615 7.497300
v -22.964802 207.929352 7.468270
v -22.408142 206.929321 6.711823
v -21.447502 206.030487 7.143876
v -21.377449 208.999481 8.620599
v -21.044846 208.718445 9.476052
v -22.774799 209.416779 8.387582
v -21.542349 208.706757 8.219163
v -20.393366 208.446625 8.745553
v -20.514702 207.840210 8.490479
v -20.201141 208.059174 9.358697
v -20.453302 207.495178 8.939294
v -20.906055 208.369385 9.820252
v -20.580080 207.604050 9.618905
v -21.309919 207.338150 9.353471
v -21.095144 207.752441 9.783296
v -22.103662 208.326447 9.523164
v -23.543089 209.926712 8.474069
v -22.598501 208.220261 8.995957
v -22.682955 209.307877 8.965516
v -22.104954 208.270767 8.181420
v -21.108242 207.339294 8.629991
v -21.037556 210.418991 10.160523
v -20.692598 210.127991 11.047906
v -22.486958 210.850891 9.918473
v -21.208328 210.115158 9.744287
v -20.016655 209.846268 10.290505
v -20.142109 209.217133 10.026132
v -19.817221 209.444733 10.926545
v -20.078342 208.859528 10.491746
v -20.548531 209.766190 11.405007
v -20.209997 208.972565 11.196511
v -20.966715 208.696289 10.921166
v -20.744270 209.126251 11.366853
v -21.790491 209.720886 11.096673
v -23.284071 211.379364 10.007821
v -22.303547 209.610321 10.549859
v -22.391752 210.738235 10.517884
v -21.791557 209.662704 9.705163
v -20.757412 208.697327 10.170869
v -20.446987 211.749649 11.549111
v -20.272770 211.654999 12.562371
v -21.772850 212.381439 10.943917
v -20.640280 211.365448 11.185655
v -19.570894 211.030548 12.004472
v -19.812260 210.363586 11.883050
v -19.538942 210.783417 12.772080
v -19.886227 210.136322 12.446923
v -20.254372 211.376801 13.034120
v -20.074879 210.475739 13.091790
v -20.866434 210.272186 12.757760
v -20.595394 210.778107 13.126908
v -21.475353 211.483002 12.522752
v -22.460398 213.077408 10.756188
v -21.951834 211.315979 11.920304
v -21.773958 212.425995 11.582566
v -21.326456 211.024536 11.161149
v -20.567953 210.016144 12.052102
v -25.153187 191.893219 -8.613158
v -19.830568 211.791290 13.879235
v -7.300654 220.103027 -1.835578
v -9.665727 217.579163 -3.086623
v -18.299593 213.840210 16.522440
v -19.928671 117.878067 2.683492
v 14.669972 117.878067 12.497537
v 0.117122 113.320862 -2.091967
v -0.450161 151.473694 -0.092047
v -13.886372 117.736900 -17.508322
v 20.129530 117.736900 -7.859569
v 0.246114 117.807487 -2.546714
v -2.523664 93.382698 4.332845
v 3.090376 97.722931 -14.619063
v 19.469822 91.360886 10.571382
v 8.650068 55.077190 -12.312011
v 12.387554 124.098389 3.518609
v 25.877544 96.267792 -10.567531
v 22.805405 104.151711 -6.841163
v 17.788359 100.910522 8.954007
v 5.914992 105.704407 -11.632194
v 24.050638 100.758728 -8.782588
v 18.265259 97.011169 9.606606
v 5.025458 102.507660 -14.179156
v -0.322727 98.761436 4.408467
v 1.332737 102.423248 4.286305
v 18.991695 44.052185 -23.353346
v 9.497783 5.739811 -30.174456
v 14.372873 38.438904 -8.043933
v 5.474463 45.294792 -27.187561
v 8.691112 73.371986 -7.099523
v 9.566779 5.522974 -30.261591
v 0.415256 39.721992 -12.003065
v 9.530789 4.926985 -30.510059
v 7.565137 22.667088 -29.378168
v 13.960886 22.079144 -27.563990
v 5.171347 20.030296 -22.193552
v 11.775471 19.423195 -20.320267
v 4.781486 22.454802 -21.108040
v 7.253539 25.030104 -28.988462
v 4.207541 23.830364 -20.332991
v 12.037897 21.787735 -19.049732
v 14.509950 24.363041 -26.930155
v 12.346577 23.082165 -18.024321
v 15.081809 25.931641 -26.743702
v 6.942774 26.679844 -29.052374
v 1.662066 93.149307 -2.607093
v -19.717209 90.116501 -11.063804
v -12.272268 123.062317 -7.310599
v -4.357013 99.152695 15.757546
v -9.898281 56.279907 16.416521
v -26.317923 96.778931 9.528253
v -18.092606 99.205360 -10.581065
v -22.776731 104.589989 4.723454
v -1.227213 101.028351 -5.797130
v -18.547129 95.148094 -10.986007
v -24.043489 101.430595 6.790307
v 0.449868 97.201477 -5.597426
v -5.517264 103.507721 12.087632
v -6.345488 106.366043 9.384244
v -19.312504 43.134899 24.734888
v -14.221940 39.729820 8.932598
v -5.375558 44.641350 28.688154
v -8.060125 4.901922 28.170645
v -10.191936 74.501694 11.080823
v -8.018686 5.141793 28.159864
v -0.724729 41.188736 12.761136
v -7.980955 4.275956 28.312536
v -4.464419 20.368629 21.347197
v -10.850697 19.678333 19.535704
v -6.664980 22.002251 28.883137
v -13.259319 21.289469 27.012627
v -6.579374 24.674652 28.639240
v -4.081838 22.636749 20.610943
v -6.321288 26.327234 28.796289
v -13.825035 23.891470 26.583979
v -11.327498 21.853569 18.555683
v -14.448266 25.448788 26.491037
v -11.684839 23.193928 17.608034
v -3.557860 24.072374 19.913284
v 1.663753 94.695770 55.116226
v 7.159793 104.325630 64.557739
v 0.733008 94.688812 39.984123
v 16.515778 94.360695 52.090988
v -8.622992 104.653732 52.450859
v 18.503275 145.303619 29.212629
v 19.155901 142.850037 29.721964
v 21.831987 140.644791 26.033831
v 22.613649 142.727386 32.626759
v 19.212318 134.980774 33.331352
v 27.126690 141.127960 28.503489
v 23.901203 145.151550 32.969349
v 22.354403 141.628021 25.379431
v 26.582005 140.341873 29.344233
v 29.498056 158.836151 20.569201
v 18.646177 130.296494 33.942459
v 21.987017 141.234802 24.560873
v 17.350861 128.993439 46.524891
v 7.023176 129.415100 38.429668
v 17.957640 130.526611 44.672100
v 23.633051 121.992950 38.145561
v 23.558582 124.285294 37.201454
v 13.305363 122.414642 30.050344
v 14.224607 124.666405 29.885130
v 8.623672 130.907715 37.355766
v 4.830655 125.337212 40.648983
v 3.588400 124.199028 41.539940
v 15.596652 124.897614 49.087791
v 11.290876 118.138351 32.032207
v 22.056879 117.698753 40.470997
v 10.587650 116.399513 32.204205
v 22.094168 115.929718 41.223431
v 15.094898 123.729225 50.559174
v -13.693613 163.617523 -45.243023
v -11.910530 161.696747 -39.209362
v 5.292114 167.889282 -45.380196
v -66.888237 154.556320 -41.182236
v -13.630122 169.455643 -42.251904
v -26.945023 166.030579 -37.107746
v -13.932879 170.250549 -42.737808
v -22.706051 164.669724 -38.785736
v -13.438008 167.566849 -36.626781
v -12.298264 168.087250 -36.853943
v -14.869399 169.187927 -42.006050
v -14.463943 162.738037 -39.427391
v -15.457928 164.390945 -43.512566
v -61.868713 147.913315 -23.114172
v -61.741161 165.288071 -16.761526
v -70.141907 158.987488 -27.696661
v -66.760658 171.931061 -34.829582
v -32.655083 160.419037 -44.063370
v -34.986237 159.750992 -44.312729
v -29.877632 156.435364 -33.236897
v -32.799461 170.946198 -40.152779
v -30.022009 166.962524 -29.326292
v -35.148178 171.558640 -39.926491
v -32.075027 167.150848 -27.947393
v -31.913078 155.343216 -32.333664
v -40.012821 159.064758 -43.522636
v -41.820507 158.487518 -43.700142
v -36.809269 154.469925 -31.035143
v -40.179371 171.207016 -39.012089
v -36.975800 166.612167 -26.524588
v -42.000946 171.642883 -38.813240
v -38.577003 166.731979 -25.466833
v -38.396572 153.576599 -30.353746
v 0.426377 193.806274 -14.365256
v -10.163898 200.920059 -23.205847
v -13.843772 182.462738 -6.398681
v -13.683466 199.139236 -7.206016
v -2.128246 163.508774 -43.554893
v -4.803988 165.229477 -45.872547
v -5.621573 160.550186 -41.628963
v -8.409721 162.357590 -43.999004
v -24.434027 189.576508 -15.239280
v 20.061882 188.147247 13.587045
v 4.371986 193.159698 14.093194
v 7.534070 186.857422 28.987360
v 9.892433 180.525391 4.676087
v 27.990622 148.246857 26.292025
v 24.951963 147.871780 30.214415
v 25.372255 146.413300 23.995462
v 22.259804 145.934601 27.835943
v -2.635378 179.235596 20.076403
v 1.535028 107.221863 41.494019
v 5.205010 93.564735 41.484501
v 1.471665 94.699356 46.382118
v -3.496171 94.802643 42.571335
v 0.237180 93.667999 37.673706
v -1.807664 78.978340 45.086163
v 2.232836 86.887802 43.125427
v 0.021060 87.787933 45.954109
v -0.782467 86.913315 40.897537
v -1.901101 78.280312 45.229866
v -2.922214 87.939232 43.741814
v -15.795588 102.999435 60.540932
v -12.727459 97.650665 58.749092
v -17.993128 92.075470 73.383141
v -5.408343 106.401184 51.010544
v -10.851271 104.567482 64.326225
v -7.783132 99.218735 62.534378
v -10.475685 100.483719 55.850117
v -10.762934 99.971039 56.182552
v -6.782239 101.623230 58.777153
v -12.642452 104.336174 57.084427
v -8.948986 105.475677 60.011490
v -13.110487 104.144928 57.519871
v -9.162974 105.362808 60.648224
v -6.815430 101.188911 59.310921
v -11.388578 99.421707 56.953468
v -11.712656 98.843300 57.328529
v -7.221532 100.707314 60.255833
v -13.833173 103.768112 58.346069
v -9.666116 105.053757 61.648426
v -14.361215 103.552345 58.837318
v -9.907535 104.926407 62.366806
v -7.258987 100.217316 60.858021
v -12.235315 95.961960 67.390060
v -14.132372 98.807228 68.609329
v -15.113688 95.079315 65.279137
v -18.125746 91.808182 73.715355
v -16.913439 98.012909 66.442093
v 0.513741 107.717842 55.884720
v -10.143284 101.187294 65.325966
v -6.153642 96.216400 62.590786
v -1.048271 97.903000 66.972427
v -5.037903 102.873901 69.707619
v -11.407901 84.920006 78.550888
v -4.630141 98.837181 60.952721
v -4.883726 98.163597 61.234886
v -0.582706 100.119614 64.529236
v -7.863700 102.862747 63.170837
v -3.816277 104.145195 66.747345
v -8.367356 102.507156 63.621971
v -4.041551 103.877800 67.444489
v -0.557921 99.534225 65.057404
v -4.077775 93.784546 70.609261
v -7.196613 97.134232 72.853546
v -7.779535 92.584023 67.565453
v -11.665648 84.151901 79.218117
v -10.783311 96.077469 69.754967
v -69.273308 171.498718 -34.712070
v -58.236481 164.042892 -32.892776
v -65.122604 175.937332 -36.222748
v -68.407120 168.789948 -40.291016
v -79.121193 180.237579 -43.998367
v -64.256416 173.228607 -41.801697
v -71.435577 178.073288 -39.642105
v -73.705460 175.303680 -38.703773
v -70.992043 176.436157 -42.985641
v -79.679924 180.618393 -44.242119
v -73.169556 173.627396 -41.941505
v 5.922602 108.169487 61.228535
v 1.584153 95.221832 63.823723
v -2.445117 98.316956 67.801537
v 6.112076 96.452965 67.866562
v 2.406043 99.052887 71.943802
v -0.893735 82.474709 73.776459
v 3.182247 89.961426 70.424103
v 0.850683 91.352547 72.834389
v 0.361133 89.515091 68.108459
v -0.987014 82.051193 73.889053
v -1.900840 91.031029 70.513245
v -72.043495 151.394318 -40.129627
v -72.634102 151.072525 -40.070374
v -69.854790 150.233383 -35.961971
v -69.171730 148.632812 -42.407051
v -66.983009 147.471863 -38.239384
v -69.522713 148.080566 -42.537815
v -67.183441 146.839798 -38.083481
v -70.294830 149.831726 -35.616043
v -83.098488 134.273010 -35.740410
v -71.600967 144.462311 -43.025307
v -75.565552 148.391312 -39.850613
v -68.625923 143.017029 -37.521328
v -72.590508 146.946030 -34.346642
v -64.611023 156.759369 -39.828674
v -73.387131 150.223755 -40.074543
v -74.053444 149.860703 -40.007687
v -70.917755 148.913956 -35.372498
v -70.147148 147.108154 -42.643993
v -67.677757 145.798340 -37.941933
v -70.543129 146.485138 -42.791512
v -67.903885 145.085236 -37.766041
v -71.414246 148.460815 -34.982216
v -77.310974 141.336746 -34.855927
v -75.299339 138.896530 -36.639076
v -79.017807 142.091034 -38.024181
v -83.406517 133.973221 -35.619442
v -76.888634 139.726425 -39.777142
v -71.882103 153.991470 -32.332973
v -72.613762 154.181824 -32.171486
v -70.064964 152.173264 -27.412615
v -71.950401 148.711868 -34.257092
v -70.133247 146.893646 -29.336752
v -72.681709 148.491013 -34.247673
v -70.739578 146.547729 -28.988897
v -70.671646 152.238541 -26.912703
v -72.959312 145.427536 -28.019304
v -72.878479 151.943375 -25.643286
v -92.775551 149.776260 -22.585321
v -60.606682 152.966522 -34.013760
v -75.352501 147.683975 -34.125813
v -75.271675 154.199799 -31.749781
v -79.022400 151.366440 -24.509401
v -79.498863 146.569656 -26.167124
v -80.797218 152.900940 -28.857306
v -93.733856 149.780075 -22.157213
v -81.083488 148.080673 -30.501631
v -76.148270 160.808380 -17.407690
v -78.506485 158.085938 -17.863935
v -77.020714 161.991135 -20.778158
v -84.525742 165.208160 -15.851905
v -79.271645 159.174759 -21.224165
v -60.970325 150.386536 -26.606474
v -74.886192 154.291901 -25.426554
v -69.776817 156.986267 -18.843367
v -71.223816 159.488373 -24.321318
v -73.489784 152.203217 -19.517160
v -84.208771 164.918076 -15.978934
v 32.554306 237.306610 8.430886
v 33.658543 235.850510 12.517983
v 31.494627 237.962646 10.734048
v 33.403870 236.749435 6.016992
v 34.850994 235.112137 9.924012
v 25.850994 240.356552 3.000215
v 24.578825 241.165009 6.143952
v 25.284740 240.727936 4.609117
v 23.733461 237.622635 4.779908
v 24.299715 237.251251 3.171006
v 23.027554 238.059692 6.314775
v 31.003036 234.201263 8.601701
v 29.943367 234.857346 10.904862
v 22.188238 238.558594 7.762185
v 23.739498 241.663910 7.591378
v 30.235966 238.710785 12.904077
v 28.789486 239.544388 14.922273
v 22.774624 242.219879 8.936212
v 21.694691 242.826981 10.165582
v 21.223356 239.114578 9.107011
v 27.238205 236.439072 15.093080
v 20.143421 239.721649 10.336381
v 18.957600 240.374634 11.438127
v 23.838795 238.329681 18.590616
v 25.617327 237.350220 16.936747
v 28.136789 237.355377 19.381624
v 29.961254 236.329681 17.304697
v 29.946791 236.508865 17.389765
v 30.611746 237.631866 17.233049
v 31.589718 235.391296 15.033616
v 28.684696 235.605469 13.074876
v 33.008034 234.548340 12.589601
v 32.240223 236.693451 14.961999
v 34.200493 233.809952 9.995629
v 34.200001 233.985107 10.134599
v 44.465492 228.835388 9.742845
v 34.717075 235.020203 10.077668
v 34.267204 233.943512 9.988290
v 35.223629 233.316223 7.270768
v 35.503151 233.115662 6.163110
v 35.156933 233.182663 7.278123
v 35.867512 232.672852 4.462426
v 31.852602 233.644135 6.187783
v 32.483814 233.191223 3.686670
v 32.890488 232.847061 1.122697
v 24.720423 236.949402 1.503961
v 24.991640 236.719940 -0.204505
v 36.326328 232.284836 1.575433
v 36.527161 232.023331 -1.354888
v 36.976833 233.587006 1.503793
v 37.177662 233.325531 -1.426512
v 36.347439 232.456909 1.854707
v 36.864552 233.492004 1.797769
v 44.982594 229.870483 9.685929
v 35.934223 232.806381 4.455071
v 36.451294 233.841431 4.398149
v 36.020245 234.150757 6.106172
v 35.740734 234.351318 7.213853
v 34.784286 234.978561 9.931359
v 35.807446 234.484863 7.206498
v 36.518013 233.975006 4.390794
v 34.035084 236.296509 3.515863
v 34.441750 235.952362 0.951883
v 26.542919 239.825256 -0.375312
v 26.271692 240.054703 1.333169
v 26.662348 239.670135 -2.110251
v 34.620567 235.719940 -1.649459
v 25.111088 236.564850 -1.939460
v 34.570255 235.601166 -4.265494
v 26.628038 239.591370 -3.854178
v 26.441298 239.589203 -5.589507
v 24.890028 236.483887 -5.418693
v 25.076780 236.486053 -3.683387
v 33.018978 232.495850 -4.094695
v 32.737888 232.493103 -6.698066
v 33.069298 232.614624 -1.478652
v 36.469959 231.889923 -4.299232
v 36.154461 231.886322 -7.230933
v 36.402275 232.021973 -5.554839
v 36.221157 232.019867 -7.238280
v 35.649632 232.146423 -10.128348
v 35.582920 232.012848 -10.121001
v 32.230927 232.605194 -9.264823
v 34.762554 232.267471 -12.942199
v 34.829254 232.401031 -12.949538
v 60.716366 218.532974 -29.967733
v 33.766972 232.781860 -15.673491
v 32.472553 233.285461 -18.274336
v 33.700241 232.648315 -15.666152
v 31.501690 232.831665 -11.770400
v 32.405842 233.151901 -18.266989
v 30.557707 233.170197 -14.188590
v 23.437099 236.935059 -10.411757
v 29.409145 233.616943 -16.498289
v 22.670429 237.233353 -11.951949
v 28.064882 234.168610 -18.677649
v 30.891783 233.773315 -20.720236
v 29.174122 234.505859 -23.002401
v 30.958481 233.906891 -20.727591
v 29.240829 234.639404 -23.009756
v 28.146242 235.120270 -24.208662
v 28.663338 236.155365 -24.265600
v 27.918463 236.645416 -25.162016
v 27.267971 235.343262 -25.090399
v 25.192640 236.276917 -26.964285
v 24.846872 235.562668 -22.558943
v 25.843153 237.579117 -27.035902
v 26.538990 234.819397 -20.703978
v 20.758070 238.034515 -14.754508
v 19.629793 238.530182 -15.990394
v 23.325842 240.706345 -13.574332
v 22.309359 241.139832 -14.925307
v 21.774572 237.601028 -13.403502
v 24.221689 240.338654 -12.122756
v 29.616152 237.273895 -18.848448
v 24.988379 240.040375 -10.582580
v 30.960424 236.722244 -16.669096
v 34.350754 233.950516 -15.737769
v 33.056355 234.454086 -18.338606
v 32.108955 236.275543 -14.359405
v 33.052940 235.936951 -11.941207
v 35.413067 233.569672 -13.013816
v 34.284046 233.816986 -15.730445
v 36.166706 233.181503 -10.185294
v 35.346348 233.436142 -13.006476
v 36.233414 233.315033 -10.192634
v 36.738262 233.054962 -7.295196
v 36.804955 233.188507 -7.302543
v 33.782188 235.710480 -9.435630
v 34.289165 235.598404 -6.868857
v 26.102757 239.664230 -7.300094
v 25.617367 239.814896 -8.969337
v 24.551487 236.558884 -7.129287
v 24.066088 236.709595 -8.798545
v 37.120453 233.192108 -4.370879
v 36.919365 233.057068 -5.611777
v 61.233444 219.568085 -30.024687
v 32.989635 234.320541 -18.331274
v 31.475582 234.941986 -20.784506
v 29.757935 235.674484 -23.066694
v 29.824623 235.808044 -23.074034
v 31.542295 235.075516 -20.791861
v 28.090252 237.924713 -20.874784
v 26.398153 238.667999 -22.729742
v 21.181051 241.635513 -16.161200
v 24.553904 239.497711 -24.394278
v 19.952106 242.188354 -17.271498
v 18.634333 242.793152 -18.244116
v 22.578205 240.404480 -25.852819
v 18.400848 239.083038 -17.100698
v 17.083052 239.687851 -18.073324
v 15.690184 240.338226 -18.899130
v 21.026955 237.299133 -25.682013
v 18.936821 238.275116 -26.921682
v 14.234365 241.028549 -19.570845
v 16.752588 239.310806 -27.929441
v 20.613466 238.397339 -30.002890
v 18.154526 239.563324 -31.137457
v 15.613611 240.785172 -31.999937
v 18.221228 239.696838 -31.144796
v 15.680312 240.918701 -32.007271
v 20.680174 238.530869 -30.010244
v 21.806684 238.004852 -29.342619
v 21.193262 237.669556 -41.009682
v 21.710356 238.704636 -41.066635
v 22.323778 239.039917 -29.399565
v 14.436739 241.524612 -32.286346
v 14.953823 242.559708 -32.343292
v 16.197405 241.953812 -32.064224
v 13.665486 243.353424 -32.654686
v 16.264114 242.087311 -32.071556
v 18.805019 240.865463 -31.209074
v 16.046837 243.501465 -28.866407
v 13.738982 244.625946 -29.383390
v 12.743481 245.606506 -20.597052
v 11.185661 246.375061 -20.773008
v 11.403257 245.778259 -29.646933
v 9.059967 246.948425 -29.654982
v 11.034374 244.651520 -32.950859
v 8.397020 245.968536 -32.959290
v 13.014983 242.051270 -32.583069
v 10.383893 243.349335 -32.879211
v 9.851988 242.672958 -29.476103
v 7.746539 244.666382 -32.887672
v 12.187712 241.520630 -29.212591
v 9.634401 243.269745 -20.602209
v 14.495565 240.396149 -28.695601
v 11.192201 242.501205 -20.426260
v 12.730012 241.751984 -20.081480
v 14.281283 244.857269 -20.252302
v 15.785645 244.133865 -19.741652
v 20.488092 241.380417 -27.092466
v 18.303869 242.416107 -28.100248
v 17.241453 243.443527 -19.069929
v 21.263977 239.699524 -30.074507
v 23.617968 238.600311 -28.679457
v 18.738310 240.731934 -31.201735
v 21.197258 239.565979 -30.067175
v 22.967487 237.298096 -28.607832
v 23.002644 236.392410 -24.223463
v 7.508698 243.843124 -29.484159
v 8.072318 244.049850 -20.606695
v 9.623577 247.155151 -20.777510
v 6.521694 244.833588 -20.440825
v 8.072974 247.938904 -20.611616
v 4.996952 245.613754 -20.104834
v 6.548232 248.719055 -20.275648
v 6.733714 248.124237 -29.405043
v 4.445797 249.294861 -28.902021
v 5.064134 249.488007 -19.774694
v 3.201292 248.610687 -32.111870
v 5.777379 247.292633 -32.679031
v 2.218183 250.449066 -28.149351
v 0.074141 251.574829 -27.154783
v 0.693073 249.910294 -31.265203
v 3.633799 250.238983 -19.112043
v 2.082539 247.133667 -18.941229
v 2.272285 250.964142 -18.293859
v -1.967622 252.662231 -25.929159
v -3.887794 253.701080 -24.481817
v -1.722093 251.178314 -30.146032
v -4.021214 252.402847 -28.764700
v -4.087924 252.269318 -28.757345
v -6.249371 253.438721 -27.127172
v -6.182640 253.572296 -27.134512
v -1.788793 251.044785 -30.138700
v 0.626363 249.776733 -31.257833
v -14.333938 255.610443 -61.069923
v 8.213763 245.893921 -32.939491
v 8.382136 245.804901 -33.028809
v 5.710670 247.159088 -32.671677
v -8.449862 254.652756 -25.040800
v -8.252500 254.541809 -25.265448
v -14.851031 254.575333 -61.013000
v 7.865044 244.769836 -32.971878
v 3.134603 248.477173 -32.104523
v 7.696660 244.858826 -32.882576
v 5.193576 246.124023 -32.614738
v 5.126897 245.990448 -32.607384
v 5.182434 245.018951 -29.234228
v 2.550820 247.308563 -32.040230
v 2.617509 247.442108 -32.047577
v 0.042580 248.608124 -31.193579
v 0.109259 248.741669 -31.200926
v -2.305886 250.009705 -30.081755
v -4.605007 251.234207 -28.700407
v -2.372575 249.876160 -30.074400
v -1.477118 248.469543 -26.983969
v 0.666914 247.343781 -27.978567
v -4.671696 251.100677 -28.693075
v -3.518891 249.556915 -25.758360
v -6.833153 252.270126 -27.062880
v -5.439064 250.595764 -24.311003
v -8.836303 253.373169 -25.201178
v -6.766464 252.403656 -27.070211
v -8.769592 253.506714 -25.208517
v -8.966954 253.617661 -24.983877
v -10.010264 255.701050 -23.195875
v -10.660756 254.398865 -23.124250
v -12.289222 255.337280 -20.853178
v -8.838487 252.486328 -20.813467
v -11.638720 256.639435 -20.924795
v -7.217606 251.575195 -22.657118
v -1.743691 249.203751 -16.056768
v -2.823635 249.810837 -14.827392
v -0.557880 248.550751 -17.158499
v -0.192421 252.309052 -16.227560
v -1.272355 252.916153 -14.998191
v 0.993390 251.656067 -17.329298
v -5.666337 254.680496 -22.827932
v -7.287217 255.591644 -20.984266
v -2.237239 253.472137 -13.653365
v -8.185789 254.675354 -25.272818
v -8.733727 256.425262 -18.966070
v -9.992357 257.173401 -16.796057
v -13.057041 257.482391 -18.480810
v -11.052046 257.829407 -14.492873
v -3.076565 253.971039 -12.205955
v -3.782450 254.408066 -10.671096
v -4.627824 250.865692 -12.035140
v -3.788498 250.366821 -13.482551
v -10.284976 253.319916 -18.795256
v -11.543627 254.068054 -16.625235
v -13.707544 256.180206 -18.409163
v -14.899998 256.918610 -15.815207
v -12.603306 254.724121 -14.322082
v -13.452872 255.281296 -11.908172
v -5.333730 251.302795 -10.500297
v -5.899984 251.674133 -8.891387
v -15.856455 257.545837 -13.097693
v -16.567015 258.055725 -10.281974
v -15.413482 257.432617 -14.174079
v -15.789755 257.679382 -13.105041
v -16.500324 258.189270 -10.289336
v -24.375824 261.712891 -17.753813
v -16.526228 258.211151 -10.126540
v -16.375332 259.745911 -7.466590
v -17.025845 258.443726 -7.394980
v -16.009146 259.246246 -10.183471
v -23.858721 262.747986 -17.810751
v -15.983221 259.224335 -10.346251
v -15.916501 259.357910 -10.353614
v -15.205962 258.848053 -13.169333
v -12.532813 258.839508 -9.577849
v -12.939479 259.183716 -7.013862
v -13.118328 259.416107 -4.412536
v -5.040649 255.310791 -5.686675
v -5.160088 255.465866 -3.951728
v -6.677050 252.439362 -2.036994
v -13.067999 259.534821 -1.796492
v -6.591909 252.205444 -5.515876
v -5.125770 255.544678 -2.207808
v -6.711348 252.360565 -3.780921
v -14.619268 256.429535 -1.625693
v -14.669579 256.310760 -4.241729
v -14.490748 256.078369 -6.843062
v -14.084073 255.734161 -9.407050
v -17.226662 258.705200 -4.464690
v -17.169464 258.838593 -1.520316
v -16.518970 260.140808 -1.591956
v -16.576159 260.007355 -4.536292
v -16.451307 260.008728 -0.336356
v -16.968380 258.973663 -0.279410
v -16.203474 260.144409 1.339731
v -12.786892 259.537598 0.806878
v -12.279937 259.425537 3.373636
v -4.939028 255.546814 -0.472487
v -6.151766 252.366486 1.408899
v -4.600496 255.471771 1.238099
v -6.490297 252.441513 -0.301673
v -13.831196 256.320251 3.544435
v -14.338162 256.432312 0.977670
v -16.853977 258.842224 1.411355
v -16.282423 258.715698 4.301438
v -15.462047 258.461029 7.122651
v -16.787277 258.975769 1.404016
v -16.215733 258.849213 4.294084
v -15.395358 258.594574 7.115281
v -14.333057 258.213715 9.839250
v -41.282452 272.462616 24.133463
v -8.712355 255.875366 18.374407
v -9.806947 256.356232 17.175508
v -11.524591 257.088745 14.893334
v -40.765366 273.497742 24.076548
v -8.195251 256.910431 18.317492
v -13.038662 257.710175 12.440080
v -13.105341 257.576660 12.447442
v -12.157954 255.755188 8.468217
v -11.009416 255.308472 10.777917
v -11.591281 256.955231 14.900681
v -14.399746 258.080200 9.846581
v -13.101937 256.093750 6.050019
v -5.037370 251.990326 4.691392
v -5.666378 252.215820 3.078157
v -4.115098 255.321136 2.907357
v -11.550677 259.199066 5.879212
v -3.486110 255.095642 4.520585
v -2.719429 254.797363 6.060769
v -10.606695 258.860474 8.297410
v -9.458147 258.413757 10.607110
v -12.454848 258.878784 12.375802
v -13.749275 259.382324 9.774972
v -8.113873 257.862122 12.786477
v -6.587994 257.211334 14.812799
v -0.807078 253.996185 8.863313
v -1.823572 254.429688 7.512338
v -10.940809 258.257355 14.829072
v -11.007498 258.123840 14.836411
v -9.289853 257.391296 17.118563
v -9.223144 257.524841 17.111208
v -7.317005 256.687439 19.199205
v -4.895883 256.468048 16.667757
v -3.051656 255.638306 18.332293
v 1.550152 252.947662 11.209512
v 0.321208 253.500549 10.099236
v -1.230052 250.395218 10.270028
v -2.358358 250.890869 9.034120
v -0.001107 249.842377 11.380311
v 1.316668 249.237579 12.352937
v -6.447153 253.362747 16.838556
v -2.627227 251.626251 19.961641
v -4.602915 252.532990 18.503092
v -5.892143 254.451614 21.144754
v -3.666979 253.430420 22.788263
v -1.312957 252.331207 24.183329
v -3.016477 254.732590 22.716639
v -2.372780 252.990799 23.508364
v -1.855697 254.025879 23.451426
v -1.759364 253.326080 35.175415
v -1.246268 252.464752 24.175974
v 1.212677 251.298782 25.310549
v 1.145978 251.165268 25.317911
v 1.647142 249.614594 22.209063
v 3.686886 249.943359 26.180368
v -0.537092 250.650299 21.201311
v 4.165376 247.896851 13.850457
v 2.709548 248.587173 13.178750
v 4.260818 251.692490 13.007951
v 5.716656 251.002167 13.679673
v 7.220999 250.278748 14.190301
v 5.455433 251.634552 22.804415
v 3.198422 252.719910 22.038263
v 1.014178 253.755615 21.030504
v -0.662465 253.633362 24.111704
v -1.075947 254.731567 19.790842
v 2.867948 252.342865 12.182145
v -5.241661 255.753784 21.073092
v 1.796470 252.467377 25.246271
v -0.729175 253.499847 24.119043
v 1.729760 252.333893 25.253618
v -1.242281 254.361176 35.118492
v 4.270679 251.112000 26.116091
v 5.514261 250.506104 26.395151
v 4.337399 251.245560 26.108736
v 6.936006 249.979446 26.691874
v 7.763267 250.510101 23.321390
v 10.099002 249.357773 23.584940
v 10.316588 248.760956 14.711015
v 8.758800 249.529495 14.535066
v 8.765328 245.655670 14.881829
v 7.207519 246.424194 14.705865
v 3.904164 248.529251 22.975214
v 5.669729 247.173447 14.361108
v 6.212018 247.404785 23.492220
v 8.547743 246.252457 23.755732
v 6.285524 248.677277 26.763506
v 8.916604 247.379211 27.059656
v 11.553948 246.062164 27.068110
v 9.567118 248.681412 26.988039
v 12.204441 247.364349 26.996492
v 12.442303 248.187592 23.592981
v 14.768546 247.011765 23.343035
v 13.429317 247.197113 14.549638
v 11.878683 247.980865 14.715531
v 10.327423 244.875549 14.886323
v 11.878026 244.091797 14.720422
v 15.505202 242.735855 23.010843
v 13.217286 243.906464 23.513865
v 13.402768 243.311646 14.384454
v 10.891023 245.082306 23.763796
v 14.954037 246.416946 14.213662
v 16.438126 245.648010 13.712708
v 17.056473 245.841187 22.840029
v 19.284086 244.686951 22.087358
v 17.400202 244.722168 26.149065
v 14.824103 246.040222 26.716211
v 17.333490 244.588654 26.156389
v 14.757413 245.906708 26.723551
v 14.474041 246.049957 26.753878
v 36.656261 236.474976 54.138290
v 36.139191 235.439880 54.195244
v 13.956937 245.014877 26.810816
v 14.240311 244.871658 26.780481
v 14.173600 244.738113 26.787821
v 16.749687 243.419983 26.220667
v 19.257917 242.120422 25.374010
v 19.324627 242.253967 25.366671
v 16.816387 243.553543 26.213327
v 21.739794 240.985901 24.247507
v 21.673063 240.852386 24.254854
v 24.038902 239.761414 22.866175
v 23.972193 239.627838 22.873522
v 21.918633 239.368469 20.037973
v 26.133640 238.458435 21.243311
v 19.876869 240.455856 21.263597
v 16.317202 241.791748 13.220841
v 17.732817 241.581650 22.258165
v 14.886867 242.542709 13.883508
v 17.678705 241.066589 12.402680
v 17.868471 244.897034 13.050042
v 19.229986 244.171890 12.231881
v 21.428118 243.561203 21.092791
v 23.469891 242.473816 19.867174
v 25.390053 241.434982 18.419832
v 24.622705 240.930054 22.801905
v 22.323576 242.154526 24.183229
v 22.256865 242.021027 24.190577
v 19.908430 243.422607 25.302385
v 19.841709 243.289093 25.309740
v 24.555996 240.796509 22.809244
v 26.717443 239.627075 21.179026
v 28.720592 238.523987 19.317339
v 26.784153 239.760605 21.171694
v 28.787281 238.657562 19.309992
v 30.463873 237.543976 17.332850
v 27.168615 240.455505 16.765947
v 30.632248 237.454956 17.243532
v 30.115164 236.419861 17.300463
v 20.508869 243.479965 11.267312
v 26.200350 238.591980 21.235971
v 28.203491 237.488922 19.374269
v 4.997168 249.471008 26.452105
v 3.753595 250.076904 26.173037
v -7.967486 255.385315 19.270830
v -8.139274 254.106018 14.983598
v -9.873627 256.222687 17.182863
v -9.665153 254.756805 12.957276
v -3.374852 251.324371 7.683122
v -4.270699 251.692047 6.231576
v -12.521558 258.745239 12.383164
v -13.815964 259.248840 9.782311
v -14.878275 259.629700 7.058358
v -14.811566 259.763245 7.051011
v -15.698640 259.884308 4.237176
v -15.631910 260.017883 4.229821
v -16.270174 260.010864 1.347078
v -6.320693 251.976013 -7.224341
v -4.769413 255.081329 -7.395148
v -4.348725 254.779449 -9.062186
v -11.901603 258.386597 -12.078971
v -14.249495 258.220764 -15.886817
v -14.896379 258.467712 -14.231009
v -14.316203 258.087219 -15.879478
v -13.242112 257.422150 -18.215895
v -13.759196 256.387054 -18.158964
v -14.833307 257.052155 -15.822547
v -15.272662 258.714508 -13.161971
v 0.721005 247.858826 -18.123060
v 3.512864 246.382690 -19.603895
v 2.894517 246.189575 -28.731222
vn -0.6924 -0.5343 0.4850
vn 0.5774 -0.3913 0.7166
vn 0.7912 -0.2166 -0.5719
vn -0.5008 -0.3593 -0.7875
vn 0.6858 0.6261 -0.3710
vn -0.5276 0.4890 -0.6946
vn 0.8223 0.5660 0.0583
vn -0.1554 0.3506 -0.9236
vn -0.3258 0.9268 0.1867
vn -0.9980 -0.0418 0.0469
vn -0.1014 0.2250 0.9691
vn 0.3613 0.4755 0.8021
vn -0.7710 0.3436 0.5362
vn -0.8115 0.3997 0.4264
vn 0.2734 -0.6175 0.7375
vn -0.5234 0.1884 -0.8310
vn -0.7654 0.3248 0.5556
vn -0.5233 0.1884 -0.8310
vn -0.4450 0.3566 -0.8215
vn -0.4916 0.2622 -0.8304
vn 0.4009 -0.4348 0.8064
vn 0.0920 0.1811 -0.9792
vn -0.3036 0.3916 -0.8686
vn 0.4756 -0.2963 0.8283
vn 0.3428 0.3662 -0.8651
vn -0.3284 0.3648 -0.8712
vn 0.1366 -0.0177 -0.9905
vn 0.4916 -0.2622 0.8304
vn 0.0294 0.1297 -0.9911
vn 0.4450 -0.3566 0.8215
vn 0.4450 -0.3566 0.8214
vn 0.5234 -0.1884 0.8310
vn 0.5233 -0.1883 0.8310
vn -0.3266 0.5479 -0.7702
vn -0.1345 0.5508 -0.8238
vn 0.0832 -0.0613 -0.9946
vn 0.5336 -0.1624 0.8300
vn 0.5952 0.0288 0.8031
vn 0.5952 0.0288 0.8030
vn 0.6369 0.2583 0.7264
vn 0.6393 0.4830 0.5984
vn 0.6216 0.5968 0.5074
vn 0.7654 -0.3248 -0.5556
vn 0.7216 0.3128 0.6177
vn 0.8167 -0.4829 0.3158
vn -0.5856 -0.7095 -0.3920
vn 0.9508 0.0469 -0.3061
vn 0.7323 0.6263 0.2676
vn -0.7654 0.3248 0.5557
vn -0.6216 -0.5968 -0.5074
vn 0.7323 0.6262 0.2675
vn 0.6798 0.7295 0.0760
vn 0.0600 0.6900 -0.7213
vn 0.6798 0.7294 0.0760
vn 0.1132 -0.7819 0.6130
vn 0.9068 0.0421 -0.4195
vn -0.5103 -0.8323 -0.2164
vn 0.1976 -0.4769 -0.8564
vn 0.7976 -0.5762 0.1783
vn -0.2248 0.6740 -0.7037
vn 0.9572 -0.0299 -0.2880
vn -0.6183 -0.6105 -0.4949
vn -0.6300 -0.5543 -0.5439
vn -0.1473 0.7520 -0.6425
vn -0.1474 0.7520 -0.6425
vn 0.5858 -0.6046 -0.5397
vn 0.0940 -0.7977 0.5957
vn 0.0119 -0.6437 0.7651
vn 0.5753 -0.0417 0.8169
vn 0.7655 -0.3247 -0.5555
vn 0.7654 -0.3248 -0.5557
vn -0.3251 0.5500 -0.7693
vn -0.2667 0.6257 -0.7331
vn -0.7336 -0.6217 -0.2744
vn -0.6826 -0.1919 -0.7052
vn 0.6318 0.2146 0.7448
vn 0.5878 0.7042 0.3981
vn 0.6219 0.1509 0.7684
vn 0.6350 0.2404 0.7342
vn 0.8977 -0.2396 0.3697
vn -0.5665 0.0698 -0.8211
vn 0.5545 -0.0648 0.8297
vn -0.6309 -0.2083 -0.7473
vn -0.6912 -0.2151 -0.6899
vn -0.6219 -0.1509 -0.7684
vn -0.6690 -0.1580 -0.7263
vn 0.6431 -0.1171 -0.7568
vn -0.0940 0.7977 -0.5957
vn -0.5753 0.0417 -0.8169
vn -0.7653 0.3248 0.5557
vn 0.3251 -0.5500 0.7693
vn 0.2667 -0.6257 0.7331
vn 0.1473 -0.7520 0.6425
vn 0.6183 0.6105 0.4949
vn 0.6349 0.5223 0.5693
vn 0.6435 0.3771 0.6661
vn -0.6393 -0.4830 -0.5983
vn -0.6369 -0.2583 -0.7264
vn 0.5796 -0.0274 0.8144
vn 0.6233 0.1589 0.7657
vn -0.5952 -0.0288 -0.8030
vn -0.5952 -0.0288 -0.8031
vn -0.5336 0.1624 -0.8300
vn -0.7650 0.3262 0.5554
vn -0.5102 -0.8324 -0.2164
vn -0.3422 0.5258 -0.7787
vn 0.5884 0.0034 0.8085
vn 0.4080 -0.4229 0.8092
vn 0.4080 -0.4228 0.8092
vn 0.6435 0.3996 0.6529
vn -0.5436 -0.7884 -0.2879
vn 0.2974 -0.7273 -0.6185
vn 0.0760 0.8419 -0.5342
vn 0.6370 0.7703 -0.0295
vn -0.7320 -0.3570 -0.5803
vn -0.6431 -0.3526 -0.6798
vn 0.5436 0.7884 0.2879
vn 0.3422 -0.5258 0.7787
vn -0.5884 -0.0034 -0.8086
vn -0.5884 -0.0034 -0.8085
vn -0.4080 0.4228 -0.8092
vn -0.6435 -0.3771 -0.6661
vn -0.6349 -0.5223 -0.5693
vn 0.7654 -0.3247 -0.5556
vn -0.6233 -0.1589 -0.7657
vn -0.5796 0.0274 -0.8144
vn -0.4755 0.2963 -0.8283
vn -0.1383 0.7468 0.6505
vn -0.2514 0.5919 0.7658
vn 0.0508 0.8398 0.5405
vn 0.2301 0.8496 0.4745
vn -0.8395 0.5343 0.0991
vn 0.2331 0.8978 -0.3736
vn 0.8619 0.3369 -0.3789
vn -0.2584 0.9315 -0.2558
vn -0.4806 0.7721 -0.4158
vn -0.5114 0.7577 -0.4054
vn -0.1601 0.8137 -0.5589
vn -0.1465 0.8114 -0.5658
vn 0.0344 0.7729 -0.6337
vn 0.2475 0.7363 -0.6298
vn -0.1459 0.8119 -0.5652
vn -0.5090 0.7674 -0.3900
vn -0.0812 0.8326 -0.5479
vn 0.1436 0.7613 -0.6323
vn 0.4693 0.6991 -0.5395
vn 0.8630 0.3310 0.3817
vn 0.9105 0.2391 0.3372
vn 0.5966 0.3065 -0.7417
vn 0.6197 0.1215 0.7753
vn 0.8986 0.4384 -0.0187
vn 0.4442 0.5489 -0.7081
vn 0.5489 0.0924 0.8308
vn 0.9306 0.3630 -0.0480
vn 0.8436 0.5182 0.1406
vn 0.8486 0.4182 0.3239
vn -0.2993 -0.5735 0.7626
vn 0.7044 0.4623 -0.5386
vn 0.9010 0.1723 0.3981
vn 0.4543 0.4048 0.7936
vn 0.0212 0.4678 -0.8836
vn 0.7684 0.5499 -0.3274
vn 0.8054 0.1984 0.5586
vn 0.8961 0.4432 -0.0250
vn 0.7579 0.5795 -0.2996
vn 0.1424 0.4900 -0.8600
vn 0.5665 -0.0674 0.8213
vn 0.4380 -0.1595 0.8847
vn 0.8419 0.2868 0.4571
vn 0.5167 0.1119 0.8488
vn 0.5433 -0.0728 0.8364
vn 0.8866 0.3018 0.3504
vn -0.9346 0.2392 0.2631
vn -0.9345 0.1703 0.3127
vn -0.2880 0.3839 0.8773
vn -0.1880 0.1011 0.9769
vn -0.8137 -0.3031 0.4960
vn -0.8825 0.4660 -0.0640
vn -0.7499 0.6215 -0.2266
vn -0.7577 0.6140 -0.2214
vn -0.7582 0.6119 -0.2252
vn -0.9479 0.3184 0.0120
vn -0.9699 0.2424 -0.0220
vn -0.2429 0.7866 -0.5676
vn -0.8363 0.0878 0.5411
vn -0.1510 0.8338 -0.5310
vn 0.0701 0.9973 -0.0224
vn 0.0849 0.9964 -0.0069
vn -0.7416 -0.4387 0.5075
vn -0.7403 -0.4346 0.5129
vn -0.5355 -0.5706 0.6226
vn 0.3464 -0.8177 0.4598
vn 0.1990 -0.7769 0.5973
vn -0.9304 -0.1465 0.3359
vn -0.8755 -0.2122 0.4341
vn 0.0572 -0.8240 0.5638
vn -0.8794 -0.2158 0.4244
vn -0.6162 -0.5989 0.5114
vn -0.6185 -0.5599 0.5514
vn -0.5557 0.8290 0.0628
vn -0.5124 0.8583 0.0269
vn -0.5311 0.5603 0.6356
vn -0.2676 0.9044 0.3323
vn -0.3309 0.8436 0.4229
vn 0.1683 0.9630 -0.2103
vn -0.1230 0.4164 0.9008
vn -0.5666 -0.5548 0.6092
vn -0.5264 0.5691 0.6316
vn -0.5713 0.4046 0.7141
vn -0.5738 0.3970 0.7163
vn -0.6424 -0.2290 0.7314
vn -0.6384 -0.4915 0.5923
vn 0.7532 0.6383 -0.1591
vn 0.7038 0.6532 0.2794
vn 0.1464 0.3146 0.9379
vn 0.7449 0.6449 -0.1710
vn 0.7309 0.6167 -0.2925
vn 0.9161 0.3089 0.2558
vn 0.7483 0.6130 -0.2537
vn 0.5161 0.6425 -0.5664
vn 0.4725 0.7016 -0.5334
vn 0.7913 0.5664 -0.2305
vn 0.7498 0.0646 0.6585
vn 0.2097 -0.4089 0.8882
vn 0.5148 -0.1311 0.8473
vn 0.3797 -0.2473 0.8914
vn 0.6226 0.7198 -0.3069
vn 0.4048 0.4761 0.7806
vn 0.6975 0.6596 0.2801
vn 0.7744 0.6305 -0.0532
vn 0.2672 0.4670 0.8429
vn -0.0395 0.2762 0.9603
vn -0.3587 0.1406 0.9228
vn 0.2029 0.4123 0.8881
vn 0.0984 0.0199 0.9949
vn 0.6088 0.2328 0.7584
vn 0.4341 0.8459 0.3098
vn 0.5155 0.7464 0.4207
vn 0.6764 0.5866 0.4454
vn 0.7673 0.3814 0.5155
vn 0.7667 0.1495 0.6244
vn 0.7870 0.4664 -0.4038
vn 0.4003 0.7770 -0.4858
vn 0.0004 0.8208 -0.5712
vn 0.2668 0.7741 -0.5741
vn 0.6847 0.3626 -0.6322
vn 0.9380 0.1477 -0.3137
vn 0.8504 0.0640 -0.5222
vn 0.2603 0.7284 -0.6338
vn 0.6655 0.3821 -0.6411
vn 0.8351 0.0916 -0.5424
vn 0.6718 0.4248 -0.6068
vn 0.6399 0.4821 -0.5985
vn 0.5258 0.5622 -0.6383
vn 0.9728 -0.1617 -0.1657
vn 0.9177 -0.3907 -0.0724
vn 0.9008 -0.2434 -0.3596
vn -0.9339 -0.2876 -0.2123
vn -0.7485 -0.4447 0.4920
vn -0.8560 -0.1263 -0.5013
vn -0.9043 -0.4177 -0.0879
vn 0.0575 0.5073 -0.8598
vn -0.1768 0.2850 -0.9421
vn 0.2166 0.3779 -0.9001
vn -0.9340 -0.3205 0.1577
vn -0.7137 -0.4049 0.5715
vn -0.8328 -0.4192 0.3616
vn -0.6106 0.3447 0.7130
vn -0.9744 -0.2223 0.0334
vn -0.5396 -0.0179 -0.8417
vn -0.8815 -0.4386 0.1749
vn -0.5558 0.1500 -0.8177
vn -0.8715 -0.2111 -0.4426
vn -0.9347 -0.3359 -0.1161
vn 0.1263 0.4831 -0.8664
vn -0.4597 -0.5300 0.7126
vn -0.2153 0.4011 -0.8904
vn -0.5860 0.0809 -0.8062
vn -0.6459 -0.5810 0.4952
vn -0.8749 -0.1469 -0.4614
vn -0.9073 -0.3886 -0.1607
vn -0.5408 0.1312 -0.8309
vn -0.7054 -0.5367 0.4630
vn -0.8892 -0.2849 -0.3579
vn 0.2788 -0.1619 0.9466
vn 0.4265 -0.1587 0.8904
vn 0.2459 -0.8876 0.3895
vn 0.4277 -0.8449 0.3212
vn 0.0875 -0.8854 0.4566
vn 0.4814 -0.8281 0.2871
vn 0.8749 0.1209 -0.4690
vn 0.8789 0.1091 -0.4644
vn 0.5587 0.5839 -0.5890
vn 0.8702 0.0638 -0.4885
vn 0.8536 0.1118 -0.5088
vn 0.3284 -0.9357 0.1290
vn 0.1135 -0.9796 0.1656
vn 0.4163 0.6692 -0.6155
vn 0.5743 0.2794 -0.7695
vn 0.3866 -0.9199 0.0662
vn 0.4248 0.6459 -0.6343
vn 0.4676 0.6054 -0.6441
vn 0.5036 0.6015 -0.6202
vn 0.5933 0.3774 -0.7110
vn 0.4927 0.6658 -0.5604
vn -0.3832 -0.8162 0.4323
vn -0.8746 -0.2127 0.4358
vn -0.0665 -0.8617 0.5031
vn -0.8174 -0.1609 0.5531
vn -0.8155 -0.1842 0.5487
vn 0.1591 -0.8174 0.5536
vn -0.5581 -0.5758 0.5975
vn 0.1329 -0.8616 0.4899
vn -0.3200 -0.7391 0.5928
vn 0.0940 -0.8914 0.4435
vn 0.5078 -0.8144 0.2808
vn 0.0151 -0.8799 0.4749
vn 0.7256 -0.4703 -0.5023
vn 0.6687 -0.6305 -0.3940
vn 0.1260 -0.9706 0.2049
vn 0.6225 -0.0757 -0.7790
vn 0.5600 -0.3631 -0.7447
vn 0.3517 -0.7807 -0.5166
vn 0.5463 0.5630 -0.6202
vn 0.6768 0.1374 -0.7232
vn 0.6143 -0.1784 -0.7686
vn -0.5912 -0.6996 0.4012
vn -0.1336 -0.7200 -0.6810
vn -0.4812 -0.8745 -0.0600
vn -0.1013 -0.8964 0.4316
vn 0.2038 -0.9041 -0.3755
vn -0.3296 -0.8970 0.2946
vn 0.6485 0.6050 -0.4620
vn -0.3393 -0.8266 -0.4490
vn -0.1677 -0.7189 -0.6746
vn -0.6149 -0.7779 0.1291
vn 0.7628 -0.6385 0.1025
vn 0.5973 -0.7871 0.1540
vn 0.0257 0.9988 0.0424
vn 0.4474 0.5263 -0.7231
vn 0.0120 0.0157 -0.9998
vn -0.7156 -0.3898 -0.5796
vn 0.0405 0.5395 -0.8410
vn -0.6318 0.1354 -0.7632
vn -0.5275 -0.1901 -0.8280
vn -0.6103 -0.5924 0.5259
vn -0.6401 -0.5795 0.5044
vn -0.8214 0.0757 -0.5653
vn -0.6298 -0.5502 0.5483
vn -0.9181 -0.3933 -0.0480
vn 0.5920 0.6570 -0.4669
vn 0.3887 -0.0692 -0.9188
vn 0.5928 0.3853 -0.7072
vn 0.0873 0.3663 -0.9264
vn 0.5031 0.2017 -0.8403
vn -0.2559 -0.3501 -0.9011
vn -0.3006 -0.3783 -0.8755
vn -0.7950 -0.6064 0.0167
vn 0.2302 -0.0044 -0.9731
vn -0.8020 -0.5302 0.2751
vn -0.8548 -0.5012 0.1344
vn -0.8262 -0.5622 0.0362
vn -0.6264 -0.5659 0.5361
vn -0.8240 -0.5647 0.0466
vn -0.7373 -0.4447 0.5086
vn -0.8271 -0.5613 -0.0296
vn -0.8171 0.5705 0.0830
vn 0.1019 0.9240 -0.3685
vn -0.5854 0.8056 -0.0918
vn -0.7034 0.7102 -0.0302
vn -0.0879 0.9391 -0.3321
vn 0.5975 0.6431 -0.4789
vn -0.4327 0.8795 -0.1983
vn 0.6182 0.4810 -0.6216
vn -0.2628 0.8172 -0.5130
vn -0.2148 -0.7341 0.6441
vn 0.8780 0.4001 0.2628
vn 0.8648 0.3072 0.3973
vn 0.8308 0.5413 0.1293
vn 0.6656 0.4998 -0.5542
vn 0.7120 0.4936 -0.4995
vn 0.5973 0.1545 0.7870
vn 0.5806 0.1169 0.8057
vn 0.4185 0.0004 0.9082
vn 0.2923 0.5875 -0.7546
vn 0.8204 0.5508 -0.1535
vn 0.7758 0.6019 -0.1894
vn 0.4866 -0.0953 0.8684
vn 0.4341 -0.1662 0.8854
vn 0.4778 0.0175 0.8783
vn -0.5330 -0.5849 0.6113
vn 0.0066 -0.0908 0.9959
vn -0.9050 -0.1164 0.4092
vn -0.4180 -0.7298 0.5410
vn -0.9645 0.2105 0.1595
vn -0.8721 0.4814 -0.0876
vn -0.9734 0.0069 0.2288
vn -0.9085 0.4079 -0.0912
vn -0.9822 0.0440 0.1825
vn -0.4806 0.7531 -0.4494
vn 0.2062 0.8451 -0.4932
vn 0.2205 0.8325 -0.5082
vn -0.3626 0.9319 -0.0004
vn 0.0233 0.9465 -0.3217
vn -0.5764 -0.5913 0.5640
vn 0.3515 -0.8739 0.3359
vn 0.3552 -0.8129 0.4615
vn -0.8897 -0.2509 0.3813
vn -0.4918 -0.5948 0.6360
vn -0.6832 -0.5207 0.5120
vn -0.6616 0.7437 0.0959
vn -0.5812 0.8076 0.1003
vn -0.8662 0.2037 0.4564
vn -0.7942 0.2865 0.5359
vn -0.4701 0.8720 0.1366
vn 0.1614 0.9788 -0.1262
vn 0.5745 0.8062 -0.1418
vn -0.3416 0.8336 0.4341
vn -0.1948 0.9470 0.2555
vn 0.2445 0.8005 0.5472
vn 0.3727 0.9259 0.0615
vn 0.5392 0.8137 -0.2175
vn 0.4201 -0.1403 0.8966
vn -0.7220 -0.4523 0.5237
vn -0.7140 -0.4220 0.5587
vn -0.7201 0.4134 0.5573
vn -0.5966 -0.4295 0.6779
vn -0.5967 -0.4295 0.6778
vn -0.6425 0.1481 0.7518
vn -0.6667 -0.0657 0.7425
vn -0.6767 -0.2230 0.7017
vn -0.5099 -0.0730 0.8571
vn -0.6567 -0.2809 0.6999
vn -0.2029 0.2951 0.9337
vn 0.7536 0.6386 -0.1562
vn 0.7446 0.6465 -0.1664
vn 0.7438 0.6481 -0.1636
vn 0.7725 0.6032 0.1985
vn 0.3990 0.5701 -0.7182
vn 0.5201 0.7169 -0.4642
vn 0.8090 0.1547 0.5670
vn 0.3191 -0.2979 0.8997
vn 0.8223 0.1965 0.5341
vn -0.3810 -0.7419 0.5517
vn -0.5780 -0.4687 0.6680
vn -0.0211 0.1798 0.9835
vn 0.0822 0.2303 0.9696
vn 0.0949 0.2393 0.9663
vn -0.4436 -0.2589 0.8580
vn 0.6500 0.5446 0.5301
vn 0.0703 0.3694 0.9266
vn -0.5275 -0.4253 0.7355
vn -0.4055 0.1699 0.8982
vn 0.1385 -0.3625 0.9216
vn -0.5145 -0.3276 0.7924
vn -0.5655 -0.4671 0.6798
vn -0.4816 -0.2895 0.8272
vn -0.4102 -0.3262 0.8517
vn 0.5701 0.7389 0.3593
vn 0.4403 0.7572 -0.4826
vn 0.4221 0.7765 -0.4678
vn 0.7502 0.5226 -0.4051
vn 0.9330 0.1702 -0.3172
vn 0.9672 -0.1991 -0.1575
vn 0.0684 0.9374 -0.3415
vn 0.6052 0.6693 -0.4310
vn -0.2457 0.9288 -0.2773
vn 0.5377 0.5276 -0.6576
vn 0.4938 0.5787 -0.6491
vn 0.2683 0.7258 -0.6334
vn 0.2946 0.7571 -0.5832
vn 0.5024 0.5805 -0.6407
vn 0.3257 0.6552 -0.6816
vn 0.3680 0.6969 -0.6156
vn 0.5919 0.5070 -0.6266
vn 0.2513 0.6715 -0.6971
vn 0.3720 0.7280 -0.5759
vn -0.8955 -0.3361 -0.2918
vn -0.7182 -0.2436 -0.6519
vn -0.8526 -0.1810 -0.4902
vn -0.8053 -0.4122 0.4261
vn 0.3392 -0.1730 0.9247
vn -0.5574 0.0899 -0.8254
vn -0.5898 0.0109 -0.8075
vn -0.6009 -0.0153 -0.7992
vn -0.5266 0.0778 -0.8465
vn -0.8207 -0.3972 0.4107
vn 0.0348 0.4688 -0.8826
vn 0.0477 0.5158 -0.8554
vn -0.1937 0.3184 -0.9279
vn 0.1280 0.4825 -0.8665
vn 0.1267 0.5060 -0.8532
vn 0.0382 0.5613 -0.8267
vn 0.1321 0.5121 -0.8487
vn -0.5682 0.1349 -0.8117
vn -0.2799 -0.4759 0.8338
vn -0.6849 -0.5457 0.4829
vn -0.7389 -0.4488 0.5026
vn -0.7686 -0.4255 0.4777
vn -0.7037 -0.5353 0.4672
vn -0.8802 -0.4620 0.1087
vn 0.6281 -0.0611 0.7757
vn 0.0865 -0.8875 0.4526
vn -0.2470 -0.8278 0.5037
vn 0.9481 -0.1343 -0.2883
vn 0.8890 0.0899 -0.4491
vn 0.6253 0.5309 -0.5719
vn 0.3315 0.6893 -0.6442
vn 0.3784 0.7128 -0.5905
vn 0.5650 0.4822 -0.6695
vn 0.4892 0.3856 -0.7823
vn 0.6278 -0.0758 -0.7747
vn 0.5820 0.3969 -0.7098
vn 0.5858 0.4329 -0.6852
vn 0.4854 0.6774 -0.5527
vn -0.8141 -0.1884 0.5493
vn 0.2086 -0.7845 0.5840
vn -0.7350 -0.2564 0.6277
vn -0.0276 -0.8258 0.5634
vn -0.1130 -0.7770 0.6193
vn 0.3956 -0.8356 0.3811
vn -0.7116 -0.2469 0.6577
vn -0.2259 -0.5671 0.7921
vn 0.7156 -0.6871 0.1259
vn -0.8396 -0.5411 0.0490
vn 0.4745 -0.8300 0.2931
vn 0.7239 -0.6800 0.1165
vn 0.5313 -0.8444 -0.0694
vn 0.7427 -0.4935 -0.4526
vn 0.7748 0.0383 -0.6311
vn 0.3799 -0.7448 -0.5485
vn 0.6226 0.0892 -0.7775
vn 0.4934 0.6789 -0.5437
vn 0.3713 -0.7575 -0.5370
vn 0.6393 0.5834 -0.5010
vn 0.4721 0.1255 -0.8726
vn 0.3753 -0.0022 -0.9269
vn 0.3215 -0.0094 -0.9468
vn 0.0788 -0.8947 0.4396
vn 0.0732 -0.9971 -0.0197
vn 0.6904 -0.4639 -0.5551
vn 0.1247 -0.9854 0.1163
vn -0.1668 -0.9409 0.2949
vn -0.2824 -0.9346 0.2161
vn 0.0090 -0.9894 -0.1448
vn -0.4414 -0.8121 0.3816
vn 0.0170 -0.9881 -0.1531
vn -0.5966 -0.8008 0.0518
vn 0.2780 -0.2560 -0.9258
vn -0.5914 -0.8059 0.0271
vn 0.7472 -0.6531 0.1227
vn 0.8756 -0.4462 -0.1853
vn 0.7292 -0.6826 0.0492
vn 0.9002 -0.2495 -0.3570
vn 0.8098 -0.5792 -0.0931
vn 0.8896 -0.4464 -0.0965
vn 0.8171 -0.5756 0.0332
vn 0.4271 0.0496 -0.9028
vn 0.3922 -0.0324 -0.9193
vn 0.3895 0.0226 -0.9207
vn -0.5285 -0.2618 -0.8076
vn -0.3371 0.0358 -0.9408
vn -0.0897 0.5477 -0.8319
vn -0.0977 0.5598 -0.8228
vn 0.0352 0.5330 -0.8454
vn -0.9647 -0.0649 -0.2553
vn -0.9011 -0.3576 -0.2452
vn -0.8646 -0.4946 0.0884
vn -0.6602 -0.5537 0.5075
vn -0.6555 -0.5458 0.5220
vn -0.5816 -0.5840 0.5663
vn -0.6108 -0.5700 0.5496
vn 0.5947 0.6047 -0.5298
vn 0.3830 -0.0819 -0.9201
vn -0.3472 -0.8016 -0.4867
vn 0.7488 0.5081 -0.4257
vn -0.7997 -0.5014 -0.3303
vn -0.4157 -0.4681 -0.7798
vn -0.8138 -0.4865 0.3177
vn -0.5360 -0.4817 -0.6933
vn -0.7774 -0.6265 -0.0559
vn 0.7647 0.5087 0.3955
vn -0.5021 -0.2341 -0.8325
vn 0.6710 0.6964 -0.2544
vn -0.7957 -0.5887 0.1425
vn -0.6839 -0.4505 0.5738
vn -0.7615 0.5968 -0.2527
vn 0.4858 -0.8740 -0.0071
vn 0.2398 0.0754 -0.9679
vn 0.5952 0.5812 0.5549
vn -0.4418 -0.5248 0.7275
vn -0.6365 0.0886 0.7662
vn -0.9973 -0.0539 -0.0508
vn -0.7478 -0.5533 -0.3669
vn 0.3316 -0.0550 0.9418
vn 0.5100 0.0179 -0.8600
vn -0.5387 0.2075 -0.8166
vn 0.2709 0.6053 -0.7484
vn 0.9504 0.2973 -0.0910
vn -0.5286 -0.4285 -0.7328
vn 0.4122 -0.9070 0.0864
vn 0.5330 -0.8382 -0.1155
vn 0.9746 0.1442 0.1712
vn 0.7405 0.5061 0.4423
vn 0.1241 0.3590 0.9251
vn 0.3317 -0.1411 -0.9328
vn 0.9398 0.3119 -0.1401
vn -0.1303 -0.2041 -0.9702
vn 0.6719 0.0657 -0.7377
vn -0.5556 0.2901 -0.7792
vn 0.3157 0.4474 -0.8367
vn -0.7036 0.6980 -0.1328
vn 0.2509 0.9443 -0.2132
vn -0.1938 0.8239 0.5325
vn 0.7155 0.6958 -0.0623
vn 0.5991 0.4256 0.6782
vn 0.5995 -0.0694 0.7974
vn -0.5483 -0.6421 0.5359
vn 0.2823 -0.0625 0.9573
vn -0.2724 -0.4720 0.8385
vn -0.7981 -0.5848 0.1450
vn -0.6415 -0.0976 0.7609
vn -0.3061 0.6271 0.7163
vn -0.9985 0.0379 -0.0400
vn -0.6625 0.7215 -0.2014
vn 0.1048 0.9939 0.0343
vn -0.9983 -0.0504 -0.0278
vn -0.6396 0.0911 0.7633
vn -0.7074 0.6959 -0.1237
vn -0.4430 -0.5158 0.7333
vn -0.2055 0.8156 0.5410
vn 0.0940 0.3471 0.9331
vn 0.3158 -0.0517 0.9474
vn 0.5330 -0.8382 -0.1154
vn 0.9746 0.1441 0.1712
vn 0.7405 0.5061 0.4422
vn 0.3317 -0.1412 -0.9328
vn 0.9398 0.3118 -0.1400
vn 0.6718 0.0657 -0.7378
vn -0.7478 -0.5534 -0.3668
vn -0.1301 -0.2042 -0.9702
vn 0.3157 0.4474 -0.8368
vn 0.2509 0.9443 -0.2131
vn 0.6719 0.0657 -0.7378
vn -0.1302 -0.2042 -0.9702
vn -0.7478 -0.5534 -0.3667
vn 0.9746 0.1441 0.1713
vn -0.4430 -0.5159 0.7332
vn 0.3157 -0.0516 0.9474
vn 0.0941 0.3471 0.9331
vn -0.2055 0.8155 0.5410
vn 0.2509 0.9442 -0.2132
vn -0.5555 0.2901 -0.7793
vn -0.9983 -0.0503 -0.0280
vn -0.7478 -0.5533 -0.3668
vn -0.6394 0.0911 0.7634
vn -0.7075 0.6959 -0.1237
vn 0.0939 0.3471 0.9331
vn 0.7404 0.5061 0.4423
vn -0.1294 -0.2047 -0.9702
vn -0.1299 -0.2044 -0.9702
vn 0.9398 0.3117 -0.1401
vn -0.5553 0.2900 -0.7795
vn 0.7404 0.5062 0.4423
vn -0.7075 0.6958 -0.1237
vn -0.6394 0.0910 0.7635
vn -0.4430 -0.5157 0.7334
vn 0.3156 -0.0516 0.9475
vn 0.0939 0.3470 0.9331
vn 0.6720 0.0658 -0.7377
vn 0.9398 0.3118 -0.1401
vn -0.5555 0.2901 -0.7792
vn -0.2055 0.8156 0.5409
vn 0.7407 0.5059 0.4420
vn 0.3155 -0.0515 0.9475
vn -0.6395 0.0911 0.7634
vn -0.9983 -0.0503 -0.0279
vn 0.6720 0.0658 -0.7376
vn 0.3317 -0.1412 -0.9327
vn -0.5554 0.2901 -0.7793
vn 0.2509 0.9442 -0.2131
vn -0.7076 0.6957 -0.1237
vn -0.9983 -0.0503 -0.0278
vn -0.7479 -0.5534 -0.3667
vn -0.4430 -0.5159 0.7333
vn 0.7406 0.5060 0.4422
vn -0.6395 0.0910 0.7634
vn 0.3318 -0.1411 -0.9327
vn 0.7403 0.5062 0.4424
vn 0.0942 0.3471 0.9331
vn -0.9983 -0.0502 -0.0282
vn 0.5329 -0.8382 -0.1155
vn -0.4430 -0.5160 0.7332
vn 0.3161 -0.0520 0.9473
vn -0.9983 -0.0502 -0.0281
vn 0.7406 0.5060 0.4421
vn 0.9746 0.1443 0.1712
vn 0.3318 -0.1412 -0.9327
vn -0.2055 0.8157 0.5408
vn -0.1301 -0.2043 -0.9702
vn -0.7478 -0.5533 -0.3670
vn -0.6398 0.0911 0.7631
vn 0.3157 -0.0516 0.9475
vn -0.5556 0.2902 -0.7792
vn -0.6397 0.0911 0.7632
vn 0.2508 0.9443 -0.2133
vn 0.6719 0.0658 -0.7377
vn -0.6395 0.0911 0.7633
vn 0.2510 0.9443 -0.2131
vn 0.9398 0.3117 -0.1400
vn -0.1300 -0.2044 -0.9702
vn 0.5330 -0.8382 -0.1153
vn 0.3316 -0.1411 -0.9328
vn 0.3156 -0.0515 0.9475
vn 0.9746 0.1442 0.1713
vn 0.2508 0.9442 -0.2133
vn 0.9397 0.3119 -0.1401
vn -0.1300 -0.2043 -0.9702
vn -0.7478 -0.5532 -0.3670
vn -0.5553 0.2900 -0.7794
vn -0.9983 -0.0502 -0.0280
vn -0.6400 0.0912 0.7630
vn -0.4430 -0.5161 0.7331
vn -0.6415 -0.0977 0.7609
vn -0.2726 -0.4720 0.8384
vn 0.2824 -0.0625 0.9573
vn -0.5481 -0.6423 0.5358
vn -0.7982 -0.5847 0.1449
vn 0.4122 -0.9070 0.0862
vn 0.5994 -0.0694 0.7974
vn -0.5285 -0.4285 -0.7329
vn 0.5110 0.0273 -0.8591
vn 0.9459 0.3073 -0.1044
vn 0.5991 0.4257 0.6781
vn 0.7100 0.6978 -0.0950
vn 0.2666 0.6069 -0.7487
vn 0.1079 0.9940 0.0178
vn -0.6565 0.7248 -0.2089
vn -0.3059 0.6272 0.7163
vn -0.9985 0.0378 -0.0398
vn -0.5215 0.2214 -0.8240
vn -0.7979 -0.5850 0.1451
vn -0.2725 -0.4720 0.8384
vn -0.5482 -0.6422 0.5358
vn -0.9985 0.0380 -0.0400
vn -0.6565 0.7249 -0.2088
vn 0.1079 0.9940 0.0179
vn 0.5991 0.4255 0.6783
vn 0.2667 0.6069 -0.7487
vn 0.7099 0.6978 -0.0950
vn 0.9460 0.3070 -0.1043
vn 0.4122 -0.9070 0.0863
vn 0.5111 0.0274 -0.8591
vn -0.5284 -0.4285 -0.7329
vn -0.5212 0.2213 -0.8242
vn 0.4121 -0.9071 0.0863
vn 0.2663 0.6069 -0.7488
vn 0.7100 0.6978 -0.0949
vn 0.5991 0.4255 0.6782
vn 0.1078 0.9940 0.0180
vn -0.7983 -0.5846 0.1448
vn -0.5483 -0.6421 0.5358
vn -0.7980 -0.5849 0.1450
vn -0.5284 -0.4285 -0.7330
vn -0.6564 0.7249 -0.2088
vn -0.5210 0.2213 -0.8243
vn 0.2665 0.6069 -0.7487
vn 0.7099 0.6978 -0.0952
vn 0.9459 0.3071 -0.1043
vn 0.5111 0.0275 -0.8591
vn -0.5213 0.2214 -0.8242
vn 0.2665 0.6069 -0.7488
vn 0.7100 0.6977 -0.0948
vn -0.5481 -0.6422 0.5359
vn -0.2724 -0.4719 0.8385
vn -0.9985 0.0378 -0.0399
vn 0.1078 0.9940 0.0179
vn -0.7977 -0.5853 0.1452
vn -0.9985 0.0379 -0.0399
vn -0.5213 0.2214 -0.8241
vn 0.9459 0.3072 -0.1044
vn 0.4121 -0.9070 0.0863
vn 0.5995 -0.0695 0.7974
vn -0.7983 -0.5845 0.1448
vn -0.5482 -0.6421 0.5358
vn 0.2824 -0.0626 0.9573
vn -0.5285 -0.4285 -0.7328
vn -0.9985 0.0375 -0.0396
vn 0.5995 -0.0695 0.7973
vn -0.9985 0.0377 -0.0397
vn -0.6565 0.7248 -0.2090
vn -0.3060 0.6271 0.7163
vn 0.5991 0.4254 0.6783
vn -0.5214 0.2213 -0.8241
vn 0.2662 0.6069 -0.7488
vn 0.5110 0.0272 -0.8591
vn 0.1077 0.9940 0.0180
vn 0.7099 0.6979 -0.0952
vn 0.9458 0.3075 -0.1045
vn -0.2725 -0.4720 0.8385
vn -0.2723 -0.4719 0.8385
vn -0.5481 -0.6422 0.5358
vn -0.7985 -0.5843 0.1447
vn -0.3060 0.6272 0.7162
vn -0.5214 0.2214 -0.8241
vn 0.7099 0.6978 -0.0951
vn -0.5213 0.2213 -0.8242
vn 0.9458 0.3074 -0.1045
vn -0.5211 0.2213 -0.8243
vn 0.2668 0.6069 -0.7486
vn 0.7099 0.6979 -0.0951
vn -0.6565 0.7249 -0.2089
vn 0.1080 0.9940 0.0178
vn -0.3061 0.6272 0.7162
vn 0.5995 -0.0694 0.7973
vn 0.2823 -0.0626 0.9573
vn -0.3060 0.6272 0.7163
vn 0.7100 0.6978 -0.0948
vn -0.5211 0.2214 -0.8243
vn -0.9640 0.2240 -0.1432
vn 0.1513 0.1054 -0.9829
vn 0.7780 -0.6249 0.0641
vn -0.1923 -0.1217 0.9738
vn -0.7177 0.6949 -0.0453
vn -0.4599 -0.8692 -0.1816
vn -0.1756 -0.0900 0.9803
vn 0.9570 -0.2549 0.1385
vn 0.1680 0.1370 -0.9762
vn -0.6523 0.3198 -0.6872
vn 0.1671 0.0898 -0.9818
vn 0.7625 -0.3915 -0.5151
vn -0.1894 -0.1313 0.9731
vn -0.5334 0.5493 -0.6432
vn -0.4670 -0.8651 -0.1830
vn -0.1662 -0.0882 0.9821
vn 0.8584 -0.2014 -0.4718
vn 0.1903 0.1329 -0.9727
vn -0.6733 0.3896 -0.6284
vn -0.7498 -0.4077 0.5211
vn 0.6246 -0.7123 0.3201
vn 0.7259 0.4012 -0.5588
vn -0.5978 0.7631 -0.2455
vn -0.1428 -0.6887 -0.7109
vn 0.7310 0.4262 -0.5329
vn 0.6744 -0.4158 0.6101
vn -0.7446 -0.3826 0.5470
vn -0.9816 0.1323 -0.1376
vn -0.7366 -0.4247 0.5264
vn 0.0816 -0.7792 0.6214
vn 0.7294 0.3919 -0.5606
vn -0.9485 0.3130 0.0495
vn -0.1487 -0.6839 -0.7143
vn 0.7368 0.4260 -0.5250
vn 0.1133 -0.6257 0.7718
vn -0.7291 -0.3907 0.5619
vn -0.1121 -0.9226 0.3691
vn -0.4987 0.8668 -0.0031
vn 0.4803 -0.8770 -0.0114
vn 0.4978 -0.5753 -0.6490
vn -0.3113 0.9408 0.1344
vn -0.7878 0.5456 -0.2859
vn 0.2865 0.0238 -0.9578
vn -0.0363 0.9523 0.3031
vn 0.6062 0.7304 0.3147
vn 0.8210 0.1625 0.5473
vn 0.6700 -0.7262 0.1537
vn 0.3644 0.5927 0.7183
vn -0.6375 -0.5023 0.5843
vn -0.0292 0.0791 0.9964
vn 0.3211 0.8051 0.4987
vn -0.2437 0.5351 0.8089
vn -0.5629 0.2206 0.7966
vn -0.7141 -0.1909 0.6735
vn -0.2391 -0.7211 0.6503
vn 0.9346 0.0986 0.3417
vn 0.6059 -0.2397 -0.7586
vn 0.7764 0.5379 -0.3284
vn 0.7300 -0.0179 0.6832
vn 0.2336 0.3481 -0.9079
vn 0.3836 0.8922 -0.2383
vn 0.3468 0.8197 0.4559
vn 0.2968 0.7101 -0.6384
vn 0.0610 0.7590 0.6483
vn 0.2600 0.3611 0.8956
vn -0.6915 0.7016 -0.1719
vn -0.4694 -0.1022 0.8771
vn -0.7949 -0.5825 0.1697
vn -0.1091 -0.3790 0.9190
vn -0.2684 -0.9010 0.3408
vn 0.4828 -0.5834 0.6531
vn 0.6589 -0.7413 -0.1273
vn -0.0543 -0.8700 -0.4901
vn -0.3446 -0.3858 -0.8558
vn 0.4404 -0.8658 0.2377
vn 0.9399 -0.3231 -0.1099
vn 0.7608 0.6463 0.0597
vn 0.3887 -0.5269 -0.7558
vn 0.7953 0.1359 -0.5907
vn 0.4992 0.4503 -0.7403
vn -0.6891 0.7030 -0.1760
vn -0.1087 -0.1918 -0.9754
vn 0.3475 0.9221 0.1700
vn -0.7651 -0.6252 -0.1540
vn -0.1849 -0.9443 -0.2722
vn -0.0212 0.0726 0.9971
vn 0.3189 0.8032 0.5032
vn -0.2397 0.5226 0.8182
vn -0.5631 0.2206 0.7964
vn -0.7002 -0.2117 0.6819
vn -0.2445 -0.7147 0.6553
vn 0.7148 -0.0244 0.6989
vn 0.4199 -0.8683 0.2642
vn 0.9401 -0.3227 -0.1097
vn 0.7605 0.6467 0.0596
vn 0.3890 -0.5272 -0.7555
vn 0.7954 0.1363 -0.5906
vn 0.4992 0.4502 -0.7404
vn -0.6894 0.7025 -0.1764
vn -0.1084 -0.1922 -0.9753
vn 0.3469 0.9224 0.1696
vn -0.7615 -0.6312 -0.1474
vn -0.1961 -0.9481 -0.2504
vn -0.0214 0.0729 0.9971
vn 0.3183 0.8035 0.5031
vn -0.2400 0.5228 0.8180
vn -0.5634 0.2204 0.7962
vn -0.7002 -0.2118 0.6818
vn -0.2442 -0.7147 0.6555
vn 0.7146 -0.0238 0.6992
vn 0.4203 -0.8680 0.2645
vn 0.9403 -0.3222 -0.1093
vn 0.7602 0.6469 0.0594
vn 0.3895 -0.5270 -0.7554
vn 0.7954 0.1366 -0.5905
vn 0.4994 0.4498 -0.7405
vn -0.6898 0.7021 -0.1767
vn -0.1081 -0.1926 -0.9753
vn 0.3464 0.9227 0.1695
vn -0.7611 -0.6317 -0.1474
vn -0.1955 -0.9483 -0.2502
vn 0.2424 0.7375 -0.6303
vn 0.2172 0.3403 -0.9149
vn -0.3539 -0.3907 -0.8498
vn 0.6063 -0.2693 -0.7482
vn -0.6842 0.7132 -0.1525
vn 0.6680 -0.7305 -0.1420
vn -0.0432 -0.8659 -0.4984
vn 0.0719 0.7688 0.6354
vn 0.2809 0.3762 0.8830
vn -0.4698 -0.0867 0.8785
vn -0.2486 -0.9187 0.3069
vn -0.0651 -0.3892 0.9188
vn 0.5203 -0.5767 0.6298
vn 0.9377 0.1063 0.3307
vn 0.3495 0.8180 0.4568
vn 0.7969 0.5162 -0.3137
vn 0.3750 0.9054 -0.1993
vn -0.8031 -0.5773 0.1477
vn -0.0219 0.0735 0.9971
vn 0.3172 0.8041 0.5027
vn -0.2409 0.5231 0.8175
vn -0.5640 0.2203 0.7959
vn -0.7002 -0.2122 0.6817
vn -0.2435 -0.7148 0.6556
vn 0.7144 -0.0225 0.6994
vn 0.4212 -0.8673 0.2652
vn 0.9407 -0.3213 -0.1087
vn 0.7594 0.6479 0.0593
vn 0.3904 -0.5271 -0.7549
vn 0.7955 0.1370 -0.5902
vn 0.4990 0.4501 -0.7405
vn -0.6906 0.7012 -0.1774
vn -0.1075 -0.1934 -0.9752
vn 0.3453 0.9231 0.1691
vn -0.7603 -0.6326 -0.1473
vn -0.1944 -0.9486 -0.2497
vn -0.0221 0.0739 0.9970
vn 0.3166 0.8046 0.5024
vn -0.2413 0.5232 0.8173
vn -0.5642 0.2204 0.7957
vn -0.7002 -0.2123 0.6816
vn -0.2433 -0.7146 0.6559
vn 0.7143 -0.0219 0.6995
vn 0.4216 -0.8670 0.2656
vn 0.9409 -0.3208 -0.1083
vn 0.7591 0.6483 0.0592
vn 0.3908 -0.5271 -0.7546
vn 0.7956 0.1374 -0.5901
vn 0.4990 0.4500 -0.7406
vn -0.6909 0.7007 -0.1778
vn -0.1073 -0.1938 -0.9752
vn 0.3448 0.9234 0.1688
vn -0.7600 -0.6330 -0.1473
vn -0.1938 -0.9488 -0.2494
vn -0.0223 0.0742 0.9970
vn 0.3162 0.8049 0.5022
vn -0.2418 0.5234 0.8171
vn -0.5645 0.2203 0.7955
vn -0.7006 -0.2117 0.6815
vn -0.2429 -0.7147 0.6559
vn 0.7142 -0.0212 0.6996
vn 0.4220 -0.8667 0.2660
vn 0.9411 -0.3203 -0.1081
vn 0.7588 0.6487 0.0591
vn 0.3912 -0.5271 -0.7544
vn -0.6912 0.7003 -0.1781
vn -0.1071 -0.1941 -0.9751
vn 0.3443 0.9236 0.1686
vn -0.7596 -0.6335 -0.1472
vn -0.1933 -0.9490 -0.2491
vn -0.0226 0.0745 0.9970
vn 0.3157 0.8052 0.5020
vn -0.2422 0.5235 0.8169
vn -0.5648 0.2201 0.7953
vn -0.7003 -0.2124 0.6815
vn -0.2427 -0.7146 0.6561
vn 0.7141 -0.0206 0.6998
vn 0.4225 -0.8664 0.2663
vn 0.9413 -0.3198 -0.1080
vn 0.7584 0.6492 0.0591
vn 0.3915 -0.5275 -0.7539
vn 0.7956 0.1377 -0.5899
vn 0.4989 0.4500 -0.7407
vn -0.6916 0.6999 -0.1785
vn -0.1067 -0.1945 -0.9751
vn 0.3437 0.9239 0.1684
vn -0.7592 -0.6340 -0.1472
vn -0.1927 -0.9493 -0.2484
vn -0.0228 0.0748 0.9969
vn 0.3151 0.8055 0.5018
vn -0.2427 0.5236 0.8167
vn -0.5650 0.2202 0.7951
vn -0.7004 -0.2125 0.6814
vn -0.2424 -0.7145 0.6563
vn 0.7139 -0.0200 0.6999
vn 0.4228 -0.8661 0.2667
vn 0.9415 -0.3194 -0.1076
vn 0.7579 0.6497 0.0590
vn 0.3921 -0.5271 -0.7539
vn 0.7957 0.1380 -0.5898
vn 0.4989 0.4499 -0.7408
vn -0.6919 0.6995 -0.1788
vn -0.1062 -0.1949 -0.9751
vn 0.3432 0.9241 0.1681
vn -0.7589 -0.6345 -0.1468
vn -0.1921 -0.9494 -0.2484
vn -0.0230 0.0751 0.9969
vn 0.3145 0.8059 0.5016
vn -0.2430 0.5238 0.8164
vn -0.5653 0.2200 0.7950
vn -0.7005 -0.2125 0.6813
vn -0.2421 -0.7144 0.6565
vn 0.7138 -0.0195 0.7001
vn 0.4232 -0.8658 0.2670
vn 0.9417 -0.3189 -0.1072
vn 0.7576 0.6500 0.0589
vn 0.3925 -0.5272 -0.7536
vn 0.7957 0.1382 -0.5897
vn 0.4986 0.4501 -0.7408
vn -0.6923 0.6990 -0.1792
vn -0.1060 -0.1953 -0.9750
vn 0.3427 0.9243 0.1679
vn -0.7585 -0.6349 -0.1469
vn -0.1915 -0.9497 -0.2479
vn -0.0232 0.0754 0.9969
vn 0.3141 0.8062 0.5015
vn -0.2435 0.5239 0.8162
vn -0.5655 0.2200 0.7948
vn -0.7006 -0.2123 0.6812
vn -0.2421 -0.7139 0.6570
vn 0.7137 -0.0188 0.7002
vn 0.4237 -0.8654 0.2674
vn 0.9419 -0.3184 -0.1071
vn 0.7572 0.6505 0.0589
vn 0.3930 -0.5271 -0.7535
vn 0.7957 0.1386 -0.5896
vn 0.4985 0.4500 -0.7409
vn -0.6926 0.6986 -0.1796
vn -0.1057 -0.1957 -0.9750
vn 0.3421 0.9246 0.1676
vn -0.7581 -0.6354 -0.1470
vn -0.1910 -0.9497 -0.2480
vn -0.0235 0.0757 0.9969
vn 0.3135 0.8065 0.5012
vn -0.2440 0.5240 0.8160
vn -0.5659 0.2201 0.7946
vn -0.7006 -0.2125 0.6812
vn -0.2418 -0.7139 0.6572
vn 0.7136 -0.0181 0.7003
vn 0.4240 -0.8652 0.2677
vn 0.9421 -0.3179 -0.1068
vn 0.7568 0.6510 0.0588
vn 0.3932 -0.5277 -0.7530
vn 0.7958 0.1388 -0.5895
vn 0.4983 0.4502 -0.7409
vn -0.6930 0.6982 -0.1800
vn -0.1054 -0.1960 -0.9749
vn 0.3416 0.9248 0.1674
vn -0.7577 -0.6358 -0.1469
vn -0.1904 -0.9500 -0.2476
vn -0.0237 0.0760 0.9968
vn 0.3130 0.8069 0.5010
vn -0.2444 0.5242 0.8158
vn -0.5660 0.2199 0.7945
vn -0.7004 -0.2133 0.6812
vn -0.2414 -0.7141 0.6572
vn 0.7134 -0.0175 0.7005
vn 0.4246 -0.8648 0.2682
vn 0.9423 -0.3175 -0.1065
vn 0.7565 0.6514 0.0588
vn 0.3938 -0.5274 -0.7529
vn 0.7958 0.1389 -0.5894
vn 0.4984 0.4500 -0.7410
vn -0.6933 0.6977 -0.1803
vn -0.1052 -0.1964 -0.9749
vn 0.3411 0.9251 0.1671
vn -0.7574 -0.6363 -0.1467
vn -0.1899 -0.9502 -0.2473
vn -0.0239 0.0764 0.9968
vn 0.3123 0.8073 0.5007
vn -0.2448 0.5244 0.8155
vn -0.5664 0.2200 0.7942
vn -0.7006 -0.2128 0.6811
vn -0.2411 -0.7141 0.6572
vn 0.7133 -0.0169 0.7006
vn 0.4250 -0.8645 0.2685
vn 0.9425 -0.3170 -0.1063
vn 0.7562 0.6517 0.0586
vn 0.3943 -0.5273 -0.7527
vn 0.7958 0.1393 -0.5893
vn 0.4982 0.4502 -0.7410
vn -0.6937 0.6973 -0.1806
vn -0.1048 -0.1968 -0.9748
vn 0.3405 0.9253 0.1670
vn -0.7570 -0.6367 -0.1467
vn -0.1893 -0.9503 -0.2472
vn -0.0242 0.0767 0.9968
vn 0.3118 0.8076 0.5006
vn -0.2453 0.5244 0.8154
vn -0.5666 0.2199 0.7941
vn -0.7004 -0.2136 0.6811
vn -0.2408 -0.7140 0.6574
vn 0.7132 -0.0163 0.7008
vn 0.4254 -0.8641 0.2689
vn 0.9427 -0.3165 -0.1059
vn 0.7557 0.6523 0.0587
vn 0.3946 -0.5276 -0.7523
vn 0.7959 0.1395 -0.5892
vn 0.4980 0.4503 -0.7411
vn -0.6940 0.6969 -0.1810
vn -0.1046 -0.1971 -0.9748
vn 0.3401 0.9255 0.1667
vn -0.7566 -0.6372 -0.1467
vn -0.1887 -0.9505 -0.2469
vn -0.0244 0.0770 0.9967
vn 0.3114 0.8078 0.5005
vn -0.2457 0.5246 0.8151
vn -0.5669 0.2197 0.7939
vn -0.7003 -0.2139 0.6810
vn -0.2407 -0.7136 0.6579
vn 0.7131 -0.0157 0.7009
vn 0.4258 -0.8638 0.2692
vn 0.9429 -0.3160 -0.1055
vn 0.7554 0.6527 0.0585
vn 0.3950 -0.5275 -0.7521
vn 0.7959 0.1396 -0.5891
vn 0.4978 0.4505 -0.7411
vn -0.6943 0.6964 -0.1813
vn -0.1043 -0.1975 -0.9747
vn 0.3394 0.9258 0.1665
vn -0.7562 -0.6377 -0.1466
vn -0.1882 -0.9508 -0.2461
vn 0.1305 -0.1799 0.9750
vn 0.2347 0.7074 0.6667
vn -0.1982 0.2369 0.9511
vn -0.4555 -0.1175 0.8825
vn -0.5227 -0.5280 0.6693
vn 0.0119 -0.8898 0.4562
vn 0.8114 -0.0277 0.5838
vn 0.6192 -0.7846 -0.0313
vn 0.9536 -0.0590 -0.2951
vn 0.6187 0.7708 0.1520
vn 0.3539 -0.2216 -0.9087
vn 0.6445 0.4571 -0.6129
vn 0.2722 0.7203 -0.6380
vn -0.8329 0.5446 0.0989
vn -0.2287 0.0318 -0.9730
vn 0.1835 0.9075 0.3778
vn -0.6372 -0.7350 -0.2316
vn -0.0459 -0.8771 -0.4782
vn 0.7788 0.5282 -0.3382
vn 0.3966 0.8850 -0.2438
vn 0.3499 0.8208 0.4515
vn 0.2967 0.7101 -0.6386
vn 0.2529 0.3312 -0.9090
vn 0.6047 -0.2313 -0.7621
vn 0.9414 0.1046 0.3207
vn 0.6707 -0.7254 -0.1545
vn 0.4831 -0.5829 0.6533
vn 0.2596 0.3615 0.8955
vn -0.2680 -0.9010 0.3411
vn -0.1091 -0.3786 0.9191
vn -0.4697 -0.1017 0.8770
vn -0.6918 0.7012 -0.1724
vn -0.7945 -0.5830 0.1700
vn 0.0605 0.7592 0.6480
vn -0.3356 -0.3887 -0.8581
vn -0.0411 -0.8599 -0.5088
vn 0.7786 0.5285 -0.3383
vn 0.3962 0.8851 -0.2441
vn 0.3494 0.8211 0.4513
vn 0.2965 0.7099 -0.6389
vn 0.2529 0.3310 -0.9091
vn 0.6050 -0.2314 -0.7619
vn 0.9413 0.1052 0.3209
vn 0.6711 -0.7251 -0.1541
vn 0.4832 -0.5824 0.6537
vn 0.2592 0.3618 0.8955
vn -0.2676 -0.9010 0.3415
vn -0.1090 -0.3785 0.9192
vn -0.4697 -0.1020 0.8769
vn -0.6922 0.7008 -0.1728
vn -0.7943 -0.5833 0.1699
vn 0.0600 0.7595 0.6478
vn -0.3353 -0.3892 -0.8579
vn -0.0409 -0.8602 -0.5083
vn -0.5914 0.2624 0.7625
vn -0.7638 -0.6240 -0.1649
vn -0.7258 -0.1964 0.6593
vn -0.2220 -0.7404 0.6345
vn -0.6714 0.7202 -0.1746
vn 0.4292 -0.8665 0.2548
vn -0.1867 -0.9479 -0.2582
vn 0.3458 0.9183 0.1927
vn 0.7589 0.6453 0.0879
vn 0.4950 0.4646 -0.7342
vn 0.3759 -0.5628 -0.7361
vn 0.8207 0.1151 -0.5596
vn 0.9382 -0.3392 -0.0686
vn 0.7204 -0.0174 0.6934
vn 0.3228 0.8052 0.4974
vn 0.0113 0.0660 0.9978
vn -0.2191 0.5660 0.7947
vn -0.1309 -0.1950 -0.9720
vn 0.7782 0.5291 -0.3384
vn 0.3953 0.8854 -0.2445
vn 0.3483 0.8218 0.4509
vn 0.2959 0.7098 -0.6392
vn 0.2528 0.3308 -0.9092
vn 0.6055 -0.2312 -0.7615
vn 0.9410 0.1065 0.3212
vn 0.6720 -0.7245 -0.1533
vn 0.4836 -0.5815 0.6542
vn 0.2585 0.3625 0.8954
vn -0.2666 -0.9012 0.3418
vn -0.1090 -0.3782 0.9193
vn -0.4699 -0.1018 0.8768
vn -0.6929 0.6999 -0.1735
vn -0.7937 -0.5841 0.1701
vn 0.0588 0.7600 0.6473
vn -0.3346 -0.3902 -0.8578
vn -0.0397 -0.8606 -0.5078
vn 0.7779 0.5294 -0.3384
vn 0.3949 0.8856 -0.2446
vn 0.3478 0.8222 0.4507
vn 0.2956 0.7098 -0.6394
vn 0.2525 0.3311 -0.9092
vn 0.6058 -0.2310 -0.7613
vn 0.9410 0.1071 0.3212
vn 0.6724 -0.7242 -0.1531
vn 0.4840 -0.5810 0.6544
vn 0.2581 0.3633 0.8952
vn -0.2663 -0.9012 0.3421
vn -0.1089 -0.3779 0.9194
vn -0.4700 -0.1017 0.8768
vn -0.6932 0.6994 -0.1738
vn -0.7934 -0.5845 0.1701
vn 0.0583 0.7602 0.6471
vn -0.3344 -0.3907 -0.8576
vn -0.0391 -0.8607 -0.5075
vn 0.7777 0.5298 -0.3384
vn 0.3944 0.8857 -0.2449
vn 0.3473 0.8225 0.4504
vn 0.2953 0.7098 -0.6395
vn 0.2525 0.3310 -0.9092
vn 0.6061 -0.2309 -0.7612
vn 0.9409 0.1076 0.3211
vn 0.6728 -0.7239 -0.1527
vn 0.4842 -0.5804 0.6547
vn 0.2578 0.3637 0.8952
vn -0.2657 -0.9014 0.3420
vn -0.1089 -0.3774 0.9196
vn -0.4701 -0.1018 0.8767
vn -0.6935 0.6990 -0.1742
vn -0.7931 -0.5848 0.1701
vn 0.0578 0.7605 0.6468
vn -0.3339 -0.3912 -0.8576
vn -0.0386 -0.8610 -0.5072
vn 0.7775 0.5301 -0.3384
vn 0.3940 0.8858 -0.2452
vn 0.3467 0.8229 0.4502
vn 0.2950 0.7097 -0.6397
vn 0.2529 0.3302 -0.9094
vn 0.6063 -0.2314 -0.7608
vn 0.9407 0.1083 0.3216
vn 0.6733 -0.7235 -0.1523
vn 0.4842 -0.5801 0.6551
vn 0.2574 0.3639 0.8951
vn -0.2654 -0.9012 0.3426
vn -0.1088 -0.3773 0.9197
vn -0.4702 -0.1018 0.8767
vn -0.6940 0.6986 -0.1745
vn -0.7929 -0.5852 0.1700
vn 0.0574 0.7607 0.6466
vn -0.3337 -0.3916 -0.8575
vn -0.0379 -0.8611 -0.5070
vn 0.7773 0.5304 -0.3385
vn 0.3936 0.8860 -0.2452
vn 0.3462 0.8232 0.4500
vn 0.2948 0.7097 -0.6399
vn 0.2525 0.3307 -0.9093
vn 0.6066 -0.2312 -0.7607
vn 0.9406 0.1089 0.3217
vn 0.6736 -0.7233 -0.1520
vn 0.4845 -0.5795 0.6553
vn 0.2571 0.3644 0.8950
vn -0.2649 -0.9013 0.3427
vn -0.1089 -0.3771 0.9197
vn -0.4704 -0.1014 0.8766
vn -0.6943 0.6982 -0.1749
vn -0.7926 -0.5856 0.1701
vn 0.0567 0.7609 0.6463
vn -0.3333 -0.3921 -0.8574
vn -0.0372 -0.8612 -0.5068
vn 0.7770 0.5307 -0.3385
vn 0.3931 0.8861 -0.2455
vn 0.3456 0.8235 0.4499
vn 0.2945 0.7096 -0.6401
vn 0.2527 0.3301 -0.9095
vn 0.6069 -0.2303 -0.7607
vn 0.9404 0.1095 0.3218
vn 0.6741 -0.7229 -0.1516
vn 0.4847 -0.5791 0.6556
vn 0.2567 0.3648 0.8950
vn -0.2644 -0.9014 0.3429
vn -0.1088 -0.3769 0.9199
vn -0.4704 -0.1017 0.8766
vn -0.6946 0.6977 -0.1753
vn -0.7924 -0.5858 0.1700
vn 0.0564 0.7612 0.6461
vn -0.3327 -0.3925 -0.8575
vn -0.0356 -0.8611 -0.5072
vn 0.7768 0.5310 -0.3385
vn 0.3927 0.8862 -0.2458
vn 0.3451 0.8238 0.4496
vn 0.2941 0.7097 -0.6402
vn 0.2525 0.3303 -0.9095
vn 0.6071 -0.2306 -0.7604
vn 0.9404 0.1101 0.3219
vn 0.6745 -0.7226 -0.1512
vn 0.4847 -0.5786 0.6559
vn 0.2563 0.3652 0.8950
vn -0.2640 -0.9014 0.3432
vn -0.1088 -0.3766 0.9200
vn -0.4706 -0.1016 0.8765
vn -0.6949 0.6973 -0.1757
vn -0.7920 -0.5863 0.1702
vn 0.0556 0.7614 0.6459
vn -0.3325 -0.3930 -0.8573
vn -0.0360 -0.8616 -0.5063
vn 0.7766 0.5313 -0.3385
vn 0.3922 0.8864 -0.2459
vn 0.3445 0.8242 0.4495
vn 0.2939 0.7096 -0.6404
vn 0.2527 0.3297 -0.9096
vn 0.6074 -0.2307 -0.7602
vn 0.9402 0.1108 0.3221
vn 0.6750 -0.7223 -0.1508
vn 0.4850 -0.5781 0.6561
vn 0.2559 0.3657 0.8949
vn -0.2636 -0.9014 0.3434
vn -0.1087 -0.3764 0.9201
vn -0.4706 -0.1018 0.8765
vn -0.6953 0.6968 -0.1760
vn -0.7916 -0.5867 0.1704
vn 0.0552 0.7617 0.6456
vn -0.3320 -0.3935 -0.8573
vn -0.0354 -0.8618 -0.5061
vn 0.7764 0.5316 -0.3386
vn 0.3918 0.8865 -0.2462
vn 0.3440 0.8245 0.4492
vn 0.2938 0.7094 -0.6406
vn 0.2524 0.3300 -0.9096
vn 0.6077 -0.2306 -0.7600
vn 0.9401 0.1114 0.3221
vn 0.6754 -0.7219 -0.1504
vn 0.4852 -0.5777 0.6564
vn 0.2556 0.3662 0.8947
vn -0.2633 -0.9014 0.3439
vn -0.1087 -0.3760 0.9202
vn -0.4708 -0.1015 0.8764
vn -0.6956 0.6964 -0.1764
vn -0.7914 -0.5871 0.1704
vn 0.0545 0.7619 0.6454
vn -0.3318 -0.3939 -0.8572
vn -0.0349 -0.8620 -0.5058
vn 0.7761 0.5320 -0.3386
vn 0.3914 0.8866 -0.2464
vn 0.3433 0.8249 0.4490
vn 0.2934 0.7095 -0.6408
vn 0.2526 0.3296 -0.9097
vn 0.6079 -0.2306 -0.7598
vn 0.9400 0.1120 0.3224
vn 0.6757 -0.7217 -0.1502
vn 0.4855 -0.5771 0.6567
vn 0.2552 0.3666 0.8947
vn -0.2629 -0.9013 0.3442
vn -0.1086 -0.3757 0.9203
vn -0.4708 -0.1016 0.8764
vn -0.6960 0.6959 -0.1767
vn -0.7911 -0.5875 0.1705
vn 0.0540 0.7621 0.6452
vn -0.3312 -0.3943 -0.8572
vn -0.0346 -0.8622 -0.5053
vn 0.7759 0.5323 -0.3386
vn 0.3909 0.8868 -0.2465
vn 0.3429 0.8252 0.4488
vn 0.2931 0.7094 -0.6410
vn 0.2529 0.3290 -0.9098
vn 0.6082 -0.2302 -0.7597
vn 0.9398 0.1126 0.3225
vn 0.6762 -0.7213 -0.1498
vn 0.4855 -0.5767 0.6570
vn 0.2548 0.3671 0.8946
vn -0.2624 -0.9015 0.3442
vn -0.1086 -0.3755 0.9204
vn -0.4709 -0.1017 0.8763
vn -0.6964 0.6955 -0.1770
vn -0.7908 -0.5879 0.1705
vn 0.0535 0.7624 0.6449
vn -0.3309 -0.3948 -0.8571
vn -0.0341 -0.8624 -0.5050
vn 0.7757 0.5326 -0.3386
vn 0.3905 0.8869 -0.2468
vn 0.3424 0.8256 0.4486
vn 0.2928 0.7094 -0.6411
vn 0.2527 0.3290 -0.9099
vn 0.6085 -0.2301 -0.7595
vn 0.9397 0.1133 0.3227
vn 0.6767 -0.7210 -0.1494
vn 0.4858 -0.5762 0.6572
vn 0.2545 0.3673 0.8946
vn -0.2619 -0.9016 0.3443
vn -0.1086 -0.3753 0.9205
vn -0.4712 -0.1012 0.8762
vn -0.6967 0.6951 -0.1774
vn -0.7905 -0.5882 0.1705
vn 0.0529 0.7626 0.6447
vn -0.3306 -0.3953 -0.8570
vn -0.0331 -0.8625 -0.5050
vn 0.9087 0.2632 -0.3240
vn 0.6050 0.6943 -0.3896
vn 0.4660 0.8391 0.2807
vn 0.5153 0.4355 -0.7381
vn 0.4216 0.0095 -0.9067
vn 0.6233 -0.5415 -0.5642
vn 0.8984 0.0218 0.4387
vn 0.5099 -0.8468 0.1512
vn 0.2662 -0.4503 0.8523
vn 0.2275 0.5481 0.8049
vn -0.4951 -0.7046 0.5083
vn -0.2936 -0.0770 0.9528
vn -0.5780 0.2359 0.7812
vn -0.4982 0.7351 -0.4598
vn -0.9166 -0.3597 0.1748
vn 0.1494 0.8883 0.4343
vn -0.3116 -0.5496 -0.7751
vn -0.1689 -0.9471 -0.2728
vn -0.2247 -0.7028 0.6749
vn -0.7908 0.5392 -0.2898
vn 0.7807 -0.5605 0.2765
vn 0.6276 -0.2176 -0.7475
vn -0.6786 0.7163 -0.1622
vn -0.2655 0.2313 0.9360
vn -0.1126 -0.9110 0.3968
vn -0.2356 -0.9697 -0.0637
vn -0.8453 0.4689 -0.2562
vn 0.1016 -0.9281 -0.3581
vn 0.2544 0.3617 -0.8969
vn 0.8539 0.4689 0.2258
vn 0.2340 -0.9697 0.0695
vn -0.9403 -0.1394 -0.3105
vn -0.8889 0.4271 -0.1655
vn -0.2817 -0.4503 0.8472
vn -0.2570 0.1501 0.9547
vn 0.9031 0.2677 0.3359
vn 0.1819 0.5128 -0.8390
vn 0.9039 -0.3859 0.1844
vn 0.1731 -0.0307 -0.9844
vn 0.9309 0.1620 0.3273
vn 0.0302 0.9772 0.2101
vn 0.2742 0.5514 -0.7879
vn -0.0324 -0.9776 -0.2079
vn -0.9003 0.3971 -0.1782
vn -0.2565 0.1380 0.9566
vn 0.2801 0.1006 -0.9547
vn 0.9452 -0.2675 0.1871
vn 0.9457 -0.2651 0.1881
vn 0.9319 0.1426 0.3334
vn 0.2802 0.1026 -0.9545
vn 0.2754 0.5383 -0.7965
vn -0.2779 -0.5092 0.8145
vn -0.9383 -0.0704 -0.3385
vn -0.9384 -0.0699 -0.3383
vn -0.2778 -0.5097 0.8143
vn -0.9402 0.2628 -0.2168
vn -0.2782 -0.0712 0.9579
vn -0.9361 -0.0819 -0.3420
vn 0.2795 0.0920 -0.9557
vn 0.9436 -0.2753 0.1838
vn -0.2767 -0.5236 0.8058
vn -0.0105 0.9398 0.3414
vn 0.0007 -0.9506 -0.3104
vn -0.9184 -0.1865 -0.3490
vn -0.2737 -0.5563 0.7846
vn 0.9187 -0.3554 0.1721
vn -0.0007 0.9506 0.3104
vn 0.2741 0.0144 -0.9616
vn 0.3774 -0.5153 -0.7694
vn 0.3648 0.0236 -0.9308
vn 0.8874 0.4366 0.1481
vn 0.9322 -0.1152 0.3432
vn -0.2776 0.0506 0.9594
vn -0.9045 -0.3943 -0.1624
vn -0.2756 0.6186 0.7358
vn -0.8975 0.2446 -0.3668
vn -0.9303 0.1442 -0.3372
vn -0.0072 0.9426 -0.3338
vn 0.2657 0.0662 -0.9618
vn 0.0077 -0.9416 0.3368
vn 0.8997 0.4064 0.1595
vn -0.2787 0.6090 0.7426
vn -0.9259 -0.2964 -0.2344
vn -0.9355 0.1288 -0.3291
vn -0.9265 -0.2938 -0.2352
vn -0.2734 0.0054 0.9619
vn -0.2883 0.4514 0.8444
vn -0.2735 0.0059 0.9619
vn 0.9537 -0.0677 0.2932
vn 0.2892 -0.4250 -0.8578
vn 0.2700 0.0282 -0.9625
vn 0.2893 -0.4231 -0.8587
vn 0.9368 0.2770 0.2135
vn 0.9536 -0.0682 0.2933
vn 0.9520 -0.0802 0.2954
vn 0.2890 -0.4328 -0.8539
vn -0.9239 -0.3044 -0.2320
vn -0.2718 -0.0108 0.9623
vn -0.0419 0.9738 -0.2233
vn 0.0320 -0.9663 0.2553
vn 0.9263 -0.1763 0.3329
vn -0.2676 -0.0497 0.9623
vn -0.9081 -0.3746 -0.1874
vn -0.0320 0.9663 -0.2553
vn 0.2858 -0.5012 -0.8167
vn -0.5656 -0.3897 0.7268
vn 0.1207 -0.7292 0.6735
vn -0.7007 -0.7122 0.0434
vn -0.0222 -0.9998 0.0018
vn -0.7393 0.1426 -0.6581
vn 0.3389 0.8424 -0.4190
vn -0.7252 0.1100 -0.6797
vn -0.4452 0.6729 0.5908
vn -0.4448 0.6524 0.6136
vn 0.2886 0.9026 -0.3193
vn -0.8477 -0.2262 -0.4799
vn -0.6003 0.3299 0.7285
vn 0.6465 -0.2727 0.7126
vn 0.2771 -0.7883 -0.5494
vn -0.5433 0.2787 0.7919
vn 0.5635 -0.1739 0.8076
vn -0.7965 -0.2705 -0.5408
vn 0.3061 -0.8021 -0.5127
vn 0.5231 -0.4629 -0.7156
vn 0.8052 0.1312 0.5783
vn 0.3583 0.8168 -0.4522
vn 0.5134 -0.4694 -0.7184
vn 0.8322 0.0853 0.5479
vn 0.6984 -0.2021 0.6865
vn 0.3561 0.8134 -0.4600
vn 0.8516 0.1151 0.5114
vn -0.3943 0.7004 0.5950
vn -0.5489 0.2465 0.7987
vn -0.8531 -0.1642 -0.4953
vn 0.4505 -0.6565 -0.6050
vn -0.7212 0.1546 -0.6753
vn 0.5522 -0.4014 -0.7307
vn -0.3640 -0.8307 0.4211
vn -0.3730 0.7711 0.5160
vn 0.8596 0.2182 0.4621
vn 0.5823 -0.2933 -0.7582
vn -0.6793 0.2261 -0.6982
vn 0.3640 0.8307 -0.4211
vn -0.6897 0.2104 -0.6929
vn -0.3609 0.7864 0.5014
vn 0.5789 -0.3088 -0.7547
vn 0.8592 0.2155 0.4641
vn -0.2670 -0.9383 -0.2198
vn -0.2977 -0.9316 -0.2086
vn 0.9639 0.1326 -0.2310
vn 0.2031 -0.9141 -0.3510
vn 0.1328 -0.9215 -0.3649
vn 0.9658 0.1249 -0.2272
vn -0.0853 0.3493 -0.9331
vn -0.1224 0.3715 -0.9203
vn -0.5030 0.3984 -0.7670
vn -0.4590 0.2994 -0.8365
vn -0.0480 -0.4935 0.8684
vn -0.3532 0.8656 0.3549
vn -0.3481 0.8847 0.3102
vn -0.0592 -0.3484 0.9355
vn -0.5101 0.3141 -0.8007
vn -0.2398 -0.9188 -0.3134
vn -0.1091 0.3352 -0.9358
vn 0.9640 -0.0443 -0.2623
vn 0.1549 -0.9106 -0.3831
vn 0.3856 -0.3687 0.8458
vn -0.6973 -0.2416 0.6749
vn 0.9676 0.0804 -0.2393
vn 0.3707 -0.3160 0.8734
vn -0.8017 -0.5977 0.0030
vn -0.8193 0.4257 0.3841
vn -0.9585 0.1041 -0.2655
vn 0.0879 0.9468 0.3095
vn 0.0783 0.9498 0.3031
vn 0.0320 -0.3439 0.9384
vn 0.4144 -0.2925 0.8618
vn 0.1570 0.9403 0.3021
vn -0.1353 0.9172 0.3748
vn 0.0005 0.3482 -0.9374
vn 0.2919 -0.8709 -0.3953
vn 0.9721 0.0932 -0.2151
vn 0.2672 0.9245 0.2716
vn -0.9721 -0.0932 0.2151
vn 0.5146 -0.2924 0.8061
vn -0.0191 0.3479 -0.9373
vn 0.3143 -0.8620 -0.3978
vn 0.2521 0.9273 0.2766
vn 0.5116 -0.2930 0.8077
vn 0.7313 0.4404 -0.5208
vn 0.4310 0.8815 0.1929
vn 0.1412 -0.6818 -0.7178
vn 0.6959 -0.5267 0.4881
vn 0.4636 0.0384 0.8852
vn 0.1747 -0.6780 -0.7140
vn -0.6795 -0.6833 0.2672
vn -0.6461 0.3393 -0.6837
vn -0.6401 0.7663 -0.0555
vn -0.6227 0.0438 0.7812
vn 0.1794 0.6371 -0.7496
vn 0.2978 0.9002 0.3177
vn 0.7184 0.3382 0.6079
vn 0.4174 -0.8687 0.2667
vn 0.6933 -0.0901 -0.7150
vn 0.4174 -0.8781 0.2341
vn -0.6046 -0.5810 -0.5449
vn -0.5464 -0.2194 0.8083
vn -0.7458 0.5419 0.3876
vn -0.7748 0.1235 -0.6200
vn 0.6027 0.1625 -0.7813
vn 0.8001 0.2146 0.5602
vn -0.5768 0.2996 0.7600
vn -0.7423 0.2467 -0.6230
vn -0.8021 -0.1763 -0.5706
vn 0.5415 -0.4376 -0.7178
vn -0.6067 0.0612 0.7926
vn 0.7539 -0.2086 0.6230
vn 0.1817 0.9707 -0.1575
vn 0.1795 0.9708 -0.1593
vn 0.1816 0.9707 -0.1574
vn 0.1814 0.9703 -0.1597
vn 0.7404 -0.1986 0.6421
vn 0.5331 -0.4336 -0.7265
vn -0.7376 -0.2246 -0.6368
vn -0.7380 -0.2274 -0.6353
vn -0.7377 -0.2253 -0.6365
vn -0.6142 0.0644 0.7865
vn -0.6144 0.0635 0.7865
vn -0.6138 0.0659 0.7867
vn -0.8379 -0.3366 -0.4297
vn -0.6493 -0.1209 -0.7508
vn -0.5735 0.6698 0.4716
vn -0.3064 0.9519 0.0059
vn 0.8477 0.3538 0.3952
vn 0.6723 0.1423 0.7264
vn 0.5257 -0.7663 -0.3693
vn 0.4233 -0.8868 -0.1855
vn -0.6483 -0.1239 -0.7512
vn 0.5866 -0.6457 -0.4889
vn 0.4436 0.4899 -0.7505
vn -0.3337 0.9411 0.0547
vn -0.4436 -0.4899 0.7505
vn 0.8590 0.3696 0.3542
vn -0.6483 -0.1239 -0.7513
vn 0.4008 0.5801 -0.7091
vn 0.3987 0.5794 -0.7108
vn 0.4007 0.5803 -0.7091
vn 0.4005 0.5785 -0.7106
vn 0.6765 0.1413 0.7228
vn 0.4159 -0.8881 -0.1958
vn -0.7716 -0.4501 -0.4494
vn -0.7727 -0.4512 -0.4466
vn -0.7719 -0.4504 -0.4487
vn -0.5801 0.6695 0.4639
vn -0.5805 0.6689 0.4644
vn -0.5794 0.6707 0.4631
vn -0.4204 0.8957 0.1450
vn -0.6318 -0.0831 -0.7706
vn 0.6144 -0.6318 -0.4727
vn 0.7992 0.3897 0.4576
vn 0.6639 0.1274 0.7369
vn -0.6513 0.5085 0.5632
vn -0.7864 -0.3517 -0.5078
vn 0.5523 -0.7553 -0.3528
vn -0.6322 -0.0836 -0.7702
vn 0.6597 -0.4878 -0.5717
vn 0.3703 0.6585 -0.6552
vn -0.4460 0.8743 0.1912
vn -0.3709 -0.6578 0.6556
vn 0.8063 0.4154 0.4211
vn 0.3267 0.7235 -0.6081
vn 0.3247 0.7229 -0.6099
vn 0.3265 0.7236 -0.6081
vn 0.3265 0.7221 -0.6098
vn 0.6672 0.1299 0.7334
vn 0.5448 -0.7551 -0.3647
vn -0.7051 -0.4434 -0.5535
vn -0.7077 -0.4482 -0.5461
vn -0.7056 -0.4444 -0.5520
vn -0.6595 0.5024 0.5592
vn -0.6598 0.5016 0.5595
vn -0.6591 0.5034 0.5587
vn -0.5683 -0.7714 0.2863
vn 0.0381 0.2898 0.9563
vn -0.2797 0.5333 0.7984
vn -0.7468 -0.6364 0.1931
vn 0.4419 0.8320 -0.3354
vn -0.0084 -0.3152 -0.9490
vn 0.3071 -0.5512 -0.7758
vn 0.8729 0.4783 -0.0967
vn 0.7668 -0.5026 0.3993
vn 0.7680 -0.5021 0.3975
vn 0.7667 -0.5028 0.3993
vn 0.7673 -0.5038 0.3968
vn -0.2921 0.5129 0.8072
vn 0.4472 0.8253 -0.3448
vn 0.0330 -0.2229 -0.9743
vn 0.0323 -0.2225 -0.9744
vn 0.0301 -0.2215 -0.9747
vn -0.7435 -0.6425 0.1856
vn -0.7425 -0.6433 0.1866
vn -0.7440 -0.6420 0.1851
vn 0.6744 -0.3557 -0.6470
vn -0.6701 0.0765 -0.7383
vn -0.5027 0.7328 0.4585
vn 0.7935 0.3096 0.5239
vn 0.7171 -0.0660 0.6939
vn -0.6531 0.2104 0.7275
vn 0.6350 -0.5483 -0.5442
vn -0.7756 -0.2878 -0.5617
vn 0.1906 0.9220 -0.3370
vn 0.1886 0.9217 -0.3389
vn 0.1905 0.9220 -0.3370
vn 0.1905 0.9212 -0.3391
vn 0.7007 -0.0578 0.7111
vn 0.5757 -0.5631 -0.5928
vn -0.6981 -0.3558 -0.6213
vn -0.6986 -0.3583 -0.6194
vn -0.6982 -0.3564 -0.6209
vn -0.6602 0.2122 0.7205
vn -0.6604 0.2113 0.7206
vn -0.6598 0.2138 0.7203
vn -0.3037 0.3980 -0.8656
vn -0.3971 0.8087 0.4338
vn 0.6361 0.7619 -0.1218
vn 0.7752 -0.3718 -0.5107
vn -0.6361 -0.7619 0.1218
vn 0.6196 -0.0029 0.7849
vn 0.4249 -0.7924 -0.4377
vn -0.5788 0.0723 -0.8123
vn -0.6896 0.5159 0.5082
vn 0.3299 -0.3691 0.8688
vn -0.5354 0.6996 0.4731
vn 0.5995 -0.0409 0.7993
vn 0.7962 -0.3189 -0.5141
vn -0.3013 0.3967 -0.8671
vn -0.3971 0.8088 0.4338
vn 0.7055 0.6898 -0.1625
vn 0.7039 0.6913 -0.1631
vn 0.7056 0.6897 -0.1627
vn 0.7042 0.6905 -0.1649
vn 0.3305 -0.3639 0.8708
vn -0.6928 0.5220 0.4975
vn -0.6631 0.1401 -0.7353
vn -0.6635 0.1394 -0.7351
vn -0.6646 0.1373 -0.7345
vn 0.4227 -0.7885 -0.4468
vn 0.4241 -0.7876 -0.4469
vn 0.4219 -0.7889 -0.4467
vn -0.1161 0.3415 -0.9327
vn 0.2929 0.9270 0.2344
vn 0.9448 0.1013 -0.3115
vn 0.2578 -0.8715 -0.4173
vn -0.9448 -0.1022 0.3112
vn 0.5926 -0.2824 0.7544
vn 0.1789 -0.3390 0.9236
vn 0.5556 -0.2909 0.7789
vn -0.2702 -0.9327 -0.2388
vn 0.3069 -0.8474 -0.4334
vn -0.1153 0.3416 -0.9328
vn -0.5010 0.3020 -0.8111
vn -0.0458 0.9311 0.3620
vn 0.1258 0.9456 0.3001
vn 0.9442 0.0116 -0.3291
vn 0.9439 0.0136 -0.3300
vn 0.9442 0.0115 -0.3293
vn 0.9433 0.0126 -0.3316
vn 0.1840 -0.3373 0.9232
vn -0.0452 0.9361 0.3488
vn -0.4968 0.4216 -0.7586
vn -0.4984 0.4212 -0.7578
vn -0.5049 0.4192 -0.7546
vn -0.2776 -0.9287 -0.2458
vn -0.2764 -0.9290 -0.2460
vn -0.2784 -0.9285 -0.2456
vn 0.7328 -0.5863 -0.3453
vn 0.7335 -0.5847 -0.3466
vn 0.7327 -0.5864 -0.3454
vn 0.7323 -0.5854 -0.3479
vn 0.0654 -0.2197 0.9734
vn 0.4831 0.8577 0.1759
vn -0.2982 0.5258 -0.7966
vn -0.2988 0.5261 -0.7962
vn -0.3008 0.5269 -0.7949
vn -0.7700 -0.6358 -0.0533
vn -0.7690 -0.6370 -0.0536
vn -0.7706 -0.6351 -0.0531
vn -0.2813 -0.9237 -0.2600
vn -0.0204 0.2217 -0.9749
vn 0.6749 0.7222 0.1516
vn 0.3988 -0.4241 0.8130
vn -0.7697 -0.6369 -0.0432
vn 0.0828 -0.2018 0.9759
vn 0.5039 0.8282 0.2452
vn -0.3554 0.4273 -0.8313
vn 0.6572 0.7484 0.0891
vn 0.6571 0.7485 0.0891
vn 0.4464 0.8935 -0.0491
vn 0.4463 0.8935 -0.0491
vn 0.6675 0.7419 0.0637
vn 0.4464 0.8935 -0.0492
vn -0.7982 0.3727 -0.4732
vn -0.8340 0.3955 -0.3848
vn -0.4464 -0.8935 0.0491
vn -0.7548 0.3464 -0.5571
vn -0.4464 -0.8935 0.0492
vn -0.7038 0.3166 -0.6359
vn -0.6465 0.2840 -0.7081
vn -0.4463 -0.8935 0.0491
vn -0.5824 0.2484 -0.7740
vn -0.2598 -0.9272 0.2697
vn -0.2415 -0.9374 0.2508
vn -0.2415 -0.9374 0.2510
vn 0.6465 -0.2840 0.7081
vn 0.6466 -0.2840 0.7080
vn 0.7040 -0.3167 0.6357
vn -0.2248 -0.9469 0.2300
vn -0.2103 -0.9554 0.2075
vn -0.2248 -0.9469 0.2299
vn 0.7546 -0.3463 0.5574
vn 0.6301 0.7646 0.1359
vn 0.6447 0.7560 0.1133
vn 0.6446 0.7561 0.1133
vn -0.1978 -0.9630 0.1832
vn -0.2103 -0.9554 0.2074
vn 0.7981 -0.3731 0.4731
vn 0.7983 -0.3728 0.4731
vn 0.0525 0.0287 0.9982
vn 0.7984 -0.3728 0.4728
vn 0.8340 -0.3955 0.3848
vn 0.8619 -0.4142 0.2925
vn 0.8340 -0.3953 0.3848
vn -0.1875 -0.9695 0.1578
vn 0.8619 -0.4143 0.2925
vn -0.1795 -0.9750 0.1312
vn -0.1795 -0.9750 0.1313
vn -0.1739 -0.9793 0.1039
vn -0.1739 -0.9793 0.1040
vn -0.1708 -0.9824 0.0760
vn 0.8923 -0.4402 0.1004
vn 0.8812 -0.4293 0.1979
vn 0.8814 -0.4290 0.1977
vn 0.8812 -0.4293 0.1978
vn 0.5781 -0.3298 -0.7463
vn 0.5781 -0.3298 -0.7464
vn 0.8813 -0.4293 0.1977
vn 0.8618 -0.4144 0.2926
vn 0.0525 0.0286 0.9982
vn 0.4463 0.8935 -0.0492
vn 0.7984 -0.3728 0.4729
vn 0.8341 -0.3953 0.3848
vn 0.8340 -0.3954 0.3848
vn 0.6755 0.7364 0.0371
vn 0.8617 -0.4145 0.2925
vn 0.8618 -0.4144 0.2925
vn 0.6811 0.7321 0.0097
vn -0.8618 0.4144 -0.2925
vn -0.8813 0.4294 -0.1976
vn -0.8922 0.4402 -0.1008
vn -0.8946 0.4468 -0.0026
vn -0.8884 0.4491 0.0950
vn -0.8884 0.4491 0.0951
vn -0.1719 -0.9849 0.0196
vn -0.1700 -0.9843 0.0479
vn -0.1718 -0.9849 0.0197
vn 0.8886 -0.4486 -0.0951
vn 0.8885 -0.4490 -0.0950
vn 0.8737 -0.4469 -0.1923
vn -0.1761 -0.9843 -0.0083
vn -0.1827 -0.9825 -0.0356
vn -0.1760 -0.9843 -0.0082
vn 0.8506 -0.4405 -0.2871
vn 0.8506 -0.4406 -0.2871
vn 0.8192 -0.4299 -0.3795
vn 0.7798 -0.4153 -0.4685
vn 0.8191 -0.4301 -0.3796
vn -0.1919 -0.9794 -0.0622
vn -0.1918 -0.9795 -0.0621
vn -0.2032 -0.9752 -0.0877
vn -0.2031 -0.9752 -0.0876
vn -0.2165 -0.9698 -0.1120
vn -0.2166 -0.9698 -0.1120
vn -0.2320 -0.9634 -0.1346
vn 0.6794 -0.3740 -0.6313
vn 0.7329 -0.3965 -0.5528
vn 0.6792 -0.3741 -0.6314
vn 0.6187 -0.3479 -0.7044
vn -0.1611 0.0262 -0.9866
vn 0.6188 -0.3479 -0.7043
vn 0.6190 -0.3474 -0.7044
vn 0.5524 -0.3183 -0.7704
vn -0.2685 -0.9473 -0.1747
vn -0.2494 -0.9558 -0.1556
vn -0.2493 -0.9558 -0.1556
vn -0.2321 -0.9633 -0.1346
vn -0.6188 0.3478 0.7044
vn -0.6794 0.3741 0.6312
vn -0.7329 0.3965 0.5528
vn -0.7797 0.4153 0.4686
vn 0.6518 0.7363 -0.1817
vn 0.6518 0.7362 -0.1819
vn 0.6384 0.7416 -0.2061
vn 0.6631 0.7320 -0.1564
vn 0.6631 0.7320 -0.1563
vn 0.8192 -0.4300 -0.3796
vn 0.8190 -0.4302 -0.3796
vn 0.6722 0.7289 -0.1297
vn 0.8506 -0.4406 -0.2870
vn 0.8505 -0.4407 -0.2871
vn 0.8736 -0.4470 -0.1924
vn 0.6789 0.7271 -0.1024
vn 0.6722 0.7289 -0.1298
vn 0.6789 0.7271 -0.1023
vn -0.8505 0.4407 0.2871
vn -0.8192 0.4301 0.3795
vn -0.8736 0.4470 0.1925
vn -0.4463 -0.8935 0.0492
vn 0.6831 0.7265 -0.0744
vn 0.6832 0.7264 -0.0745
vn 0.8884 -0.4490 -0.0951
vn 0.8884 -0.4491 -0.0951
vn 0.8947 -0.4468 0.0029
vn 0.6850 0.7271 -0.0463
vn 0.8883 -0.4494 -0.0950
vn 0.6074 -0.2622 0.7498
vn 0.6074 -0.2622 0.7499
vn 0.6189 -0.3476 -0.7044
vn 0.6185 -0.3482 -0.7044
vn 0.6792 -0.3742 -0.6314
vn 0.6229 0.7481 -0.2287
vn 0.6056 0.7556 -0.2498
vn 0.6056 0.7556 -0.2497
vn 0.5864 0.7641 -0.2688
vn -0.4807 0.2857 0.8290
vn -0.5526 0.3184 0.7702
vn -0.4045 0.2505 0.8796
vn -0.3341 -0.9169 -0.2182
vn -0.3110 -0.9278 -0.2060
vn 0.2409 -0.1729 -0.9550
vn -0.3581 -0.9055 -0.2278
vn 0.3244 -0.2127 -0.9217
vn 0.2412 -0.1728 -0.9550
vn 0.3244 -0.2128 -0.9217
vn 0.4043 -0.2505 -0.8797
vn 0.8933 -0.4481 -0.0341
vn -0.6831 0.3047 -0.6637
vn 0.1556 -0.1316 -0.9790
vn 0.1556 -0.1314 -0.9790
vn 0.2410 -0.1730 -0.9550
vn 0.4968 0.8059 -0.3219
vn 0.4722 0.8179 -0.3288
vn 0.4471 0.8302 -0.3330
vn 0.4220 0.8427 -0.3345
vn 0.0681 -0.0887 -0.9937
vn -0.0194 -0.0453 -0.9988
vn 0.4219 0.8427 -0.3345
vn -0.4331 -0.8687 -0.2404
vn -0.4078 -0.8813 -0.2389
vn -0.0194 -0.0452 -0.9988
vn -0.4079 -0.8812 -0.2389
vn -0.3828 -0.8935 -0.2346
vn -0.0684 0.0888 0.9937
vn -0.1554 0.1315 0.9791
vn -0.2410 0.1729 0.9550
vn -0.3244 0.2127 0.9217
vn 0.5208 0.7945 -0.3123
vn 0.4044 -0.2504 -0.8797
vn 0.4045 -0.2503 -0.8796
vn 0.5438 0.7836 -0.3002
vn 0.3243 -0.2129 -0.9217
vn 0.3245 -0.2126 -0.9217
vn 0.2410 -0.1729 -0.9550
vn 0.4044 -0.2504 -0.8796
vn 0.5439 0.7836 -0.3001
vn 0.5659 0.7735 -0.2855
vn 0.4810 -0.2858 -0.8288
vn -0.3111 -0.9278 -0.2060
vn -0.2891 -0.9380 -0.1914
vn 0.4810 -0.2859 -0.8288
vn -0.2686 -0.9473 -0.1747
vn -0.3827 -0.8936 -0.2347
vn 0.0197 0.0451 0.9988
vn 0.1070 0.0012 0.9943
vn 0.1940 -0.0430 0.9801
vn 0.1939 -0.0430 0.9801
vn 0.3718 0.8680 -0.3291
vn 0.3473 0.8806 -0.3224
vn 0.3717 0.8681 -0.3291
vn 0.3237 0.8929 -0.3128
vn 0.3474 0.8806 -0.3223
vn 0.3602 -0.1291 0.9239
vn 0.4391 -0.1708 0.8821
vn 0.2798 0.9163 -0.2865
vn 0.3013 0.9048 -0.3009
vn 0.3012 0.9049 -0.3009
vn -0.4390 0.1708 -0.8821
vn -0.5134 0.2106 -0.8319
vn -0.5134 0.2109 -0.8318
vn 0.2797 0.9163 -0.2865
vn -0.4390 0.1709 -0.8821
vn -0.3603 0.1293 -0.9238
vn 0.6571 -0.3646 -0.6598
vn -0.8802 0.4483 0.1557
vn -0.1938 0.0428 -0.9801
vn -0.2782 0.0863 -0.9566
vn 0.4000 -0.1501 0.9041
vn -0.1068 -0.0014 -0.9943
vn 0.4001 -0.1501 0.9041
vn -0.1067 -0.0013 -0.9943
vn -0.1070 -0.0012 -0.9943
vn -0.1071 -0.0015 -0.9942
vn -0.4833 -0.8434 -0.2349
vn -0.4584 -0.8560 -0.2390
vn -0.4583 -0.8561 -0.2391
vn -0.1939 0.0429 -0.9801
vn -0.1938 0.0429 -0.9801
vn -0.2782 0.0863 -0.9567
vn -0.2782 0.0862 -0.9566
vn -0.3603 0.1289 -0.9239
vn -0.4390 0.1707 -0.8821
vn -0.3603 0.1291 -0.9238
vn -0.5538 -0.8066 -0.2067
vn -0.5312 -0.8185 -0.2187
vn -0.5311 -0.8186 -0.2188
vn -0.5537 -0.8066 -0.2068
vn -0.5752 -0.7951 -0.1923
vn -0.5134 0.2108 -0.8318
vn -0.5134 0.2107 -0.8319
vn -0.5951 -0.7842 -0.1757
vn -0.5752 -0.7951 -0.1924
vn -0.5826 0.2485 -0.7739
vn -0.5824 0.2483 -0.7740
vn -0.6464 0.2840 -0.7081
vn -0.6466 0.2840 -0.7080
vn -0.7040 0.3167 -0.6357
vn -0.6301 -0.7645 -0.1359
vn -0.6135 -0.7740 -0.1567
vn -0.6135 -0.7740 -0.1568
vn -0.5951 -0.7842 -0.1756
vn 0.5824 -0.2484 0.7740
vn 0.2248 0.9469 -0.2300
vn 0.2414 0.9374 -0.2509
vn 0.2416 0.9374 -0.2509
vn 0.2103 0.9554 -0.2074
vn 0.2249 0.9469 -0.2300
vn 0.1978 0.9630 -0.1833
vn 0.2104 0.9554 -0.2074
vn 0.7982 -0.3727 0.4732
vn 0.7548 -0.3464 0.5571
vn 0.7038 -0.3166 0.6359
vn -0.6446 -0.7561 -0.1132
vn -0.6572 -0.7485 -0.0890
vn -0.6572 -0.7485 -0.0892
vn -0.6675 -0.7419 -0.0637
vn -0.6755 -0.7364 -0.0371
vn -0.8619 0.4143 -0.2925
vn -0.8340 0.3954 -0.3847
vn -0.8618 0.4144 -0.2926
vn -0.8813 0.4292 -0.1979
vn -0.8812 0.4293 -0.1977
vn -0.5781 0.3298 0.7464
vn -0.8814 0.4290 -0.1977
vn 0.4465 0.8934 -0.0492
vn -0.8812 0.4293 -0.1981
vn -0.8811 0.4297 -0.1978
vn 0.1795 0.9750 -0.1313
vn 0.1739 0.9793 -0.1039
vn 0.1739 0.9793 -0.1040
vn 0.1708 0.9824 -0.0760
vn 0.8946 -0.4468 0.0026
vn 0.8922 -0.4402 0.1008
vn -0.6842 -0.7290 0.0181
vn -0.6810 -0.7322 -0.0097
vn -0.6842 -0.7291 0.0182
vn -0.6849 -0.7271 0.0462
vn -0.8923 0.4402 -0.1004
vn -0.8947 0.4468 -0.0029
vn -0.8946 0.4468 -0.0029
vn 0.1707 0.9824 -0.0760
vn 0.1700 0.9843 -0.0479
vn -0.8886 0.4487 0.0951
vn -0.8884 0.4490 0.0951
vn 0.1719 0.9849 -0.0197
vn 0.1718 0.9849 -0.0196
vn 0.1761 0.9843 0.0082
vn 0.8736 -0.4470 -0.1925
vn 0.8884 -0.4491 -0.0950
vn -0.6831 -0.7265 0.0745
vn -0.6788 -0.7271 0.1024
vn -0.6789 -0.7271 0.1024
vn -0.6722 -0.7289 0.1297
vn -0.8506 0.4406 0.2871
vn -0.8737 0.4469 0.1923
vn -0.8736 0.4469 0.1924
vn -0.8192 0.4300 0.3796
vn -0.6074 0.2622 -0.7498
vn -0.6074 0.2622 -0.7499
vn 0.1611 -0.0262 0.9866
vn -0.7331 0.3964 0.5527
vn -0.7798 0.4152 0.4685
vn -0.6519 -0.7362 0.1818
vn -0.6518 -0.7363 0.1818
vn -0.6384 -0.7416 0.2061
vn -0.7327 0.3966 0.5530
vn -0.6632 -0.7320 0.1563
vn -0.8192 0.4300 0.3795
vn -0.6631 -0.7320 0.1564
vn 0.8192 -0.4301 -0.3795
vn 0.7797 -0.4153 -0.4686
vn 0.2166 0.9698 0.1119
vn 0.2031 0.9752 0.0877
vn 0.2031 0.9752 0.0876
vn 0.2320 0.9633 0.1347
vn 0.2165 0.9698 0.1120
vn -0.7328 0.3966 0.5529
vn -0.6794 0.3740 0.6313
vn -0.6793 0.3741 0.6314
vn 0.2320 0.9634 0.1346
vn 0.2494 0.9558 0.1557
vn -0.6189 0.3475 0.7044
vn 0.2494 0.9558 0.1555
vn -0.6187 0.3478 0.7044
vn 0.2685 0.9473 0.1747
vn 0.6188 -0.3478 -0.7044
vn 0.5526 -0.3184 -0.7702
vn 0.4807 -0.2857 -0.8290
vn -0.5658 -0.7735 0.2856
vn -0.5864 -0.7641 0.2688
vn -0.5659 -0.7734 0.2856
vn -0.5438 -0.7837 0.3002
vn -0.4043 0.2504 0.8797
vn -0.4044 0.2504 0.8796
vn -0.4810 0.2859 0.8288
vn -0.4044 0.2504 0.8797
vn -0.8933 0.4481 0.0341
vn -0.3244 0.2128 0.9217
vn -0.3243 0.2127 0.9217
vn -0.2410 0.1730 0.9550
vn -0.5208 -0.7945 0.3123
vn -0.4968 -0.8059 0.3219
vn -0.5439 -0.7836 0.3002
vn 0.4045 -0.2505 -0.8796
vn 0.3341 0.9169 0.2182
vn 0.3111 0.9278 0.2061
vn 0.3111 0.9278 0.2060
vn 0.2891 0.9380 0.1914
vn 0.2891 0.9380 0.1915
vn 0.2685 0.9473 0.1746
vn -0.5524 0.3183 0.7704
vn -0.3243 0.2128 0.9217
vn -0.3245 0.2127 0.9217
vn -0.4043 0.2505 0.8797
vn -0.4044 0.2503 0.8796
vn -0.2411 0.1729 0.9550
vn -0.1557 0.1315 0.9790
vn -0.2409 0.1729 0.9550
vn 0.3581 0.9055 0.2278
vn -0.1555 0.1315 0.9790
vn 0.3828 0.8935 0.2347
vn 0.3827 0.8936 0.2346
vn 0.4078 0.8813 0.2388
vn 0.0684 -0.0888 -0.9937
vn 0.1554 -0.1315 -0.9791
vn -0.4471 -0.8302 0.3330
vn -0.4722 -0.8179 0.3288
vn 0.0194 0.0452 0.9988
vn -0.4219 -0.8427 0.3345
vn -0.0681 0.0887 0.9937
vn 0.4331 0.8687 0.2404
vn 0.4079 0.8812 0.2389
vn 0.4330 0.8688 0.2403
vn 0.4584 0.8560 0.2391
vn -0.0196 -0.0451 -0.9988
vn -0.0197 -0.0451 -0.9988
vn -0.1939 0.0430 -0.9801
vn -0.1940 0.0430 -0.9801
vn -0.2782 0.0864 -0.9566
vn 0.5076 0.8308 0.2282
vn 0.4832 0.8434 0.2350
vn 0.1939 -0.0429 0.9801
vn 0.1938 -0.0430 0.9801
vn 0.4583 0.8561 0.2390
vn 0.1070 0.0014 0.9943
vn -0.6571 0.3646 0.6598
vn 0.1069 0.0011 0.9943
vn 0.1070 0.0009 0.9943
vn 0.1070 0.0013 0.9943
vn 0.1938 -0.0429 0.9801
vn -0.3717 -0.8681 0.3291
vn -0.3966 -0.8554 0.3331
vn -0.3967 -0.8553 0.3332
vn 0.1939 -0.0431 0.9801
vn -0.3474 -0.8806 0.3224
vn -0.3718 -0.8680 0.3291
vn 0.2782 -0.0864 0.9566
vn 0.2782 -0.0863 0.9566
vn 0.3603 -0.1292 0.9238
vn 0.3603 -0.1293 0.9238
vn 0.4389 -0.1707 0.8822
vn 0.4390 -0.1708 0.8821
vn -0.3012 -0.9048 0.3009
vn -0.2798 -0.9164 0.2864
vn 0.5134 -0.2107 0.8319
vn -0.3012 -0.9049 0.3008
vn -0.3238 -0.8929 0.3128
vn -0.3474 -0.8806 0.3223
vn -0.3238 -0.8929 0.3129
vn -0.3602 0.1291 -0.9239
vn -0.4391 0.1708 -0.8821
vn 0.5751 0.7951 0.1923
vn 0.5537 0.8067 0.2067
vn 0.5538 0.8066 0.2067
vn 0.4390 -0.1707 0.8821
vn 0.3602 -0.1292 0.9239
vn 0.5311 0.8186 0.2187
vn 0.2782 -0.0865 0.9566
vn 0.5075 0.8309 0.2282
vn 0.5312 0.8185 0.2187
vn 0.2781 -0.0864 0.9567
vn 0.5134 -0.2107 0.8318
vn 0.5826 -0.2482 0.7739
vn 0.5133 -0.2108 0.8319
vn 0.5825 -0.2485 0.7739
vn 0.6135 0.7740 0.1567
vn 0.6466 -0.2838 0.7081
vn 0.6465 -0.2838 0.7081
vn 0.6134 0.7741 0.1568
vn 0.5951 0.7842 0.1756
vn 0.5952 0.7842 0.1756
vn -0.4002 0.1502 -0.9041
vn 0.8802 -0.4483 -0.1556
vn -0.4001 0.1502 -0.9041
vn 0.5752 0.7951 0.1923
vn -0.2598 -0.9272 0.2698
vn -0.2798 -0.9163 0.2865
vn 0.5825 -0.2484 0.7739
vn 0.5826 -0.2484 0.7739
vn -0.4219 -0.8426 0.3345
vn -0.4722 -0.8178 0.3288
vn -0.1556 0.1316 0.9790
vn -0.1557 0.1314 0.9790
vn 0.6831 -0.3047 0.6637
vn -0.1556 0.1315 0.9790
vn -0.2410 0.1728 0.9550
vn -0.5865 -0.7641 0.2688
vn -0.6186 0.3482 0.7043
vn -0.6188 0.3479 0.7043
vn -0.6056 -0.7555 0.2497
vn -0.6055 -0.7556 0.2497
vn -0.6188 0.3477 0.7044
vn -0.6793 0.3740 0.6314
vn -0.6230 -0.7480 0.2288
vn -0.6229 -0.7481 0.2288
vn 0.6794 -0.3741 -0.6312
vn -0.7330 0.3965 0.5527
vn -0.7798 0.4153 0.4685
vn -0.8191 0.4301 0.3796
vn -0.8192 0.4299 0.3795
vn 0.1919 0.9795 0.0621
vn 0.1828 0.9825 0.0355
vn 0.1918 0.9795 0.0622
vn -0.8736 0.4471 0.1924
vn 0.1827 0.9825 0.0356
vn 0.1761 0.9843 0.0083
vn -0.8885 0.4490 0.0950
vn -0.6832 -0.7265 0.0744
vn -0.8883 0.4493 0.0950
vn -0.6850 -0.7271 0.0462
vn -0.6811 -0.7321 -0.0098
vn 0.8813 -0.4294 0.1976
vn 0.1875 0.9695 -0.1578
vn 0.1977 0.9630 -0.1832
vn -0.7984 0.3726 -0.4731
vn -0.8341 0.3953 -0.3847
vn -0.8340 0.3954 -0.3848
vn -0.7983 0.3728 -0.4730
vn -0.0525 -0.0287 -0.9982
vn -0.7983 0.3727 -0.4730
vn -0.7982 0.3730 -0.4731
vn -0.7983 0.3727 -0.4731
vn -0.8341 0.3953 -0.3848
vn -0.8618 0.4143 -0.2925
vn -0.7546 0.3463 -0.5574
vn -0.6446 -0.7561 -0.1133
vn -0.6301 -0.7645 -0.1358
vn -0.6464 0.2839 -0.7082
vn -0.5825 0.2484 -0.7739
vn 0.2599 0.9272 -0.2698
vn -0.6464 0.2840 -0.7082
vn 0.2598 0.9272 -0.2697
vn -0.5076 -0.8308 -0.2282
vn -0.4832 -0.8434 -0.2350
vn -0.5075 -0.8309 -0.2283
vn -0.5825 0.2486 -0.7739
vn -0.1070 -0.0013 -0.9943
vn -0.1070 -0.0010 -0.9943
vn -0.3603 0.1290 -0.9239
vn -0.2782 0.0862 -0.9567
vn 0.3238 0.8929 -0.3128
vn 0.3967 0.8554 -0.3331
vn 0.3966 0.8554 -0.3332
vn -0.4330 -0.8688 -0.2404
vn 0.1557 -0.1315 -0.9790
vn 0.1556 -0.1317 -0.9790
vn 0.5658 0.7735 -0.2856
vn 0.5864 0.7641 -0.2687
vn 0.6229 0.7481 -0.2288
vn 0.7329 -0.3966 -0.5527
vn 0.7331 -0.3964 -0.5527
vn 0.7799 -0.4152 -0.4684
vn -0.1828 -0.9825 -0.0356
vn 0.8946 -0.4468 0.0029
vn -0.1707 -0.9824 0.0760
vn 0.6849 0.7272 -0.0462
vn 0.6842 0.7290 -0.0182
vn 0.6842 0.7291 -0.0181
vn 0.6810 0.7322 0.0098
vn 0.8812 -0.4295 0.1978
vn 0.7985 -0.3725 0.4730
vn -0.1978 -0.9630 0.1833
vn 0.6301 0.7645 0.1358
vt 0.447534 0.188506
vt 0.482042 0.339887
vt 0.268995 0.308285
vt 0.200412 0.549013
vt 0.001435 0.519498
vt 0.155380 0.398046
vt 0.339388 0.468387
vt 0.418781 0.332460
vt 0.550268 0.499668
vt 0.119167 0.230283
vt 0.254632 0.310637
vt 0.086793 0.448525
vt 0.276842 0.361408
vt 0.295764 0.329012
vt 0.223562 0.178795
vt 0.252951 0.196144
vt 0.263735 0.343745
vt 0.274060 0.326068
vt 0.256066 0.176454
vt 0.239425 0.166668
vt 0.374456 0.231812
vt 0.355142 0.232221
vt 0.355142 0.211891
vt 0.374456 0.212470
vt 0.584991 0.225965
vt 0.589320 0.244957
vt 0.571730 0.257344
vt 0.563812 0.222609
vt 0.311741 0.423620
vt 0.317310 0.442112
vt 0.298478 0.455211
vt 0.288554 0.422544
vt 0.509255 0.249536
vt 0.509373 0.249151
vt 0.512266 0.241100
vt 0.512529 0.240367
vt 0.514119 0.238230
vt 0.514264 0.238034
vt 0.514836 0.237265
vt 0.514889 0.237195
vt 0.516436 0.234582
vt 0.516578 0.234340
vt 0.504987 0.237458
vt 0.503951 0.237737
vt 0.500413 0.250629
vt 0.500104 0.251758
vt 0.473653 0.259926
vt 0.471517 0.260586
vt 0.553525 0.256384
vt 0.550937 0.257647
vt 0.550680 0.257772
vt 0.546385 0.261202
vt 0.545964 0.261538
vt 0.542751 0.263510
vt 0.542439 0.263701
vt 0.539050 0.265215
vt 0.538724 0.265361
vt 0.529251 0.266995
vt 0.528364 0.267148
vt 0.526288 0.266881
vt 0.526095 0.266856
vt 0.524017 0.266588
vt 0.523825 0.266563
vt 0.520322 0.264985
vt 0.520002 0.264841
vt 0.517729 0.263358
vt 0.517523 0.263223
vt 0.515249 0.261741
vt 0.515043 0.261606
vt 0.510990 0.257897
vt 0.510626 0.257564
vt 0.513004 0.253810
vt 0.519344 0.252499
vt 0.519928 0.252378
vt 0.521296 0.251075
vt 0.521423 0.250954
vt 0.528457 0.253231
vt 0.529119 0.253445
vt 0.521660 0.244629
vt 0.520967 0.243809
vt 0.513665 0.252979
vt 0.500510 0.261620
vt 0.501042 0.261658
vt 0.503404 0.263785
vt 0.503611 0.263971
vt 0.510075 0.268366
vt 0.510650 0.268757
vt 0.516175 0.271605
vt 0.516673 0.271862
vt 0.520832 0.273074
vt 0.521212 0.273184
vt 0.529023 0.273174
vt 0.529752 0.273173
vt 0.538752 0.270930
vt 0.539613 0.270716
vt 0.545004 0.267068
vt 0.545529 0.266713
vt 0.549416 0.262892
vt 0.549800 0.262515
vt 0.553187 0.256941
vt 0.478362 0.261306
vt 0.478922 0.261365
vt 0.493174 0.261198
vt 0.494390 0.261183
vt 0.928715 0.618458
vt 0.928882 0.624082
vt 0.920528 0.624093
vt 0.920512 0.623582
vt 0.964160 0.373004
vt 0.972609 0.369703
vt 0.972439 0.372963
vt 0.224681 0.952895
vt 0.229495 0.952587
vt 0.231541 0.955007
vt 0.964341 0.369420
vt 0.972625 0.369379
vt 0.973090 0.363870
vt 0.964840 0.363371
vt 0.973136 0.363330
vt 0.224685 0.948933
vt 0.973401 0.359252
vt 0.965125 0.358898
vt 0.973427 0.358856
vt 0.219561 0.949780
vt 0.221722 0.946043
vt 0.920229 0.612523
vt 0.928603 0.612512
vt 0.920340 0.617935
vt 0.920351 0.618469
vt 0.705764 0.464157
vt 0.705227 0.469696
vt 0.700621 0.466416
vt 0.709897 0.470951
vt 0.214226 0.945020
vt 0.928498 0.604594
vt 0.920219 0.611820
vt 0.710434 0.465412
vt 0.030548 0.587790
vt 0.026267 0.595065
vt 0.023447 0.591245
vt 0.701822 0.457959
vt 0.700885 0.461941
vt 0.010057 0.956492
vt 0.000825 0.951797
vt 0.010016 0.951814
vt 0.000867 0.956475
vt 0.700147 0.472467
vt 0.010136 0.962905
vt 0.000946 0.962889
vt 0.858938 0.948933
vt 0.863748 0.952587
vt 0.858934 0.952895
vt 0.853814 0.949780
vt 0.855974 0.946043
vt 0.010160 0.966618
vt 0.000970 0.966602
vt 0.865793 0.955007
vt 0.709090 0.475967
vt 0.699983 0.476052
vt 0.000799 0.946976
vt 0.848478 0.945020
vt 0.853452 0.942845
vt 0.009989 0.946992
vt 0.000804 0.934033
vt 0.849172 0.933229
vt 0.009994 0.934049
vt 0.000824 0.931318
vt 0.843672 0.936052
vt 0.848898 0.930955
vt 0.010014 0.931335
vt 0.000844 0.928604
vt 0.841562 0.927768
vt 0.848624 0.928681
vt 0.010034 0.928620
vt 0.000912 0.924248
vt 0.849354 0.924548
vt 0.010102 0.924264
vt 0.000969 0.921512
vt 0.841728 0.923039
vt 0.850313 0.921746
vt 0.010160 0.921529
vt 0.001027 0.918776
vt 0.851271 0.918944
vt 0.843259 0.916433
vt 0.023447 0.562828
vt 0.032141 0.561576
vt 0.025024 0.565604
vt 0.005762 0.917466
vt 0.010043 0.912174
vt 0.029137 0.554804
vt 0.973085 0.325489
vt 0.964733 0.325531
vt 0.972565 0.320805
vt 0.964160 0.320426
vt 0.972518 0.320384
vt 0.262256 0.413407
vt 0.267435 0.403238
vt 0.268505 0.412492
vt 0.217019 0.918944
vt 0.209006 0.916433
vt 0.219852 0.913667
vt 0.001162 0.914107
vt 0.005897 0.912797
vt 0.216060 0.921746
vt 0.964965 0.328444
vt 0.973104 0.325731
vt 0.854105 0.913667
vt 0.846168 0.908430
vt 0.857069 0.910155
vt 0.067931 0.126923
vt 0.064548 0.127721
vt 0.062148 0.124348
vt 0.847780 0.905370
vt 0.857147 0.902033
vt 0.861954 0.910388
vt 0.065530 0.123550
vt 0.061993 0.119605
vt 0.417997 0.014971
vt 0.410641 0.013668
vt 0.417507 0.010830
vt 0.410111 0.009156
vt 0.417463 0.010459
vt 0.222816 0.910155
vt 0.222895 0.902033
vt 0.227701 0.910389
vt 0.258278 0.403238
vt 0.257846 0.415094
vt 0.417849 0.015290
vt 0.408831 0.017565
vt 0.211916 0.908430
vt 0.213527 0.905370
vt 0.012385 0.345387
vt 0.015965 0.340426
vt 0.015965 0.354136
vt 0.365204 0.233060
vt 0.371553 0.233060
vt 0.366771 0.240929
vt 0.069666 0.117367
vt 0.700566 0.414411
vt 0.710395 0.422581
vt 0.701287 0.422666
vt 0.709673 0.414326
vt 0.704663 0.410102
vt 0.061993 0.110646
vt 0.075831 0.667169
vt 0.066195 0.664445
vt 0.076923 0.657533
vt 0.069666 0.108408
vt 0.069370 0.650088
vt 0.480169 0.153606
vt 0.486212 0.159056
vt 0.480169 0.171263
vt 0.326560 0.143687
vt 0.323002 0.131210
vt 0.326560 0.129761
vt 0.076923 0.674891
vt 0.076629 0.671369
vt 0.081277 0.127721
vt 0.072087 0.111698
vt 0.081277 0.111730
vt 0.076418 0.670257
vt 0.165457 0.388570
vt 0.163162 0.397352
vt 0.163162 0.388245
vt 0.162337 0.397235
vt 0.162337 0.388128
vt 0.059507 0.002167
vt 0.059507 0.010160
vt 0.056754 0.008944
vt 0.874902 0.912811
vt 0.873934 0.912411
vt 0.871687 0.902329
vt 0.878084 0.913751
vt 0.056754 0.000951
vt 0.072087 0.127689
vt 0.165457 0.397678
vt 0.871245 0.911298
vt 0.709333 0.411356
vt 0.704537 0.401997
vt 0.928833 0.551157
vt 0.928810 0.559182
vt 0.920356 0.559193
vt 0.920357 0.558551
vt 0.212352 0.898798
vt 0.920296 0.561696
vt 0.928741 0.561904
vt 0.920291 0.561915
vt 0.920367 0.551169
vt 0.928850 0.532273
vt 0.920366 0.549684
vt 0.920356 0.532285
vt 0.208374 0.883833
vt 0.207309 0.876455
vt 0.928882 0.523385
vt 0.920357 0.531612
vt 0.920375 0.523396
vt 0.615370 0.484796
vt 0.619739 0.495022
vt 0.615370 0.521198
vt 0.458918 0.165457
vt 0.458918 0.129807
vt 0.467344 0.129504
vt 0.467340 0.132168
vt 0.610632 0.486094
vt 0.704246 0.374055
vt 0.709090 0.384313
vt 0.699983 0.384398
vt 0.708915 0.375310
vt 0.842627 0.883833
vt 0.841562 0.876455
vt 0.610632 0.522496
vt 0.709206 0.403252
vt 0.846605 0.898798
vt 0.777475 0.472385
vt 0.783745 0.489322
vt 0.777475 0.499274
vt 0.467288 0.165156
vt 0.200290 0.032005
vt 0.200290 0.046194
vt 0.193140 0.047895
vt 0.193141 0.046752
vt 0.193151 0.033704
vt 0.237435 0.902330
vt 0.240649 0.912811
vt 0.243832 0.913751
vt 0.181773 0.049347
vt 0.181773 0.033638
vt 0.190131 0.033374
vt 0.190129 0.034663
vt 0.239681 0.912411
vt 0.236993 0.911298
vt 0.456989 0.112041
vt 0.459517 0.111981
vt 0.459517 0.120400
vt 0.459305 0.120406
vt 0.460350 0.120379
vt 0.460426 0.111960
vt 0.460426 0.120377
vt 0.462773 0.120305
vt 0.462990 0.111885
vt 0.462990 0.120298
vt 0.190106 0.049083
vt 0.456989 0.120464
vt 0.416282 0.002727
vt 0.408831 0.000723
vt 0.416175 0.002024
vt 0.920168 0.569018
vt 0.928596 0.569638
vt 0.920157 0.569649
vt 0.920077 0.575880
vt 0.928499 0.576431
vt 0.920070 0.576443
vt 0.920037 0.581298
vt 0.928455 0.581729
vt 0.920034 0.581741
vt 0.207309 0.927768
vt 0.207476 0.923039
vt 0.215102 0.924549
vt 0.965448 0.335909
vt 0.965196 0.331358
vt 0.973540 0.331317
vt 0.973561 0.331698
vt 0.214371 0.928681
vt 0.973332 0.328646
vt 0.973313 0.328403
vt 0.973786 0.335868
vt 0.965497 0.338664
vt 0.973789 0.336101
vt 0.973830 0.338623
vt 0.214920 0.933229
vt 0.209420 0.936052
vt 0.214645 0.930955
vt 0.965545 0.341419
vt 0.973834 0.338857
vt 0.920038 0.592151
vt 0.928443 0.592140
vt 0.920106 0.603518
vt 0.920112 0.604605
vt 0.920038 0.591264
vt 0.973875 0.341378
vt 0.219199 0.942845
vt 0.965339 0.354229
vt 0.973856 0.342475
vt 0.973649 0.354188
vt 0.973629 0.354597
vt 0.508170 0.254135
vt 0.507950 0.253829
vt 0.416184 0.018868
vt 0.406815 0.208999
vt 0.406815 0.198428
vt 0.415094 0.197324
vt 0.415093 0.198203
vt 0.323878 0.459248
vt 0.332307 0.459244
vt 0.323912 0.467208
vt 0.143085 0.046808
vt 0.138558 0.052250
vt 0.138558 0.039457
vt 0.332330 0.467936
vt 0.323915 0.467940
vt 0.332366 0.470010
vt 0.323954 0.470014
vt 0.323951 0.469838
vt 0.143367 0.044761
vt 0.323885 0.478186
vt 0.332277 0.478951
vt 0.323878 0.478955
vt 0.325293 0.254100
vt 0.332366 0.251805
vt 0.325284 0.264624
vt 0.332366 0.263305
vt 0.325283 0.265602
vt 0.150943 0.041905
vt 0.415076 0.207897
vt 0.406309 0.113208
vt 0.408220 0.103989
vt 0.415094 0.113208
vt 0.424853 0.088647
vt 0.425254 0.097242
vt 0.421579 0.096770
vt 0.418136 0.097242
vt 0.286744 0.178146
vt 0.291401 0.179444
vt 0.291727 0.188679
vt 0.282620 0.188679
vt 0.271294 0.174564
vt 0.278665 0.177656
vt 0.278665 0.188679
vt 0.369163 0.091437
vt 0.369163 0.078812
vt 0.373434 0.085690
vt 0.375496 0.085571
vt 0.381713 0.088956
vt 0.431060 0.023222
vt 0.421872 0.023018
vt 0.421872 0.011543
vt 0.271294 0.185588
vt 0.308747 0.317720
vt 0.317852 0.317494
vt 0.317852 0.326074
vt 0.431060 0.011747
vt 0.279696 0.325109
vt 0.279696 0.311229
vt 0.284470 0.317775
vt 0.308747 0.326300
vt 0.317700 0.328012
vt 0.033382 0.566711
vt 0.701769 0.429805
vt 0.711099 0.435174
vt 0.701992 0.435259
vt 0.710876 0.429720
vt 0.026681 0.569910
vt 0.026931 0.572491
vt 0.711176 0.445624
vt 0.033206 0.576456
vt 0.702068 0.445709
vt 0.027181 0.575071
vt 0.710929 0.457874
vt 0.025186 0.586951
vt 0.982933 0.644846
vt 0.960398 0.654572
vt 0.978740 0.639256
vt 0.984035 0.650560
vt 0.972852 0.635357
vt 0.965409 0.633276
vt 0.013559 0.065963
vt 0.056700 0.070855
vt 0.054906 0.077414
vt 0.973111 0.599466
vt 0.977255 0.601579
vt 0.967706 0.621501
vt 0.475886 0.363608
vt 0.478955 0.370189
vt 0.475886 0.399129
vt 0.984035 0.604924
vt 0.058771 0.064424
vt 0.061148 0.058421
vt 0.096175 0.076663
vt 0.093796 0.082260
vt 0.298607 0.215182
vt 0.269635 0.220610
vt 0.266072 0.214058
vt 0.296991 0.206955
vt 0.281688 0.206919
vt 0.265844 0.209681
vt 0.304310 0.203821
vt 0.136308 0.096640
vt 0.324914 0.204586
vt 0.311383 0.205508
vt 0.319753 0.202052
vt 0.300435 0.322930
vt 0.297527 0.328012
vt 0.297527 0.321460
vt 0.600422 0.143324
vt 0.594577 0.141429
vt 0.605001 0.139616
vt 0.594332 0.146008
vt 0.588867 0.144037
vt 0.299809 0.314551
vt 0.582709 0.151710
vt 0.581972 0.148507
vt 0.553588 0.160009
vt 0.540541 0.159445
vt 0.562029 0.154565
vt 0.132076 0.146833
vt 0.132040 0.168164
vt 0.128647 0.159642
vt 0.551867 0.166950
vt 0.557408 0.164235
vt 0.574070 0.153169
vt 0.575595 0.148178
vt 0.059507 0.126270
vt 0.055235 0.124614
vt 0.059507 0.117231
vt 0.128806 0.149704
vt 0.128664 0.142663
vt 0.566188 0.160006
vt 0.559958 0.162555
vt 0.005342 0.101649
vt 0.007826 0.093979
vt 0.009528 0.106025
vt 0.013588 0.101035
vt 0.009057 0.088238
vt 0.009080 0.081060
vt 0.509717 0.174564
vt 0.514975 0.168234
vt 0.543416 0.165733
vt 0.526859 0.161796
vt 0.566038 0.545548
vt 0.566038 0.583454
vt 0.561635 0.569966
vt 0.007734 0.074008
vt 0.006456 0.062325
vt 0.526769 0.174807
vt 0.531956 0.173469
vt 0.521431 0.176269
vt 0.544074 0.170296
vt 0.537491 0.172355
vt 0.053922 0.086930
vt 0.011342 0.076837
vt 0.056515 0.119042
vt 0.040211 0.096486
vt 0.060958 0.112299
vt 0.046966 0.123873
vt 0.011183 0.085899
vt 0.052856 0.095224
vt 0.081039 0.091122
vt 0.091853 0.088378
vt 0.136641 0.106729
vt 0.124252 0.110026
vt 0.138150 0.100340
vt 0.333569 0.202049
vt 0.331846 0.211991
vt 0.199353 0.123782
vt 0.342929 0.203334
vt 0.365094 0.201456
vt 0.376157 0.199885
vt 0.379887 0.206961
vt 0.004386 0.312508
vt 0.010043 0.333660
vt 0.002285 0.332242
vt 0.052229 0.158037
vt 0.044994 0.158660
vt 0.047461 0.185895
vt 0.038886 0.176762
vt 0.041114 0.160074
vt 0.036494 0.163422
vt 0.036844 0.155488
vt 0.035697 0.170149
vt 0.106013 0.112322
vt 0.038589 0.189615
vt 0.035415 0.184717
vt 0.040070 0.234825
vt 0.034326 0.201425
vt 0.189965 0.147485
vt 0.134446 0.132850
vt 0.080703 0.110194
vt 0.183725 0.131591
vt 0.190064 0.140430
vt 0.260132 0.158271
vt 0.198657 0.132162
vt 0.198732 0.127013
vt 0.280766 0.156976
vt 0.013533 0.272766
vt 0.006091 0.286309
vt 0.006998 0.268138
vt 0.375133 0.174171
vt 0.282926 0.151906
vt 0.375319 0.171233
vt 0.031368 0.254548
vt 0.036269 0.283871
vt 0.277433 0.169875
vt 0.276629 0.174456
vt 0.189923 0.153198
vt 0.309144 0.058699
vt 0.305384 0.066763
vt 0.270905 0.063158
vt 0.374948 0.189582
vt 0.319709 0.183754
vt 0.012731 0.166675
vt 0.007379 0.175955
vt 0.007085 0.164927
vt 0.016402 0.169259
vt 0.013417 0.124125
vt 0.423221 0.179005
vt 0.412056 0.175055
vt 0.463149 0.174608
vt 0.009913 0.134716
vt 0.007122 0.151945
vt 0.006854 0.140500
vt 0.468375 0.180922
vt 0.488357 0.172985
vt 0.007807 0.119729
vt 0.008217 0.113383
vt 0.006120 0.130250
vt 0.076923 0.447918
vt 0.072671 0.454282
vt 0.072671 0.435455
vt 0.468719 0.185882
vt 0.124690 0.056489
vt 0.140693 0.057147
vt 0.137821 0.061601
vt 0.503875 0.180493
vt 0.104079 0.056906
vt 0.113384 0.056792
vt 0.405318 0.182227
vt 0.013889 0.200182
vt 0.008882 0.199454
vt 0.435252 0.187074
vt 0.168385 0.063007
vt 0.187076 0.058312
vt 0.223647 0.065000
vt 0.171614 0.057429
vt 0.373920 0.183926
vt 0.955722 0.632531
vt 0.948856 0.634115
vt 0.943914 0.637742
vt 0.015640 0.029842
vt 0.014522 0.040876
vt -0.000000 0.034602
vt 0.960254 0.600002
vt 0.953950 0.601756
vt 0.962870 0.617793
vt 0.970228 0.596636
vt 0.280051 0.201846
vt 0.271623 0.205380
vt 0.264724 0.201591
vt 0.296208 0.192238
vt 0.265094 0.196873
vt 0.267949 0.190148
vt 0.059090 0.041846
vt 0.058060 0.050007
vt 0.096260 0.036406
vt 0.296720 0.201710
vt 0.095145 0.043798
vt 0.311706 0.200694
vt 0.327741 0.193880
vt 0.325920 0.200201
vt 0.059442 0.035241
vt 0.059289 0.028086
vt 0.601742 0.129013
vt 0.601891 0.134642
vt 0.594617 0.123627
vt 0.000797 0.071831
vt 0.001451 0.080696
vt 0.000682 0.078482
vt 0.590802 0.124963
vt 0.585677 0.119875
vt 0.587293 0.115759
vt 0.131650 0.181422
vt 0.128399 0.170104
vt 0.003421 0.040549
vt 0.001395 0.062426
vt 0.568674 0.098707
vt 0.563565 0.101236
vt 0.554337 0.089649
vt 0.045855 0.054528
vt 0.055006 0.055621
vt 0.048837 0.055437
vt 0.008007 0.065833
vt 0.010160 0.062230
vt 0.010160 0.072569
vt 0.107402 0.280058
vt 0.105846 0.284470
vt 0.104284 0.280058
vt 0.578949 0.112000
vt 0.579347 0.117074
vt 0.486108 0.058238
vt 0.528748 0.080731
vt 0.509458 0.074711
vt 0.516465 0.071238
vt 0.530375 0.074482
vt 0.003461 0.079187
vt 0.075765 0.056093
vt 0.074813 0.055720
vt 0.081020 0.056130
vt 0.538738 0.087918
vt 0.521700 0.081017
vt 0.090301 0.051742
vt 0.092741 0.056313
vt 0.086469 0.056076
vt 0.556492 0.100978
vt 0.062500 0.051279
vt 0.026338 0.120865
vt 0.032451 0.123193
vt 0.020011 0.115406
vt 0.025651 0.157680
vt 0.018477 0.169513
vt 0.079091 0.012918
vt 0.016140 0.020022
vt 0.016411 0.013186
vt 0.060013 0.018910
vt 0.138856 0.033554
vt 0.141666 0.025743
vt 0.343021 0.199240
vt 0.138441 0.038191
vt 0.175311 0.029108
vt 0.378472 0.190984
vt 0.209902 0.022282
vt 0.359260 0.199045
vt 0.368028 0.198143
vt 0.395408 0.199805
vt 0.390121 0.197497
vt 0.419149 0.195631
vt 0.435414 0.190148
vt 0.001534 0.318223
vt 0.002880 0.286995
vt 0.060958 0.580529
vt 0.060958 0.605225
vt 0.053892 0.601969
vt 0.724369 0.926519
vt 0.725689 0.957910
vt 0.719690 0.928074
vt 0.032509 0.158193
vt 0.034532 0.132022
vt 0.720747 0.919594
vt 0.725689 0.903159
vt 0.721979 0.912447
vt 0.035194 0.177635
vt 0.031170 0.188885
vt 0.032614 0.179467
vt 0.023046 0.188070
vt 0.024201 0.244585
vt 0.147179 0.004800
vt 0.137897 0.009989
vt 0.096317 0.006192
vt 0.020504 0.228860
vt 0.212241 0.017839
vt 0.140808 0.018089
vt 0.209648 0.005457
vt 0.194029 0.012562
vt 0.209292 0.028915
vt 0.299849 0.023885
vt 0.289053 0.011567
vt 0.003591 0.269887
vt 0.435281 0.194539
vt 0.301356 0.018644
vt 0.004354 0.204652
vt 0.001901 0.283859
vt 0.000817 0.296081
vt 0.398070 0.030935
vt 0.395433 0.034586
vt 0.401197 0.023299
vt 0.032510 0.233828
vt 0.299440 0.006346
vt 0.017525 0.351130
vt 0.028093 0.314577
vt 0.025661 0.354136
vt 0.015965 0.205408
vt 0.015965 0.304790
vt 0.015789 0.261213
vt 0.299543 0.001604
vt 0.398065 0.019223
vt 0.398486 0.016232
vt 0.095426 0.017837
vt 0.009877 0.000539
vt 0.013062 0.012481
vt 0.009877 0.020319
vt 0.004044 0.120194
vt 0.001358 0.149231
vt 0.003985 0.107116
vt 0.495375 0.067703
vt 0.483269 0.061265
vt 0.453382 0.050108
vt 0.140133 0.053047
vt 0.116612 0.050605
vt 0.506626 0.061265
vt 0.486589 0.052188
vt 0.004341 0.260132
vt 0.006012 0.200175
vt 0.438673 0.879854
vt 0.442671 0.948763
vt 0.438673 0.952105
vt 0.007174 0.188833
vt 0.001237 0.200902
vt 0.452412 0.042908
vt 0.423992 0.025618
vt 0.458447 0.039501
vt 0.402321 0.027186
vt 0.176856 0.053999
vt 0.160443 0.057319
vt 0.166487 0.050292
vt 0.487356 0.047364
vt 0.201812 0.057759
vt 0.227172 0.057744
vt 0.211086 0.058993
vt 0.015646 0.058007
vt 0.018038 0.051402
vt 0.223529 0.560675
vt 0.224964 0.544697
vt 0.224964 0.568941
vt 0.602314 0.138071
vt 0.128399 0.132137
vt 0.572526 0.156869
vt 0.507370 0.165457
vt 0.515124 0.177654
vt 0.070300 0.056000
vt 0.041887 0.134349
vt 0.938872 0.212118
vt 0.943396 0.208187
vt 0.943396 0.255443
vt 0.231264 0.919678
vt 0.235123 0.921765
vt 0.231264 0.950653
vt 0.033172 0.219497
vt 0.015087 0.335268
vt 0.339506 0.172090
vt 0.098741 0.056374
vt 0.096000 0.060706
vt 0.028023 0.284755
vt 0.033984 0.352526
vt 0.273103 0.058255
vt 0.017417 0.201409
vt 0.242702 0.058163
vt 0.013862 0.047416
vt 0.964936 0.599188
vt 0.604980 0.133931
vt 0.595558 0.129108
vt 0.000682 0.091437
vt 0.002581 0.000990
vt 0.004354 0.011346
vt 0.002581 0.023222
vt 0.564962 0.106570
vt 0.570606 0.110897
vt 0.020319 0.183486
vt 0.020319 0.200290
vt 0.018616 0.193712
vt 0.003563 0.092264
vt 0.001237 0.120515
vt 0.063475 0.055894
vt 0.068215 0.413643
vt 0.067825 0.408934
vt 0.068215 0.402028
vt 0.017525 0.108467
vt 0.090371 0.027444
vt 0.200987 0.051211
vt 0.225913 0.051374
vt 0.299709 0.027375
vt 0.019766 0.283274
vt 0.212197 0.000000
vt 0.307574 0.050292
vt 0.185432 0.727609
vt 0.187228 0.749348
vt 0.185432 0.761974
vt 0.500419 0.070313
vt 0.000817 0.202046
vt 0.702467 0.000342
vt 0.675721 0.121916
vt 0.642843 0.000342
vt 0.593614 0.825387
vt 0.554874 0.940493
vt 0.503039 0.825387
vt 0.847605 0.358144
vt 0.847605 0.493469
vt 0.759584 0.390725
vt 0.525399 0.336806
vt 0.525399 0.462990
vt 0.468238 0.344645
vt 0.178520 0.877194
vt 0.178520 0.968406
vt 0.122194 0.969521
vt 0.122194 0.875606
vt 0.306600 0.150738
vt 0.306457 0.154117
vt 0.305055 0.154122
vt 0.305055 0.151157
vt 0.307692 0.151782
vt 0.039171 0.369702
vt 0.040639 0.372710
vt 0.039289 0.373004
vt 0.038047 0.370576
vt 0.040639 0.369677
vt 0.038560 0.365519
vt 0.345757 0.252108
vt 0.344462 0.247668
vt 0.346880 0.251163
vt 0.307145 0.147035
vt 0.114551 0.239846
vt 0.114149 0.242248
vt 0.112783 0.244551
vt 0.113997 0.246789
vt 0.112783 0.247076
vt 0.307646 0.154307
vt 0.334508 0.321651
vt 0.332711 0.325848
vt 0.333419 0.322062
vt 0.114659 0.246030
vt 0.334023 0.319754
vt 0.335269 0.324595
vt 0.334250 0.324758
vt 0.344542 0.249631
vt 0.344462 0.252666
vt 0.345153 0.255443
vt 0.334328 0.327160
vt 0.335269 0.327385
vt 0.133935 0.001745
vt 0.134978 0.001507
vt 0.134181 0.002903
vt 0.346712 0.254877
vt 0.133479 0.000233
vt 0.134813 0.000165
vt 0.132559 0.001246
vt 0.333357 0.328012
vt 0.332256 0.326499
vt 0.114592 0.248186
vt 0.113229 0.248088
vt 0.307177 0.155298
vt 0.132559 0.002737
vt 0.246734 0.129892
vt 0.246734 0.132416
vt 0.245535 0.132128
vt 0.245363 0.127589
vt 0.038058 0.372950
vt 0.244952 0.125188
vt 0.355256 0.000595
vt 0.355861 0.002998
vt 0.354782 0.002444
vt 0.356597 0.006548
vt 0.244864 0.131369
vt 0.355070 0.005260
vt 0.064157 0.342602
vt 0.065135 0.345476
vt 0.063722 0.345330
vt 0.354041 0.005243
vt 0.063651 0.340704
vt 0.355005 0.007592
vt 0.355959 0.008708
vt 0.354041 0.008151
vt 0.138336 0.002170
vt 0.139332 0.001273
vt 0.138951 0.002903
vt 0.065312 0.348331
vt 0.063651 0.348256
vt 0.136974 0.002903
vt 0.138041 0.000244
vt 0.136996 0.001544
vt 0.136781 0.000838
vt 0.246278 0.133429
vt 0.244912 0.133527
vt 0.357039 0.007408
vt 0.123914 0.063861
vt 0.122308 0.063509
vt 0.123718 0.062640
vt 0.226726 0.128764
vt 0.226576 0.132306
vt 0.225111 0.132299
vt 0.122308 0.062047
vt 0.227818 0.132492
vt 0.227328 0.133527
vt 0.227866 0.129855
vt 0.227295 0.124895
vt 0.071004 0.119008
vt 0.070585 0.121518
vt 0.069158 0.123924
vt 0.070426 0.126262
vt 0.069158 0.126561
vt 0.239628 0.065393
vt 0.240134 0.067375
vt 0.238997 0.067804
vt 0.071118 0.125469
vt 0.238257 0.071760
vt 0.239865 0.070621
vt 0.318314 0.057789
vt 0.319583 0.060377
vt 0.318229 0.060960
vt 0.240929 0.070450
vt 0.318229 0.055738
vt 0.320755 0.059390
vt 0.225111 0.129201
vt 0.318952 0.063861
vt 0.320580 0.063270
vt 0.124819 0.062446
vt 0.239946 0.073130
vt 0.240929 0.073365
vt 0.123320 0.061038
vt 0.124716 0.061037
vt 0.238932 0.074020
vt 0.237782 0.072440
vt 0.071048 0.127721
vt 0.069624 0.127619
vt 0.263124 0.399650
vt 0.261360 0.398219
vt 0.263040 0.397030
vt 0.263320 0.393638
vt 0.264151 0.396851
vt 0.039452 0.271631
vt 0.040865 0.276477
vt 0.039540 0.273772
vt 0.039452 0.277085
vt 0.262792 0.391567
vt 0.262132 0.394086
vt 0.042090 0.275445
vt 0.254845 0.404624
vt 0.255443 0.409806
vt 0.254251 0.408667
vt 0.131957 0.041695
vt 0.131519 0.044318
vt 0.130028 0.046831
vt 0.255392 0.412562
vt 0.254095 0.412368
vt 0.131353 0.049274
vt 0.130028 0.049587
vt 0.130515 0.050691
vt 0.254881 0.413643
vt 0.132003 0.050798
vt 0.128001 0.002459
vt 0.129059 0.001405
vt 0.129474 0.003079
vt 0.128001 0.003986
vt 0.129679 0.004354
vt 0.130624 0.002876
vt 0.040206 0.280116
vt 0.041908 0.279499
vt 0.252564 0.412360
vt 0.252564 0.409123
vt 0.130517 0.001404
vt 0.264151 0.399896
vt 0.262064 0.400581
vt 0.260863 0.398930
vt 0.132075 0.048445
vt 0.041986 0.008819
vt 0.041986 0.005438
vt 0.043747 0.004961
vt 0.297705 0.417098
vt 0.296228 0.412035
vt 0.298984 0.416020
vt 0.044368 0.000738
vt 0.044993 0.006151
vt 0.043584 0.008827
vt 0.051263 0.127721
vt 0.049510 0.127337
vt 0.051048 0.126389
vt 0.049510 0.125742
vt 0.044940 0.009030
vt 0.044406 0.010160
vt 0.035597 0.383349
vt 0.036981 0.383023
vt 0.036106 0.384504
vt 0.037660 0.384615
vt 0.050614 0.124640
vt 0.002889 0.029463
vt 0.004733 0.030959
vt 0.003626 0.031930
vt 0.052138 0.124640
vt 0.052250 0.126177
vt 0.002370 0.030206
vt 0.004644 0.028220
vt 0.004938 0.024677
vt 0.003697 0.025146
vt 0.037155 0.377845
vt 0.037736 0.382157
vt 0.035597 0.380470
vt 0.004386 0.022514
vt 0.037612 0.375105
vt 0.296320 0.414272
vt 0.296228 0.417734
vt 0.005805 0.028034
vt 0.297016 0.420900
vt 0.005805 0.031215
vt 0.298794 0.420255
vt 0.365748 0.006089
vt 0.364534 0.006284
vt 0.364841 0.002582
vt 0.362701 0.007582
vt 0.364627 0.009145
vt 0.365748 0.009413
vt 0.223255 0.031614
vt 0.224847 0.031613
vt 0.224964 0.033220
vt 0.363470 0.010160
vt 0.086294 0.336508
vt 0.087004 0.338171
vt 0.085380 0.338055
vt 0.362159 0.008358
vt 0.222101 0.032765
vt 0.223709 0.033441
vt 0.223932 0.034833
vt 0.222101 0.034432
vt 0.073416 0.010160
vt 0.074135 0.006188
vt 0.075273 0.009486
vt 0.218919 0.348382
vt 0.218919 0.344849
vt 0.220760 0.344351
vt 0.220590 0.348390
vt 0.072592 0.000898
vt 0.075472 0.005062
vt 0.221409 0.339939
vt 0.222061 0.345595
vt 0.084848 0.333841
vt 0.084848 0.336849
vt 0.086476 0.331098
vt 0.222006 0.348602
vt 0.086954 0.328236
vt 0.364264 0.000321
vt 0.363544 0.003071
vt 0.087083 0.335603
vt 0.221447 0.349782
vt 0.072688 0.003236
vt 0.072592 0.006852
vt 0.484760 0.384717
vt 0.483493 0.384920
vt 0.483813 0.381053
vt 0.481578 0.386277
vt 0.483590 0.387909
vt 0.336386 0.188219
vt 0.338049 0.188218
vt 0.338171 0.189896
vt 0.484760 0.388189
vt 0.482381 0.388970
vt 0.335181 0.189422
vt 0.336860 0.190128
vt 0.084807 0.449641
vt 0.085549 0.451379
vt 0.083852 0.451257
vt 0.481011 0.387087
vt 0.083297 0.446855
vt 0.083297 0.449997
vt 0.084997 0.443989
vt 0.085631 0.448695
vt 0.027490 0.010157
vt 0.028970 0.010378
vt 0.028387 0.011611
vt 0.029028 0.007236
vt 0.337094 0.191582
vt 0.335181 0.191163
vt 0.027668 0.005936
vt 0.025745 0.010148
vt 0.028346 0.001327
vt 0.095846 0.368854
vt 0.094234 0.363328
vt 0.097242 0.367678
vt 0.025745 0.006457
vt 0.094334 0.365770
vt 0.094234 0.369549
vt 0.095094 0.373004
vt 0.097035 0.372300
vt 0.483211 0.378691
vt 0.482459 0.381564
vt 0.085496 0.440998
vt 0.048124 0.209342
vt 0.046022 0.207637
vt 0.048023 0.206220
vt 0.048357 0.202179
vt 0.049347 0.206007
vt 0.049347 0.209635
vt 0.046861 0.210450
vt 0.336306 0.254832
vt 0.338044 0.254831
vt 0.338171 0.256584
vt 0.336801 0.256826
vt 0.337046 0.258345
vt 0.042749 0.300435
vt 0.043534 0.296100
vt 0.044776 0.299700
vt 0.041850 0.296825
vt 0.041850 0.290326
vt 0.041954 0.292878
vt 0.128646 0.216178
vt 0.128646 0.212322
vt 0.130655 0.211778
vt 0.044993 0.294871
vt 0.131364 0.206963
vt 0.132075 0.213136
vt 0.047728 0.199712
vt 0.046942 0.202713
vt 0.108712 0.280882
vt 0.108191 0.284006
vt 0.106414 0.287000
vt 0.107992 0.289911
vt 0.106414 0.290284
vt 0.132015 0.216419
vt 0.130469 0.216188
vt 0.335047 0.257907
vt 0.335047 0.256088
vt 0.131406 0.217707
vt 0.106995 0.291600
vt 0.108767 0.291727
vt 0.045430 0.208483
vt 0.108853 0.288923
vt 0.460087 0.095503
vt 0.458809 0.098988
vt 0.458704 0.095725
vt 0.459053 0.091504
vt 0.456613 0.097206
vt 0.098197 0.000684
vt 0.100012 0.000683
vt 0.100145 0.002514
vt 0.460087 0.099294
vt 0.457490 0.100145
vt 0.096881 0.001996
vt 0.098714 0.002767
vt 0.068766 0.453836
vt 0.069576 0.455733
vt 0.067724 0.455600
vt 0.455995 0.098090
vt 0.068974 0.447667
vt 0.069666 0.452804
vt 0.067118 0.450795
vt 0.067118 0.454225
vt 0.017353 0.010266
vt 0.015739 0.010024
vt 0.017417 0.006836
vt 0.016717 0.011611
vt 0.098969 0.004354
vt 0.096881 0.003897
vt 0.015933 0.005417
vt 0.013834 0.010014
vt 0.013834 0.005986
vt 0.326487 0.452655
vt 0.324728 0.446623
vt 0.328012 0.451371
vt 0.016673 0.000386
vt 0.325667 0.457184
vt 0.324728 0.453412
vt 0.324837 0.449289
vt 0.327785 0.456416
vt 0.069519 0.444403
vt 0.458396 0.088926
vt 0.457575 0.092062
vt 0.172573 0.194107
vt 0.170735 0.187805
vt 0.174165 0.192765
vt 0.440442 0.018752
vt 0.441219 0.025490
vt 0.439669 0.024008
vt 0.437476 0.028811
vt 0.437476 0.024602
vt 0.439466 0.028821
vt 0.175857 0.395422
vt 0.177580 0.398599
vt 0.175857 0.399005
vt 0.441153 0.029074
vt 0.178366 0.388744
vt 0.177796 0.392154
vt 0.435098 0.335159
vt 0.435785 0.337852
vt 0.434240 0.338435
vt 0.178520 0.397520
vt 0.433236 0.343809
vt 0.435530 0.345670
vt 0.435420 0.342262
vt 0.434152 0.346880
vt 0.432589 0.344733
vt 0.436865 0.342030
vt 0.436865 0.345990
vt 0.323073 0.058575
vt 0.324969 0.058574
vt 0.325109 0.060487
vt 0.323614 0.060751
vt 0.323880 0.062409
vt 0.171716 0.198839
vt 0.173928 0.198036
vt 0.170735 0.194898
vt 0.321699 0.061931
vt 0.321699 0.059946
vt 0.440488 0.030479
vt 0.178425 0.400581
vt 0.176491 0.400442
vt 0.170849 0.190590
vt 0.046501 0.396414
vt 0.044103 0.394470
vt 0.046386 0.392854
vt 0.046767 0.388246
vt 0.047895 0.392611
vt 0.047895 0.396748
vt 0.045061 0.397678
vt 0.324434 0.186124
vt 0.326415 0.186123
vt 0.326560 0.188122
vt 0.444466 0.030479
vt 0.443440 0.026362
vt 0.445361 0.025535
vt 0.446777 0.029640
vt 0.324998 0.188398
vt 0.325276 0.190131
vt 0.322997 0.189631
vt 0.322997 0.187557
vt 0.400201 0.011330
vt 0.401963 0.011594
vt 0.401268 0.013062
vt 0.174287 0.387324
vt 0.176086 0.386899
vt 0.174949 0.388825
vt 0.176970 0.388970
vt 0.174287 0.383580
vt 0.176312 0.380165
vt 0.043429 0.395435
vt 0.177068 0.385772
vt 0.046049 0.385433
vt 0.045153 0.388855
vt 0.176908 0.376603
vt 0.443440 0.018951
vt 0.447025 0.024134
vt 0.401220 0.000811
vt 0.402032 0.007850
vt 0.400413 0.006302
vt 0.443560 0.021861
vt 0.398122 0.011320
vt 0.398122 0.006922
vt 0.177298 0.047895
vt 0.178233 0.042730
vt 0.179712 0.047019
vt 0.302156 0.326191
vt 0.302156 0.321597
vt 0.304549 0.320949
vt 0.176226 0.043594
vt 0.176351 0.038892
vt 0.176226 0.035852
vt 0.179971 0.041266
vt 0.305393 0.315212
vt 0.306241 0.322566
vt 0.221583 0.351503
vt 0.222333 0.354442
vt 0.220647 0.355079
vt 0.046276 0.326703
vt 0.045655 0.330425
vt 0.043539 0.333992
vt 0.045418 0.337460
vt 0.043539 0.337903
vt 0.304328 0.326202
vt 0.306169 0.326477
vt 0.305443 0.328012
vt 0.044230 0.339471
vt 0.046341 0.339623
vt 0.321387 0.085845
vt 0.323477 0.086724
vt 0.321387 0.088012
vt 0.322887 0.084349
vt 0.324957 0.084347
vt 0.325109 0.086436
vt 0.219551 0.360945
vt 0.222055 0.362976
vt 0.220551 0.364296
vt 0.218846 0.361953
vt 0.046444 0.336282
vt 0.221935 0.359256
vt 0.223512 0.359002
vt 0.223512 0.363325
vt 0.323768 0.088534
vt 0.319354 0.036284
vt 0.316866 0.035739
vt 0.319050 0.034394
vt 0.096926 0.354014
vt 0.096695 0.359503
vt 0.094426 0.359491
vt 0.098619 0.359791
vt 0.098694 0.355704
vt 0.097860 0.361393
vt 0.316866 0.033475
vt 0.100525 0.330106
vt 0.101489 0.332366
vt 0.099283 0.332208
vt 0.098561 0.330569
vt 0.318434 0.031912
vt 0.251304 0.354989
vt 0.253920 0.357112
vt 0.252349 0.358491
vt 0.320596 0.031911
vt 0.320755 0.034093
vt 0.250567 0.356043
vt 0.253795 0.353225
vt 0.254211 0.348196
vt 0.100772 0.322756
vt 0.101597 0.328876
vt 0.252450 0.348861
vt 0.253428 0.345125
vt 0.101421 0.318868
vt 0.098561 0.326483
vt 0.097808 0.348021
vt 0.199281 0.366228
vt 0.201377 0.373414
vt 0.199411 0.369403
vt 0.203193 0.371884
vt 0.094426 0.354691
vt 0.200400 0.378810
vt 0.199281 0.374316
vt 0.202923 0.377895
vt 0.255443 0.352960
vt 0.255443 0.357476
vt 0.251073 0.079826
vt 0.252094 0.074188
vt 0.253709 0.078870
vt 0.274206 0.323121
vt 0.274206 0.318107
vt 0.276818 0.317400
vt 0.249904 0.075131
vt 0.249904 0.066680
vt 0.250040 0.069998
vt 0.253991 0.072590
vt 0.277739 0.311138
vt 0.278665 0.319165
vt 0.324455 0.235674
vt 0.325273 0.238882
vt 0.323433 0.239577
vt 0.040455 0.305201
vt 0.039777 0.309264
vt 0.037467 0.313157
vt 0.039519 0.316942
vt 0.037467 0.317426
vt 0.278586 0.323434
vt 0.276576 0.323134
vt 0.038221 0.319138
vt 0.277794 0.325109
vt 0.309435 0.217674
vt 0.311073 0.216041
vt 0.311716 0.218634
vt 0.309435 0.220040
vt 0.040526 0.319303
vt 0.322236 0.245979
vt 0.324970 0.248197
vt 0.323328 0.249637
vt 0.313332 0.216040
vt 0.313498 0.218320
vt 0.321466 0.247080
vt 0.040639 0.315657
vt 0.324838 0.244136
vt 0.326560 0.243859
vt 0.326560 0.248577
vt 0.312034 0.220610
vt 0.306163 0.105951
vt 0.303448 0.105356
vt 0.305831 0.103887
vt 0.303448 0.102884
vt 0.285840 0.292880
vt 0.283740 0.292566
vt 0.285922 0.288420
vt 0.283992 0.286576
vt 0.285012 0.294630
vt 0.281263 0.292553
vt 0.106232 0.274747
vt 0.107285 0.277213
vt 0.104877 0.277041
vt 0.104089 0.275252
vt 0.305159 0.101178
vt 0.307692 0.103558
vt 0.291564 0.094872
vt 0.294419 0.097189
vt 0.292704 0.098694
vt 0.307519 0.101176
vt 0.290760 0.096022
vt 0.294282 0.092947
vt 0.294737 0.087458
vt 0.292814 0.088183
vt 0.106502 0.266725
vt 0.107402 0.273404
vt 0.293882 0.084106
vt 0.107211 0.262480
vt 0.104089 0.270792
vt 0.266523 0.327927
vt 0.264235 0.320084
vt 0.268505 0.326258
vt 0.284954 0.280034
vt 0.264377 0.323550
vt 0.264235 0.328912
vt 0.281263 0.287315
vt 0.265456 0.333817
vt 0.268210 0.332818
vt 0.296081 0.092657
vt 0.296081 0.097587
vt 0.153561 0.210329
vt 0.150578 0.207909
vt 0.153418 0.205897
vt 0.153893 0.200162
vt 0.155298 0.205595
vt 0.301928 0.267938
vt 0.304170 0.272511
vt 0.301780 0.273540
vt 0.303056 0.278665
vt 0.155298 0.210744
vt 0.104006 0.125565
vt 0.105951 0.125222
vt 0.104353 0.127721
vt 0.305933 0.277621
vt 0.103304 0.122735
vt 0.105769 0.122734
vt 0.101516 0.124518
vt 0.151770 0.211901
vt 0.149738 0.209110
vt 0.052479 0.181748
vt 0.053578 0.184325
vt 0.051063 0.184145
vt 0.050239 0.182276
vt 0.141407 0.214099
vt 0.143601 0.214428
vt 0.142736 0.216255
vt 0.101516 0.127100
vt 0.143687 0.209768
vt 0.050239 0.177617
vt 0.052760 0.173367
vt 0.053501 0.168933
vt 0.142676 0.201006
vt 0.141671 0.207841
vt 0.301780 0.264317
vt 0.306241 0.270767
vt 0.138820 0.214086
vt 0.138820 0.208613
vt 0.152999 0.196660
vt 0.151884 0.200920
vt 0.053701 0.180346
vt 0.167997 0.203002
vt 0.164881 0.200473
vt 0.167848 0.198371
vt 0.168344 0.192380
vt 0.169811 0.198056
vt 0.169811 0.203436
vt 0.166126 0.204644
vt 0.061095 0.103644
vt 0.063671 0.103642
vt 0.063861 0.106242
vt 0.061829 0.106601
vt 0.062192 0.108853
vt 0.257921 0.140784
vt 0.259085 0.134355
vt 0.260926 0.139693
vt 0.256588 0.135430
vt 0.169081 0.161740
vt 0.169081 0.156022
vt 0.172060 0.155215
vt 0.256588 0.125794
vt 0.261248 0.132533
vt 0.256743 0.129577
vt 0.173110 0.148074
vt 0.174165 0.157228
vt 0.011402 0.041974
vt 0.010628 0.046607
vt 0.007995 0.051047
vt 0.167411 0.188722
vt 0.166246 0.193172
vt 0.011611 0.053898
vt 0.010334 0.055363
vt 0.011483 0.058055
vt 0.008855 0.057866
vt 0.164003 0.201728
vt 0.007995 0.055915
vt 0.174076 0.162096
vt 0.171784 0.161753
vt 0.173173 0.164006
vt 0.059228 0.105507
vt 0.059228 0.108204
vt 0.222554 0.045528
vt 0.222554 0.039554
vt 0.225667 0.038711
vt 0.147232 0.205185
vt 0.144623 0.196241
vt 0.149492 0.203281
vt 0.225378 0.045542
vt 0.227866 0.040815
vt 0.226764 0.031251
vt 0.227773 0.045901
vt 0.226829 0.047895
vt 0.091144 0.063861
vt 0.088048 0.063182
vt 0.090766 0.061507
vt 0.088048 0.060364
vt 0.098811 0.316490
vt 0.100011 0.319303
vt 0.097266 0.319106
vt 0.096367 0.317067
vt 0.089999 0.058418
vt 0.092690 0.058417
vt 0.092888 0.061132
vt 0.256097 0.078371
vt 0.259353 0.081012
vt 0.257397 0.082729
vt 0.255180 0.079682
vt 0.259715 0.069915
vt 0.257523 0.070743
vt 0.259197 0.076175
vt 0.099118 0.307343
vt 0.100145 0.314960
vt 0.261248 0.075845
vt 0.144785 0.200193
vt 0.144623 0.206308
vt 0.146016 0.211901
vt 0.261248 0.081466
vt 0.096367 0.311981
vt 0.258740 0.066093
vt 0.099927 0.302503
vt 0.149156 0.210762
vt 0.308470 0.190416
vt 0.308538 0.187979
vt 0.310134 0.189325
vt 0.308237 0.185037
vt 0.307462 0.187962
vt 0.308732 0.183106
vt 0.309364 0.185616
vt 0.054869 0.097983
vt 0.055397 0.099965
vt 0.054942 0.102816
vt 0.056418 0.102968
vt 0.097242 0.321661
vt 0.095709 0.321687
vt 0.095071 0.317317
vt 0.094535 0.322601
vt 0.228907 0.039183
vt 0.230769 0.044098
vt 0.229336 0.041692
vt 0.229516 0.046434
vt 0.230769 0.046735
vt 0.094547 0.325081
vt 0.095824 0.325109
vt 0.074020 0.108942
vt 0.072783 0.107864
vt 0.073521 0.107639
vt 0.230292 0.047794
vt 0.072129 0.109264
vt 0.228865 0.047895
vt 0.071364 0.107841
vt 0.071364 0.109906
vt 0.309466 0.191582
vt 0.307462 0.191000
vt 0.310595 0.190223
vt 0.073066 0.110305
vt 0.056604 0.105951
vt 0.054869 0.105872
vt 0.097242 0.324830
vt 0.228815 0.045641
vt 0.417627 0.110877
vt 0.418751 0.110895
vt 0.418680 0.113440
vt 0.418436 0.107821
vt 0.420418 0.112301
vt 0.419721 0.114659
vt 0.417627 0.114051
vt 0.043668 0.096826
vt 0.043668 0.094668
vt 0.044469 0.096155
vt 0.045152 0.094693
vt 0.094482 0.126194
vt 0.095292 0.127615
vt 0.093801 0.127721
vt 0.420900 0.113239
vt 0.046444 0.095818
vt 0.045922 0.094457
vt 0.095791 0.126509
vt 0.095791 0.123753
vt 0.338258 0.327982
vt 0.338245 0.325391
vt 0.339593 0.328012
vt 0.338806 0.319871
vt 0.339472 0.324437
vt 0.093845 0.118619
vt 0.094294 0.121240
vt 0.418954 0.105803
vt 0.419613 0.108426
vt 0.093750 0.125366
vt 0.341074 0.324410
vt 0.341074 0.327721
vt 0.053701 0.307692
vt 0.051888 0.307611
vt 0.051965 0.304417
vt 0.045447 0.097242
vt 0.053507 0.304576
vt 0.052440 0.301439
vt 0.051888 0.299368
vt 0.288824 0.045584
vt 0.287151 0.045612
vt 0.286454 0.040842
vt 0.285869 0.046609
vt 0.288824 0.049043
vt 0.287277 0.049347
vt 0.252540 0.393532
vt 0.252540 0.396411
vt 0.251172 0.396082
vt 0.285882 0.049316
vt 0.250976 0.390907
vt 0.250507 0.388168
vt 0.069886 0.010160
vt 0.070614 0.007696
vt 0.071118 0.008676
vt 0.250407 0.395217
vt 0.252019 0.397567
vt 0.250461 0.397678
vt 0.037736 0.095755
vt 0.036386 0.094579
vt 0.037191 0.094333
vt 0.035672 0.096106
vt 0.034836 0.094553
vt 0.034836 0.096807
vt 0.036694 0.097242
vt 0.239478 0.136430
vt 0.237584 0.136344
vt 0.237664 0.133008
vt 0.068798 0.008887
vt 0.067698 0.009524
vt 0.067698 0.006208
vt 0.239275 0.133174
vt 0.068872 0.006227
vt 0.068543 0.003016
vt 0.069773 0.003648
vt 0.238160 0.129896
vt 0.069084 0.000908
vt 0.237584 0.127733
vt 0.389449 0.108975
vt 0.389526 0.106197
vt 0.391346 0.107731
vt 0.389183 0.102841
vt 0.388300 0.106176
vt 0.155298 0.047896
vt 0.153403 0.044321
vt 0.155086 0.044494
vt 0.153921 0.041070
vt 0.388300 0.109641
vt 0.086378 0.048160
vt 0.087446 0.049347
vt 0.085505 0.048892
vt 0.153319 0.047806
vt 0.085505 0.046537
vt 0.390585 0.110305
vt 0.391872 0.108755
vt 0.314972 0.062194
vt 0.315856 0.063744
vt 0.314229 0.063861
vt 0.087123 0.046564
vt 0.088534 0.047793
vt 0.087965 0.046307
vt 0.316401 0.062537
vt 0.427986 0.098662
vt 0.427972 0.095834
vt 0.429443 0.098694
vt 0.316401 0.059530
vt 0.429311 0.094792
vt 0.428583 0.089808
vt 0.314277 0.053926
vt 0.314766 0.056787
vt 0.389748 0.100639
vt 0.390468 0.103501
vt 0.314172 0.061289
vt 0.153319 0.038809
vt 0.431060 0.094762
vt 0.431060 0.098376
vt 0.050798 0.006052
vt 0.048972 0.006083
vt 0.048211 0.000876
vt 0.047573 0.007172
vt 0.050798 0.009828
vt 0.049109 0.010160
vt 0.458636 0.033211
vt 0.458636 0.036353
vt 0.457143 0.035994
vt 0.456928 0.030345
vt 0.047587 0.010127
vt 0.456417 0.027356
vt 0.328695 0.317913
vt 0.329447 0.320904
vt 0.328105 0.320214
vt 0.330365 0.325323
vt 0.456308 0.035049
vt 0.328383 0.326622
vt 0.328463 0.323719
vt 0.329570 0.328012
vt 0.330914 0.326393
vt 0.327182 0.327318
vt 0.111494 0.003879
vt 0.111494 0.001419
vt 0.112406 0.003114
vt 0.113185 0.001447
vt 0.458067 0.037614
vt 0.456367 0.037736
vt 0.114659 0.002730
vt 0.114064 0.001178
vt 0.113522 0.004354
vt 0.034833 0.010160
vt 0.032854 0.006425
vt 0.034612 0.006606
vt 0.032766 0.010066
vt 0.327182 0.323698
vt 0.033395 0.003029
vt 0.032766 0.000667
vt 0.293436 0.471698
vt 0.293521 0.468665
vt 0.295507 0.470340
vt 0.293146 0.465003
vt 0.292182 0.468643
vt 0.329412 0.140590
vt 0.330684 0.144328
vt 0.328847 0.144139
vt 0.330914 0.148041
vt 0.292182 0.472425
vt 0.341623 0.003059
vt 0.342789 0.004354
vt 0.340670 0.003858
vt 0.328755 0.147943
vt 0.340670 0.001288
vt 0.294676 0.473149
vt 0.342437 0.001317
vt 0.256786 0.291359
vt 0.257751 0.293052
vt 0.255975 0.293179
vt 0.296081 0.471458
vt 0.258345 0.291734
vt 0.343977 0.002658
vt 0.343355 0.001036
vt 0.369649 0.010125
vt 0.369635 0.007038
vt 0.371239 0.010160
vt 0.371096 0.005901
vt 0.373004 0.009813
vt 0.373004 0.005868
vt 0.370302 0.000461
vt 0.293763 0.462599
vt 0.294549 0.465724
vt 0.256027 0.282335
vt 0.258345 0.288451
vt 0.256562 0.285457
vt 0.328755 0.138123
vt 0.255913 0.290372
vt 0.010440 0.024320
vt 0.011447 0.020517
vt 0.011839 0.024343
vt 0.013914 0.026093
vt 0.011750 0.027511
vt 0.063743 0.458109
vt 0.065071 0.462014
vt 0.063152 0.461816
vt 0.065312 0.465893
vt 0.010440 0.028271
vt 0.013506 0.338269
vt 0.014724 0.339623
vt 0.012510 0.339104
vt 0.063056 0.465791
vt 0.013046 0.029028
vt 0.012510 0.336419
vt 0.015965 0.337850
vt 0.014357 0.336449
vt 0.441041 0.355139
vt 0.442050 0.356907
vt 0.440194 0.357039
vt 0.442671 0.355530
vt 0.015316 0.336156
vt 0.320152 0.327975
vt 0.320137 0.324750
vt 0.321814 0.328012
vt 0.442671 0.352100
vt 0.321664 0.323562
vt 0.320834 0.317879
vt 0.440249 0.345710
vt 0.440807 0.348973
vt 0.012092 0.018005
vt 0.012913 0.021270
vt 0.440130 0.354107
vt 0.063056 0.455532
vt 0.323658 0.323528
vt 0.323658 0.327649
vt 0.014514 0.027261
vt 0.433978 0.098561
vt 0.434070 0.095251
vt 0.436238 0.097079
vt 0.433661 0.091254
vt 0.432609 0.095227
vt 0.246734 0.076923
vt 0.244477 0.072664
vt 0.246483 0.072871
vt 0.245095 0.068791
vt 0.432609 0.099354
vt 0.040973 0.052287
vt 0.042245 0.053701
vt 0.039932 0.053159
vt 0.244377 0.076817
vt 0.039932 0.050354
vt 0.435332 0.100145
vt 0.041861 0.050386
vt 0.377108 0.231686
vt 0.378161 0.233534
vt 0.376223 0.233672
vt 0.436865 0.098299
vt 0.043541 0.051849
vt 0.042863 0.050079
vt 0.378810 0.232096
vt 0.462230 0.100107
vt 0.462214 0.096738
vt 0.463966 0.100145
vt 0.378810 0.228512
vt 0.463810 0.095497
vt 0.462943 0.089559
vt 0.376863 0.225245
vt 0.376280 0.221836
vt 0.244377 0.066099
vt 0.465893 0.095461
vt 0.434334 0.088630
vt 0.435192 0.092040
vt 0.376155 0.230609
vt 0.465893 0.099767
vt 0.332462 0.190131
vt 0.331133 0.188653
vt 0.333817 0.188196
vt 0.063136 0.006754
vt 0.065312 0.011216
vt 0.063300 0.011611
vt 0.332061 0.186667
vt 0.061486 0.011571
vt 0.061469 0.008051
vt 0.333108 0.186347
vt 0.278338 0.389798
vt 0.279439 0.391728
vt 0.277413 0.391872
vt 0.280116 0.390225
vt 0.330046 0.186634
vt 0.330046 0.189564
vt 0.160953 0.207547
vt 0.158108 0.206721
vt 0.159538 0.205892
vt 0.161899 0.204344
vt 0.162554 0.205619
vt 0.158108 0.202409
vt 0.159635 0.202434
vt 0.159207 0.198258
vt 0.160807 0.199079
vt 0.159911 0.195517
vt 0.450368 0.023524
vt 0.451117 0.026338
vt 0.450472 0.030384
vt 0.452567 0.030599
vt 0.065312 0.006717
vt 0.062230 0.000551
vt 0.277473 0.379507
vt 0.280116 0.386482
vt 0.278082 0.383068
vt 0.452830 0.034833
vt 0.450368 0.034722
vt 0.277343 0.388672
vt 0.179723 0.384337
vt 0.179823 0.380725
vt 0.182189 0.382720
vt 0.179377 0.376362
vt 0.178229 0.380698
vt 0.178229 0.385204
vt 0.181200 0.386067
vt 0.325524 0.159060
vt 0.325524 0.155998
vt 0.326659 0.158108
vt 0.327629 0.156033
vt 0.182874 0.384052
vt 0.246328 0.338907
vt 0.247478 0.340923
vt 0.245362 0.341074
vt 0.329463 0.157631
vt 0.328722 0.155699
vt 0.248186 0.339353
vt 0.248186 0.335442
vt 0.374813 0.011570
vt 0.374795 0.007892
vt 0.376707 0.011611
vt 0.375590 0.000057
vt 0.376537 0.006537
vt 0.245424 0.328155
vt 0.246061 0.331876
vt 0.245288 0.337731
vt 0.181048 0.377220
vt 0.180112 0.373498
vt 0.378810 0.011198
vt 0.378810 0.006499
vt 0.304790 0.420900
vt 0.302217 0.420784
vt 0.302326 0.416252
vt 0.328048 0.159652
vt 0.302217 0.409085
vt 0.303000 0.412024
vt 0.304515 0.416477
vt 0.170873 0.047540
vt 0.170978 0.043766
vt 0.173451 0.045850
vt 0.170512 0.039208
vt 0.169312 0.043738
vt 0.169312 0.048445
vt 0.172417 0.049347
vt 0.318090 0.270790
vt 0.318090 0.267591
vt 0.319277 0.269795
vt 0.320290 0.267627
vt 0.174165 0.047242
vt 0.308654 0.276400
vt 0.309856 0.278507
vt 0.307645 0.278665
vt 0.310595 0.276867
vt 0.322206 0.269296
vt 0.321432 0.267278
vt 0.320727 0.271408
vt 0.158728 0.044046
vt 0.161103 0.048915
vt 0.158906 0.049347
vt 0.156909 0.045461
vt 0.156927 0.049304
vt 0.157739 0.037276
vt 0.307710 0.265168
vt 0.310595 0.272781
vt 0.308375 0.269055
vt 0.171280 0.036216
vt 0.172258 0.040104
vt 0.307568 0.275172
vt 0.161103 0.044006
vt 0.245498 0.365015
vt 0.246316 0.368086
vt 0.245612 0.372502
vt 0.247899 0.372737
vt 0.248186 0.377358
vt 0.245498 0.377237
vt 0.278665 0.368876
vt 0.276184 0.368918
vt 0.275150 0.361844
vt 0.274283 0.370396
vt 0.278665 0.374005
vt 0.276370 0.374456
vt 0.274302 0.374411
vt 0.298891 0.103048
vt 0.297375 0.101363
vt 0.300435 0.100842
vt 0.298433 0.099098
vt 0.299627 0.098733
vt 0.271408 0.321779
vt 0.270635 0.323493
vt 0.269380 0.321292
vt 0.296136 0.099060
vt 0.268326 0.323658
vt 0.269089 0.313617
vt 0.271408 0.317511
vt 0.268245 0.320008
vt 0.340699 0.253991
vt 0.341778 0.250338
vt 0.342525 0.251792
vt 0.338708 0.243399
vt 0.340533 0.244335
vt 0.339196 0.248160
vt 0.339086 0.252104
vt 0.337455 0.248132
vt 0.328961 0.126742
vt 0.330614 0.131602
vt 0.328226 0.131356
vt 0.330914 0.136430
vt 0.337455 0.253049
vt 0.296136 0.102402
vt 0.328106 0.136303
vt 0.328106 0.123534
vt 0.339511 0.240273
vt 0.268394 0.309557
vt 0.274819 0.294314
vt 0.276637 0.294343
vt 0.276523 0.298463
vt 0.276128 0.289369
vt 0.279336 0.296619
vt 0.278208 0.300435
vt 0.274819 0.299451
vt 0.317212 0.084408
vt 0.316106 0.086774
vt 0.314811 0.084368
vt 0.288157 0.290707
vt 0.289469 0.293006
vt 0.287056 0.293179
vt 0.314811 0.087860
vt 0.280116 0.298138
vt 0.287853 0.282689
vt 0.286972 0.289366
vt 0.290276 0.286757
vt 0.290276 0.291216
vt 0.082525 0.126223
vt 0.082505 0.122029
vt 0.084685 0.126270
vt 0.319303 0.086229
vt 0.318459 0.084027
vt 0.317689 0.088534
vt 0.084491 0.120484
vt 0.087083 0.125799
vt 0.060958 0.416546
vt 0.058024 0.416413
vt 0.058149 0.411245
vt 0.087083 0.120440
vt 0.058024 0.403073
vt 0.058917 0.406425
vt 0.060645 0.411502
vt 0.083411 0.113094
vt 0.276966 0.286103
vt 0.278034 0.290347
vt 0.287127 0.278447
vt 0.322206 0.239478
vt 0.319141 0.239339
vt 0.319271 0.233940
vt 0.291727 0.326068
vt 0.289019 0.320516
vt 0.291727 0.320469
vt 0.321879 0.234208
vt 0.320074 0.228904
vt 0.319141 0.225402
vt 0.287891 0.312795
vt 0.286944 0.322129
vt 0.017029 0.135552
vt 0.020319 0.144234
vt 0.017788 0.139985
vt 0.250701 0.125810
vt 0.251816 0.130244
vt 0.249825 0.129222
vt 0.018106 0.148361
vt 0.016867 0.146960
vt 0.253176 0.136796
vt 0.250237 0.138723
vt 0.250357 0.134419
vt 0.251998 0.140784
vt 0.253991 0.138383
vt 0.248457 0.139755
vt 0.284131 0.150239
vt 0.284131 0.146591
vt 0.285484 0.149105
vt 0.286639 0.146632
vt 0.019476 0.150763
vt 0.016955 0.150943
vt 0.288824 0.148536
vt 0.287942 0.146234
vt 0.020319 0.148893
vt 0.286965 0.326511
vt 0.289222 0.326560
vt 0.287138 0.150943
vt 0.248457 0.134388
vt 0.298984 0.278107
vt 0.296154 0.278155
vt 0.294977 0.270089
vt 0.293987 0.279841
vt 0.298984 0.283956
vt 0.296367 0.284470
vt 0.018868 0.116358
vt 0.018868 0.121226
vt 0.016555 0.120670
vt 0.016223 0.111918
vt 0.015431 0.107288
vt 0.294009 0.284419
vt 0.037201 0.133848
vt 0.038366 0.138481
vt 0.036286 0.137413
vt 0.039787 0.145326
vt 0.015262 0.119206
vt 0.036716 0.147340
vt 0.036842 0.142843
vt 0.038556 0.149492
vt 0.040639 0.146984
vt 0.034857 0.148418
vt 0.147209 0.046294
vt 0.146002 0.048877
vt 0.144589 0.046251
vt 0.144589 0.050062
vt 0.017987 0.123179
vt 0.015353 0.123367
vt 0.294630 0.082729
vt 0.291564 0.076943
vt 0.294288 0.077223
vt 0.291428 0.082584
vt 0.147730 0.050798
vt 0.034857 0.142810
vt 0.292403 0.071682
vt 0.149492 0.048283
vt 0.148570 0.045878
vt 0.291428 0.068023
vt 0.124376 0.134129
vt 0.125394 0.137951
vt 0.124518 0.143448
vt 0.127364 0.143740
vt 0.220610 0.176531
vt 0.217654 0.170471
vt 0.220610 0.170420
vt 0.216423 0.162044
vt 0.127721 0.149492
vt 0.124376 0.149341
vt 0.215389 0.172232
vt 0.018179 0.089607
vt 0.019397 0.094447
vt 0.017223 0.093331
vt 0.279428 0.031097
vt 0.283019 0.040572
vt 0.280256 0.035934
vt 0.283019 0.045658
vt 0.280603 0.045077
vt 0.217876 0.177068
vt 0.215412 0.177015
vt 0.111367 0.049347
vt 0.109562 0.047340
vt 0.113208 0.046719
vt 0.110822 0.044641
vt 0.112244 0.044207
vt 0.108085 0.044596
vt 0.282099 0.047699
vt 0.279347 0.047895
vt 0.108085 0.048578
vt 0.019595 0.105951
vt 0.015730 0.104828
vt 0.017673 0.103702
vt 0.020881 0.101599
vt 0.021771 0.103331
vt 0.017804 0.099004
vt 0.279251 0.043548
vt 0.015730 0.098970
vt 0.666847 0.599124
vt 0.667634 0.618287
vt 0.666108 0.599057
vt 0.916099 0.471698
vt 0.914793 0.442442
vt 0.925980 0.446065
vt 0.711176 0.027576
vt 0.710053 0.001344
vt 0.711176 0.001300
vt 0.419128 0.864565
vt 0.431059 0.860620
vt 0.430528 0.889695
vt 0.667634 0.574685
vt 0.022196 0.133401
vt 0.022196 0.121302
vt 0.023222 0.121490
vt 0.022879 0.133527
vt 0.419128 0.839466
vt 0.042090 0.250125
vt 0.041105 0.271408
vt 0.041105 0.249814
vt 0.925980 0.420565
vt 0.018860 0.136227
vt 0.020319 0.120018
vt 0.020319 0.136430
vt 0.942376 0.483309
vt 0.942376 0.458516
vt 0.947894 0.460022
vt 0.949202 0.460100
vt 0.014317 0.853797
vt 0.021771 0.851727
vt 0.021771 0.876633
vt 0.053874 0.317044
vt 0.055152 0.337722
vt 0.053874 0.338171
vt 0.015551 0.131439
vt 0.016080 0.130296
vt 0.014353 0.830982
vt 0.948785 0.436986
vt 0.310903 0.891831
vt 0.311647 0.891870
vt 0.312046 0.912917
vt 0.274600 0.413643
vt 0.263504 0.390165
vt 0.275762 0.386109
vt 0.654572 0.747460
vt 0.653448 0.720905
vt 0.654572 0.720868
vt 0.941945 0.313117
vt 0.930162 0.336720
vt 0.929334 0.309711
vt 0.312046 0.866804
vt 0.001451 0.049218
vt 0.000775 0.049347
vt 0.000434 0.037289
vt 0.001451 0.037095
vt 0.941945 0.290019
vt 0.192034 0.155883
vt 0.193033 0.155583
vt 0.193033 0.177068
vt 0.263504 0.365979
vt 0.167816 0.172540
vt 0.166354 0.172714
vt 0.166354 0.156163
vt 0.031930 0.703919
vt 0.025886 0.682281
vt 0.031930 0.680759
vt 0.000246 0.023222
vt 0.000246 0.000739
vt 0.001451 0.001216
vt 0.631350 0.021976
vt 0.623768 0.043541
vt 0.623470 0.020318
vt 0.018868 0.227692
vt 0.018868 0.249637
vt 0.017792 0.249156
vt 0.170770 0.166691
vt 0.171263 0.167839
vt 0.631350 0.000971
vt 0.024785 0.682077
vt 0.025230 0.660488
vt 0.951098 0.349300
vt 0.913965 0.441219
vt 0.952104 0.338100
vt 0.959382 0.739683
vt 0.922509 0.831640
vt 0.885787 0.739683
vt 0.875843 0.338100
vt 0.062409 0.315546
vt 0.062409 0.417997
vt 0.059268 0.326452
vt 0.885037 0.728581
vt 0.960813 0.728581
vt 0.955007 0.662002
vt 0.875999 0.734398
vt 0.875999 0.621821
vt 0.693759 0.303786
vt 0.666364 0.416546
vt 0.666364 0.297115
vt 0.923215 0.629262
vt 0.206096 0.877356
vt 0.198669 0.921798
vt 0.180389 0.877197
vt 0.180389 0.966459
vt 0.313357 0.797210
vt 0.396226 0.830234
vt 0.313357 0.914369
vt 0.206096 0.966618
vt 0.775379 0.043757
vt 0.804064 0.047186
vt 0.775379 0.155298
vt 0.196346 0.184728
vt 0.198077 0.186163
vt 0.196663 0.186688
vt 0.093294 0.065312
vt 0.092865 0.063297
vt 0.094340 0.062098
vt 0.265989 0.279786
vt 0.267041 0.279583
vt 0.266588 0.282622
vt 0.266874 0.277188
vt 0.265487 0.276909
vt 0.264394 0.185115
vt 0.265768 0.186207
vt 0.264394 0.186497
vt 0.267054 0.276130
vt 0.265396 0.188960
vt 0.197664 0.184069
vt 0.264403 0.188672
vt 0.166293 0.177598
vt 0.167301 0.175710
vt 0.168360 0.176712
vt 0.167467 0.178497
vt 0.066763 0.107402
vt 0.065104 0.104589
vt 0.066763 0.105141
vt 0.065592 0.107199
vt 0.165756 0.176759
vt 0.165411 0.179971
vt 0.045521 0.053701
vt 0.045521 0.051806
vt 0.046444 0.052169
vt 0.236575 0.336720
vt 0.235454 0.331838
vt 0.236414 0.334249
vt 0.236575 0.329616
vt 0.234494 0.333009
vt 0.235283 0.329357
vt 0.234023 0.329672
vt 0.235217 0.328483
vt 0.165411 0.175657
vt 0.166264 0.175026
vt 0.156749 0.180079
vt 0.155663 0.181422
vt 0.155431 0.179459
vt 0.156639 0.178801
vt 0.265951 0.185219
vt 0.154347 0.180537
vt 0.154542 0.178801
vt 0.267054 0.186280
vt 0.266676 0.189279
vt 0.082708 0.343722
vt 0.084180 0.347114
vt 0.082234 0.346600
vt 0.084180 0.343947
vt 0.264792 0.193033
vt 0.265087 0.191408
vt 0.082994 0.351234
vt 0.110118 0.125091
vt 0.109201 0.125794
vt 0.108025 0.125091
vt 0.107900 0.126397
vt 0.198839 0.185512
vt 0.198839 0.183705
vt 0.087083 0.058693
vt 0.085776 0.058412
vt 0.086009 0.057362
vt 0.109000 0.127721
vt 0.084592 0.058486
vt 0.085515 0.060907
vt 0.084592 0.065312
vt 0.086522 0.062000
vt 0.084722 0.062983
vt 0.000455 0.052250
vt 0.000455 0.050468
vt 0.001451 0.050631
vt 0.198181 0.188679
vt 0.094340 0.064629
vt 0.384361 0.104165
vt 0.384615 0.108853
vt 0.382575 0.105083
vt 0.383297 0.101452
vt 0.381918 0.101983
vt 0.384615 0.101238
vt 0.110305 0.126845
vt 0.267054 0.284470
vt 0.264858 0.280356
vt 0.119442 0.043815
vt 0.121125 0.045287
vt 0.119660 0.045832
vt 0.048263 0.258345
vt 0.047818 0.256254
vt 0.049347 0.255010
vt 0.048242 0.241876
vt 0.049334 0.241666
vt 0.048864 0.244818
vt 0.049169 0.239190
vt 0.047733 0.238904
vt 0.049347 0.238085
vt 0.120698 0.043117
vt 0.138945 0.138123
vt 0.138123 0.138775
vt 0.136861 0.138123
vt 0.136815 0.139483
vt 0.121916 0.044613
vt 0.121916 0.042739
vt 0.303338 0.070058
vt 0.301983 0.069767
vt 0.302225 0.068677
vt 0.138038 0.140784
vt 0.300755 0.069843
vt 0.301712 0.072354
vt 0.300755 0.076923
vt 0.302757 0.073488
vt 0.300890 0.074507
vt 0.032348 0.052250
vt 0.032348 0.050402
vt 0.033382 0.050572
vt 0.121234 0.047896
vt 0.049347 0.257637
vt 0.020149 0.356527
vt 0.020319 0.361393
vt 0.018278 0.357444
vt 0.019100 0.353692
vt 0.017660 0.354217
vt 0.020319 0.353537
vt 0.139332 0.139794
vt 0.049347 0.246734
vt 0.047070 0.242468
vt 0.093225 0.001575
vt 0.094971 0.003103
vt 0.093451 0.003666
vt 0.059833 0.307692
vt 0.059372 0.305522
vt 0.060958 0.304231
vt 0.220915 0.402799
vt 0.222047 0.402581
vt 0.221560 0.405850
vt 0.221876 0.400013
vt 0.220388 0.399716
vt 0.222061 0.398867
vt 0.094527 0.000852
vt 0.128772 0.062553
vt 0.127918 0.063229
vt 0.126610 0.062553
vt 0.126561 0.063962
vt 0.095791 0.002403
vt 0.095791 0.000460
vt 0.140784 0.198976
vt 0.139379 0.198674
vt 0.139629 0.197544
vt 0.127830 0.065312
vt 0.138105 0.198753
vt 0.139098 0.201357
vt 0.138105 0.206096
vt 0.140181 0.202533
vt 0.138244 0.203590
vt 0.083109 0.049347
vt 0.083109 0.047432
vt 0.084180 0.047608
vt 0.095084 0.005805
vt 0.060958 0.306958
vt 0.104322 0.314256
vt 0.104499 0.319303
vt 0.102382 0.315207
vt 0.103234 0.311317
vt 0.101741 0.311862
vt 0.104499 0.311157
vt 0.129173 0.064285
vt 0.222061 0.407837
vt 0.219699 0.403413
vt 0.166231 0.153550
vt 0.166570 0.150918
vt 0.167946 0.151264
vt 0.166994 0.147922
vt 0.165910 0.155298
vt 0.016043 0.125598
vt 0.014808 0.126684
vt 0.015217 0.124972
vt 0.012069 0.063861
vt 0.012069 0.061825
vt 0.013062 0.062214
vt 0.056604 0.408905
vt 0.056431 0.413888
vt 0.055398 0.411295
vt 0.016162 0.127721
vt 0.056604 0.416546
vt 0.055215 0.408626
vt 0.053860 0.408965
vt 0.168360 0.148040
vt 0.102895 0.059224
vt 0.103811 0.058546
vt 0.103265 0.060411
vt 0.165502 0.146779
vt 0.167177 0.146895
vt 0.017417 0.126351
vt 0.104927 0.059283
vt 0.103843 0.061312
vt 0.105951 0.060342
vt 0.165502 0.150605
vt 0.165510 0.148240
vt 0.017383 0.124972
vt 0.099503 0.338993
vt 0.101597 0.339546
vt 0.100320 0.343977
vt 0.100014 0.335899
vt 0.101597 0.336141
vt 0.078374 0.060958
vt 0.076589 0.057928
vt 0.078374 0.058523
vt 0.105106 0.062278
vt 0.055144 0.407686
vt 0.054366 0.412555
vt 0.102895 0.063861
vt 0.077114 0.060738
vt 0.072712 0.059315
vt 0.074590 0.060958
vt 0.072956 0.061562
vt 0.065554 0.004354
vt 0.065058 0.002016
vt 0.066763 0.000626
vt 0.049566 0.402419
vt 0.050784 0.402184
vt 0.050260 0.405700
vt 0.050599 0.399422
vt 0.048998 0.399103
vt 0.050798 0.398189
vt 0.074113 0.058539
vt 0.101165 0.060893
vt 0.100246 0.061619
vt 0.098841 0.060893
vt 0.098788 0.062409
vt 0.075472 0.060206
vt 0.075472 0.058115
vt 0.081277 0.002501
vt 0.079766 0.002176
vt 0.080035 0.000961
vt 0.100153 0.063861
vt 0.078396 0.002262
vt 0.079463 0.005063
vt 0.078396 0.010160
vt 0.080629 0.006328
vt 0.078546 0.007465
vt 0.031099 0.005805
vt 0.030763 0.003774
vt 0.031930 0.003774
vt 0.074712 0.063861
vt 0.066763 0.003564
vt 0.423612 0.109230
vt 0.423803 0.114659
vt 0.421525 0.110254
vt 0.422441 0.106070
vt 0.420836 0.106657
vt 0.423803 0.105900
vt 0.101596 0.062756
vt 0.050798 0.407837
vt 0.048258 0.403078
vt 0.281608 0.091079
vt 0.283556 0.092783
vt 0.281861 0.093408
vt 0.059704 0.300435
vt 0.059189 0.298009
vt 0.060958 0.296566
vt 0.290449 0.278850
vt 0.291712 0.278607
vt 0.291169 0.282253
vt 0.291521 0.275743
vt 0.289860 0.275412
vt 0.291727 0.274464
vt 0.283061 0.090274
vt 0.099698 0.044818
vt 0.098745 0.045571
vt 0.097287 0.044818
vt 0.097232 0.046390
vt 0.284470 0.092004
vt 0.284470 0.089835
vt 0.187228 0.370867
vt 0.185660 0.370530
vt 0.185940 0.369270
vt 0.098648 0.047896
vt 0.184240 0.370619
vt 0.185347 0.373524
vt 0.184240 0.378810
vt 0.186555 0.374836
vt 0.184395 0.376015
vt 0.012202 0.046444
vt 0.011852 0.044338
vt 0.013062 0.044338
vt 0.283683 0.095791
vt 0.060958 0.299615
vt 0.136231 0.045168
vt 0.136430 0.050798
vt 0.134068 0.046230
vt 0.135018 0.041892
vt 0.133352 0.042501
vt 0.136430 0.041716
vt 0.100145 0.046750
vt 0.291727 0.284470
vt 0.289093 0.279534
vt 0.271342 0.311516
vt 0.273362 0.313283
vt 0.271605 0.313931
vt 0.278815 0.288824
vt 0.278281 0.286306
vt 0.280116 0.284809
vt 0.335394 0.473127
vt 0.336704 0.472874
vt 0.336140 0.476656
vt 0.336506 0.469903
vt 0.334784 0.469560
vt 0.336720 0.468577
vt 0.272849 0.310682
vt 0.178057 0.150654
vt 0.177067 0.151435
vt 0.175556 0.150654
vt 0.175499 0.152284
vt 0.274311 0.312476
vt 0.274311 0.310226
vt 0.304790 0.183344
vt 0.303164 0.182995
vt 0.303454 0.181688
vt 0.176967 0.153846
vt 0.301691 0.183086
vt 0.302838 0.186099
vt 0.301691 0.191582
vt 0.304092 0.187460
vt 0.301852 0.188683
vt 0.029240 0.052250
vt 0.029240 0.050037
vt 0.030479 0.050243
vt 0.273495 0.316401
vt 0.280116 0.287974
vt 0.040433 0.004320
vt 0.040639 0.010160
vt 0.038189 0.005422
vt 0.039174 0.000923
vt 0.037447 0.001555
vt 0.040639 0.000742
vt 0.178520 0.152658
vt 0.336720 0.478955
vt 0.333988 0.473836
vt 0.295906 0.031222
vt 0.298001 0.033054
vt 0.296178 0.033724
vt 0.271510 0.294630
vt 0.270956 0.292016
vt 0.272859 0.290463
vt 0.018944 0.207308
vt 0.020303 0.207046
vt 0.019718 0.210968
vt 0.020097 0.203965
vt 0.018311 0.203609
vt 0.020319 0.202590
vt 0.297468 0.030357
vt 0.344948 0.032974
vt 0.343921 0.033783
vt 0.342355 0.032974
vt 0.342295 0.034664
vt 0.298984 0.032217
vt 0.298984 0.029884
vt 0.015965 0.050963
vt 0.014279 0.050600
vt 0.014580 0.049245
vt 0.343818 0.036284
vt 0.012752 0.050696
vt 0.013942 0.053820
vt 0.012752 0.059507
vt 0.015242 0.055232
vt 0.012919 0.056500
vt 0.030646 0.008708
vt 0.030646 0.006414
vt 0.031930 0.006629
vt 0.298138 0.036284
vt 0.272859 0.293747
vt 0.009946 0.339372
vt 0.010160 0.345428
vt 0.007619 0.340515
vt 0.008640 0.335850
vt 0.006850 0.336506
vt 0.010160 0.335662
vt 0.345428 0.035052
vt 0.020319 0.213353
vt 0.017486 0.208044
vt 0.282729 0.031036
vt 0.284902 0.032937
vt 0.283012 0.033631
vt 0.264203 0.220610
vt 0.263629 0.217897
vt 0.265602 0.216286
vt 0.023247 0.095328
vt 0.024656 0.095056
vt 0.024050 0.099124
vt 0.024443 0.091861
vt 0.022591 0.091492
vt 0.024673 0.090434
vt 0.284349 0.030141
vt 0.318806 0.108323
vt 0.317740 0.109162
vt 0.316117 0.108323
vt 0.316054 0.110076
vt 0.285922 0.032069
vt 0.285922 0.029649
vt 0.044993 0.237874
vt 0.043244 0.237497
vt 0.043556 0.236092
vt 0.317634 0.111756
vt 0.041660 0.237596
vt 0.042894 0.240837
vt 0.041660 0.246734
vt 0.044242 0.242301
vt 0.041833 0.243616
vt 0.014514 0.017417
vt 0.013263 0.015393
vt 0.014514 0.014883
vt 0.285045 0.036284
vt 0.265602 0.219694
vt 0.300214 0.270932
vt 0.300435 0.277213
vt 0.297800 0.272118
vt 0.298859 0.267280
vt 0.297003 0.267961
vt 0.300435 0.267087
vt 0.319303 0.110478
vt 0.024673 0.101597
vt 0.021735 0.096091
vt 0.362436 0.100511
vt 0.364690 0.102481
vt 0.362730 0.103200
vt 0.251089 0.319303
vt 0.250493 0.316488
vt 0.252540 0.314816
vt 0.069638 0.431815
vt 0.071100 0.431533
vt 0.070471 0.435752
vt 0.070878 0.428220
vt 0.068957 0.427837
vt 0.071117 0.426740
vt 0.364116 0.099582
vt 0.339107 0.000794
vt 0.338002 0.001663
vt 0.336318 0.000794
vt 0.336253 0.002611
vt 0.365747 0.101581
vt 0.365747 0.099072
vt 0.168360 0.038706
vt 0.166546 0.038316
vt 0.166870 0.036858
vt 0.337892 0.004354
vt 0.164904 0.038418
vt 0.166183 0.041779
vt 0.164904 0.047896
vt 0.167582 0.043297
vt 0.165083 0.044661
vt 0.018939 0.010160
vt 0.018939 0.007693
vt 0.020319 0.007926
vt 0.364839 0.105951
vt 0.252540 0.318354
vt 0.470016 0.093631
vt 0.470247 0.100145
vt 0.467513 0.094860
vt 0.468612 0.089844
vt 0.466686 0.090551
vt 0.470247 0.089644
vt 0.339623 0.003028
vt 0.071117 0.438316
vt 0.068070 0.432606
vt 0.407306 0.090152
vt 0.409643 0.092196
vt 0.407611 0.092940
vt 0.108800 0.277213
vt 0.108182 0.274291
vt 0.110305 0.272556
vt 0.187145 0.160166
vt 0.188661 0.159874
vt 0.188009 0.164249
vt 0.188431 0.156437
vt 0.186439 0.156040
vt 0.188679 0.154902
vt 0.409048 0.089190
vt 0.336185 0.106612
vt 0.335038 0.107514
vt 0.333293 0.106612
vt 0.333225 0.108497
vt 0.410740 0.091263
vt 0.410740 0.088660
vt 0.236575 0.399758
vt 0.234694 0.399353
vt 0.235030 0.397842
vt 0.334925 0.110305
vt 0.232991 0.399459
vt 0.234317 0.402945
vt 0.232991 0.409289
vt 0.235768 0.404520
vt 0.233177 0.405935
vt 0.030906 0.002903
vt 0.030478 0.000381
vt 0.031930 0.000381
vt 0.409798 0.095791
vt 0.110305 0.276228
vt 0.234884 0.129673
vt 0.235123 0.136430
vt 0.232288 0.130949
vt 0.233428 0.125747
vt 0.231431 0.126481
vt 0.235123 0.125541
vt 0.336720 0.108929
vt 0.188679 0.166909
vt 0.185518 0.160987
vt 0.412985 0.089946
vt 0.415408 0.092065
vt 0.413301 0.092835
vt 0.306132 0.262700
vt 0.305491 0.259667
vt 0.307692 0.257867
vt 0.047756 0.380525
vt 0.049328 0.380222
vt 0.048652 0.384760
vt 0.049089 0.376658
vt 0.047023 0.376246
vt 0.049347 0.375066
vt 0.414791 0.088949
vt 0.331812 0.000525
vt 0.330622 0.001459
vt 0.328812 0.000525
vt 0.328741 0.002479
vt 0.416546 0.091098
vt 0.416546 0.088398
vt 0.253991 0.400855
vt 0.252041 0.400435
vt 0.252390 0.398868
vt 0.330504 0.004354
vt 0.250274 0.400546
vt 0.251650 0.404161
vt 0.250274 0.410740
vt 0.253154 0.405794
vt 0.250467 0.407261
vt 0.087473 0.117562
vt 0.087028 0.114948
vt 0.088534 0.114948
vt 0.415569 0.095791
vt 0.307692 0.261678
vt 0.065064 0.450177
vt 0.065312 0.457184
vt 0.062372 0.451501
vt 0.063553 0.446106
vt 0.061482 0.446868
vt 0.065312 0.445894
vt 0.332366 0.002928
vt 0.049347 0.387518
vt 0.046069 0.381377
vt 0.357700 0.002649
vt 0.360214 0.004847
vt 0.358028 0.005645
vt 0.187061 0.194485
vt 0.186396 0.191337
vt 0.188679 0.189469
vt 0.253792 0.365752
vt 0.255423 0.365438
vt 0.254722 0.370144
vt 0.255176 0.361742
vt 0.253033 0.361315
vt 0.255443 0.360091
vt 0.359574 0.001616
vt 0.330340 0.084562
vt 0.329105 0.085531
vt 0.327229 0.084562
vt 0.327156 0.086589
vt 0.361393 0.003845
vt 0.361393 0.001044
vt 0.287373 0.383072
vt 0.285350 0.382636
vt 0.285712 0.381011
vt 0.328984 0.088534
vt 0.283518 0.382751
vt 0.284944 0.386500
vt 0.283518 0.393324
vt 0.286505 0.388194
vt 0.283718 0.389716
vt 0.058408 0.103048
vt 0.057945 0.100338
vt 0.059507 0.100338
vt 0.360381 0.008708
vt 0.188679 0.193425
vt 0.088276 0.420890
vt 0.088534 0.428157
vt 0.085484 0.422262
vt 0.086710 0.416668
vt 0.084562 0.417459
vt 0.088534 0.416449
vt 0.330914 0.087055
vt 0.255443 0.373004
vt 0.252043 0.366635
vt 0.123891 0.043066
vt 0.126498 0.045346
vt 0.124231 0.046171
vt 0.115883 0.047895
vt 0.115194 0.044628
vt 0.117562 0.042691
vt 0.329203 0.111492
vt 0.330894 0.111166
vt 0.330166 0.116047
vt 0.330637 0.107333
vt 0.328415 0.106890
vt 0.330914 0.105620
vt 0.125834 0.041995
vt 0.325965 0.000235
vt 0.324684 0.001240
vt 0.322739 0.000235
vt 0.322662 0.002337
vt 0.127721 0.044306
vt 0.127721 0.041402
vt 0.361393 0.236102
vt 0.359295 0.235650
vt 0.359671 0.233964
vt 0.324559 0.004354
vt 0.357395 0.235769
vt 0.358875 0.239657
vt 0.357395 0.246734
vt 0.360493 0.241414
vt 0.357603 0.242992
vt 0.076923 0.004354
vt 0.075422 0.001931
vt 0.076923 0.001323
vt 0.126672 0.049347
vt 0.117562 0.046796
vt 0.407569 0.006977
vt 0.407837 0.014514
vt 0.404674 0.008401
vt 0.405945 0.002600
vt 0.403718 0.003421
vt 0.407837 0.002374
vt 0.326560 0.002820
vt 0.330914 0.119013
vt 0.327388 0.112407
vt 0.110062 0.063093
vt 0.113208 0.061359
vt 0.113208 0.063861
vt 0.287444 0.097242
vt 0.285865 0.094157
vt 0.287708 0.091574
vt 0.255119 0.340531
vt 0.256872 0.340193
vt 0.256118 0.345254
vt 0.256607 0.336217
vt 0.254302 0.335758
vt 0.256894 0.334441
vt 0.109708 0.060820
vt 0.320138 0.185859
vt 0.318808 0.186900
vt 0.316792 0.185859
vt 0.316712 0.188038
vt 0.112628 0.059799
vt 0.109798 0.058770
vt 0.210450 0.353269
vt 0.208274 0.352800
vt 0.208664 0.351052
vt 0.318679 0.190131
vt 0.206304 0.352923
vt 0.207838 0.356956
vt 0.206304 0.364296
vt 0.209516 0.358778
vt 0.206519 0.360415
vt 0.008505 0.062409
vt 0.008505 0.059454
vt 0.010160 0.059739
vt 0.288824 0.095685
vt 0.288824 0.090798
vt 0.067936 0.379702
vt 0.068215 0.387518
vt 0.064934 0.381179
vt 0.066252 0.375163
vt 0.063942 0.376015
vt 0.068215 0.374930
vt 0.320755 0.188539
vt 0.256894 0.348331
vt 0.253237 0.341480
vt 0.048988 0.100803
vt 0.052250 0.099003
vt 0.052250 0.101597
vt 0.309163 0.036284
vt 0.307526 0.033082
vt 0.309437 0.030402
vt 0.297143 0.074639
vt 0.298961 0.074289
vt 0.298179 0.079538
vt 0.298686 0.070166
vt 0.296296 0.069689
vt 0.298984 0.068324
vt 0.048620 0.098446
vt 0.266414 0.204568
vt 0.265035 0.205648
vt 0.262944 0.204568
vt 0.262861 0.206829
vt 0.051649 0.097385
vt 0.048712 0.096319
vt 0.092888 0.318026
vt 0.090632 0.317540
vt 0.091036 0.315727
vt 0.264901 0.208999
vt 0.088589 0.317668
vt 0.090179 0.321850
vt 0.088589 0.329463
vt 0.091919 0.323740
vt 0.088812 0.325438
vt 0.150943 0.046444
vt 0.149329 0.043840
vt 0.150943 0.043188
vt 0.310595 0.034670
vt 0.310595 0.029597
vt 0.243542 0.129774
vt 0.243832 0.137881
vt 0.240429 0.131307
vt 0.241796 0.125069
vt 0.239401 0.125953
vt 0.243832 0.124827
vt 0.267054 0.207348
vt 0.298984 0.082729
vt 0.295191 0.075624
vt 0.102569 0.048526
vt 0.105951 0.046658
vt 0.105951 0.049347
vt 0.348297 0.007257
vt 0.346599 0.003933
vt 0.348581 0.001153
vt 0.231762 0.036603
vt 0.233648 0.036240
vt 0.232838 0.041684
vt 0.233363 0.031964
vt 0.230884 0.031469
vt 0.233672 0.030053
vt 0.102187 0.046083
vt 0.263488 0.124578
vt 0.262056 0.125697
vt 0.259890 0.124578
vt 0.259803 0.126922
vt 0.105327 0.044981
vt 0.102281 0.043877
vt 0.105951 0.297283
vt 0.103610 0.296778
vt 0.104030 0.294898
vt 0.261919 0.129173
vt 0.101491 0.296911
vt 0.103141 0.301248
vt 0.101491 0.309144
vt 0.104946 0.303209
vt 0.101723 0.304969
vt 0.314949 0.126270
vt 0.313275 0.123571
vt 0.314949 0.122895
vt 0.349782 0.005582
vt 0.349782 0.000317
vt 0.025825 0.360242
vt 0.026125 0.368650
vt 0.022596 0.361832
vt 0.024013 0.355363
vt 0.021529 0.356281
vt 0.026125 0.355114
vt 0.264151 0.127461
vt 0.233672 0.044993
vt 0.229738 0.037624
vt 0.100145 0.122875
vt 0.099330 0.124743
vt 0.098113 0.123811
vt 0.026125 0.004354
vt 0.024404 0.001435
vt 0.026125 0.002008
vt 0.256619 0.299115
vt 0.256293 0.301653
vt 0.255590 0.298814
vt 0.255598 0.296534
vt 0.257028 0.296227
vt 0.255590 0.295124
vt 0.099158 0.121853
vt 0.257204 0.295237
vt 0.143686 0.001581
vt 0.142362 0.000855
vt 0.143654 0.000252
vt 0.097556 0.122941
vt 0.098082 0.121143
vt 0.146846 0.162502
vt 0.148084 0.161269
vt 0.148153 0.162175
vt 0.142477 0.002903
vt 0.097199 0.121798
vt 0.148329 0.164748
vt 0.149492 0.162444
vt 0.149492 0.169811
vt 0.147334 0.165963
vt 0.149325 0.167249
vt 0.012751 0.018868
vt 0.012034 0.017040
vt 0.013062 0.017040
vt 0.097199 0.126270
vt 0.024910 0.004143
vt 0.311479 0.186776
vt 0.313498 0.187309
vt 0.312267 0.191582
vt 0.311972 0.183792
vt 0.313498 0.184026
vt 0.258345 0.296340
vt 0.257947 0.299449
vt 0.141171 0.001902
vt 0.141566 0.000252
vt 0.255983 0.303338
vt 0.085631 0.004929
vt 0.084723 0.007008
vt 0.083364 0.005972
vt 0.191582 0.169811
vt 0.189662 0.166547
vt 0.191582 0.167190
vt 0.027102 0.096885
vt 0.026738 0.099717
vt 0.025954 0.096549
vt 0.025962 0.094005
vt 0.027558 0.093663
vt 0.025954 0.092433
vt 0.084530 0.003790
vt 0.027755 0.092559
vt 0.124819 0.002880
vt 0.123342 0.002070
vt 0.124782 0.001397
vt 0.082743 0.005003
vt 0.083330 0.002997
vt 0.226366 0.401135
vt 0.227748 0.399760
vt 0.227824 0.400771
vt 0.123469 0.004354
vt 0.082345 0.003725
vt 0.228021 0.403641
vt 0.229318 0.401071
vt 0.229318 0.409289
vt 0.226911 0.404996
vt 0.229132 0.406431
vt 0.035933 0.002903
vt 0.035138 0.000866
vt 0.036284 0.000866
vt 0.082345 0.008708
vt 0.190226 0.169573
vt 0.182073 0.192026
vt 0.184325 0.192622
vt 0.182952 0.197387
vt 0.182623 0.188700
vt 0.184325 0.188961
vt 0.029028 0.093790
vt 0.028583 0.097258
vt 0.122013 0.003238
vt 0.122452 0.001397
vt 0.026394 0.101597
vt 0.314949 0.032367
vt 0.314007 0.034523
vt 0.312598 0.033449
vt 0.310595 0.108853
vt 0.308603 0.105465
vt 0.310595 0.106133
vt 0.394229 0.105418
vt 0.393852 0.108355
vt 0.393038 0.105070
vt 0.393047 0.102431
vt 0.394702 0.102077
vt 0.393038 0.100801
vt 0.313807 0.031187
vt 0.394906 0.100931
vt 0.119013 0.002825
vt 0.117482 0.001985
vt 0.118974 0.001287
vt 0.311954 0.032444
vt 0.312563 0.030364
vt 0.311888 0.103300
vt 0.313321 0.101873
vt 0.313399 0.102922
vt 0.117614 0.004354
vt 0.311541 0.031119
vt 0.313604 0.105899
vt 0.314949 0.103233
vt 0.314949 0.111756
vt 0.312453 0.107304
vt 0.314756 0.108792
vt 0.003989 0.040639
vt 0.003165 0.038527
vt 0.004354 0.038527
vt 0.311541 0.036284
vt 0.309189 0.108606
vt 0.418565 0.008953
vt 0.420900 0.009571
vt 0.419476 0.014514
vt 0.419134 0.005504
vt 0.420900 0.005776
vt 0.396226 0.102208
vt 0.395765 0.105805
vt 0.116103 0.003197
vt 0.116558 0.001287
vt 0.393495 0.110305
vt 0.300435 0.149786
vt 0.299458 0.152021
vt 0.297997 0.150908
vt 0.043541 0.306241
vt 0.041475 0.302724
vt 0.043541 0.303418
vt 0.312878 0.272146
vt 0.312487 0.275191
vt 0.311643 0.271784
vt 0.311652 0.269047
vt 0.313368 0.268680
vt 0.311643 0.267357
vt 0.299251 0.148563
vt 0.313580 0.267492
vt 0.107402 0.002768
vt 0.105814 0.001897
vt 0.107361 0.001174
vt 0.297329 0.149866
vt 0.297961 0.147708
vt 0.088262 0.118951
vt 0.089748 0.117472
vt 0.089830 0.118560
vt 0.105951 0.004354
vt 0.296901 0.148491
vt 0.090042 0.121647
vt 0.091437 0.118882
vt 0.091437 0.127721
vt 0.088848 0.123105
vt 0.091237 0.124647
vt 0.024293 0.010160
vt 0.023440 0.007970
vt 0.024673 0.007970
vt 0.296901 0.153846
vt 0.042083 0.305984
vt 0.006286 0.043580
vt 0.008708 0.044221
vt 0.007232 0.049347
vt 0.006877 0.040003
vt 0.008708 0.040286
vt 0.314949 0.268816
vt 0.314471 0.272546
vt 0.104384 0.003154
vt 0.104856 0.001174
vt 0.312117 0.277213
vt 0.306241 0.032077
vt 0.305227 0.034393
vt 0.303712 0.033239
vt 0.008708 0.026125
vt 0.006565 0.022474
vt 0.008708 0.023196
vt 0.295384 0.184875
vt 0.294980 0.188033
vt 0.294104 0.184500
vt 0.294113 0.181662
vt 0.295892 0.181280
vt 0.294104 0.179908
vt 0.305012 0.030809
vt 0.296113 0.180048
vt 0.330914 0.249443
vt 0.329268 0.248540
vt 0.330872 0.247790
vt 0.303019 0.032160
vt 0.303675 0.029922
vt 0.320365 0.105563
vt 0.321906 0.104029
vt 0.321991 0.105157
vt 0.329409 0.251089
vt 0.302575 0.030733
vt 0.322210 0.108359
vt 0.323658 0.105492
vt 0.323658 0.114659
vt 0.320972 0.109871
vt 0.323450 0.111471
vt 0.018868 0.002903
vt 0.017608 0.000819
vt 0.018868 0.000599
vt 0.302575 0.036284
vt 0.007196 0.025857
vt 0.045384 0.345253
vt 0.047895 0.345918
vt 0.046364 0.351234
vt 0.045997 0.341544
vt 0.047895 0.341838
vt 0.297533 0.181421
vt 0.297037 0.185290
vt 0.327784 0.249843
vt 0.328273 0.247790
vt 0.294596 0.190131
vt 0.293179 0.031923
vt 0.292127 0.034324
vt 0.290555 0.033129
vt 0.298984 0.049347
vt 0.296761 0.045557
vt 0.298984 0.046307
vt 0.293853 0.319657
vt 0.293434 0.322934
vt 0.292525 0.319269
vt 0.292534 0.316325
vt 0.294380 0.315930
vt 0.292525 0.314507
vt 0.291905 0.030609
vt 0.294608 0.314652
vt 0.341074 0.110050
vt 0.339367 0.109112
vt 0.341030 0.108336
vt 0.289837 0.032009
vt 0.290517 0.029688
vt 0.223000 0.164732
vt 0.224599 0.163141
vt 0.224686 0.164311
vt 0.339513 0.111756
vt 0.289377 0.030529
vt 0.224914 0.167632
vt 0.226415 0.164658
vt 0.226415 0.174165
vt 0.223630 0.169200
vt 0.226200 0.170859
vt 0.037736 0.010160
vt 0.036430 0.008000
vt 0.037736 0.007771
vt 0.289377 0.036284
vt 0.297415 0.049068
vt 0.096089 0.298586
vt 0.098694 0.299276
vt 0.097105 0.304789
vt 0.096725 0.294741
vt 0.098694 0.295046
vt 0.296081 0.316076
vt 0.295567 0.320088
vt 0.337828 0.110465
vt 0.338335 0.108336
vt 0.293036 0.325109
vt 0.346880 0.323491
vt 0.345789 0.325980
vt 0.344159 0.324742
vt 0.255443 0.174165
vt 0.253137 0.170232
vt 0.255443 0.171011
vt 0.177660 0.193185
vt 0.177225 0.196583
vt 0.176283 0.192782
vt 0.176292 0.189729
vt 0.178206 0.189318
vt 0.176283 0.187843
vt 0.345558 0.322129
vt 0.178443 0.187994
vt 0.338171 0.034515
vt 0.336401 0.033542
vt 0.338125 0.032737
vt 0.343414 0.323581
vt 0.344119 0.321174
vt 0.427518 0.335645
vt 0.429176 0.333995
vt 0.429267 0.335208
vt 0.336552 0.036284
vt 0.342937 0.322045
vt 0.429503 0.338652
vt 0.431060 0.335568
vt 0.431060 0.345428
vt 0.428171 0.340278
vt 0.430836 0.341999
vt 0.001451 0.029028
vt 0.000097 0.026789
vt 0.001451 0.026551
vt 0.342937 0.328012
vt 0.253816 0.173876
vt 0.477705 0.392696
vt 0.480406 0.393412
vt 0.478759 0.399129
vt 0.478364 0.388709
vt 0.480406 0.389026
vt 0.179971 0.189471
vt 0.179438 0.193632
vt 0.334804 0.034945
vt 0.335330 0.032737
vt 0.176813 0.198839
vt 0.386067 0.226084
vt 0.384936 0.228664
vt 0.383245 0.227381
vt 0.261248 0.175617
vt 0.258857 0.171534
vt 0.261248 0.172344
vt 0.403989 0.107343
vt 0.403539 0.110868
vt 0.402561 0.106925
vt 0.402571 0.103759
vt 0.404556 0.103334
vt 0.402561 0.101804
vt 0.384696 0.224672
vt 0.404802 0.101960
vt 0.095791 0.047511
vt 0.093955 0.046503
vt 0.095742 0.045668
vt 0.382472 0.226177
vt 0.383204 0.223681
vt 0.296762 0.404948
vt 0.298482 0.403237
vt 0.298576 0.404495
vt 0.094111 0.049347
vt 0.381978 0.224584
vt 0.298821 0.408067
vt 0.300435 0.404868
vt 0.300435 0.415094
vt 0.297440 0.409753
vt 0.300204 0.411538
vt 0.000122 0.104499
vt 0.000122 0.101787
vt 0.001451 0.102303
vt 0.381978 0.230769
vt 0.259561 0.175316
vt 0.280217 0.182007
vt 0.283019 0.182750
vt 0.281310 0.188679
vt 0.280901 0.177873
vt 0.283019 0.178202
vt 0.406386 0.103492
vt 0.405833 0.107807
vt 0.092299 0.047958
vt 0.092844 0.045668
vt 0.403111 0.113208
vt 0.429608 0.109803
vt 0.428436 0.112477
vt 0.426682 0.111148
vt 0.303338 0.150943
vt 0.300858 0.146706
vt 0.303338 0.147547
vt 0.434379 0.020043
vt 0.433912 0.023698
vt 0.432898 0.019609
vt 0.432908 0.016326
vt 0.434966 0.015884
vt 0.432898 0.014298
vt 0.428187 0.108339
vt 0.435222 0.014460
vt 0.332366 0.034381
vt 0.330462 0.033335
vt 0.332315 0.032469
vt 0.425880 0.109900
vt 0.426640 0.107310
vt 0.167454 0.385704
vt 0.169236 0.383929
vt 0.169334 0.385234
vt 0.330623 0.036284
vt 0.425368 0.108246
vt 0.169588 0.388938
vt 0.171263 0.385621
vt 0.171263 0.396226
vt 0.168156 0.390687
vt 0.171022 0.392538
vt 0.148041 0.002903
vt 0.146584 0.000498
vt 0.148041 0.000240
vt 0.425368 0.114659
vt 0.301588 0.150630
vt 0.020316 0.004691
vt 0.023222 0.005461
vt 0.021450 0.011611
vt 0.021025 0.000404
vt 0.023222 0.000746
vt 0.436865 0.016048
vt 0.436291 0.020524
vt 0.328744 0.034844
vt 0.329309 0.032469
vt 0.433469 0.026125
vt 0.420900 0.201063
vt 0.419684 0.203834
vt 0.417865 0.202458
vt 0.298984 0.091437
vt 0.296412 0.087038
vt 0.298984 0.087913
vt 0.235448 0.389919
vt 0.234964 0.393709
vt 0.233912 0.389469
vt 0.233922 0.386063
vt 0.236057 0.385605
vt 0.233912 0.383960
vt 0.419426 0.199545
vt 0.236322 0.384128
vt 0.307692 0.218635
vt 0.305718 0.217550
vt 0.307639 0.216653
vt 0.417033 0.201164
vt 0.417821 0.198478
vt 0.268909 0.360640
vt 0.270758 0.358799
vt 0.270859 0.360153
vt 0.305885 0.220610
vt 0.416502 0.199448
vt 0.271123 0.363995
vt 0.272859 0.360554
vt 0.272859 0.371553
vt 0.269637 0.365808
vt 0.272610 0.367728
vt 0.000021 0.097242
vt 0.000021 0.094328
vt 0.001451 0.094882
vt 0.416502 0.206096
vt 0.297169 0.091111
vt 0.397567 0.106031
vt 0.400581 0.106830
vt 0.398742 0.113208
vt 0.398303 0.101586
vt 0.400581 0.101941
vt 0.238026 0.385776
vt 0.237431 0.390418
vt 0.303936 0.219115
vt 0.304522 0.216653
vt 0.234505 0.396226
vt 0.091437 0.003492
vt 0.090176 0.006365
vt 0.088289 0.004938
vt 0.294630 0.152395
vt 0.291962 0.147829
vt 0.294630 0.148738
vt 0.045222 0.372267
vt 0.044720 0.376199
vt 0.043629 0.371801
vt 0.043639 0.368269
vt 0.045853 0.367794
vt 0.043629 0.366088
vt 0.089908 0.001919
vt 0.046128 0.366262
vt 0.328012 0.032785
vt 0.325964 0.031660
vt 0.327956 0.030730
vt 0.087427 0.003597
vt 0.088244 0.000811
vt 0.262957 0.351527
vt 0.264874 0.349617
vt 0.264979 0.351022
vt 0.326137 0.034833
vt 0.086876 0.001816
vt 0.265253 0.355006
vt 0.267054 0.351437
vt 0.267054 0.362845
vt 0.263712 0.356887
vt 0.266795 0.358878
vt 0.089953 0.049347
vt 0.089953 0.046327
vt 0.091437 0.046899
vt 0.086876 0.008708
vt 0.292747 0.152056
vt 0.140561 0.142049
vt 0.143687 0.142878
vt 0.141780 0.149492
vt 0.141324 0.137440
vt 0.143687 0.137809
vt 0.047895 0.367971
vt 0.047279 0.372785
vt 0.324116 0.033283
vt 0.324723 0.030730
vt 0.044244 0.378810
vt 0.338171 0.067163
vt 0.336864 0.070140
vt 0.334907 0.068662
vt 0.294630 0.049347
vt 0.291863 0.044608
vt 0.294630 0.045552
vt 0.029157 0.363316
vt 0.028638 0.367394
vt 0.027505 0.362833
vt 0.027515 0.359169
vt 0.029812 0.358677
vt 0.027505 0.356907
vt 0.336586 0.065532
vt 0.030097 0.357088
vt 0.301887 0.218485
vt 0.299764 0.217318
vt 0.301829 0.216354
vt 0.334012 0.067272
vt 0.334860 0.064382
vt 0.245388 0.320628
vt 0.247377 0.318648
vt 0.247486 0.320104
vt 0.299943 0.220610
vt 0.333442 0.065424
vt 0.247769 0.324236
vt 0.249637 0.320535
vt 0.249637 0.332366
vt 0.246171 0.326187
vt 0.249369 0.328252
vt 0.078375 0.065312
vt 0.076751 0.062635
vt 0.078375 0.062345
vt 0.333442 0.072569
vt 0.292677 0.048994
vt 0.279778 0.378347
vt 0.283019 0.379207
vt 0.281041 0.386067
vt 0.280569 0.373568
vt 0.283019 0.373952
vt 0.031930 0.358860
vt 0.031291 0.363853
vt 0.297847 0.219002
vt 0.298476 0.216354
vt 0.028144 0.370102
vt 0.130624 0.219361
vt 0.129268 0.222447
vt 0.127238 0.220915
vt 0.222061 0.132075
vt 0.219191 0.127157
vt 0.222061 0.128138
vt 0.230796 0.341293
vt 0.230257 0.345523
vt 0.229083 0.340792
vt 0.229093 0.336993
vt 0.231474 0.336482
vt 0.229083 0.334647
vt 0.128980 0.217670
vt 0.231771 0.334834
vt 0.256894 0.067463
vt 0.254692 0.066252
vt 0.256833 0.065253
vt 0.126311 0.219474
vt 0.127190 0.216477
vt 0.317799 0.124256
vt 0.319862 0.122202
vt 0.319975 0.123713
vt 0.254878 0.069666
vt 0.125719 0.217557
vt 0.320269 0.127999
vt 0.322206 0.124160
vt 0.322206 0.136430
vt 0.318612 0.130022
vt 0.321928 0.132163
vt 0.035741 0.053701
vt 0.034574 0.050673
vt 0.036284 0.050673
vt 0.125719 0.224964
vt 0.220036 0.131709
vt 0.201283 0.360644
vt 0.204644 0.361536
vt 0.202594 0.368650
vt 0.202103 0.355689
vt 0.204644 0.356087
vt 0.233672 0.336672
vt 0.233009 0.341850
vt 0.252704 0.067999
vt 0.253356 0.065253
vt 0.229746 0.348331
vt 0.438316 0.111755
vt 0.436910 0.114954
vt 0.434805 0.113367
vt 0.120464 0.065312
vt 0.117487 0.060207
vt 0.120464 0.061226
vt 0.268425 0.301845
vt 0.267867 0.306231
vt 0.266648 0.301325
vt 0.266659 0.297384
vt 0.269128 0.296854
vt 0.266648 0.294951
vt 0.436611 0.110002
vt 0.269436 0.295146
vt 0.236575 0.068833
vt 0.234292 0.067577
vt 0.236511 0.066541
vt 0.433843 0.111872
vt 0.434755 0.108764
vt 0.265386 0.176054
vt 0.267525 0.173924
vt 0.267642 0.175491
vt 0.234483 0.071118
vt 0.433229 0.109883
vt 0.267947 0.179935
vt 0.269956 0.175954
vt 0.269956 0.188679
vt 0.266228 0.182033
vt 0.269668 0.184254
vt 0.059303 0.294630
vt 0.059303 0.291266
vt 0.060958 0.291903
vt 0.433229 0.117562
vt 0.118364 0.064931
vt 0.032798 0.371958
vt 0.036284 0.372884
vt 0.034158 0.380261
vt 0.033649 0.366820
vt 0.036284 0.367234
vt 0.271408 0.297052
vt 0.270720 0.302422
vt 0.232229 0.069388
vt 0.232905 0.066541
vt 0.267336 0.309144
vt 0.799805 0.886330
vt 0.756932 0.972424
vt 0.801161 0.874283
vt 0.968726 0.132611
vt 0.934104 0.220610
vt 0.887482 0.132611
vt 0.716973 0.874283
vt 0.058055 0.271324
vt 0.058055 0.388969
vt 0.054659 0.283565
vt 0.885870 0.120430
vt 0.969521 0.120430
vt 0.245283 0.873730
vt 0.115084 0.873730
vt 0.183579 0.762522
vt 0.805005 0.494092
vt 0.840630 0.557047
vt 0.805005 0.621190
vt 0.879535 0.495149
vt 0.949202 0.487880
vt 0.881129 0.567489
vt 0.881129 0.457537
vt 0.879535 0.620107
vt 0.650273 0.775507
vt 0.719884 0.885341
vt 0.590522 0.885341
vt 0.001158 0.467344
vt 0.001158 0.334438
vt 0.071118 0.441624
vt 0.633683 0.625800
vt 0.616384 0.695210
vt 0.480808 0.625800
vt 0.714078 0.689741
vt 0.696662 0.536055
vt 0.619346 0.511372
vt 0.696662 0.380955
vt 0.627459 0.619739
vt 0.538865 0.076923
vt 0.561860 0.000297
vt 0.656023 0.068269
vt 0.664732 0.254647
vt 0.587426 0.280396
vt 0.596224 0.171143
vt 0.416690 0.000297
vt 0.664732 0.410740
vt 0.457118 0.960804
vt 0.443886 0.965167
vt 0.443886 0.895750
vt 0.457184 0.901119
vt 0.023053 0.991292
vt 0.023053 0.929399
vt 0.082729 0.930446
vt 0.082729 0.990745
vt 0.962264 0.423375
vt 0.949871 0.426705
vt 0.949871 0.356500
vt 0.962264 0.361047
vt 0.718432 0.957910
vt 0.648984 0.957152
vt 0.648766 0.888668
vt 0.718432 0.887748
vt 0.249666 0.899282
vt 0.261248 0.894104
vt 0.261248 0.963716
vt 0.249915 0.958950
vt 0.964966 0.491999
vt 0.952964 0.496372
vt 0.952964 0.427834
vt 0.965167 0.431275
vt 0.447228 0.517032
vt 0.456525 0.566038
vt 0.315506 0.565676
vt 0.220794 0.066527
vt 0.206872 0.124819
vt 0.085173 0.066810
vt 0.084371 0.066527
vt 0.330914 0.120913
vt 0.314753 0.566038
vt 0.561684 0.517699
vt 0.105922 0.589260
vt 0.115894 0.538728
vt 0.246734 0.589260
vt 0.565737 0.372887
vt 0.624093 0.359225
vt 0.624093 0.500726
vt 0.623803 0.499914
vt 0.245959 0.588885
vt 0.572744 0.259531
vt 0.000087 0.539005
vt 0.252540 0.579100
vt 0.224182 0.579100
vt 0.239173 0.517750
vt 0.285922 0.963715
vt 0.262696 0.959525
vt 0.285922 0.900779
vt 0.259797 0.709724
vt 0.231440 0.709724
vt 0.245058 0.650885
vt 0.243832 0.384615
vt 0.219975 0.379638
vt 0.243832 0.321851
vt 0.834162 0.241600
vt 0.834543 0.269956
vt 0.810343 0.269956
vt 0.810726 0.241600
vt 0.960177 0.742990
vt 0.986938 0.742988
vt 0.986938 0.773583
vt 0.960177 0.773585
vt 0.564586 0.304605
vt 0.558879 0.306241
vt 0.558879 0.272402
vt 0.564586 0.274022
vt 0.799868 0.340236
vt 0.805515 0.338615
vt 0.805515 0.368650
vt 0.799868 0.367013
vt 0.151463 0.144805
vt 0.156749 0.143223
vt 0.156749 0.177068
vt 0.151463 0.175394
vt 0.913572 0.956008
vt 0.943396 0.955886
vt 0.943396 0.989718
vt 0.913572 0.989840
vt 0.722972 0.740837
vt 0.728592 0.739197
vt 0.728592 0.769231
vt 0.722972 0.767614
vt 0.446010 0.607647
vt 0.576197 0.685051
vt 0.419932 0.685051
vt 0.337043 0.615072
vt 0.270777 0.578313
vt 0.384615 0.578313
vt 0.289639 0.647315
vt 0.144200 0.647152
vt 0.699565 0.155379
vt 0.699565 0.310595
vt 0.622307 0.180243
vt 0.158433 0.725689
vt 0.000882 0.725689
vt 0.136683 0.648699
vt 0.629204 0.072167
vt 0.238026 0.664421
vt 0.951986 0.065117
vt 0.951869 0.005449
vt 0.963715 0.000268
vt 0.963716 0.069666
vt 0.364127 0.933753
vt 0.423803 0.934814
vt 0.423803 0.995113
vt 0.364127 0.995646
vt 0.960813 0.775085
vt 0.960813 0.837413
vt 0.948420 0.841800
vt 0.948420 0.771595
vt 0.537010 0.908067
vt 0.537010 0.978229
vt 0.467343 0.977330
vt 0.467562 0.908832
vt 0.959361 0.272474
vt 0.959112 0.332158
vt 0.945973 0.336720
vt 0.945973 0.267086
vt 0.966417 0.501757
vt 0.966618 0.562481
vt 0.954416 0.566038
vt 0.954416 0.497504
vt 0.098678 0.591838
vt 0.240217 0.592094
vt 0.112239 0.650218
vt 0.000490 0.642503
vt 0.240929 0.591838
vt 0.577649 0.407762
vt 0.576369 0.547844
vt 0.527071 0.417498
vt 0.527071 0.301851
vt 0.576740 0.548621
vt 0.501257 0.565801
vt 0.623335 0.623809
vt 0.487334 0.624093
vt 0.398518 0.038047
vt 0.530452 0.085966
vt 0.389377 0.087083
vt 0.284258 0.038047
vt 0.531205 0.086330
vt 0.377928 0.569698
vt 0.624093 0.624093
vt 0.000671 0.705370
vt 0.014254 0.646392
vt 0.029028 0.705370
vt 0.133513 0.197388
vt 0.133513 0.134478
vt 0.156749 0.193252
vt 0.769095 0.953344
vt 0.796807 0.896237
vt 0.796807 0.959361
vt 0.193746 0.401933
vt 0.217707 0.343893
vt 0.217707 0.406386
vt 0.375312 0.720555
vt 0.398748 0.720555
vt 0.399129 0.748911
vt 0.374929 0.748911
vt 0.985486 0.162436
vt 0.985486 0.193031
vt 0.958726 0.193033
vt 0.958726 0.162438
vt 0.573815 0.218935
vt 0.573815 0.188347
vt 0.579100 0.186765
vt 0.579100 0.220610
vt 0.306399 0.840163
vt 0.306399 0.813385
vt 0.312046 0.811765
vt 0.312046 0.841800
vt 0.573295 0.545430
vt 0.573295 0.576013
vt 0.567587 0.577649
vt 0.567587 0.543810
vt 0.063861 0.649645
vt 0.063861 0.683477
vt 0.034037 0.683599
vt 0.034037 0.649767
vt 0.624278 0.731330
vt 0.624278 0.704553
vt 0.629898 0.702912
vt 0.629898 0.732946
vt 0.292873 0.647755
vt 0.280403 0.716981
vt 0.252823 0.675949
vt 0.292082 0.917958
vt 0.345428 0.918033
vt 0.332462 0.953141
vt 0.345428 0.988389
vt 0.292082 0.988314
vt 0.188906 0.769231
vt 0.188906 0.703992
vt 0.365419 0.738561
vt 0.367542 0.756282
vt 0.647315 0.887595
vt 0.647315 0.957910
vt 0.591050 0.956767
vt 0.591050 0.886452
vt 0.373004 0.733780
vt 0.372038 0.756940
vt 0.423456 0.696707
vt 0.420809 0.712428
vt 0.432741 0.694069
vt 0.428754 0.716981
vt 0.332093 0.082729
vt 0.315723 0.082729
vt 0.314486 0.066817
vt 0.332366 0.062275
vt 0.335925 0.745413
vt 0.394858 0.699443
vt 0.462302 0.489070
vt 0.463830 0.513119
vt 0.426438 0.502540
vt 0.042659 0.453348
vt 0.062409 0.457568
vt 0.042659 0.484761
vt 0.458111 0.490588
vt 0.455217 0.509800
vt 0.820029 0.143686
vt 0.799539 0.143686
vt 0.812500 0.116280
vt 0.742444 0.200756
vt 0.812772 0.200756
vt 0.787923 0.374914
vt 0.767491 0.374334
vt 0.278318 0.542816
vt 0.278318 0.477493
vt 0.397514 0.605348
vt 0.378104 0.608128
vt 0.378668 0.584888
vt 0.398618 0.585235
vt 0.787990 0.378810
vt 0.767904 0.377625
vt 0.410966 0.496177
vt 0.399129 0.608128
vt 0.528302 0.498645
vt 0.478955 0.713366
vt 0.378501 0.696554
vt 0.653120 0.751015
vt 0.628515 0.746541
vt 0.642581 0.696531
vt 0.772134 0.761448
vt 0.749597 0.757368
vt 0.767820 0.716717
vt 0.628515 0.812772
vt 0.749597 0.824383
vt 0.372049 0.121933
vt 0.407837 0.121585
vt 0.407837 0.168012
vt 0.372049 0.168360
vt 0.416200 0.167594
vt 0.409900 0.169811
vt 0.409900 0.123439
vt 0.416200 0.125683
vt 0.126270 0.846465
vt 0.118430 0.849057
vt 0.118430 0.804582
vt 0.126270 0.806813
vt 0.952497 0.072239
vt 0.960813 0.069689
vt 0.960813 0.116110
vt 0.952497 0.114193
vt 0.768768 0.414946
vt 0.776488 0.412770
vt 0.776488 0.457184
vt 0.768768 0.454544
vt 0.449927 0.126736
vt 0.449927 0.168646
vt 0.777711 0.423810
vt 0.783745 0.422214
vt 0.783745 0.471698
vt 0.777711 0.469483
vt 0.872564 0.996954
vt 0.867512 0.998549
vt 0.867512 0.946883
vt 0.872564 0.948613
vt 0.911466 0.949828
vt 0.911466 0.998168
vt 0.934059 0.588852
vt 0.940493 0.586887
vt 0.940493 0.638607
vt 0.934059 0.637244
vt 0.539226 0.948274
vt 0.579100 0.947886
vt 0.579100 0.999612
vt 0.539226 1.000000
vt 0.116110 0.854128
vt 0.109999 0.856313
vt 0.109999 0.806763
vt 0.116110 0.808393
vt 0.534783 0.315029
vt 0.553782 0.287941
vt 0.557329 0.320755
vt 0.557329 0.273627
vt 0.456612 0.740100
vt 0.439019 0.740779
vt 0.438667 0.717567
vt 0.456612 0.717194
vt 0.705518 0.504393
vt 0.720131 0.448173
vt 0.728751 0.504146
vt 0.672830 0.653674
vt 0.743106 0.656023
vt 0.454921 0.719989
vt 0.899855 0.051148
vt 0.899855 0.117562
vt 0.875265 0.055523
vt 0.698269 0.371553
vt 0.710010 0.187882
vt 0.733183 0.186946
vt 0.763425 0.371553
vt 0.721416 0.223939
vt 0.886141 0.001131
vt 0.064833 0.309812
vt 0.076569 0.278271
vt 0.083943 0.306976
vt 0.296273 0.469081
vt 0.314949 0.446037
vt 0.314949 0.477504
vt 0.309690 0.156749
vt 0.309690 0.123855
vt 0.329463 0.152677
vt 0.063307 0.314014
vt 0.087332 0.315538
vt 0.728366 0.194505
vt 0.710670 0.192383
vt 0.336215 0.641509
vt 0.336215 0.617067
vt 0.351234 0.636188
vt 0.708037 0.492057
vt 0.728477 0.491973
vt 0.724153 0.507521
vt 0.708237 0.506261
vt 0.117562 0.129458
vt 0.052320 0.129458
vt 0.319303 0.221703
vt 0.305722 0.257937
vt 0.268206 0.222850
vt 0.743106 0.609180
vt 0.672830 0.606831
vt 0.268206 0.293179
vt 0.966618 0.725606
vt 0.926538 0.690440
vt 0.966618 0.655251
vt 0.916220 0.725689
vt 0.602322 0.766328
vt 0.458685 0.740512
vt 0.457792 0.720064
vt 0.602322 0.695988
vt 0.070224 0.262780
vt 0.072609 0.380261
vt 0.400306 0.727829
vt 0.627306 0.039187
vt 0.638830 0.001216
vt 0.650218 0.039187
vt 0.740203 0.079695
vt 0.740203 0.119243
vt 0.732448 0.121916
vt 0.732448 0.077558
vt 0.954832 0.938369
vt 0.954832 0.896453
vt 0.962264 0.894115
vt 0.962264 0.940493
vt 0.120464 0.932676
vt 0.120464 0.974638
vt 0.092657 0.974869
vt 0.092657 0.932907
vt 0.085222 0.976778
vt 0.085222 0.930349
vt 0.368650 0.113549
vt 0.368650 0.159937
vt 0.333308 0.161103
vt 0.333308 0.114715
vt 0.804888 0.335534
vt 0.804887 0.295932
vt 0.812772 0.293752
vt 0.812772 0.338171
vt 0.164006 0.146632
vt 0.164006 0.192247
vt 0.157946 0.194485
vt 0.157946 0.145064
vt 0.458532 0.960743
vt 0.458532 0.912396
vt 0.464441 0.910592
vt 0.464441 0.962264
vt 0.998549 0.269280
vt 0.998549 0.317680
vt 0.966475 0.317945
vt 0.966475 0.269545
vt 0.960757 0.319303
vt 0.960757 0.267574
vt 0.997097 0.839616
vt 0.997097 0.891299
vt 0.957721 0.892598
vt 0.957721 0.840915
vt 0.215915 0.817809
vt 0.215915 0.772131
vt 0.222061 0.770540
vt 0.222061 0.820029
vt 0.143642 0.780842
vt 0.001054 0.740692
vt 0.003087 0.726967
vt 0.153215 0.726967
vt 0.182874 0.762242
vt 0.050150 0.927481
vt 0.050150 0.882712
vt 0.120464 0.884113
vt 0.120464 0.928882
vt 0.878846 0.946299
vt 0.905602 0.835233
vt 0.923156 0.835393
vt 0.949202 0.946299
vt 0.515549 0.179887
vt 0.571843 0.163693
vt 0.571843 0.222061
vt 0.099035 0.823287
vt 0.081441 0.822927
vt 0.081392 0.811809
vt 0.098954 0.811669
vt 0.766328 0.402899
vt 0.766328 0.553663
vt 0.752124 0.555878
vt 0.712504 0.412285
vt 0.504214 0.545310
vt 0.560232 0.529981
vt 0.560232 0.587808
vt 0.730629 0.374137
vt 0.440967 0.795356
vt 0.431532 0.741386
vt 0.470247 0.760869
vt 0.994194 0.994194
vt 0.939933 0.949475
vt 0.994194 0.938015
vt 0.000624 0.827286
vt 0.000624 0.756946
vt 0.134978 0.782075
vt 0.134833 0.799671
vt 0.988389 0.195246
vt 0.988389 0.265602
vt 0.945522 0.265534
vt 0.945522 0.195178
vt 0.290688 0.795356
vt 0.288690 0.781607
vt 0.493469 0.153846
vt 0.482034 0.153678
vt 0.482034 0.136124
vt 0.493148 0.136253
vt 0.496790 0.821480
vt 0.512771 0.752992
vt 0.626996 0.804265
vt 0.623550 0.821480
vt 0.801161 0.636289
vt 0.747248 0.627002
vt 0.786935 0.483249
vt 0.801161 0.485439
vt 0.766086 0.664731
vt 0.459302 0.776395
vt 0.285922 0.897534
vt 0.265170 0.940493
vt 0.264256 0.892994
vt 0.921447 0.320755
vt 0.921447 0.275923
vt 0.943396 0.278837
vt 0.955007 0.861550
vt 0.952999 0.907112
vt 0.933285 0.865835
vt 0.952105 0.560816
vt 0.952105 0.605225
vt 0.930176 0.563851
vt 0.937590 0.505818
vt 0.285922 0.841272
vt 0.933285 0.808926
vt 0.935633 0.220962
vt 0.390421 0.208806
vt 0.390362 0.222061
vt 0.377660 0.222061
vt 0.377626 0.209051
vt 0.049593 0.868203
vt 0.062409 0.836395
vt 0.062409 0.870827
vt 0.180051 0.393599
vt 0.193033 0.363165
vt 0.193033 0.396226
vt 0.720028 0.763962
vt 0.732946 0.796164
vt 0.720028 0.798258
vt 0.342858 0.965167
vt 0.342858 0.930454
vt 0.355588 0.962378
vt 0.301832 0.818098
vt 0.310595 0.877496
vt 0.288055 0.874762
vt 0.288055 0.920174
vt 0.903712 0.059545
vt 0.903712 0.000261
vt 0.925980 0.055114
vt 0.924118 0.101596
vt 0.626996 0.752355
vt 0.626996 0.798258
vt 0.604458 0.755135
vt 0.613105 0.695842
vt 0.274311 0.539901
vt 0.253766 0.583454
vt 0.252054 0.535434
vt 0.274311 0.481609
vt 0.064644 0.427513
vt 0.064644 0.411287
vt 0.066763 0.410577
vt 0.066763 0.428157
vt 0.095045 0.344915
vt 0.095046 0.327776
vt 0.097242 0.327110
vt 0.097242 0.345428
vt 0.510885 0.088828
vt 0.510885 0.105951
vt 0.494723 0.105873
vt 0.494723 0.088750
vt 0.094340 0.297297
vt 0.094340 0.314439
vt 0.092199 0.314949
vt 0.092199 0.296628
vt 0.352685 0.071612
vt 0.352685 0.089936
vt 0.335362 0.089985
vt 0.335362 0.071662
vt 0.461538 0.363395
vt 0.461538 0.379624
vt 0.459387 0.380261
vt 0.459387 0.362679
vt 0.064372 0.405660
vt 0.064373 0.387353
vt 0.066763 0.386552
vt 0.066763 0.406386
vt 0.264575 0.267926
vt 0.264575 0.248589
vt 0.267054 0.247838
vt 0.267054 0.268505
vt 0.040639 0.461088
vt 0.040639 0.480406
vt 0.022403 0.480319
vt 0.022403 0.461001
vt 0.111756 0.250041
vt 0.111756 0.269381
vt 0.109342 0.269956
vt 0.109342 0.249286
vt 0.307692 0.124409
vt 0.307692 0.145082
vt 0.288148 0.145138
vt 0.288148 0.124465
vt 0.084180 0.423642
vt 0.084180 0.441951
vt 0.081753 0.442671
vt 0.081753 0.422834
vt 0.232221 0.384553
vt 0.232221 0.397554
vt 0.219378 0.397678
vt 0.219387 0.384916
vt 0.170302 0.740504
vt 0.182874 0.709314
vt 0.182874 0.743106
vt 0.342595 0.245283
vt 0.349484 0.212180
vt 0.355588 0.245283
vt 0.098560 0.259964
vt 0.105951 0.293179
vt 0.093104 0.293179
vt 0.299438 0.086440
vt 0.312046 0.055312
vt 0.312046 0.088534
vt 0.896952 0.409942
vt 0.893740 0.460087
vt 0.872792 0.414150
vt 0.625871 0.489115
vt 0.625871 0.440063
vt 0.650218 0.443016
vt 0.894049 0.293478
vt 0.873068 0.341074
vt 0.869894 0.289269
vt 0.602322 0.554191
vt 0.602322 0.603774
vt 0.577979 0.557195
vt 0.589350 0.483926
vt 0.872792 0.341044
vt 0.638709 0.369670
vt 0.894049 0.221878
vt 0.103534 0.244516
vt 0.103514 0.224644
vt 0.105951 0.223862
vt 0.105951 0.245283
vt 0.043929 0.265015
vt 0.043929 0.245391
vt 0.046444 0.244628
vt 0.046444 0.265602
vt 0.235838 0.029531
vt 0.255443 0.029446
vt 0.255443 0.049262
vt 0.235838 0.049347
vt 0.104499 0.246842
vt 0.104499 0.266469
vt 0.102049 0.267054
vt 0.102049 0.246077
vt 0.290276 0.088534
vt 0.269296 0.088473
vt 0.269296 0.067321
vt 0.290276 0.067382
vt 0.047895 0.214489
vt 0.047876 0.234362
vt 0.045422 0.235123
vt 0.045422 0.213700
vt 0.001400 0.469460
vt 0.018868 0.469630
vt 0.018868 0.487663
vt 0.001722 0.487484
vt 0.893800 0.817126
vt 0.893800 0.763687
vt 0.911466 0.813541
vt 0.230924 0.962563
vt 0.248186 0.912476
vt 0.248186 0.965167
vt 0.820389 0.925833
vt 0.833091 0.978229
vt 0.815054 0.978229
vt 0.727688 0.962264
vt 0.727688 0.909290
vt 0.744557 0.959044
vt 0.000176 0.595765
vt 0.021771 0.590896
vt 0.018433 0.629898
vt 0.949202 0.100145
vt 0.927289 0.058243
vt 0.949202 0.055168
vt 0.934488 0.000364
vt 0.000176 0.542742
vt 0.917271 0.574579
vt 0.895665 0.569745
vt 0.917271 0.527216
vt 0.949202 0.433239
vt 0.927308 0.430065
vt 0.942245 0.375191
vt 0.927308 0.474601
vt 0.895801 0.619739
vt 0.355413 0.078183
vt 0.367199 0.078390
vt 0.367004 0.091397
vt 0.355413 0.091437
vt 0.834543 0.088846
vt 0.821734 0.091437
vt 0.821734 0.057045
vt 0.806967 0.670169
vt 0.794129 0.673440
vt 0.794129 0.645320
vt 0.538771 0.908705
vt 0.551524 0.940515
vt 0.538771 0.943396
vt 0.248186 0.412192
vt 0.235478 0.409321
vt 0.248186 0.379966
vt 0.592162 0.466529
vt 0.581069 0.513788
vt 0.589163 0.468137
vt 0.026770 0.923077
vt 0.026770 0.877092
vt 0.049347 0.880418
vt 0.023222 0.885303
vt 0.021361 0.931785
vt 0.000955 0.889734
vt 0.769231 0.106981
vt 0.769231 0.153846
vt 0.746841 0.110647
vt 0.755689 0.051383
vt 0.000955 0.830450
vt 0.581069 0.409891
vt 0.040633 0.821012
vt 0.404935 0.201679
vt 0.404935 0.214680
vt 0.392092 0.214804
vt 0.392101 0.202042
vt 0.216746 0.704220
vt 0.229318 0.673030
vt 0.229318 0.706822
vt 0.033452 0.362845
vt 0.040341 0.329742
vt 0.046444 0.362845
vt 0.000386 0.600593
vt 0.013062 0.632170
vt 0.000386 0.634253
vt 0.302477 0.574746
vt 0.302477 0.541162
vt 0.314949 0.571954
vt 0.226415 0.354930
vt 0.224293 0.355588
vt 0.224293 0.338017
vt 0.226415 0.338712
vt 0.197388 0.381222
vt 0.195051 0.381713
vt 0.195051 0.363389
vt 0.197388 0.364078
vt 0.000604 0.489408
vt 0.015965 0.489135
vt 0.015965 0.506259
vt 0.000604 0.506531
vt 0.078100 0.436601
vt 0.079826 0.435968
vt 0.079826 0.454282
vt 0.078100 0.453736
vt 0.203557 0.030954
vt 0.220610 0.031023
vt 0.220610 0.049347
vt 0.203557 0.049277
vt 0.039935 0.374995
vt 0.042090 0.374299
vt 0.042090 0.391872
vt 0.039935 0.391215
vt 0.371553 0.916697
vt 0.349253 0.912455
vt 0.371553 0.857429
vt 0.231998 0.768631
vt 0.245283 0.825389
vt 0.222734 0.827957
vt 0.838897 0.909828
vt 0.816752 0.914835
vt 0.816752 0.861122
vt 0.815675 0.107602
vt 0.793126 0.105011
vt 0.806412 0.048392
vt 0.837951 0.957910
vt 0.793126 0.150943
vt 0.352809 0.949202
vt 0.245283 0.870827
vt 0.008708 0.019577
vt 0.006314 0.020319
vt 0.006314 0.000495
vt 0.008708 0.001279
vt 0.267054 0.243278
vt 0.264417 0.243832
vt 0.264417 0.223158
vt 0.267054 0.223936
vt 0.277299 0.395775
vt 0.294630 0.395468
vt 0.294630 0.414787
vt 0.277299 0.415094
vt 0.043045 0.268876
vt 0.044993 0.268162
vt 0.044993 0.288824
vt 0.043045 0.288209
vt 0.194114 0.160671
vt 0.213353 0.160749
vt 0.213353 0.181422
vt 0.194114 0.181344
vt 0.064332 0.351060
vt 0.066763 0.350275
vt 0.066763 0.370102
vt 0.064332 0.369360
vt 0.440328 0.088597
vt 0.452830 0.088837
vt 0.452784 0.101596
vt 0.440380 0.101596
vt 0.670537 0.630227
vt 0.657967 0.632801
vt 0.657967 0.599031
vt 0.914369 0.101596
vt 0.901375 0.101596
vt 0.907901 0.071202
vt 0.606676 0.073755
vt 0.606676 0.107402
vt 0.594003 0.105337
vt 0.300436 0.574746
vt 0.287952 0.572014
vt 0.300436 0.541135
vt 0.148021 0.158867
vt 0.145601 0.159652
vt 0.145601 0.138241
vt 0.148041 0.139006
vt 0.040639 0.301325
vt 0.037963 0.301887
vt 0.037963 0.280906
vt 0.040639 0.281695
vt 0.258315 0.029741
vt 0.277213 0.029416
vt 0.277213 0.049022
vt 0.258315 0.049347
vt 0.263626 0.065387
vt 0.265602 0.064662
vt 0.265602 0.085631
vt 0.263626 0.085007
vt 0.265079 0.124072
vt 0.285922 0.124158
vt 0.285922 0.145138
vt 0.265079 0.145052
vt 0.133952 0.199962
vt 0.136430 0.199197
vt 0.136430 0.220610
vt 0.133972 0.219826
vt 0.132075 0.202821
vt 0.107719 0.200023
vt 0.119984 0.129659
vt 0.107719 0.249637
vt 0.092888 0.399819
vt 0.068696 0.395828
vt 0.092888 0.326501
vt 0.073505 0.435414
vt 0.873730 0.490566
vt 0.849374 0.444260
vt 0.873730 0.441486
vt 0.861466 0.371005
vt 0.905660 0.183244
vt 0.881583 0.187904
vt 0.881583 0.120600
vt 0.903018 0.235123
vt 0.473099 0.105951
vt 0.473422 0.088412
vt 0.490566 0.088472
vt 0.490566 0.105879
vt 0.915820 0.332776
vt 0.897978 0.335269
vt 0.897978 0.282396
vt 0.802612 0.481858
vt 0.785154 0.481858
vt 0.793692 0.432948
vt 0.912814 0.184110
vt 0.930334 0.233769
vt 0.912814 0.238026
vt 0.946299 0.115141
vt 0.929300 0.117562
vt 0.929300 0.064601
vt 0.383724 0.000063
vt 0.396226 0.000303
vt 0.396180 0.013062
vt 0.383776 0.013062
vt 0.277213 0.570392
vt 0.264592 0.568082
vt 0.277213 0.536759
vt 0.878084 0.030479
vt 0.865090 0.030479
vt 0.871617 0.000085
vt 0.316794 0.232393
vt 0.322206 0.265602
vt 0.309366 0.265602
vt 0.587808 0.185777
vt 0.575325 0.183045
vt 0.587808 0.152166
vt 0.566959 0.909553
vt 0.589260 0.913794
vt 0.570515 0.946299
vt 0.920174 0.320755
vt 0.897579 0.277909
vt 0.920174 0.274744
vt 0.245835 0.359253
vt 0.248834 0.360878
vt 0.256894 0.406386
vt 0.771074 0.774620
vt 0.793904 0.778286
vt 0.771074 0.821480
vt 0.589260 0.854526
vt 0.785026 0.719018
vt 0.256894 0.307303
vt 0.906778 0.218572
vt 0.751367 0.007019
vt 0.754656 0.017418
vt 0.742470 0.010737
vt 0.746757 0.020723
vt 0.759186 0.047177
vt 0.762840 0.014910
vt 0.769905 0.043304
vt 0.764450 0.044976
vt 0.745275 0.756900
vt 0.745160 0.762572
vt 0.733945 0.756915
vt 0.745122 0.768307
vt 0.733792 0.768321
vt 0.733831 0.762587
vt 0.773436 0.713614
vt 0.774871 0.684372
vt 0.779147 0.714176
vt 0.783441 0.685217
vt 0.745465 0.751341
vt 0.784778 0.715296
vt 0.734136 0.751355
vt 0.754158 0.049888
vt 0.739218 0.024789
vt 0.732106 0.029580
vt 0.749419 0.053085
vt 0.745729 0.745950
vt 0.745013 0.056731
vt 0.734400 0.745964
vt 0.746064 0.740781
vt 0.795575 0.719162
vt 0.790272 0.716965
vt 0.800127 0.689396
vt 0.734735 0.740796
vt 0.735138 0.735898
vt 0.800636 0.721871
vt 0.815677 0.696757
vt 0.808082 0.692695
vt 0.812931 0.682693
vt 0.803972 0.678981
vt 0.261550 0.207803
vt 0.261070 0.207424
vt 0.261734 0.198973
vt 0.256784 0.207938
vt 0.261472 0.216981
vt 0.794695 0.676167
vt 0.785185 0.674272
vt 0.791884 0.686897
vt 0.261499 0.226424
vt 0.256706 0.217117
vt 0.733980 0.015319
vt 0.725976 0.020714
vt 0.256733 0.226559
vt 0.775535 0.673323
vt 0.261632 0.236039
vt 0.261135 0.235511
vt 0.654572 0.593540
vt 0.654572 0.631350
vt 0.654099 0.631075
vt 0.470811 0.396226
vt 0.470811 0.360799
vt 0.474601 0.396084
vt 0.257347 0.235618
vt 0.261143 0.236053
vt 0.645284 0.627038
vt 0.261380 0.245745
vt 0.641677 0.625799
vt 0.261869 0.245732
vt 0.261514 0.249553
vt 0.765839 0.673323
vt 0.766259 0.684372
vt 0.262208 0.255410
vt 0.756190 0.674275
vt 0.767696 0.713614
vt 0.757688 0.685218
vt 0.761983 0.714178
vt 0.749243 0.686900
vt 0.746679 0.676167
vt 0.756355 0.715298
vt 0.737401 0.678986
vt 0.263179 0.274354
vt 0.258413 0.274490
vt 0.262646 0.264982
vt 0.257880 0.265118
vt 0.262114 0.264046
vt 0.258326 0.264154
vt 0.557996 0.359942
vt 0.557996 0.323085
vt 0.561684 0.359618
vt 0.636115 0.623887
vt 0.627616 0.621870
vt 0.561684 0.322762
vt 0.261719 0.255424
vt 0.222061 0.568941
vt 0.214545 0.564609
vt 0.222061 0.529945
vt 0.209220 0.562204
vt 0.205767 0.560644
vt 0.474601 0.360657
vt 0.196107 0.557442
vt 0.196637 0.557565
vt 0.257354 0.236161
vt 0.256866 0.236175
vt 0.257103 0.245867
vt 0.257592 0.245853
vt 0.760579 0.004195
vt 0.770022 0.002296
vt 0.771228 0.013223
vt 0.257725 0.249661
vt 0.257442 0.255545
vt 0.775496 0.042179
vt 0.779738 0.012373
vt 0.781166 0.041612
vt 0.745160 0.774046
vt 0.733946 0.779749
vt 0.733831 0.774061
vt 0.745275 0.779734
vt 0.786868 0.041607
vt 0.745465 0.785320
vt 0.796799 0.013202
vt 0.788286 0.012366
vt 0.734136 0.785335
vt 0.745729 0.790748
vt 0.792542 0.042167
vt 0.746064 0.795963
vt 0.734735 0.795978
vt 0.798132 0.043283
vt 0.734400 0.790762
vt 0.740495 0.721872
vt 0.733047 0.692698
vt 0.745557 0.719165
vt 0.750861 0.716965
vt 0.725454 0.696762
vt 0.719893 0.687271
vt 0.728445 0.682698
vt 0.741005 0.689401
vt 0.263801 0.283435
vt 0.264507 0.292140
vt 0.263613 0.287155
vt 0.264018 0.292154
vt 0.264801 0.300396
vt 0.711832 0.692664
vt 0.265290 0.300382
vt 0.704335 0.698819
vt 0.718294 0.701549
vt 0.266141 0.308088
vt 0.265653 0.308102
vt 0.866640 0.250204
vt 0.857821 0.246165
vt 0.879536 0.136654
vt 0.848649 0.243012
vt 0.266565 0.315190
vt 0.839211 0.240775
vt 0.039081 0.328755
vt 0.041631 0.321556
vt 0.039557 0.328792
vt 0.267054 0.315176
vt 0.705551 0.713111
vt 0.697478 0.705680
vt 0.711636 0.707018
vt 0.691329 0.713181
vt 0.041155 0.321519
vt 0.727227 0.732769
vt 0.700088 0.719769
vt 0.723586 0.737212
vt 0.695303 0.726936
vt 0.685943 0.721251
vt 0.681371 0.729808
vt 0.043095 0.313686
vt 0.044882 0.305336
vt 0.043571 0.313723
vt 0.819901 0.239117
vt 0.829596 0.239474
vt 0.045358 0.305373
vt 0.046285 0.300326
vt 0.814340 0.239461
vt 0.049976 0.300612
vt 0.052914 0.406100
vt 0.051139 0.296906
vt 0.046497 0.296547
vt 0.052568 0.287765
vt 0.047926 0.287405
vt 0.674849 0.748056
vt 0.677662 0.738773
vt 0.687947 0.742496
vt 0.691244 0.734537
vt 0.717692 0.747052
vt 0.806273 0.740688
vt 0.795141 0.745803
vt 0.794895 0.740664
vt 0.715497 0.752358
vt 0.805977 0.735826
vt 0.794598 0.735802
vt 0.720399 0.741987
vt 0.805634 0.731287
vt 0.794255 0.731263
vt 0.818623 0.053033
vt 0.842535 0.034965
vt 0.823027 0.056674
vt 0.835922 0.029502
vt 0.805247 0.727112
vt 0.793868 0.727087
vt 0.813881 0.049844
vt 0.834866 0.015241
vt 0.828811 0.024724
vt 0.842872 0.020626
vt 0.821272 0.020667
vt 0.826373 0.010674
vt 0.261375 0.308223
vt 0.262777 0.315298
vt 0.262288 0.315312
vt 0.261864 0.308209
vt 0.817474 0.006969
vt 0.261012 0.300504
vt 0.260524 0.300518
vt 0.260230 0.292261
vt 0.259741 0.292275
vt 0.813369 0.017374
vt 0.808259 0.004158
vt 0.805185 0.014879
vt 0.808852 0.047140
vt 0.803586 0.044948
vt 0.746467 0.800916
vt 0.746934 0.805560
vt 0.735138 0.800930
vt 0.735604 0.805575
vt 0.747460 0.809855
vt 0.731288 0.728707
vt 0.735724 0.725065
vt 0.736131 0.809869
vt 0.798815 0.002273
vt 0.259035 0.283570
vt 0.259825 0.287263
vt 0.789235 0.001330
vt 0.256706 0.394775
vt 0.369366 0.931785
vt 0.402358 0.815065
vt 0.374569 0.929911
vt 0.260494 0.394667
vt 0.436865 0.931785
vt 0.431638 0.929911
vt 0.056604 0.406386
vt 0.412713 0.926136
vt 0.403076 0.925659
vt 0.422265 0.927559
vt 0.383911 0.927559
vt 0.393445 0.926136
vt 0.049048 0.305659
vt 0.049524 0.305696
vt 0.047261 0.314008
vt 0.047737 0.314045
vt 0.857127 0.033633
vt 0.848583 0.041054
vt 0.850316 0.026778
vt 0.863237 0.041129
vt 0.854011 0.047709
vt 0.830676 0.065168
vt 0.827060 0.060730
vt 0.833845 0.069942
vt 0.858762 0.054874
vt 0.806854 0.756737
vt 0.795475 0.756712
vt 0.806714 0.751194
vt 0.836533 0.075007
vt 0.862793 0.062468
vt 0.806520 0.745827
vt 0.795335 0.751170
vt 0.795560 0.762373
vt 0.712710 0.763491
vt 0.712148 0.769206
vt 0.682926 0.767770
vt 0.713829 0.757856
vt 0.683771 0.759194
vt 0.712148 0.774950
vt 0.682926 0.776388
vt 0.672008 0.776932
vt 0.672008 0.767230
vt 0.051535 0.249084
vt 0.052011 0.249121
vt 0.050969 0.258742
vt 0.672959 0.786587
vt 0.051445 0.258779
vt 0.050649 0.268447
vt 0.050173 0.268410
vt 0.180198 0.151542
vt 0.194485 0.187228
vt 0.189891 0.186548
vt 0.050162 0.273034
vt 0.180201 0.186072
vt 0.478955 0.131336
vt 0.478955 0.166909
vt 0.475169 0.131168
vt 0.318435 0.477504
vt 0.318435 0.441876
vt 0.322206 0.441665
vt 0.475169 0.166740
vt 0.170510 0.186548
vt 0.165917 0.187228
vt 0.322206 0.477292
vt 0.333817 0.656023
vt 0.329816 0.653667
vt 0.333817 0.617745
vt 0.055702 0.249407
vt 0.055861 0.244834
vt 0.056178 0.249444
vt 0.052171 0.244548
vt 0.056510 0.239887
vt 0.055611 0.259102
vt 0.881491 0.085504
vt 0.870222 0.087122
vt 0.879611 0.075990
vt 0.882438 0.095160
vt 0.871061 0.095698
vt 0.871063 0.104312
vt 0.842046 0.102898
vt 0.842044 0.097153
vt 0.882438 0.104863
vt 0.870229 0.112890
vt 0.051868 0.239528
vt 0.056604 0.230527
vt 0.051961 0.230167
vt 0.056459 0.221453
vt 0.881498 0.114518
vt 0.681376 0.814352
vt 0.677666 0.805390
vt 0.687952 0.801659
vt 0.685453 0.793416
vt 0.051817 0.221093
vt 0.674849 0.796105
vt 0.715497 0.791796
vt 0.713831 0.786298
vt 0.683771 0.784965
vt 0.806854 0.779566
vt 0.795335 0.785143
vt 0.795475 0.779542
vt 0.795560 0.773845
vt 0.712711 0.780666
vt 0.806938 0.773870
vt 0.806967 0.768128
vt 0.795588 0.768103
vt 0.841484 0.091439
vt 0.840371 0.085806
vt 0.838715 0.080310
vt 0.866068 0.070426
vt 0.868553 0.078671
vt 0.806938 0.762398
vt 0.876814 0.066708
vt 0.053798 0.278355
vt 0.053852 0.273320
vt 0.054815 0.268769
vt 0.054339 0.268732
vt 0.873128 0.057745
vt 0.055135 0.259065
vt 0.307369 0.645267
vt 0.311874 0.646370
vt 0.321022 0.649579
vt 0.868586 0.049191
vt 0.049156 0.277996
vt 0.672956 0.757573
vt 0.685450 0.750745
vt 0.806714 0.785168
vt 0.691246 0.809623
vt 0.717695 0.797104
vt 0.795141 0.790592
vt 0.806520 0.790617
vt 0.806273 0.795860
vt 0.794895 0.795835
vt 0.720401 0.802169
vt 0.840377 0.114250
vt 0.841487 0.108617
vt 0.794598 0.800822
vt 0.805977 0.800846
vt 0.838722 0.119747
vt 0.866080 0.129590
vt 0.868560 0.121342
vt 0.879622 0.124036
vt 0.836543 0.125054
vt 0.862808 0.137555
vt 0.876827 0.133323
vt 0.858778 0.145155
vt 0.833857 0.130124
vt 0.873145 0.142292
vt 0.805634 0.805531
vt 0.805247 0.809869
vt 0.793868 0.809845
vt 0.804305 0.866416
vt 0.815675 0.866431
vt 0.815260 0.870734
vt 0.854032 0.152322
vt 0.830689 0.134903
vt 0.848607 0.158989
vt 0.863261 0.158923
vt 0.868609 0.150852
vt 0.390180 0.097021
vt 0.383327 0.094622
vt 0.390250 0.096539
vt 0.397794 0.098445
vt 0.397724 0.098927
vt 0.857152 0.166427
vt 0.383257 0.095104
vt 0.833505 0.272686
vt 0.842643 0.269468
vt 0.867924 0.377358
vt 0.054141 0.196752
vt 0.053078 0.189651
vt 0.053554 0.189687
vt 0.824102 0.274994
vt 0.859780 0.260437
vt 0.867262 0.254966
vt 0.867924 0.254769
vt 0.604454 0.499262
vt 0.608128 0.498811
vt 0.604454 0.609579
vt 0.851429 0.265370
vt 0.300948 0.092936
vt 0.301493 0.089199
vt 0.406807 0.100521
vt 0.803820 0.276748
vt 0.804864 0.276804
vt 0.814523 0.276369
vt 0.608128 0.609128
vt 0.055601 0.212712
vt 0.054985 0.204466
vt 0.055461 0.204503
vt 0.397105 0.801746
vt 0.397769 0.801553
vt 0.462990 0.905660
vt 0.300435 0.183435
vt 0.300435 0.187228
vt 0.299936 0.183387
vt 0.052276 0.220743
vt 0.055966 0.221029
vt 0.299936 0.187180
vt 0.407021 0.802125
vt 0.051911 0.212426
vt 0.051435 0.212390
vt 0.691335 0.830976
vt 0.685946 0.822909
vt 0.695307 0.817221
vt 0.050818 0.204143
vt 0.051294 0.204180
vt 0.416716 0.801770
vt 0.426330 0.800470
vt 0.049975 0.196430
vt 0.050451 0.196466
vt 0.435767 0.798233
vt 0.049388 0.189365
vt 0.444939 0.795081
vt 0.383872 0.090885
vt 0.383942 0.090403
vt 0.390795 0.092802
vt 0.048912 0.189328
vt 0.711645 0.837138
vt 0.711837 0.851493
vt 0.704341 0.845340
vt 0.705556 0.831048
vt 0.390865 0.092320
vt 0.697486 0.838479
vt 0.718299 0.842604
vt 0.719902 0.856883
vt 0.398409 0.094226
vt 0.398339 0.094708
vt 0.725461 0.847393
vt 0.728453 0.861458
vt 0.406496 0.096104
vt 0.453758 0.791043
vt 0.406426 0.096586
vt 0.462140 0.786163
vt 0.407351 0.096784
vt 0.462990 0.785549
vt 0.415053 0.097934
vt 0.414368 0.102635
vt 0.423309 0.104401
vt 0.746688 0.867984
vt 0.737411 0.865170
vt 0.741010 0.854753
vt 0.423994 0.099699
vt 0.733056 0.851454
vt 0.745562 0.824988
vt 0.802939 0.885553
vt 0.803204 0.880332
vt 0.814574 0.880347
vt 0.750865 0.827185
vt 0.740501 0.822279
vt 0.803522 0.875372
vt 0.818641 0.147055
vt 0.823047 0.143409
vt 0.835954 0.170560
vt 0.814309 0.885568
vt 0.814892 0.875387
vt 0.827075 0.139343
vt 0.842561 0.165087
vt 0.828842 0.175351
vt 0.813902 0.150252
vt 0.842903 0.179455
vt 0.850345 0.173295
vt 0.821303 0.179418
vt 0.834899 0.184850
vt 0.813404 0.182722
vt 0.826409 0.189432
vt 0.808874 0.152963
vt 0.803609 0.155164
vt 0.802581 0.896574
vt 0.813951 0.896589
vt 0.813860 0.902278
vt 0.802731 0.890985
vt 0.814101 0.890999
vt 0.756359 0.828853
vt 0.761991 0.829973
vt 0.757696 0.858932
vt 0.749253 0.857252
vt 0.756198 0.869879
vt 0.765849 0.870827
vt 0.766266 0.859777
vt 0.774878 0.859777
vt 0.775544 0.870827
vt 0.773441 0.830535
vt 0.767701 0.830536
vt 0.785193 0.869875
vt 0.461865 0.105791
vt 0.461795 0.106273
vt 0.452265 0.104445
vt 0.442692 0.102971
vt 0.448428 0.104347
vt 0.452194 0.104927
vt 0.346880 0.215420
vt 0.334331 0.251089
vt 0.346342 0.215523
vt 0.336687 0.216406
vt 0.462333 0.106341
vt 0.461788 0.110078
vt 0.470718 0.111699
vt 0.471403 0.106998
vt 0.433076 0.872117
vt 0.436865 0.872279
vt 0.433076 0.906950
vt 0.436865 0.907112
vt 0.590711 0.114659
vt 0.564830 0.087239
vt 0.565358 0.087113
vt 0.461250 0.110010
vt 0.461180 0.110492
vt 0.451579 0.109146
vt 0.798856 0.197873
vt 0.796832 0.186918
vt 0.808299 0.195974
vt 0.788322 0.187768
vt 0.789274 0.198834
vt 0.786893 0.158528
vt 0.779773 0.187774
vt 0.781192 0.158533
vt 0.771261 0.186939
vt 0.814309 0.930365
vt 0.802939 0.930350
vt 0.814101 0.924978
vt 0.802731 0.924964
vt 0.775518 0.157973
vt 0.802581 0.919407
vt 0.813951 0.919422
vt 0.790276 0.827184
vt 0.795580 0.824984
vt 0.808091 0.851452
vt 0.800132 0.854748
vt 0.791895 0.857249
vt 0.784782 0.828851
vt 0.803983 0.865164
vt 0.794704 0.867984
vt 0.783449 0.858932
vt 0.812939 0.861453
vt 0.480783 0.108052
vt 0.480098 0.112753
vt 0.489230 0.113646
vt 0.489915 0.108945
vt 0.779644 0.198839
vt 0.770064 0.197896
vt 0.498029 0.114368
vt 0.493046 0.113471
vt 0.493591 0.109734
vt 0.760619 0.196011
vt 0.762875 0.185261
vt 0.769927 0.156858
vt 0.754691 0.182767
vt 0.814892 0.940417
vt 0.803522 0.940403
vt 0.814574 0.935527
vt 0.803204 0.935513
vt 0.764473 0.155193
vt 0.800642 0.822277
vt 0.805413 0.819084
vt 0.822843 0.842600
vt 0.815683 0.847388
vt 0.821490 0.856879
vt 0.829552 0.851486
vt 0.837049 0.845331
vt 0.514974 0.110574
vt 0.514903 0.111056
vt 0.507092 0.110211
vt 0.507022 0.110693
vt 0.498644 0.110149
vt 0.498714 0.109667
vt 0.522206 0.111232
vt 0.873730 0.744557
vt 0.833420 0.640446
vt 0.842854 0.638197
vt 0.823809 0.641758
vt 0.597426 0.133096
vt 0.596882 0.136833
vt 0.873730 0.622822
vt 0.869218 0.626090
vt 0.403820 0.115052
vt 0.403258 0.118803
vt 0.297927 0.093491
vt 0.860840 0.630981
vt 0.808559 0.641789
vt 0.814117 0.642126
vt 0.852023 0.635031
vt 0.297365 0.097243
vt 0.390653 0.113858
vt 0.382979 0.113313
vt 0.383051 0.112829
vt 0.375909 0.112931
vt 0.375981 0.112448
vt 0.841049 0.824380
vt 0.850055 0.830970
vt 0.835587 0.831038
vt 0.843905 0.838471
vt 0.855441 0.822900
vt 0.390726 0.113374
vt 0.829501 0.837131
vt 0.522276 0.110750
vt 0.809849 0.815442
vt 0.813910 0.811380
vt 0.803890 0.944975
vt 0.815260 0.944989
vt 0.804305 0.949187
vt 0.746788 0.179474
vt 0.759208 0.153000
vt 0.754178 0.150296
vt 0.815675 0.949202
vt 0.664980 0.777939
vt 0.653877 0.777862
vt 0.654801 0.773501
vt 0.732138 0.170638
vt 0.749437 0.147107
vt 0.739249 0.175417
vt 0.725525 0.165175
vt 0.726007 0.179543
vt 0.734013 0.184929
vt 0.719477 0.159086
vt 0.741000 0.139410
vt 0.718563 0.173391
vt 0.745033 0.143467
vt 0.390020 0.118093
vt 0.382345 0.117548
vt 0.390092 0.117609
vt 0.398291 0.118312
vt 0.398219 0.118796
vt 0.711751 0.166536
vt 0.705642 0.159040
vt 0.714049 0.152431
vt 0.406869 0.119650
vt 0.709298 0.145267
vt 0.734215 0.130198
vt 0.737384 0.134973
vt 0.656915 0.758536
vt 0.668018 0.758613
vt 0.667431 0.763870
vt 0.668482 0.753153
vt 0.657379 0.753076
vt 0.656327 0.763793
vt 0.668816 0.747543
vt 0.827308 0.786294
vt 0.828427 0.780658
vt 0.857366 0.784956
vt 0.855687 0.793404
vt 0.853190 0.801653
vt 0.825641 0.791791
vt 0.868428 0.786578
vt 0.866535 0.796095
vt 0.869376 0.776921
vt 0.435368 0.118314
vt 0.430757 0.118198
vt 0.425883 0.117060
vt 0.425177 0.121779
vt 0.416588 0.115929
vt 0.430195 0.121949
vt 0.465024 0.384415
vt 0.465024 0.348519
vt 0.468795 0.384615
vt 0.052250 0.608128
vt 0.048238 0.605789
vt 0.052250 0.569689
vt 0.435296 0.118798
vt 0.039418 0.601745
vt 0.444950 0.119678
vt 0.444877 0.120162
vt 0.454537 0.121140
vt 0.869376 0.767219
vt 0.858211 0.776380
vt 0.858211 0.767762
vt 0.868425 0.757563
vt 0.828989 0.774944
vt 0.828989 0.769200
vt 0.669086 0.736100
vt 0.669018 0.741843
vt 0.657982 0.736023
vt 0.657914 0.741766
vt 0.657914 0.730296
vt 0.726576 0.108701
vt 0.727689 0.114334
vt 0.697837 0.113018
vt 0.699507 0.121469
vt 0.729345 0.119830
vt 0.701992 0.129714
vt 0.692065 0.133462
vt 0.695750 0.142424
vt 0.705267 0.137673
vt 0.731527 0.125133
vt 0.657713 0.747467
vt 0.700293 0.150978
vt 0.415882 0.120648
vt 0.689268 0.124179
vt 0.444244 0.124397
vt 0.434662 0.123033
vt 0.444316 0.123913
vt 0.434735 0.122549
vt 0.453073 0.340146
vt 0.453213 0.374456
vt 0.443386 0.339673
vt 0.462756 0.339673
vt 0.453904 0.125375
vt 0.438793 0.338998
vt 0.458452 0.126114
vt 0.453831 0.125859
vt 0.687388 0.114665
vt 0.463335 0.127404
vt 0.696999 0.104443
vt 0.686440 0.105009
vt 0.726016 0.102987
vt 0.696997 0.095828
vt 0.726014 0.097242
vt 0.668482 0.719185
vt 0.668816 0.724718
vt 0.657713 0.724641
vt 0.657379 0.719108
vt 0.855685 0.750733
vt 0.857366 0.759185
vt 0.827306 0.757851
vt 0.828426 0.763483
vt 0.825640 0.752353
vt 0.669018 0.730373
vt 0.853186 0.742490
vt 0.863717 0.738761
vt 0.866534 0.748046
vt 0.473365 0.124298
vt 0.482420 0.125965
vt 0.472659 0.129017
vt 0.860008 0.729799
vt 0.464041 0.122685
vt 0.481714 0.130683
vt 0.687381 0.085651
vt 0.697831 0.087250
vt 0.686440 0.095306
vt 0.699499 0.078799
vt 0.727683 0.085890
vt 0.726573 0.091524
vt 0.656915 0.713753
vt 0.668018 0.713830
vt 0.667431 0.708707
vt 0.656327 0.708630
vt 0.817546 0.737206
vt 0.841046 0.719764
vt 0.820737 0.741980
vt 0.845830 0.726929
vt 0.849892 0.734526
vt 0.666723 0.703864
vt 0.655620 0.703787
vt 0.823442 0.747045
vt 0.654801 0.699270
vt 0.729338 0.080393
vt 0.701980 0.070550
vt 0.731517 0.075086
vt 0.705252 0.062585
vt 0.692052 0.066847
vt 0.689257 0.076134
vt 0.498751 0.133627
vt 0.490416 0.132387
vt 0.490488 0.131903
vt 0.498678 0.134111
vt 0.489547 0.131719
vt 0.593888 0.137393
vt 0.593326 0.141144
vt 0.465561 0.908563
vt 0.465561 0.788849
vt 0.466408 0.907944
vt 0.490108 0.127968
vt 0.891147 0.889695
vt 0.890297 0.889080
vt 0.891147 0.769540
vt 0.491049 0.128152
vt 0.491122 0.127668
vt 0.499384 0.129392
vt 0.850049 0.713175
vt 0.855438 0.721241
vt 0.499312 0.129876
vt 0.843898 0.705672
vt 0.507059 0.131604
vt 0.507131 0.131120
vt 0.881918 0.884189
vt 0.873102 0.880139
vt 0.863934 0.876975
vt 0.514211 0.133319
vt 0.514284 0.132835
vt 0.262894 0.175419
vt 0.262410 0.182702
vt 0.262406 0.175433
vt 0.854500 0.874727
vt 0.261921 0.182716
vt 0.829547 0.692657
vt 0.829492 0.707012
vt 0.822838 0.701545
vt 0.821482 0.687268
vt 0.262022 0.190581
vt 0.837042 0.698811
vt 0.809847 0.728703
vt 0.835581 0.713101
vt 0.813907 0.732767
vt 0.664980 0.695195
vt 0.665904 0.699346
vt 0.747460 0.727082
vt 0.735604 0.731318
vt 0.736131 0.727097
vt 0.805408 0.725059
vt 0.653877 0.695118
vt 0.746934 0.731303
vt 0.737370 0.065237
vt 0.734203 0.070016
vt 0.714028 0.047818
vt 0.709282 0.054985
vt 0.719453 0.041151
vt 0.705618 0.041246
vt 0.700269 0.049317
vt 0.258617 0.175541
vt 0.257644 0.182838
vt 0.258128 0.175555
vt 0.513650 0.137070
vt 0.513578 0.137554
vt 0.506425 0.135839
vt 0.695733 0.057878
vt 0.506498 0.135355
vt 0.483545 0.898914
vt 0.474758 0.903012
vt 0.492683 0.895696
vt 0.502086 0.893389
vt 0.258132 0.182824
vt 0.511665 0.892014
vt 0.257745 0.190703
vt 0.257457 0.199095
vt 0.256968 0.199109
vt 0.521324 0.891580
vt 0.257256 0.190717
vt 0.718533 0.026874
vt 0.257281 0.207532
vt 0.725499 0.035053
vt 0.711727 0.033742
vt 0.531205 0.891876
vt 0.530542 0.892074
vt 0.018383 0.262632
vt 0.018868 0.258923
vt 0.018868 0.262700
vt 0.612482 0.074113
vt 0.612482 0.181422
vt 0.608699 0.073883
vt 0.018383 0.258856
vt 0.608699 0.181192
vt 0.825950 0.873610
vt 0.825285 0.873417
vt 0.740985 0.060797
vt 0.746467 0.735884
vt 0.261533 0.190595
vt 0.844889 0.873415
vt 0.835198 0.873048
vt 0.261245 0.198987
vt 0.459013 0.122363
vt 0.030245 0.598586
vt 0.025728 0.597510
vt 0.469363 0.166909
vt 0.473149 0.130842
vt 0.473149 0.166751
vt 0.454465 0.121623
vt 0.469363 0.131000
vt 0.467344 0.338998
vt 0.468795 0.348719
vt 0.863722 0.805378
vt 0.407575 0.114932
vt 0.398925 0.114077
vt 0.849893 0.809613
vt 0.860013 0.814343
vt 0.398853 0.114561
vt 0.845835 0.817213
vt 0.817552 0.806938
vt 0.820738 0.802162
vt 0.823445 0.797098
vt 0.666723 0.768873
vt 0.665904 0.773578
vt 0.655619 0.768797
vt 0.247317 0.899855
vt 0.251798 0.781420
vt 0.260120 0.786333
vt 0.247317 0.778141
vt 0.382418 0.117064
vt 0.268877 0.790406
vt 0.277983 0.793595
vt 0.375275 0.117166
vt 0.375348 0.116683
vt 0.521662 0.114969
vt 0.514288 0.115275
vt 0.514359 0.114793
vt 0.287354 0.795868
vt 0.521591 0.115451
vt 0.742506 0.189495
vt 0.506477 0.114430
vt 0.506407 0.114913
vt 0.751405 0.193200
vt 0.498099 0.113886
vt 0.296900 0.797206
vt 0.306526 0.797600
vt 0.312046 0.797277
vt 0.779154 0.829972
vt 0.802490 0.913737
vt 0.813860 0.913752
vt 0.802460 0.908004
vt 0.792564 0.157961
vt 0.798155 0.156836
vt 0.813830 0.908019
vt 0.805220 0.185230
vt 0.817512 0.193150
vt 0.432552 0.106085
vt 0.433561 0.105761
vt 0.442006 0.107672
vt 0.447884 0.108084
vt 0.442077 0.107190
vt 0.453503 0.127555
vt 0.457184 0.164006
vt 0.453503 0.163623
vt 0.590711 0.075554
vt 0.583216 0.079943
vt 0.434105 0.102024
vt 0.457184 0.127937
vt 0.433237 0.101384
vt 0.318306 0.215420
vt 0.326992 0.216337
vt 0.442621 0.103453
vt 0.332873 0.216379
vt 0.577906 0.082386
vt 0.574463 0.083971
vt 0.451650 0.108664
vt 0.802490 0.902264
vt 0.405881 0.100323
vt 0.405811 0.100805
vt 0.803890 0.870720
vt 0.735730 0.819090
vt 0.731290 0.815446
vt 0.727231 0.811383
vt 0.700091 0.824386
vt 0.723591 0.806943
vt 0.794255 0.805506
vt 0.056077 0.212749
vt 0.054617 0.196789
vt 0.045798 0.321879
vt 0.045322 0.321842
vt 0.043248 0.329078
vt 0.043724 0.329115
vt 0.879536 0.258345
vt 0.875022 0.255084
vt 0.779605 0.001336
vt 0.257931 0.255532
s 0
usemtl Skin
f 2/1/1 4/2/1 1/3/1
f 2/4/2 1/5/2 3/6/2
f 5/7/3 3/8/3 1/9/3
f 4/10/4 5/11/4 1/12/4
f 5/7/5 6/13/5 7/14/5 3/8/5
f 5/11/6 4/10/6 8/15/6 6/16/6
f 6/13/7 9/17/7 10/18/7 7/14/7
f 9/19/8 6/16/8 8/15/8 11/20/8
f 12/21/9 10/22/9 9/23/9 11/24/9
f 12/25/10 11/26/10 8/27/10 13/28/10
f 10/29/11 12/30/11 13/31/11 7/32/11
f 3/6/12 7/32/12 13/31/12 2/4/12
f 74/33/13 125/34/13 124/35/13 123/36/13 122/37/13 116/38/13 117/39/13 118/40/13 119/41/13 120/42/13 121/43/13 110/44/13 109/45/13 108/46/13 107/47/13 102/48/13 2/1/13 13/28/13 8/27/13 14/49/13 16/50/13 22/51/13 20/52/13 25/53/13 23/54/13 157/55/13 156/56/13 155/57/13 154/58/13 153/59/13 151/60/13 141/61/13 140/62/13 139/63/13 138/64/13 137/65/13 136/66/13 158/67/13 159/68/13 65/69/13 62/70/13 161/71/13 162/72/13 164/73/13 169/74/13 170/75/13 171/76/13 172/77/13 173/78/13 174/79/13 176/80/13 163/81/13
f 95/82/14 94/83/14 93/84/14 126/85/14 127/86/14 128/87/14 129/88/14 130/89/14 131/90/14 148/91/14 147/92/14 146/93/14 145/94/14 149/95/14 150/96/14 29/97/14 27/98/14 188/99/14 15/100/14 14/49/14 8/27/14 4/2/14 2/1/14 102/48/14 101/101/14 98/102/14 97/103/14 96/104/14
f 18/105/15 17/106/15 14/107/15 15/108/15
f 17/109/16 16/110/16 14/111/16
f 18/112/17 19/113/17 17/114/17
f 17/109/18 19/115/18 22/116/18 16/110/18
f 19/115/19 20/117/19 22/116/19
f 19/115/19 21/118/19 25/119/19 20/117/19
f 18/112/17 21/120/17 19/113/17
f 21/118/20 23/121/20 25/119/20
f 21/118/20 24/122/20 157/123/20 23/121/20
f 26/124/17 24/125/17 21/120/17
f 18/112/17 26/124/17 21/120/17
f 29/126/21 26/127/21 27/128/21
f 26/127/21 18/105/21 188/129/21 27/128/21
f 26/124/17 28/134/17 24/125/17
f 28/135/24 26/127/24 29/126/24 150/136/24
f 65/191/46 61/192/46 62/193/46
f 62/193/46 61/192/46 63/194/46 161/195/46
f 61/199/17 66/200/17 63/201/17
f 64/204/49 66/200/49 61/199/49
f 64/205/50 61/192/50 65/191/50 159/206/50
f 76/218/55 73/219/55 74/220/55
f 74/220/55 73/219/55 75/221/55 125/222/55
f 73/223/17 78/224/17 75/225/17
f 160/228/57 63/229/57 73/219/57 76/218/57
f 63/201/17 77/230/17 73/223/17
f 77/230/17 79/231/17 73/223/17
f 73/223/17 79/231/17 78/224/17
f 92/280/76 79/281/76 94/282/76 95/283/76
f 79/231/17 92/284/17 78/224/17
f 79/281/77 93/285/77 94/282/77
f 79/281/77 77/286/77 126/287/77 93/285/77
f 96/288/76 92/280/76 95/283/76
f 99/289/78 92/280/78 96/288/78 97/290/78
f 98/291/78 99/289/78 97/290/78
f 99/292/17 100/293/17 78/224/17
f 100/294/79 99/289/79 98/291/79 101/295/79
f 92/284/17 99/292/17 78/224/17
f 102/296/79 100/294/79 101/295/79
f 78/300/81 100/301/81 102/302/81 107/303/81
f 78/300/81 107/303/81 108/317/81
f 111/318/88 78/319/88 108/320/88 109/321/88
f 111/318/88 109/321/88 110/322/88
f 75/225/17 78/224/17 111/323/17
f 113/324/17 111/323/17 112/325/17
f 112/326/89 111/327/89 110/328/89 121/329/89
f 113/324/90 115/330/90 111/323/90
f 114/331/17 75/225/17 111/323/17
f 115/330/17 114/331/17 111/323/17
f 114/332/91 115/333/91 116/334/91 122/335/91
f 116/334/91 115/333/91 117/336/91
f 115/333/91 113/337/91 118/338/91 117/336/91
f 118/338/92 113/337/92 119/339/92
f 113/337/92 112/340/92 120/341/92 119/339/92
f 112/326/89 121/329/89 120/342/89
f 123/343/91 114/332/91 122/335/91
f 124/344/93 75/221/93 114/345/93 123/346/93
f 125/222/93 75/221/93 124/344/93
f 126/287/94 77/286/94 127/347/94
f 77/286/94 66/348/94 128/349/94 127/347/94
f 128/349/95 66/348/95 129/350/95
f 66/348/95 132/351/95 130/352/95 129/350/95
f 130/352/96 132/351/96 131/353/96
f 132/351/96 133/354/96 148/355/96 131/353/96
f 133/356/17 132/357/17 134/358/17
f 132/357/17 66/200/17 64/204/17
f 134/358/17 132/357/17 64/204/17
f 135/359/97 134/360/97 137/361/97 138/362/97
f 135/363/17 133/356/17 134/358/17
f 136/364/50 137/361/50 134/360/50
f 134/360/50 64/205/50 158/365/50 136/364/50
f 135/359/97 138/362/97 139/366/97
f 142/367/98 135/359/98 139/366/98 140/368/98
f 142/367/98 140/368/98 141/369/98
f 143/370/90 144/371/90 142/372/90
f 143/373/98 142/367/98 141/369/98 151/374/98
f 142/372/17 133/356/17 135/363/17
f 144/371/17 133/356/17 142/372/17
f 146/375/99 144/376/99 145/377/99
f 144/376/99 28/135/99 149/378/99 145/377/99
f 28/134/17 144/371/17 143/370/17
f 133/354/100 144/376/100 146/375/100 147/379/100
f 148/355/100 133/354/100 147/379/100
f 149/378/24 28/135/24 150/136/24
f 143/373/98 151/374/98 153/380/98
f 152/381/17 28/134/17 143/370/17
f 152/382/101 143/373/101 153/380/101 154/383/101
f 152/382/102 154/383/102 155/384/102
f 24/122/103 152/382/103 155/384/103 156/385/103
f 24/122/103 156/385/103 157/123/103
f 28/134/17 152/381/17 24/125/17
f 159/206/50 158/365/50 64/205/50
f 66/200/17 77/230/17 63/201/17
f 160/386/104 76/387/104 74/33/104 163/81/104 162/72/104 161/71/104
f 161/388/105 63/229/105 160/228/105
f 166/389/106 165/390/106 162/391/106 163/392/106
f 162/393/107 165/394/107 164/395/107
f 167/396/17 165/397/17 166/398/17
f 165/394/107 167/399/107 169/400/107 164/395/107
f 167/399/108 168/401/108 171/402/108 170/403/108
f 168/404/17 167/396/17 166/398/17
f 169/400/109 167/399/109 170/403/109
f 171/402/110 168/401/110 172/405/110
f 168/401/110 175/406/110 173/407/110 172/405/110
f 173/408/111 175/409/111 174/410/111
f 174/410/111 175/409/111 166/411/111 176/412/111
f 175/413/17 168/404/17 166/398/17
f 166/389/106 163/392/106 176/414/106
f 188/129/15 18/105/15 15/108/15
f 189/460/128 195/461/128 194/462/128
f 195/461/129 189/460/129 190/463/129
f 195/461/130 192/464/130 194/462/130
f 192/464/131 195/461/131 332/465/131
f 190/466/132 191/467/132 196/468/132
f 200/469/133 199/470/133 193/471/133
f 338/472/134 200/473/134 193/474/134
f 198/475/135 194/462/135 192/464/135
f 197/476/136 198/477/136 202/478/136
f 197/476/137 202/478/137 201/479/137
f 202/480/138 198/481/138 199/482/138
f 202/480/139 199/482/139 203/483/139
f 204/484/140 199/482/140 200/485/140
f 203/483/141 199/482/141 204/484/141
f 202/480/142 203/483/142 205/486/142
f 201/479/143 202/478/143 206/487/143
f 202/480/144 205/486/144 207/488/144
f 207/488/145 208/489/145 209/490/145
f 210/491/146 212/492/146 211/493/146
f 215/494/147 214/495/147 219/496/147
f 217/497/148 216/498/148 214/495/148
f 210/491/149 211/493/149 216/499/149
f 218/500/150 210/501/150 217/497/150
f 223/502/151 221/503/151 222/504/151
f 222/505/152 221/506/152 350/507/152
f 224/508/153 223/502/153 226/509/153
f 227/510/154 212/511/154 210/501/154
f 227/510/155 222/504/155 212/511/155
f 223/502/156 222/504/156 227/510/156
f 355/512/157 227/513/157 218/514/157
f 222/505/158 225/515/158 228/516/158
f 353/517/159 354/518/159 227/510/159
f 226/509/160 223/502/160 354/518/160
f 231/519/161 230/520/161 308/521/161
f 309/522/162 234/523/162 233/524/162
f 311/525/163 235/526/163 241/527/163
f 223/502/164 236/528/164 221/503/164
f 223/529/165 235/530/165 236/531/165
f 233/524/166 232/532/166 236/533/166
f 238/534/167 241/527/167 237/535/167
f 311/525/168 238/534/168 240/536/168
f 241/527/169 235/526/169 223/502/169
f 241/527/170 223/502/170 224/508/170
f 237/535/171 241/527/171 242/537/171
f 237/535/172 242/537/172 243/538/172
f 196/468/173 245/539/173 190/466/173
f 244/540/174 190/466/174 245/539/174
f 244/541/175 195/542/175 190/543/175
f 246/544/176 195/542/176 244/541/176
f 246/545/177 244/540/177 248/546/177
f 196/468/178 191/467/178 251/547/178
f 191/467/179 197/476/179 201/479/179
f 252/548/180 191/467/180 201/479/180
f 252/548/181 201/479/181 256/549/181
f 254/550/182 252/548/182 256/549/182
f 206/487/183 255/551/183 201/479/183
f 257/552/184 206/553/184 207/488/184
f 255/551/185 206/487/185 259/554/185
f 261/555/186 206/553/186 257/552/186
f 260/556/187 379/557/187 259/558/187
f 263/559/188 259/560/188 379/561/188
f 248/562/189 249/563/189 246/544/189
f 269/564/190 249/563/190 248/562/190
f 268/565/191 265/566/191 249/563/191
f 265/566/192 267/567/192 266/568/192
f 268/565/193 384/569/193 267/567/193
f 253/570/194 248/546/194 245/539/194
f 249/563/195 269/564/195 270/571/195
f 270/571/196 272/572/196 268/565/196
f 270/571/197 269/564/197 273/573/197
f 273/573/198 275/574/198 270/571/198
f 276/575/199 273/576/199 269/577/199
f 254/550/200 256/549/200 278/578/200
f 277/579/201 254/550/201 278/578/201
f 277/579/202 278/578/202 280/580/202
f 278/578/203 258/581/203 280/580/203
f 258/581/204 262/582/204 281/583/204
f 279/584/205 264/585/205 283/586/205
f 282/587/206 279/588/206 286/589/206
f 288/590/207 273/573/207 289/591/207
f 291/592/208 277/579/208 280/580/208
f 276/575/209 291/592/209 292/593/209
f 289/594/210 276/575/210 292/593/210
f 294/595/211 292/596/211 295/597/211
f 297/598/212 295/599/212 292/593/212
f 317/600/213 299/601/213 300/602/213
f 320/603/214 317/600/214 305/604/214
f 318/605/215 320/606/215 305/607/215
f 305/604/216 317/600/216 302/608/216
f 302/608/217 301/609/217 304/610/217
f 310/611/218 305/607/218 309/612/218
f 309/522/219 305/604/219 308/521/219
f 305/604/220 307/613/220 306/614/220
f 303/615/221 307/613/221 302/608/221
f 309/616/222 308/617/222 234/618/222
f 312/619/223 310/611/223 311/525/223
f 413/620/224 326/621/224 312/622/224
f 311/525/225 314/623/225 312/619/225
f 314/624/226 315/625/226 312/622/226
f 319/626/227 281/583/227 282/587/227
f 319/626/228 282/587/228 318/605/228
f 320/603/229 286/627/229 317/600/229
f 286/627/230 316/628/230 317/600/230
f 297/598/231 319/626/231 323/629/231
f 323/630/232 321/631/232 297/632/232
f 323/630/233 325/633/233 321/631/233
f 319/626/234 318/605/234 323/629/234
f 323/629/235 318/605/235 310/611/235
f 323/629/236 310/611/236 312/619/236
f 297/598/237 291/592/237 285/634/237
f 329/635/238 332/465/238 195/461/238
f 329/635/239 195/461/239 330/636/239
f 195/461/240 334/637/240 330/636/240
f 333/638/241 334/639/241 195/640/241
f 337/641/242 330/636/242 340/642/242
f 193/471/243 331/643/243 338/644/243
f 339/645/244 338/646/244 336/647/244
f 338/646/245 339/645/245 204/484/245
f 341/648/246 337/649/246 340/650/246
f 347/651/247 340/652/247 334/639/247
f 340/652/248 347/651/248 342/653/248
f 204/484/249 339/645/249 343/654/249
f 337/649/250 341/648/250 343/654/250
f 342/653/251 341/655/251 340/652/251
f 345/656/252 343/654/252 341/648/252
f 344/657/253 345/656/253 341/648/253
f 346/658/254 209/490/254 345/656/254
f 348/659/255 347/651/255 333/638/255
f 335/660/256 348/659/256 333/638/256
f 348/659/257 342/653/257 347/651/257
f 215/661/258 213/662/258 349/663/258
f 215/664/259 349/665/259 217/666/259
f 349/663/260 216/667/260 211/668/260
f 349/663/261 211/668/261 218/669/261
f 221/506/262 236/670/262 220/671/262
f 350/672/263 236/533/263 362/673/263
f 221/506/264 220/671/264 350/507/264
f 354/674/265 351/675/265 352/676/265
f 354/677/266 224/678/266 226/679/266
f 229/680/267 355/681/267 353/682/267
f 227/683/268 355/684/268 229/685/268
f 355/686/269 218/669/269 211/668/269
f 355/686/270 211/668/270 212/687/270
f 355/686/271 351/675/271 354/674/271
f 356/688/272 360/689/272 359/690/272
f 357/691/273 360/689/273 356/688/273
f 363/692/274 360/689/274 357/691/274
f 236/533/275 232/532/275 358/693/275
f 237/694/276 361/695/276 238/696/276
f 362/673/277 236/533/277 358/693/277
f 362/697/278 358/698/278 360/689/278
f 363/699/279 239/700/279 240/701/279
f 352/676/280 362/697/280 360/689/280
f 352/676/281 360/689/281 363/692/281
f 351/675/282 350/702/282 362/697/282
f 361/695/283 352/703/283 363/699/283
f 352/676/284 351/675/284 362/697/284
f 364/704/285 195/542/285 247/705/285
f 365/706/286 195/542/286 364/704/286
f 368/707/287 366/708/287 364/704/287
f 366/709/288 365/710/288 364/711/288
f 247/705/289 368/707/289 364/704/289
f 366/709/290 405/712/290 365/710/290
f 341/655/291 342/653/291 371/713/291
f 370/714/292 371/713/292 342/653/292
f 373/715/293 257/552/293 346/658/293
f 344/716/294 371/713/294 372/717/294
f 370/714/295 372/717/295 371/713/295
f 376/718/296 373/715/296 344/657/296
f 377/719/297 372/717/297 370/714/297
f 260/556/298 373/715/298 374/720/298
f 376/718/299 378/721/299 374/720/299
f 376/718/300 374/720/300 373/715/300
f 260/556/301 374/720/301 378/721/301
f 260/556/302 378/721/302 379/557/302
f 263/722/303 379/557/303 380/723/303
f 382/724/304 376/718/304 381/725/304
f 263/559/305 380/726/305 382/727/305
f 266/728/306 367/729/306 250/730/306
f 383/731/307 367/732/307 266/733/307
f 383/734/308 368/707/308 367/735/308
f 267/736/309 383/731/309 266/733/309
f 385/737/310 383/731/310 384/738/310
f 272/572/311 271/739/311 268/565/311
f 386/740/312 385/741/312 272/572/312
f 387/742/313 368/707/313 386/740/313
f 275/574/314 386/740/314 270/571/314
f 388/743/315 387/742/315 386/740/315
f 389/744/316 369/745/316 387/746/316
f 388/743/317 389/747/317 387/742/317
f 375/748/318 377/719/318 370/714/318
f 408/749/319 375/748/319 370/714/319
f 390/750/320 391/751/320 369/745/320
f 376/752/321 377/719/321 393/753/321
f 375/748/322 393/753/322 377/719/322
f 390/750/323 392/754/323 391/751/323
f 283/586/324 382/727/324 394/755/324
f 394/756/325 382/724/325 381/725/325
f 375/748/326 395/757/326 393/753/326
f 415/758/327 396/759/327 394/760/327
f 398/761/328 416/762/328 393/753/328
f 399/763/329 395/757/329 392/754/329
f 288/590/330 388/743/330 287/764/330
f 402/765/331 392/754/331 390/750/331
f 401/766/332 293/767/332 294/768/332
f 403/769/333 294/770/333 296/771/333
f 401/772/334 417/773/334 402/765/334
f 417/773/335 399/763/335 402/765/335
f 404/774/336 417/773/336 401/772/336
f 405/712/337 333/638/337 365/710/337
f 407/775/338 405/712/338 366/709/338
f 259/560/339 263/559/339 264/585/339 279/584/339
f 303/615/340 302/608/340 304/610/340
f 303/776/341 304/777/341 409/778/341
f 411/779/342 303/615/342 409/780/342
f 306/614/343 411/779/343 410/781/343
f 410/782/344 411/783/344 356/688/344
f 356/688/345 411/783/345 409/784/345
f 422/785/346 326/621/346 413/620/346
f 422/785/347 413/620/347 414/786/347
f 414/787/348 356/688/348 412/788/348
f 413/620/349 315/625/349 414/786/349
f 363/692/350 357/691/350 414/787/350
f 283/586/351 396/789/351 415/790/351
f 416/791/352 394/792/352 381/793/352
f 298/794/353 416/795/353 409/780/353
f 415/790/354 416/795/354 298/794/354
f 298/794/355 409/780/355 299/601/355
f 398/761/356 409/784/356 416/762/356
f 420/796/357 409/784/357 398/761/357
f 419/797/358 421/798/358 399/763/358
f 399/763/359 420/796/359 397/799/359
f 418/800/360 321/631/360 325/633/360
f 324/801/361 418/800/361 325/633/361
f 421/802/362 418/800/362 422/785/362
f 422/785/363 324/801/363 326/621/363
f 422/803/364 412/788/364 421/798/364
f 322/804/365 403/805/365 328/806/365
f 419/797/366 417/773/366 404/774/366
f 190/466/367 189/807/367 191/467/367
f 192/464/368 332/465/368 199/470/368
f 197/476/369 189/807/369 194/808/369
f 191/467/370 189/807/370 197/476/370
f 199/470/371 198/475/371 192/464/371
f 193/471/372 199/470/372 332/465/372
f 197/476/373 194/808/373 198/477/373
f 204/484/374 200/485/374 338/646/374
f 207/488/375 206/553/375 202/480/375
f 208/809/376 207/810/376 205/811/376
f 219/496/377 214/495/377 213/812/377
f 215/494/378 217/497/378 214/495/378
f 217/497/379 210/501/379 216/498/379
f 222/505/380 350/507/380 225/515/380
f 228/516/381 212/813/381 222/505/381
f 218/500/382 227/510/382 210/501/382
f 229/814/383 353/517/383 227/510/383
f 223/502/384 227/510/384 354/518/384
f 234/523/385 308/521/385 230/520/385
f 235/526/386 309/612/386 233/815/386
f 233/815/387 236/528/387 235/526/387
f 238/534/388 311/525/388 241/527/388
f 311/525/389 240/536/389 239/816/389
f 241/527/390 224/508/390 242/537/390
f 243/817/391 361/695/391 237/694/391
f 246/544/392 247/705/392 195/542/392
f 248/546/393 244/540/393 245/539/393
f 249/563/394 250/818/394 246/544/394
f 245/539/395 196/468/395 251/547/395
f 251/547/396 191/467/396 252/548/396
f 253/570/397 245/539/397 251/547/397
f 254/550/398 251/547/398 252/548/398
f 251/547/399 254/550/399 253/570/399
f 256/549/400 201/479/400 255/551/400
f 261/555/401 259/558/401 206/553/401
f 260/556/402 259/558/402 261/555/402
f 255/551/403 258/581/403 256/549/403
f 259/819/404 262/820/404 255/821/404
f 265/566/405 250/818/405 249/563/405
f 265/822/406 266/823/406 250/824/406
f 268/565/407 267/567/407 265/566/407
f 269/577/408 248/546/408 253/570/408
f 270/571/409 268/565/409 249/563/409
f 274/825/410 275/574/410 273/573/410
f 253/570/411 276/575/411 269/577/411
f 254/550/412 277/579/412 253/570/412
f 277/579/413 276/575/413 253/570/413
f 278/578/414 256/549/414 258/581/414
f 258/581/415 255/551/415 262/582/415
f 279/584/416 262/826/416 259/560/416
f 283/586/417 316/628/417 286/627/417 279/584/417
f 280/580/418 258/581/418 281/583/418
f 281/583/419 262/582/419 279/588/419
f 281/583/420 279/588/420 282/587/420
f 284/827/421 280/580/421 281/583/421
f 285/634/422 280/580/422 284/827/422
f 313/828/423 314/624/423 311/829/423 239/700/423
f 287/764/424 274/825/424 273/573/424
f 288/590/425 287/764/425 273/573/425
f 289/594/426 273/576/426 276/575/426
f 289/591/427 290/830/427 288/590/427
f 293/767/428 290/830/428 289/591/428
f 291/592/429 276/575/429 277/579/429
f 292/831/430 293/767/430 289/591/430
f 294/768/431 293/767/431 292/831/431
f 291/592/432 280/580/432 285/634/432
f 296/832/433 294/595/433 295/597/433
f 297/598/434 292/593/434 291/592/434
f 299/601/435 317/600/435 298/794/435
f 302/608/436 317/600/436 301/609/436
f 301/609/437 317/600/437 300/602/437
f 310/611/438 318/605/438 305/607/438
f 305/604/439 306/614/439 308/521/439
f 305/604/440 302/608/440 307/613/440
f 310/611/441 309/612/441 311/525/441
f 312/622/442 315/625/442 413/620/442
f 311/525/443 309/612/443 235/526/443
f 246/544/444 250/818/444 367/735/444 247/705/444
f 319/626/445 284/827/445 281/583/445
f 285/634/446 284/827/446 319/626/446
f 318/605/447 282/587/447 320/606/447
f 282/833/448 286/627/448 320/603/448
f 298/794/449 317/600/449 316/628/449
f 297/598/450 285/634/450 319/626/450
f 297/632/451 321/631/451 322/804/451
f 324/801/452 323/630/452 312/622/452
f 324/801/453 325/633/453 323/630/453
f 312/622/454 326/621/454 324/801/454
f 295/597/455 327/834/455 296/832/455
f 403/805/456 327/834/456 295/597/456
f 403/805/457 295/597/457 297/632/457
f 297/632/458 328/806/458 403/805/458
f 297/632/459 322/804/459 328/806/459
f 329/635/460 193/471/460 332/465/460
f 331/643/461 193/471/461 329/635/461
f 337/641/462 329/635/462 330/636/462
f 334/639/463 340/652/463 330/835/463
f 333/638/464 347/651/464 334/639/464
f 336/836/465 331/643/465 329/635/465
f 336/836/466 329/635/466 337/641/466
f 338/644/467 331/643/467 336/836/467
f 337/649/468 339/645/468 336/647/468
f 337/649/469 343/654/469 339/645/469
f 203/483/470 204/484/470 343/654/470
f 205/486/471 203/483/471 343/654/471
f 205/486/472 343/654/472 345/656/472
f 345/656/473 208/489/473 205/486/473
f 209/490/474 208/489/474 345/656/474
f 346/658/475 345/656/475 344/657/475
f 346/658/476 207/488/476 209/490/476
f 257/552/477 207/488/477 346/658/477
f 215/661/478 219/837/478 213/662/478
f 349/663/479 213/662/479 214/838/479
f 349/663/480 214/838/480 216/667/480
f 349/665/481 218/839/481 217/666/481
f 350/840/482 220/841/482 236/842/482
f 225/843/483 350/702/483 351/675/483
f 355/686/484 212/687/484 228/844/484
f 355/686/485 228/844/485 225/843/485
f 355/686/486 225/843/486 351/675/486
f 355/845/487 354/846/487 353/847/487
f 359/848/488 230/520/488 231/519/488
f 231/519/489 308/521/489 410/781/489
f 356/849/490 359/848/490 231/519/490
f 232/532/491 233/524/491 358/693/491
f 358/693/492 233/524/492 234/523/492
f 234/523/493 230/520/493 359/848/493
f 358/693/494 234/523/494 359/848/494
f 358/698/495 359/690/495 360/689/495
f 238/696/496 361/695/496 240/701/496
f 361/695/497 363/699/497 240/701/497
f 242/850/498 224/678/498 352/703/498
f 354/677/499 352/703/499 224/678/499
f 352/703/500 361/695/500 242/850/500
f 361/851/501 243/852/501 242/853/501
f 365/706/502 333/854/502 195/542/502
f 388/743/503 386/740/503 275/574/503 274/825/503
f 367/735/504 368/707/504 247/705/504
f 406/855/505 370/714/505 342/653/505
f 371/713/506 344/716/506 341/655/506
f 344/657/507 373/715/507 346/658/507
f 261/555/508 257/552/508 373/715/508
f 260/556/509 261/555/509 373/715/509
f 372/717/510 376/752/510 344/716/510
f 376/718/511 379/557/511 378/721/511
f 377/719/512 376/752/512 372/717/512
f 376/718/513 380/723/513 379/557/513
f 382/724/514 380/723/514 376/718/514
f 382/727/515 264/585/515 263/559/515
f 383/731/516 267/736/516 384/738/516
f 268/565/517 271/739/517 384/569/517
f 385/741/518 384/569/518 271/739/518
f 385/741/519 368/707/519 383/734/519
f 386/740/520 368/707/520 385/741/520
f 368/707/521 387/742/521 366/708/521
f 272/572/522 385/741/522 271/739/522
f 270/571/523 386/740/523 272/572/523
f 366/709/524 369/745/524 407/775/524
f 322/804/525 419/856/525 404/857/525 403/805/525
f 387/746/526 369/745/526 366/709/526
f 369/745/527 408/749/527 407/775/527
f 369/745/528 391/751/528 408/749/528
f 389/744/529 390/750/529 369/745/529
f 391/751/530 375/748/530 408/749/530
f 391/751/531 392/754/531 375/748/531
f 393/753/532 381/858/532 376/752/532
f 283/586/533 264/585/533 382/727/533
f 392/754/534 395/757/534 375/748/534
f 283/586/535 394/755/535 396/789/535
f 393/753/536 416/762/536 381/858/536
f 395/757/537 398/761/537 393/753/537
f 399/763/538 397/799/538 395/757/538
f 274/825/539 287/764/539 388/743/539
f 288/590/540 290/830/540 388/743/540
f 388/743/541 400/859/541 389/747/541
f 390/750/542 389/744/542 400/860/542
f 400/859/543 388/743/543 290/830/543
f 290/830/544 401/766/544 400/859/544
f 402/765/545 390/750/545 400/860/545
f 293/767/546 401/766/546 290/830/546
f 400/860/547 401/772/547 402/765/547
f 403/805/548 401/861/548 294/595/548
f 402/765/549 399/763/549 392/754/549
f 401/861/550 403/805/550 404/857/550
f 405/712/551 335/660/551 333/638/551
f 335/660/552 406/855/552 348/659/552
f 405/712/553 407/775/553 335/660/553
f 406/855/554 342/653/554 348/659/554
f 407/775/555 406/855/555 335/660/555
f 406/855/556 408/749/556 370/714/556
f 407/775/557 408/749/557 406/855/557
f 409/862/558 300/863/558 299/864/558
f 301/609/559 300/602/559 409/780/559
f 409/780/560 304/610/560 301/609/560
f 420/796/561 412/788/561 409/784/561
f 412/788/562 356/688/562 409/784/562
f 306/614/563 307/613/563 411/779/563
f 307/613/564 303/615/564 411/779/564
f 410/781/565 308/521/565 306/614/565
f 356/688/566 231/865/566 410/782/566
f 414/787/567 357/691/567 356/688/567
f 422/803/568 414/787/568 412/788/568
f 363/699/569 414/786/569 313/828/569
f 363/699/570 313/828/570 239/700/570
f 414/786/571 314/624/571 313/828/571
f 414/786/572 315/625/572 314/624/572
f 415/790/573 316/628/573 283/586/573
f 416/866/574 415/758/574 394/760/574
f 397/799/575 398/761/575 395/757/575
f 298/794/576 316/628/576 415/790/576
f 419/797/577 399/763/577 417/773/577
f 397/799/578 420/796/578 398/761/578
f 321/631/579 418/800/579 322/804/579
f 421/798/580 420/796/580 399/763/580
f 418/800/581 421/802/581 419/856/581
f 324/801/582 422/785/582 418/800/582
f 420/796/583 421/798/583 412/788/583
f 327/834/584 403/805/584 296/832/584
f 322/804/585 418/800/585 419/856/585
f 424/867/586 423/868/586 427/869/586
f 426/870/587 423/871/587 424/872/587
f 427/873/588 423/874/588 425/875/588
f 425/876/589 423/877/589 426/878/589
f 426/879/590 424/880/590 427/881/590 425/882/590
f 1067/2302/861 1068/2303/861 1070/2304/861
f 1071/2305/862 1068/2306/862 1067/2307/862
f 1070/2304/863 1069/2308/863 1067/2302/863
f 1067/2309/864 1069/2310/864 1071/2311/864
f 1072/2312/865 1071/2311/865 1069/2310/865
f 1071/2313/866 1072/2314/866 1068/2315/866
f 1070/2316/867 1072/2312/867 1069/2310/867
f 1072/2317/868 1070/2318/868 1068/2319/868
f 1689/3708/1484 1691/3709/1484 1688/3710/1484
f 1688/3711/1485 1690/3712/1485 1689/3713/1485
f 1692/3714/1486 1690/3712/1486 1688/3711/1486
f 1688/3715/1487 1691/3716/1487 1692/3717/1487
f 1693/3718/1488 1690/3712/1488 1692/3714/1488
f 1692/3719/1489 1691/3720/1489 1693/3721/1489
f 1693/3722/1490 1691/3723/1490 1689/3724/1490
f 1689/3713/1491 1690/3712/1491 1693/3718/1491
f 1695/3725/1492 1696/3726/1492 1698/3727/1492
f 1696/3726/1493 1695/3725/1493 1699/3728/1493
f 1697/3729/1494 1695/3730/1494 1698/3731/1494
f 1695/3730/1495 1697/3729/1495 1699/3732/1495
f 1697/3733/1496 1700/3734/1496 1699/3735/1496
f 1700/3736/1497 1696/3737/1497 1699/3738/1497
f 1700/3734/1498 1697/3733/1498 1698/3739/1498
f 1696/3737/1499 1700/3736/1499 1698/3740/1499
f 1712/3765/1506 1709/3766/1506 1710/3767/1506
f 1709/3768/1507 1711/3769/1507 1710/3770/1507
f 1709/3768/1508 1711/3769/1508 1714/3771/1508
f 1711/3769/1509 1709/3768/1509 1713/3772/1509
f 1712/3765/1510 1709/3766/1510 1714/3773/1510
f 1709/3766/1511 1712/3765/1511 1713/3774/1511
f 1711/3775/1512 1715/3776/1512 1714/3777/1512
f 1715/3778/1513 1712/3779/1513 1714/3780/1513
f 1715/3778/1514 1712/3779/1514 1710/3781/1514
f 1711/3775/1515 1715/3776/1515 1710/3782/1515
f 1712/3779/1516 1715/3778/1516 1713/3783/1516
f 1715/3776/1517 1711/3775/1517 1713/3784/1517
f 1729/3825/1529 1733/3826/1529 1730/3827/1529
f 1730/3827/1530 1731/3828/1530 1729/3825/1530
f 1729/3829/1531 1731/3830/1531 1732/3831/1531
f 1732/3831/1532 1733/3832/1532 1729/3829/1532
f 1734/3833/1533 1733/3834/1533 1732/3835/1533
f 1730/3836/1534 1733/3837/1534 1734/3838/1534
f 1732/3835/1535 1731/3839/1535 1734/3833/1535
f 1734/3838/1536 1731/3840/1536 1730/3836/1536
f 1744/3865/1543 1748/3866/1543 1743/3867/1543
f 1743/3867/1544 1747/3868/1544 1744/3865/1544
f 1744/3865/1545 1746/3869/1545 1743/3867/1545
f 1743/3870/1546 1748/3871/1546 1745/3872/1546
f 1745/3872/1547 1747/3873/1547 1743/3870/1547
f 1743/3870/1548 1746/3874/1548 1745/3872/1548
f 1745/3875/1549 1748/3876/1549 1749/3877/1549
f 1749/3878/1550 1748/3879/1550 1744/3880/1550
f 1744/3880/1551 1747/3881/1551 1749/3878/1551
f 1749/3878/1552 1746/3882/1552 1744/3880/1552
f 1749/3877/1553 1747/3883/1553 1745/3875/1553
f 1745/3875/1554 1746/3884/1554 1749/3877/1554
f 1764/3925/1566 1767/3926/1566 1763/3927/1566
f 1766/3928/1567 1764/3929/1567 1763/3930/1567
f 1767/3931/1568 1765/3932/1568 1763/3930/1568
f 1765/3932/1569 1766/3928/1569 1763/3930/1569
f 1765/3933/1570 1767/3934/1570 1769/3935/1570 1770/3936/1570
f 1766/3937/1571 1765/3938/1571 1767/3939/1571 1764/3940/1571
f 1765/3933/1572 1767/3934/1572 1768/3941/1572 1775/3942/1572
f 1767/3926/1573 1764/3925/1573 1771/3943/1573 1769/3944/1573
f 1767/3926/1574 1764/3925/1574 1774/3945/1574 1768/3946/1574
f 1770/3947/1575 1769/3948/1575 1771/3949/1575 1776/3950/1575
f 1769/3935/1576 1770/3936/1576 1772/3951/1576
f 1771/3943/1577 1769/3944/1577 1772/3952/1577
f 1773/3953/1578 1774/3954/1578 1772/3955/1578
f 1775/3956/1579 1773/3957/1579 1772/3958/1579
f 1774/3945/1580 1768/3946/1580 1772/3952/1580
f 1776/3959/1581 1771/3960/1581 1772/3955/1581
f 1768/3941/1582 1775/3942/1582 1772/3951/1582
f 1770/3961/1583 1776/3962/1583 1772/3963/1583
f 1766/3964/1584 1765/3965/1584 1770/3966/1584 1776/3967/1584
f 1764/3968/1585 1766/3969/1585 1776/3959/1585 1771/3960/1585
f 1775/3970/1586 1768/3971/1586 1774/3972/1586 1773/3973/1586
f 1766/3964/1587 1765/3965/1587 1775/3974/1587 1773/3975/1587
f 1764/3968/1588 1766/3969/1588 1773/3953/1588 1774/3954/1588
f 1773/3953/1589 1774/3954/1589 1778/3976/1589
f 1773/3973/1590 1779/3977/1590 1768/3971/1590 1774/3972/1590
f 1774/3954/1591 1773/3953/1591 1777/3978/1591
f 1768/3946/1592 1774/3945/1592 1777/3979/1592
f 1774/3945/1593 1768/3946/1593 1778/3980/1593
f 1768/3981/1594 1779/3982/1594 1778/3983/1594
f 1779/3984/1595 1773/3985/1595 1778/3986/1595
f 1779/3982/1596 1768/3981/1596 1777/3987/1596
f 1773/3985/1597 1779/3984/1597 1777/3988/1597
f 1797/4033/1608 1803/4034/1608 1796/4035/1608
f 1797/4033/1609 1801/4036/1609 1796/4035/1609
f 1805/4037/1610 1797/4038/1610 1796/4039/1610 1802/4040/1610
f 1796/4041/1611 1798/4042/1611 1797/4043/1611
f 1799/4044/1612 1796/4041/1612 1797/4043/1612 1809/4045/1612
f 1800/4046/1613 1805/4037/1613 1797/4038/1613 1796/4039/1613
f 1802/4047/1614 1798/4048/1614 1796/4049/1614
f 1812/4050/1615 1800/4051/1615 1796/4052/1615 1799/4053/1615
f 1796/4052/1616 1803/4054/1616 1800/4051/1616
f 1796/4049/1617 1801/4055/1617 1802/4047/1617
f 1804/4056/1618 1803/4057/1618 1807/4058/1618
f 1806/4059/1619 1803/4060/1619 1804/4061/1619
f 1800/4062/1620 1803/4063/1620 1805/4064/1620
f 1805/4065/1621 1803/4057/1621 1797/4066/1621
f 1808/4067/1622 1803/4054/1622 1806/4068/1622
f 1807/4069/1623 1803/4070/1623 1808/4071/1623
f 1812/4050/1624 1806/4068/1624 1808/4067/1624 1799/4053/1624
f 1806/4072/1625 1804/4073/1625 1807/4074/1625 1808/4075/1625
f 1799/4044/1626 1808/4075/1626 1807/4074/1626 1809/4045/1626
f 1809/4076/1627 1807/4058/1627 1804/4056/1627 1810/4077/1627
f 1810/4078/1628 1811/4079/1628 1809/4080/1628
f 1810/4081/1629 1809/4045/1629 1799/4044/1629 1812/4082/1629
f 1809/4076/1630 1797/4066/1630 1805/4065/1630 1810/4077/1630
f 1809/4080/1631 1811/4079/1631 1799/4083/1631
f 1812/4084/1632 1811/4085/1632 1810/4086/1632
f 1799/4087/1633 1811/4085/1633 1812/4084/1633
f 1810/4088/1634 1804/4089/1634 1806/4090/1634 1812/4091/1634
f 1810/4088/1635 1805/4037/1635 1800/4046/1635 1812/4091/1635
f 1805/4065/1636 1801/4092/1636 1797/4066/1636
f 1797/4066/1637 1798/4093/1637 1805/4065/1637
f 1805/4037/1638 1798/4094/1638 1802/4040/1638
f 1802/4095/1639 1801/4096/1639 1805/4097/1639
f 1829/4142/1650 1833/4143/1650 1834/4144/1650 1830/4145/1650
f 1830/4145/1651 1832/4146/1651 1829/4142/1651
f 1830/4147/1652 1829/4148/1652 1831/4149/1652 1837/4150/1652
f 1831/4151/1653 1835/4152/1653 1833/4153/1653 1829/4154/1653
f 1829/4155/1654 1832/4156/1654 1831/4157/1654
f 1836/4158/1655 1834/4159/1655 1833/4160/1655 1835/4161/1655
f 1837/4162/1656 1836/4163/1656 1835/4164/1656 1831/4165/1656
f 1830/4147/1657 1834/4159/1657 1836/4158/1657 1837/4150/1657
f 1837/4166/1658 1832/4167/1658 1830/4168/1658
f 1831/4165/1659 1832/4169/1659 1837/4162/1659
f 1838/4170/1660 1841/4171/1660 1839/4172/1660
f 1840/4173/1661 1838/4174/1661 1839/4175/1661
f 1838/4176/1662 1840/4177/1662 1843/4178/1662 1842/4179/1662
f 1838/4180/1663 1840/4181/1663 1846/4182/1663 1841/4183/1663
f 1841/4171/1664 1838/4170/1664 1842/4184/1664 1844/4185/1664
f 1843/4186/1665 1845/4187/1665 1844/4188/1665 1842/4189/1665
f 1846/4190/1666 1841/4191/1666 1844/4192/1666 1845/4193/1666
f 1840/4194/1667 1846/4195/1667 1845/4196/1667 1843/4197/1667
f 1846/4195/1668 1840/4194/1668 1839/4198/1668
f 1841/4191/1669 1846/4190/1669 1839/4199/1669
f 1851/4200/1670 1847/4201/1670 1848/4202/1670
f 1847/4203/1671 1849/4204/1671 1848/4205/1671
f 1849/4206/1672 1847/4207/1672 1850/4208/1672
f 1850/4209/1673 1847/4210/1673 1851/4211/1673
f 1851/4211/1674 1852/4212/1674 1850/4209/1674
f 1848/4202/1675 1852/4213/1675 1851/4200/1675
f 1850/4208/1676 1852/4214/1676 1849/4206/1676
f 1852/4215/1677 1848/4205/1677 1849/4204/1677
f 1860/4232/1690 1858/4233/1690 1859/4234/1690
f 1861/4235/1691 1859/4234/1691 1858/4233/1691
f 1858/4236/1692 1860/4237/1692 1862/4238/1692
f 1862/4238/1693 1861/4239/1693 1858/4236/1693
f 1863/4240/1694 1861/4241/1694 1862/4242/1694
f 1862/4242/1695 1860/4243/1695 1863/4240/1695
f 1859/4244/1696 1861/4245/1696 1863/4246/1696
f 1863/4246/1697 1860/4247/1697 1859/4244/1697
f 1889/4312/1717 1885/4313/1717 1886/4314/1717
f 1885/4315/1718 1887/4316/1718 1886/4317/1718
f 1887/4318/1719 1885/4319/1719 1888/4320/1719
f 1888/4321/1720 1885/4322/1720 1889/4323/1720
f 1889/4323/1721 1890/4324/1721 1888/4321/1721
f 1886/4314/1722 1890/4325/1722 1889/4312/1722
f 1890/4326/1723 1886/4317/1723 1887/4316/1723
f 1888/4320/1724 1890/4327/1724 1887/4318/1724
f 1904/4368/1743 1907/4369/1743 1905/4370/1743
f 1905/4371/1744 1906/4372/1744 1904/4373/1744
f 1908/4374/1745 1904/4373/1745 1906/4372/1745
f 1907/4369/1746 1904/4368/1746 1908/4375/1746
f 1906/4376/1747 1909/4377/1747 1908/4378/1747
f 1909/4379/1748 1907/4380/1748 1908/4381/1748
f 1907/4380/1749 1909/4379/1749 1905/4382/1749
f 1909/4377/1750 1906/4376/1750 1905/4383/1750
f 1916/4400/1763 1915/4401/1763 1918/4402/1763
f 1915/4403/1764 1916/4404/1764 1917/4405/1764
f 1919/4406/1765 1915/4407/1765 1917/4408/1765
f 1918/4409/1766 1915/4410/1766 1919/4411/1766
f 1919/4411/1767 1920/4412/1767 1918/4409/1767
f 1917/4408/1768 1920/4413/1768 1919/4406/1768
f 1918/4402/1769 1920/4414/1769 1916/4400/1769
f 1920/4415/1770 1917/4405/1770 1916/4404/1770
f 1935/4456/1789 1937/4457/1789 1934/4458/1789
f 1934/4459/1790 1936/4460/1790 1935/4461/1790
f 1938/4462/1791 1936/4463/1791 1934/4464/1791
f 1937/4465/1792 1938/4466/1792 1934/4467/1792
f 1936/4463/1793 1938/4462/1793 1939/4468/1793
f 1938/4466/1794 1937/4465/1794 1939/4469/1794
f 1937/4457/1795 1935/4456/1795 1939/4470/1795
f 1939/4471/1796 1935/4461/1796 1936/4460/1796
f 1961/4536/1816 1962/4537/1816 1963/4538/1816
f 1962/4537/1817 1961/4536/1817 1964/4539/1817
f 1965/4540/1818 1961/4541/1818 1963/4542/1818
f 1961/4541/1819 1965/4540/1819 1964/4543/1819
f 1964/4544/1820 1965/4545/1820 1966/4546/1820
f 1963/4547/1821 1966/4546/1821 1965/4545/1821
f 1962/4548/1822 1966/4549/1822 1963/4550/1822
f 1966/4549/1823 1962/4548/1823 1964/4551/1823
f 1981/4584/1848 1978/4585/1848 1977/4586/1848
f 1977/4587/1849 1978/4588/1849 1980/4589/1849
f 1980/4590/1850 1979/4591/1850 1977/4592/1850
f 1979/4593/1851 1981/4594/1851 1977/4595/1851
f 1978/4585/1852 1981/4584/1852 1982/4596/1852
f 1981/4594/1853 1979/4593/1853 1982/4597/1853
f 1979/4591/1854 1980/4590/1854 1982/4598/1854
f 1982/4599/1855 1980/4589/1855 1978/4588/1855
usemtl WhiteBright
f 26/130/22 18/131/22 34/132/22
f 26/130/23 30/133/23 18/131/23
f 26/130/23 32/137/23 30/133/23
f 31/138/25 26/139/25 33/140/25
f 31/141/26 32/137/26 26/130/26
f 34/132/27 33/142/27 26/130/27
f 34/143/28 35/144/28 33/145/28
f 34/143/28 37/146/28 35/144/28
f 18/131/29 36/147/29 34/132/29
f 36/148/30 37/146/30 34/143/30
f 36/148/31 38/149/31 37/146/31
f 37/150/17 38/151/17 30/152/17
f 30/152/17 32/153/17 37/150/17
f 37/150/17 32/153/17 35/154/17
f 39/155/32 40/156/32 38/149/32
f 39/155/33 38/149/33 36/148/33
f 38/151/17 40/157/17 30/152/17
f 18/131/34 40/158/34 39/159/34
f 18/131/35 30/133/35 40/158/35
f 18/131/36 39/159/36 36/147/36
f 33/145/37 35/144/37 42/160/37
f 32/153/17 41/161/17 35/154/17
f 42/162/17 35/154/17 41/161/17
f 33/145/37 42/160/37 43/163/37
f 43/163/38 42/160/38 44/164/38
f 44/165/17 42/162/17 41/161/17
f 43/163/39 44/164/39 45/166/39
f 45/166/40 44/164/40 47/167/40
f 41/161/17 46/168/17 44/165/17
f 47/169/17 44/165/17 46/168/17
f 45/166/40 47/167/40 48/170/40
f 48/170/40 47/167/40 50/171/40
f 46/168/17 49/172/17 47/169/17
f 47/169/17 49/172/17 50/173/17
f 48/170/40 50/171/40 51/174/40
f 51/174/41 50/171/41 52/175/41
f 50/173/17 49/172/17 52/176/17
f 51/174/41 52/175/41 53/177/41
f 53/177/42 52/175/42 55/178/42
f 49/172/17 54/179/17 52/176/17
f 52/176/17 54/179/17 55/180/17
f 58/181/42 55/178/42 56/182/42
f 56/183/17 55/180/17 57/184/17
f 54/179/17 57/184/17 55/180/17
f 53/177/42 55/178/42 58/181/42
f 58/185/43 60/186/43 53/187/43
f 58/181/44 56/182/44 61/188/44
f 59/189/45 58/181/45 61/188/45
f 59/190/43 60/186/43 58/185/43
f 63/196/47 59/197/47 61/198/47
f 61/188/48 67/202/48 63/203/48
f 61/188/51 56/182/51 67/202/51
f 67/207/17 56/183/17 57/184/17
f 57/184/17 68/208/17 67/207/17
f 67/207/17 68/208/17 69/209/17
f 63/210/52 67/211/52 69/212/52
f 68/208/17 70/213/17 69/209/17
f 70/213/17 71/214/17 69/209/17
f 71/214/17 72/215/17 69/209/17
f 73/216/53 69/212/53 72/217/53
f 63/210/54 69/212/54 73/216/54
f 81/226/56 63/196/56 73/227/56
f 73/232/58 80/233/58 78/234/58
f 79/235/59 81/236/59 73/237/59
f 73/216/60 72/217/60 80/238/60
f 81/226/61 59/197/61 63/196/61
f 81/239/62 57/240/62 59/241/62
f 81/239/62 68/242/62 57/240/62
f 79/243/63 68/242/63 81/239/63
f 80/238/64 72/217/64 83/244/64
f 82/245/43 84/246/43 80/247/43
f 80/238/65 83/244/65 82/248/65
f 84/246/66 78/249/66 80/247/66
f 84/250/67 86/251/67 71/252/67
f 84/253/68 71/254/68 78/255/68
f 85/256/43 84/246/43 87/257/43
f 85/258/69 86/259/69 84/260/69
f 88/261/70 87/257/70 84/246/70
f 82/245/71 88/261/71 84/246/71
f 82/262/72 89/263/72 88/264/72
f 88/264/72 89/263/72 90/265/72
f 88/264/72 90/265/72 87/266/72
f 87/267/73 90/268/73 91/269/73
f 90/270/17 89/271/17 86/272/17
f 86/272/17 91/273/17 90/270/17
f 87/267/73 91/269/73 85/274/73
f 85/258/69 91/275/69 86/259/69
f 82/262/72 83/276/72 89/263/72
f 83/277/17 86/272/17 89/271/17
f 71/214/17 86/272/17 72/215/17
f 86/272/17 83/277/17 72/215/17
f 79/243/74 70/278/74 68/242/74
f 92/279/75 70/278/75 79/243/75
f 100/297/80 103/298/80 78/299/80
f 78/299/82 105/304/82 100/297/82
f 100/305/83 104/306/83 103/307/83
f 100/305/84 105/308/84 104/306/84
f 104/309/17 105/310/17 71/214/17
f 78/299/82 71/311/82 105/304/82
f 103/307/85 104/306/85 106/312/85
f 106/313/17 104/309/17 71/214/17
f 103/307/86 106/312/86 92/279/86
f 92/279/75 106/312/75 70/278/75
f 70/213/17 106/313/17 71/214/17
f 103/314/87 92/315/87 78/316/87
f 168/415/112 180/416/112 177/417/112
f 177/418/113 178/419/113 168/420/113
f 178/419/114 179/421/114 168/420/114
f 168/422/115 179/423/115 181/424/115
f 168/422/116 181/424/116 180/425/116
f 180/426/117 181/427/117 182/428/117
f 182/429/17 181/430/17 179/431/17
f 179/431/17 183/432/17 182/429/17
f 183/432/17 184/433/17 182/429/17
f 177/434/118 182/435/118 184/436/118
f 180/426/117 182/428/117 177/437/117
f 185/438/119 184/439/119 183/440/119
f 177/434/118 184/436/118 185/441/118
f 177/442/43 185/443/43 178/444/43
f 185/438/120 183/440/120 178/445/120
f 178/445/121 183/440/121 179/446/121
f 60/186/43 186/447/43 53/187/43
f 60/448/122 49/449/122 186/450/122
f 60/448/122 54/451/122 49/449/122
f 59/241/123 54/451/123 60/448/123
f 186/447/43 51/452/43 53/187/43
f 186/447/124 48/453/124 51/452/124
f 186/450/125 49/449/125 46/454/125
f 186/447/43 187/455/43 48/453/43
f 186/450/125 46/454/125 187/456/125
f 187/455/43 31/138/43 45/457/43
f 187/456/126 41/458/126 31/141/126
f 187/456/126 46/454/126 41/458/126
f 187/455/43 45/457/43 48/453/43
f 59/241/123 57/240/123 54/451/123
f 31/138/43 43/459/43 45/457/43
f 31/138/43 33/140/43 43/459/43
f 31/141/127 41/458/127 32/137/127
s 1
f 428/883/591 430/884/592 429/885/593
f 429/885/593 436/886/594 428/883/591
f 428/883/591 437/887/595 430/884/592
f 428/888/596 432/889/597 430/890/598
f 428/888/596 430/890/598 434/891/599
f 433/892/600 428/888/596 431/893/601
f 431/893/601 428/888/596 434/891/599
f 432/889/597 428/888/596 433/892/600
f 436/894/594 435/895/602 428/896/591
f 435/897/602 437/887/595 428/883/591
f 435/898/602 440/899/603 437/900/595
f 437/900/595 438/901/604 439/902/605
f 438/901/604 437/900/595 440/899/603
f 439/903/605 430/884/592 437/887/595
f 442/904/606 441/905/607 440/906/603
f 440/899/603 441/907/607 438/901/604
f 435/908/602 442/904/606 440/906/603
f 444/909/608 443/910/609 442/904/606
f 442/904/606 443/910/609 441/905/607
f 435/895/602 436/894/594 442/911/606
f 442/911/606 436/894/594 444/912/608
f 446/913/610 444/912/608 436/894/594
f 444/909/608 445/914/611 443/910/609
f 445/914/611 444/909/608 446/915/610
f 447/916/612 446/917/610 429/918/593
f 446/913/610 436/894/594 429/919/593
f 446/917/610 447/916/612 448/920/613
f 448/920/613 445/921/611 446/917/610
f 449/922/614 448/920/613 447/916/612
f 448/923/613 438/924/604 441/905/607
f 441/905/607 445/914/611 448/923/613
f 438/901/604 448/925/613 449/926/614
f 430/884/592 439/903/605 449/927/614
f 449/922/614 447/916/612 430/928/592
f 439/902/605 438/901/604 449/926/614
f 429/918/593 430/928/592 447/916/612
f 445/914/611 441/905/607 443/910/609
f 434/929/599 451/930/615 450/931/616
f 450/931/616 452/932/617 434/929/599
f 451/933/615 434/891/599 430/890/598
f 431/934/601 434/929/599 452/932/617
f 431/935/601 452/936/617 454/937/618
f 454/937/618 452/936/617 453/938/619
f 452/932/617 450/931/616 453/939/619
f 454/937/618 453/938/619 456/940/620
f 454/941/618 455/942/621 433/943/600
f 455/944/621 454/937/618 456/940/620
f 431/945/601 454/941/618 433/943/600
f 455/944/621 456/940/620 457/946/622
f 457/946/622 456/940/620 453/938/619
f 453/938/619 458/947/623 457/946/622
f 458/947/623 459/948/624 457/946/622
f 457/946/622 459/948/624 455/944/621
f 460/949/625 432/950/597 459/951/624
f 459/952/624 432/953/597 433/943/600
f 459/952/624 433/943/600 455/942/621
f 459/951/624 458/954/623 460/949/625
f 432/950/597 460/949/625 430/955/598
f 461/956/626 430/955/598 460/949/625
f 461/956/626 460/949/625 458/954/623
f 430/955/598 461/956/626 451/957/615
f 451/930/615 461/958/626 450/931/616
f 450/931/616 461/958/626 458/959/623
f 458/947/623 453/938/619 450/960/616
f 463/961/627 462/962/628 464/963/629
f 467/964/630 462/965/628 463/966/627
f 466/967/631 464/963/629 462/962/628
f 462/965/628 465/968/632 466/969/631
f 465/968/632 462/965/628 468/970/633
f 467/964/630 468/970/633 462/965/628
f 469/971/634 468/970/633 467/964/630
f 469/972/634 471/973/635 468/974/633
f 470/975/636 468/974/633 471/973/635
f 468/974/633 470/975/636 465/976/632
f 469/977/634 473/978/637 471/979/635
f 471/973/635 472/980/638 470/975/636
f 473/978/637 472/981/638 471/979/635
f 473/978/637 475/982/639 472/981/638
f 473/983/637 476/984/640 474/985/641
f 474/986/641 475/982/639 473/978/637
f 469/987/634 476/984/640 473/983/637
f 476/984/640 469/987/634 467/988/630
f 463/966/627 476/989/640 467/964/630
f 477/990/610 476/984/640 463/991/627
f 477/990/610 474/985/641 476/984/640
f 464/963/629 477/992/610 463/961/627
f 478/993/642 474/986/641 477/994/610
f 479/995/643 478/996/642 477/992/610
f 477/992/610 464/963/629 479/995/643
f 472/981/638 478/993/642 479/997/643
f 466/967/631 479/995/643 464/963/629
f 479/997/643 470/998/636 472/981/638
f 470/975/636 479/999/643 466/1000/631
f 474/986/641 478/993/642 475/982/639
f 478/993/642 472/981/638 475/982/639
f 465/976/632 470/975/636 466/1000/631
f 483/1001/611 481/1002/638 480/1003/644
f 484/1004/637 480/1003/644 481/1002/638
f 482/1005/645 483/1001/611 480/1003/644
f 482/1005/645 480/1003/644 484/1004/637
f 487/1006/634 485/1007/646 484/1008/637
f 484/1008/637 485/1007/646 482/1009/645
f 487/1010/634 484/1004/637 486/1011/647
f 484/1004/637 481/1002/638 486/1011/647
f 485/1007/646 487/1006/634 488/1012/648
f 487/1013/634 489/1014/649 488/1015/648
f 487/1016/634 486/1017/647 489/1018/649
f 492/1019/650 490/1020/628 489/1014/649
f 488/1015/648 489/1014/649 490/1020/628
f 489/1018/649 491/1021/636 492/1022/650
f 491/1021/636 489/1018/649 486/1017/647
f 492/1022/650 491/1021/636 493/1023/651
f 490/1020/628 492/1019/650 493/1024/651
f 491/1021/636 494/1025/652 493/1023/651
f 493/1026/651 494/1027/652 495/1028/629
f 493/1026/651 495/1028/629 490/1029/628
f 497/1030/627 490/1029/628 495/1028/629
f 496/1031/653 495/1028/629 494/1027/652
f 495/1028/629 496/1031/653 497/1030/627
f 496/1032/653 485/1007/646 497/1033/627
f 497/1034/627 485/1035/646 488/1015/648
f 488/1015/648 490/1020/628 497/1034/627
f 496/1032/653 482/1009/645 485/1007/646
f 494/1027/652 483/1036/611 496/1031/653
f 483/1001/611 482/1005/645 496/1037/653
f 494/1038/652 491/1039/636 481/1002/638
f 481/1002/638 483/1001/611 494/1038/652
f 486/1017/647 481/1040/638 491/1021/636
f 501/1041/654 499/1042/655 498/1043/630
f 499/1044/655 500/1045/634 498/1046/630
f 500/1047/634 502/1048/649 498/1043/630
f 498/1043/630 503/1049/656 501/1041/654
f 498/1043/630 502/1048/649 503/1049/656
f 501/1050/654 503/1051/656 504/1052/657
f 506/1053/651 504/1052/657 503/1051/656
f 505/1054/658 503/1049/656 502/1048/649
f 503/1049/656 505/1054/658 506/1055/651
f 505/1056/658 507/1057/659 506/1058/651
f 507/1057/659 508/1059/652 506/1058/651
f 506/1053/651 508/1060/652 504/1052/657
f 511/1061/638 509/1062/611 508/1063/652
f 508/1060/652 509/1064/611 510/1065/610
f 508/1063/652 507/1066/659 511/1061/638
f 510/1065/610 504/1052/657 508/1060/652
f 509/1062/611 511/1061/638 512/1067/639
f 513/1068/606 512/1067/639 511/1061/638
f 513/1068/606 511/1061/638 514/1069/647
f 514/1070/647 511/1071/638 507/1057/659
f 507/1057/659 502/1072/649 514/1070/647
f 500/1073/634 513/1068/606 514/1069/647
f 500/1074/634 514/1070/647 502/1072/649
f 500/1045/634 499/1044/655 513/1075/606
f 513/1075/606 499/1044/655 515/1076/660
f 515/1077/660 512/1067/639 513/1068/606
f 510/1078/610 515/1076/660 499/1044/655
f 515/1077/660 509/1062/611 512/1067/639
f 509/1062/611 515/1077/660 510/1079/610
f 504/1052/657 510/1065/610 501/1050/654
f 510/1078/610 499/1044/655 501/1080/654
f 502/1072/649 507/1057/659 505/1056/658
f 519/1081/661 516/1082/639 517/1083/606
f 517/1083/606 516/1082/639 518/1084/662
f 520/1085/642 518/1084/662 516/1082/639
f 519/1081/661 520/1085/642 516/1082/639
f 520/1085/642 519/1081/661 521/1086/663
f 522/1087/652 520/1088/642 521/1089/663
f 518/1084/662 520/1085/642 522/1090/652
f 523/1091/664 522/1092/652 524/1093/651
f 522/1090/652 523/1094/664 518/1084/662
f 524/1095/651 522/1087/652 525/1096/665
f 521/1089/663 525/1096/665 522/1087/652
f 525/1096/665 521/1089/663 527/1097/627
f 527/1097/627 526/1098/666 525/1096/665
f 524/1095/651 525/1096/665 526/1098/666
f 521/1099/663 528/1100/640 527/1101/627
f 527/1102/627 528/1103/640 529/1104/667
f 529/1104/667 526/1105/666 527/1102/627
f 528/1100/640 530/1106/602 529/1107/667
f 530/1108/602 531/1109/668 529/1104/667
f 529/1104/667 531/1109/668 526/1105/666
f 531/1110/668 523/1091/664 532/1111/669
f 523/1091/664 531/1110/668 533/1112/603
f 532/1113/669 526/1105/666 531/1109/668
f 530/1114/602 533/1112/603 531/1110/668
f 530/1115/602 517/1083/606 533/1116/603
f 517/1083/606 518/1084/662 533/1116/603
f 533/1112/603 518/1117/662 523/1091/664
f 532/1111/669 523/1091/664 524/1093/651
f 526/1105/666 532/1113/669 524/1118/651
f 530/1106/602 528/1100/640 517/1119/606
f 517/1119/606 528/1100/640 519/1120/661
f 521/1099/663 519/1120/661 528/1100/640
f 536/1121/641 534/1122/670 535/1123/637
f 535/1123/637 534/1122/670 537/1124/671
f 536/1121/641 538/1125/642 534/1122/670
f 538/1125/642 537/1124/671 534/1122/670
f 540/1126/613 538/1127/642 539/1128/672
f 538/1125/642 536/1121/641 539/1129/672
f 537/1124/671 538/1125/642 540/1130/613
f 542/1131/673 540/1126/613 541/1132/665
f 539/1128/672 541/1132/665 540/1126/613
f 543/1133/674 540/1134/613 542/1135/673
f 540/1130/613 543/1136/674 537/1124/671
f 544/1137/675 543/1133/674 546/1138/632
f 543/1133/674 544/1137/675 545/1139/647
f 545/1139/647 537/1140/671 543/1133/674
f 546/1138/632 543/1133/674 542/1135/673
f 547/1141/676 546/1142/632 542/1143/673
f 546/1142/632 547/1141/676 544/1144/675
f 548/1145/677 547/1146/676 541/1132/665
f 549/1147/630 547/1141/676 548/1148/677
f 542/1131/673 541/1132/665 547/1146/676
f 549/1147/630 544/1144/675 547/1141/676
f 550/1149/634 544/1144/675 549/1147/630
f 551/1150/594 550/1151/634 549/1152/630
f 548/1148/677 551/1153/594 549/1147/630
f 550/1151/634 551/1150/594 535/1154/637
f 535/1154/637 551/1150/594 536/1155/641
f 539/1156/672 551/1150/594 548/1157/677
f 539/1156/672 536/1155/641 551/1150/594
f 550/1158/634 535/1123/637 545/1159/647
f 550/1160/634 545/1139/647 544/1137/675
f 541/1132/665 539/1128/672 548/1145/677
f 535/1123/637 537/1124/671 545/1159/647
f 556/1161/642 553/1162/638 552/1163/678
f 554/1164/679 552/1163/678 553/1162/638
f 555/1165/645 552/1163/678 554/1164/679
f 555/1165/645 556/1161/642 552/1163/678
f 556/1161/642 555/1165/645 558/1166/680
f 553/1162/638 556/1161/642 557/1167/681
f 557/1168/681 556/1169/642 558/1170/680
f 560/1171/682 558/1170/680 559/1172/683
f 558/1173/680 561/1174/684 559/1175/683
f 558/1170/680 560/1171/682 557/1168/681
f 558/1173/680 555/1176/645 561/1174/684
f 563/1177/634 561/1174/684 554/1178/679
f 554/1178/679 561/1174/684 555/1176/645
f 559/1179/683 561/1180/684 562/1181/685
f 561/1174/684 563/1177/634 562/1182/685
f 563/1183/634 565/1184/633 562/1181/685
f 563/1185/634 554/1164/679 564/1186/603
f 563/1187/634 564/1188/603 565/1189/633
f 565/1189/633 567/1190/686 566/1191/632
f 566/1192/632 568/1193/687 565/1184/633
f 567/1190/686 565/1189/633 564/1188/603
f 562/1181/685 565/1184/633 568/1193/687
f 562/1181/685 568/1193/687 559/1179/683
f 559/1172/683 568/1194/687 560/1171/682
f 569/1195/651 560/1171/682 568/1194/687
f 568/1193/687 566/1192/632 569/1196/651
f 566/1191/632 567/1190/686 569/1197/651
f 569/1195/651 557/1168/681 560/1171/682
f 567/1190/686 557/1198/681 569/1197/651
f 557/1167/681 567/1199/686 553/1162/638
f 564/1188/603 553/1200/638 567/1190/686
f 554/1164/679 553/1162/638 564/1186/603
f 571/1201/645 574/1202/611 570/1203/639
f 571/1201/645 570/1203/639 573/1204/688
f 574/1202/611 572/1205/638 570/1203/639
f 573/1204/688 570/1203/639 572/1205/638
f 576/1206/643 574/1207/611 575/1208/653
f 574/1202/611 571/1201/645 575/1209/653
f 572/1205/638 574/1202/611 576/1210/643
f 577/1211/673 576/1206/643 578/1212/665
f 579/1213/689 576/1214/643 577/1215/673
f 575/1208/653 578/1212/665 576/1206/643
f 576/1210/643 579/1216/689 572/1205/638
f 580/1217/635 572/1218/638 579/1213/689
f 579/1213/689 581/1219/675 580/1217/635
f 581/1219/675 579/1213/689 582/1220/690
f 582/1220/690 579/1213/689 577/1215/673
f 582/1221/690 583/1222/676 581/1223/675
f 583/1222/676 582/1221/690 577/1224/673
f 584/1225/691 583/1226/676 578/1212/665
f 585/1227/630 583/1222/676 584/1228/691
f 577/1211/673 578/1212/665 583/1226/676
f 585/1227/630 581/1223/675 583/1222/676
f 584/1228/691 587/1229/640 585/1227/630
f 587/1230/640 586/1231/692 585/1232/630
f 586/1233/692 581/1223/675 585/1227/630
f 575/1234/653 571/1235/645 587/1230/640
f 573/1236/688 587/1230/640 571/1235/645
f 586/1231/692 587/1230/640 573/1236/688
f 575/1234/653 587/1230/640 584/1237/691
f 586/1238/692 580/1217/635 581/1219/675
f 586/1239/692 573/1204/688 580/1240/635
f 578/1212/665 575/1208/653 584/1225/691
f 573/1204/688 572/1205/638 580/1240/635
f 590/1241/640 589/1242/634 588/1243/693
f 589/1244/634 593/1245/694 588/1246/693
f 592/1247/695 590/1248/640 588/1246/693
f 588/1246/693 593/1245/694 591/1249/687
f 588/1246/693 591/1249/687 592/1247/695
f 593/1250/694 595/1251/696 594/1252/650
f 594/1253/650 591/1249/687 593/1245/694
f 589/1254/634 596/1255/697 593/1250/694
f 595/1251/696 593/1250/694 596/1255/697
f 589/1256/634 597/1257/698 596/1258/697
f 596/1255/697 598/1259/671 595/1251/696
f 597/1257/698 598/1260/671 596/1258/697
f 601/1261/611 598/1260/671 599/1262/644
f 597/1257/698 599/1262/644 598/1260/671
f 600/1263/652 595/1264/696 598/1260/671
f 598/1260/671 601/1261/611 600/1263/652
f 602/1265/660 601/1261/611 599/1262/644
f 601/1261/611 602/1265/660 603/1266/672
f 600/1267/652 601/1268/611 603/1269/672
f 604/1270/665 603/1269/672 592/1271/695
f 603/1272/672 590/1241/640 592/1273/695
f 603/1272/672 602/1274/660 590/1241/640
f 603/1269/672 604/1270/665 600/1267/652
f 592/1271/695 591/1275/687 604/1270/665
f 605/1276/699 604/1270/665 591/1275/687
f 605/1276/699 600/1267/652 604/1270/665
f 591/1249/687 594/1253/650 605/1277/699
f 595/1251/696 600/1278/652 605/1279/699
f 594/1252/650 595/1251/696 605/1279/699
f 602/1265/660 599/1262/644 597/1257/698
f 597/1280/698 590/1241/640 602/1274/660
f 589/1242/634 590/1241/640 597/1280/698
f 610/1281/611 607/1282/638 606/1283/639
f 608/1284/606 606/1283/639 607/1282/638
f 609/1285/700 606/1283/639 608/1284/606
f 609/1285/700 610/1281/611 606/1283/639
f 610/1281/611 609/1285/700 612/1286/663
f 607/1282/638 610/1281/611 611/1287/643
f 611/1288/643 610/1289/611 612/1290/663
f 612/1291/663 609/1292/700 613/1293/701
f 612/1291/663 613/1293/701 614/1294/627
f 615/1295/629 612/1290/663 614/1296/627
f 612/1290/663 615/1295/629 611/1288/643
f 614/1296/627 616/1297/702 615/1295/629
f 617/1298/673 611/1288/643 615/1295/629
f 617/1298/673 615/1295/629 616/1297/702
f 616/1299/702 618/1300/632 617/1301/673
f 618/1302/632 619/1303/636 617/1304/673
f 619/1303/636 611/1305/643 617/1304/673
f 620/1306/703 619/1303/636 618/1302/632
f 619/1303/636 620/1306/703 621/1307/635
f 611/1287/643 619/1308/636 607/1282/638
f 621/1307/635 607/1309/638 619/1303/636
f 622/1310/634 608/1284/606 621/1311/635
f 622/1312/634 621/1307/635 620/1306/703
f 608/1284/606 607/1282/638 621/1311/635
f 613/1293/701 622/1313/634 623/1314/648
f 622/1315/634 620/1316/703 623/1317/648
f 622/1313/634 613/1293/701 608/1318/606
f 614/1319/627 613/1320/701 623/1317/648
f 623/1317/648 616/1299/702 614/1319/627
f 623/1317/648 620/1316/703 616/1299/702
f 618/1300/632 616/1299/702 620/1316/703
f 608/1318/606 613/1293/701 609/1292/700
f 629/1321/704 624/1322/594 625/1323/654
f 625/1324/654 624/1325/594 628/1326/630
f 629/1321/704 626/1327/645 624/1322/594
f 627/1328/606 624/1322/594 626/1327/645
f 630/1329/634 624/1322/594 627/1328/606
f 624/1322/594 630/1329/634 628/1330/630
f 630/1331/634 632/1332/633 628/1326/630
f 630/1333/634 627/1334/606 631/1335/603
f 630/1336/634 631/1337/603 632/1338/633
f 632/1338/633 633/1339/696 635/1340/632
f 633/1339/696 632/1338/633 631/1337/603
f 628/1326/630 632/1332/633 634/1341/705
f 635/1342/632 634/1341/705 632/1332/633
f 634/1341/705 635/1342/632 636/1343/673
f 635/1340/632 633/1339/696 636/1344/673
f 633/1339/696 638/1345/706 636/1344/673
f 636/1346/673 637/1347/665 634/1348/705
f 636/1346/673 638/1349/706 637/1347/665
f 638/1349/706 639/1350/642 629/1351/704
f 640/1352/671 639/1353/642 638/1354/706
f 629/1351/704 637/1347/665 638/1349/706
f 638/1354/706 633/1355/696 640/1352/671
f 631/1337/603 640/1356/671 633/1339/696
f 627/1334/606 640/1352/671 631/1335/603
f 639/1353/642 640/1352/671 641/1357/707
f 627/1334/606 641/1357/707 640/1352/671
f 626/1358/645 641/1357/707 627/1334/606
f 626/1358/645 639/1353/642 641/1357/707
f 639/1353/642 626/1358/645 629/1359/704
f 637/1347/665 629/1351/704 625/1360/654
f 625/1360/654 634/1348/705 637/1347/665
f 628/1326/630 634/1341/705 625/1324/654
f 643/1361/627 642/1362/708 646/1363/682
f 647/1364/630 642/1365/708 643/1366/627
f 645/1367/650 642/1365/708 644/1368/675
f 647/1364/630 644/1368/675 642/1365/708
f 642/1365/708 645/1367/650 648/1369/673
f 648/1370/673 646/1363/682 642/1362/708
f 649/1371/659 650/1372/709 648/1373/673
f 645/1374/650 649/1371/659 648/1373/673
f 648/1370/673 650/1375/709 646/1363/682
f 653/1376/710 651/1377/642 650/1378/709
f 650/1375/709 651/1379/642 652/1380/672
f 652/1380/672 646/1363/682 650/1375/709
f 650/1378/709 649/1381/659 653/1376/710
f 651/1377/642 653/1376/710 654/1382/639
f 655/1383/698 654/1382/639 653/1376/710
f 656/1384/647 653/1385/710 649/1371/659
f 655/1383/698 653/1376/710 656/1386/647
f 657/1387/634 655/1383/698 656/1386/647
f 657/1388/634 656/1384/647 644/1389/675
f 649/1371/659 644/1389/675 656/1384/647
f 657/1390/634 644/1368/675 647/1364/630
f 657/1391/634 658/1392/594 655/1393/698
f 658/1392/594 657/1391/634 647/1394/630
f 643/1366/627 658/1395/594 647/1364/630
f 652/1396/672 659/1397/608 658/1392/594
f 655/1393/698 658/1392/594 659/1397/608
f 652/1396/672 658/1392/594 643/1398/627
f 659/1399/608 651/1377/642 654/1382/639
f 651/1377/642 659/1399/608 652/1400/672
f 659/1399/608 654/1382/639 655/1383/698
f 646/1363/682 652/1380/672 643/1361/627
f 644/1389/675 649/1371/659 645/1374/650
f 662/1401/610 660/1402/640 661/1403/627
f 661/1404/627 660/1405/640 664/1406/630
f 662/1401/610 665/1407/711 660/1402/640
f 666/1408/712 660/1402/640 663/1409/713
f 663/1409/713 660/1402/640 665/1407/711
f 660/1402/640 666/1408/712 664/1410/630
f 666/1411/712 668/1412/714 664/1406/630
f 666/1413/712 663/1414/713 667/1415/715
f 666/1416/712 667/1417/715 668/1418/714
f 668/1418/714 669/1419/636 671/1420/632
f 669/1419/636 668/1418/714 667/1417/715
f 671/1421/632 670/1422/687 668/1412/714
f 664/1406/630 668/1412/714 670/1422/687
f 671/1420/632 669/1419/636 672/1423/651
f 670/1422/687 671/1421/632 672/1424/651
f 672/1425/651 674/1426/716 673/1427/629
f 672/1425/651 673/1427/629 670/1428/687
f 669/1419/636 674/1429/716 672/1423/651
f 676/1430/638 675/1431/611 674/1432/716
f 674/1426/716 675/1433/611 662/1434/610
f 662/1434/610 673/1427/629 674/1426/716
f 674/1432/716 669/1435/636 676/1430/638
f 667/1417/715 676/1436/638 669/1419/636
f 675/1431/611 676/1430/638 677/1437/639
f 663/1414/713 677/1437/639 676/1430/638
f 663/1414/713 676/1430/638 667/1415/715
f 665/1438/711 677/1437/639 663/1414/713
f 665/1438/711 675/1431/611 677/1437/639
f 675/1431/611 665/1438/711 662/1439/610
f 673/1427/629 662/1434/610 661/1440/627
f 661/1440/627 670/1428/687 673/1427/629
f 664/1406/630 670/1422/687 661/1404/627
f 682/1441/654 678/1442/628 679/1443/629
f 684/1444/651 679/1443/629 678/1442/628
f 681/1445/650 678/1446/628 680/1447/668
f 683/1448/630 680/1447/668 678/1446/628
f 678/1446/628 681/1445/650 684/1449/651
f 683/1448/630 678/1446/628 682/1450/654
f 685/1451/636 686/1452/652 684/1453/651
f 681/1454/650 685/1451/636 684/1453/651
f 684/1444/651 686/1455/652 679/1443/629
f 688/1456/680 679/1443/629 686/1455/652
f 689/1457/717 687/1458/611 686/1459/652
f 686/1455/652 687/1460/611 688/1456/680
f 686/1459/652 685/1461/636 689/1457/717
f 687/1458/611 689/1457/717 690/1462/639
f 691/1463/698 690/1462/639 689/1457/717
f 691/1463/698 689/1457/717 692/1464/647
f 692/1465/647 689/1466/717 685/1451/636
f 693/1467/634 691/1463/698 692/1464/647
f 693/1468/634 692/1465/647 680/1469/668
f 685/1451/636 680/1469/668 692/1465/647
f 694/1470/701 693/1471/634 683/1472/630
f 693/1473/634 680/1447/668 683/1448/630
f 693/1471/634 694/1470/701 691/1474/698
f 691/1474/698 694/1470/701 695/1475/661
f 682/1450/654 694/1476/701 683/1448/630
f 688/1477/680 694/1470/701 682/1478/654
f 688/1477/680 695/1475/661 694/1470/701
f 695/1479/661 690/1462/639 691/1463/698
f 695/1479/661 687/1458/611 690/1462/639
f 687/1458/611 695/1479/661 688/1480/680
f 679/1443/629 688/1456/680 682/1441/654
f 680/1469/668 685/1451/636 681/1454/650
f 698/1481/611 697/1482/671 696/1483/639
f 699/1484/698 696/1483/639 697/1482/671
f 700/1485/718 698/1481/611 696/1483/639
f 700/1485/718 696/1483/639 699/1484/698
f 699/1486/698 701/1487/719 700/1488/718
f 702/1489/720 700/1488/718 701/1487/719
f 698/1481/611 700/1485/718 702/1490/720
f 704/1491/665 702/1492/720 703/1493/721
f 702/1489/720 701/1487/719 703/1494/721
f 705/1495/613 698/1496/611 702/1492/720
f 702/1492/720 704/1491/665 705/1495/613
f 707/1497/651 705/1495/613 704/1491/665
f 697/1482/671 698/1481/611 705/1498/613
f 705/1498/613 706/1499/636 697/1482/671
f 706/1500/636 705/1501/613 707/1502/651
f 709/1503/658 706/1500/636 707/1502/651
f 708/1504/722 709/1505/658 707/1506/651
f 707/1497/651 704/1491/665 708/1507/722
f 709/1505/658 708/1504/722 710/1508/668
f 710/1509/668 706/1500/636 709/1503/658
f 706/1500/636 710/1509/668 711/1510/603
f 712/1511/634 711/1510/603 710/1509/668
f 712/1512/634 710/1508/668 713/1513/630
f 713/1513/630 710/1508/668 708/1504/722
f 701/1487/719 712/1514/634 713/1515/630
f 703/1516/721 701/1517/719 713/1513/630
f 713/1513/630 708/1504/722 703/1516/721
f 712/1514/634 701/1487/719 699/1486/698
f 712/1518/634 699/1484/698 711/1519/603
f 711/1510/603 697/1520/671 706/1500/636
f 699/1484/698 697/1482/671 711/1519/603
f 703/1493/721 708/1507/722 704/1491/665
f 718/1521/642 715/1522/671 714/1523/639
f 716/1524/713 714/1523/639 715/1522/671
f 717/1525/645 714/1523/639 716/1524/713
f 717/1525/645 718/1521/642 714/1523/639
f 718/1521/642 717/1525/645 720/1526/680
f 715/1522/671 718/1521/642 719/1527/613
f 719/1528/613 718/1529/642 720/1530/680
f 722/1531/629 720/1530/680 721/1532/627
f 720/1533/680 723/1534/646 721/1535/627
f 720/1530/680 722/1531/629 719/1528/613
f 720/1533/680 717/1536/645 723/1534/646
f 721/1537/627 723/1538/646 724/1539/723
f 723/1534/646 725/1540/634 724/1541/723
f 716/1542/713 723/1534/646 717/1536/645
f 725/1540/634 723/1534/646 716/1542/713
f 725/1543/634 726/1544/649 724/1539/723
f 725/1545/634 727/1546/647 726/1547/649
f 725/1548/634 716/1524/713 727/1549/647
f 727/1546/647 715/1550/671 728/1551/636
f 728/1551/636 726/1547/649 727/1546/647
f 716/1524/713 715/1522/671 727/1549/647
f 728/1551/636 719/1552/613 729/1553/673
f 719/1527/613 728/1554/636 715/1522/671
f 730/1555/690 728/1551/636 729/1553/673
f 726/1547/649 728/1551/636 730/1555/690
f 730/1556/690 731/1557/656 726/1544/649
f 731/1557/656 730/1556/690 729/1558/673
f 724/1539/723 726/1544/649 731/1557/656
f 724/1539/723 731/1557/656 721/1537/627
f 729/1559/673 722/1531/629 731/1560/656
f 721/1532/627 731/1560/656 722/1531/629
f 729/1559/673 719/1528/613 722/1531/629
f 734/1561/627 733/1562/640 732/1563/630
f 733/1564/640 736/1565/634 732/1566/630
f 732/1563/630 737/1567/628 734/1561/627
f 732/1563/630 735/1568/703 737/1567/628
f 736/1569/634 735/1568/703 732/1563/630
f 737/1567/628 738/1570/632 740/1571/651
f 738/1570/632 737/1567/628 735/1568/703
f 734/1572/627 737/1573/628 739/1574/682
f 740/1575/651 739/1574/682 737/1573/628
f 741/1576/696 742/1577/613 740/1578/651
f 738/1579/632 741/1576/696 740/1578/651
f 740/1575/651 742/1580/613 739/1574/682
f 742/1580/613 743/1581/611 744/1582/672
f 745/1583/638 743/1584/611 742/1585/613
f 744/1582/672 739/1574/682 742/1580/613
f 742/1585/613 741/1586/696 745/1583/638
f 746/1587/606 745/1583/638 747/1588/697
f 746/1587/606 748/1589/639 745/1583/638
f 747/1590/697 745/1591/638 741/1576/696
f 743/1584/611 745/1583/638 748/1589/639
f 749/1592/660 743/1584/611 748/1589/639
f 749/1592/660 748/1589/639 746/1587/606
f 746/1593/606 733/1564/640 749/1594/660
f 744/1595/672 749/1594/660 733/1564/640
f 743/1584/611 749/1592/660 744/1596/672
f 741/1576/696 735/1597/703 747/1590/697
f 736/1598/634 746/1587/606 747/1588/697
f 736/1599/634 747/1590/697 735/1597/703
f 736/1565/634 733/1564/640 746/1593/606
f 739/1574/682 744/1582/672 734/1572/627
f 744/1595/672 733/1564/640 734/1600/627
f 735/1597/703 741/1576/696 738/1579/632
f 753/1601/724 750/1602/725 751/1603/726
f 754/1604/727 751/1603/726 750/1602/725
f 752/1605/728 750/1602/725 753/1601/724
f 752/1605/728 754/1604/727 750/1602/725
f 757/1606/729 755/1607/730 754/1604/727
f 754/1604/727 755/1607/730 751/1603/726
f 757/1608/729 754/1609/727 756/1610/731
f 754/1609/727 752/1611/728 756/1610/731
f 756/1612/731 758/1613/732 757/1614/729
f 757/1614/729 758/1613/732 759/1615/733
f 757/1616/729 759/1617/733 755/1618/730
f 760/1619/734 755/1618/730 759/1617/733
f 759/1617/733 762/1620/735 760/1619/734
f 762/1621/735 759/1615/733 761/1622/736
f 758/1613/732 761/1622/736 759/1615/733
f 761/1623/736 763/1624/737 762/1625/735
f 762/1620/735 763/1626/737 760/1619/734
f 763/1624/737 761/1623/736 764/1627/738
f 760/1619/734 763/1626/737 765/1628/739
f 763/1624/737 764/1627/738 765/1629/739
f 766/1630/740 765/1629/739 764/1627/738
f 765/1631/739 766/1632/740 753/1601/724
f 765/1631/739 751/1603/726 760/1633/734
f 751/1603/726 765/1631/739 753/1601/724
f 764/1627/738 767/1634/741 766/1630/740
f 766/1635/740 767/1636/741 756/1610/731
f 766/1635/740 756/1610/731 752/1611/728
f 753/1601/724 766/1632/740 752/1605/728
f 767/1637/741 758/1613/732 756/1612/731
f 758/1613/732 767/1637/741 761/1622/736
f 767/1634/741 764/1627/738 761/1623/736
f 755/1618/730 760/1619/734 751/1638/726
f 769/1639/742 768/1640/743 772/1641/622
f 769/1639/742 771/1642/744 768/1640/743
f 772/1641/622 768/1640/743 770/1643/619
f 771/1642/744 770/1643/619 768/1640/743
f 770/1643/619 774/1644/739 772/1641/622
f 772/1641/622 773/1645/745 769/1639/742
f 774/1644/739 773/1645/745 772/1641/622
f 773/1646/745 774/1647/739 775/1648/746
f 777/1649/747 775/1648/746 774/1647/739
f 776/1650/748 777/1651/747 774/1652/739
f 774/1644/739 770/1643/619 776/1653/748
f 778/1654/749 777/1649/747 779/1655/750
f 777/1649/747 778/1654/749 775/1648/746
f 779/1656/750 777/1651/747 776/1650/748
f 780/1657/751 779/1656/750 776/1650/748
f 779/1658/750 780/1659/751 778/1660/749
f 781/1661/752 782/1662/753 780/1659/751
f 781/1663/752 780/1657/751 783/1664/617
f 776/1650/748 783/1664/617 780/1657/751
f 782/1662/753 778/1660/749 780/1659/751
f 781/1665/752 783/1666/617 771/1642/744
f 783/1664/617 776/1650/748 770/1667/619
f 771/1642/744 783/1666/617 770/1643/619
f 784/1668/754 782/1662/753 781/1661/752
f 785/1669/755 782/1662/753 784/1668/754
f 782/1662/753 785/1669/755 778/1660/749
f 773/1670/745 785/1671/755 784/1672/754
f 775/1648/746 785/1673/755 773/1646/745
f 785/1673/755 775/1648/746 778/1654/749
f 773/1670/745 784/1672/754 769/1674/742
f 771/1675/744 769/1674/742 784/1672/754
f 781/1676/752 771/1675/744 784/1672/754
f 790/1677/600 786/1678/753 787/1679/756
f 787/1679/756 786/1678/753 791/1680/733
f 786/1678/753 788/1681/755 789/1682/757
f 788/1681/755 786/1678/753 790/1677/600
f 786/1678/753 789/1682/757 791/1680/733
f 791/1683/733 792/1684/758 794/1685/759
f 792/1686/758 791/1680/733 789/1682/757
f 794/1685/759 793/1687/617 791/1683/733
f 787/1688/756 791/1683/733 793/1687/617
f 796/1689/739 795/1690/619 794/1691/759
f 793/1687/617 794/1685/759 795/1692/619
f 792/1684/758 797/1693/760 794/1685/759
f 794/1685/759 797/1693/760 796/1694/739
f 789/1695/757 797/1696/760 792/1697/758
f 797/1696/760 798/1698/738 796/1699/739
f 797/1696/760 789/1695/757 798/1698/738
f 799/1700/745 796/1699/739 798/1698/738
f 798/1698/738 788/1701/755 799/1700/745
f 788/1701/755 798/1698/738 789/1695/757
f 799/1702/745 788/1703/755 790/1704/600
f 801/1705/622 799/1706/745 800/1707/761
f 799/1702/745 790/1704/600 800/1708/761
f 796/1689/739 799/1706/745 801/1705/622
f 795/1690/619 796/1689/739 801/1705/622
f 800/1707/761 802/1709/743 801/1705/622
f 801/1705/622 802/1709/743 795/1690/619
f 803/1710/744 795/1690/619 802/1709/743
f 800/1707/761 803/1710/744 802/1709/743
f 803/1710/744 793/1711/617 795/1690/619
f 803/1712/744 800/1708/761 790/1704/600
f 787/1713/756 793/1711/617 803/1710/744
f 787/1714/756 803/1712/744 790/1704/600
f 807/1715/622 804/1716/725 805/1717/619
f 806/1718/762 805/1717/619 804/1716/725
f 808/1719/763 806/1718/762 804/1716/725
f 808/1719/763 804/1716/725 807/1715/622
f 810/1720/740 809/1721/764 808/1722/763
f 806/1723/762 808/1722/763 809/1721/764
f 807/1715/622 810/1724/740 808/1719/763
f 812/1725/765 811/1726/766 810/1727/740
f 810/1720/740 811/1728/766 809/1721/764
f 810/1727/740 813/1729/739 812/1725/765
f 813/1730/739 810/1724/740 807/1715/622
f 805/1717/619 813/1730/739 807/1715/622
f 813/1730/739 805/1717/619 814/1731/734
f 814/1732/734 815/1733/737 813/1734/739
f 815/1735/737 812/1725/765 813/1729/739
f 816/1736/767 815/1735/737 817/1737/768
f 815/1735/737 816/1736/767 812/1725/765
f 817/1738/768 815/1733/737 814/1732/734
f 817/1739/768 818/1740/769 816/1741/767
f 818/1742/769 817/1738/768 814/1732/734
f 819/1743/770 816/1741/767 818/1740/769
f 820/1744/752 819/1743/770 818/1740/769
f 820/1745/752 818/1742/769 821/1746/617
f 814/1732/734 821/1746/617 818/1742/769
f 820/1747/752 821/1748/617 806/1718/762
f 821/1746/617 814/1732/734 805/1749/619
f 806/1718/762 821/1748/617 805/1717/619
f 820/1750/752 806/1723/762 809/1721/764
f 809/1751/764 819/1743/770 820/1744/752
f 811/1752/766 819/1743/770 809/1751/764
f 819/1743/770 811/1752/766 816/1741/767
f 811/1726/766 812/1725/765 816/1736/767
f 826/1753/754 822/1754/753 823/1755/752
f 823/1755/752 822/1754/753 827/1756/733
f 822/1754/753 824/1757/771 825/1758/772
f 824/1757/771 822/1754/753 826/1753/754
f 822/1754/753 825/1758/772 827/1756/733
f 827/1759/733 829/1760/773 828/1761/759
f 828/1761/759 830/1762/617 827/1759/733
f 829/1763/773 827/1756/733 825/1758/772
f 823/1764/752 827/1759/733 830/1762/617
f 823/1765/752 830/1766/617 831/1767/774
f 831/1767/774 830/1766/617 832/1768/619
f 830/1762/617 828/1761/759 832/1769/619
f 834/1770/622 833/1771/775 832/1768/619
f 831/1767/774 832/1768/619 833/1771/775
f 835/1772/739 832/1768/619 828/1773/759
f 832/1768/619 835/1772/739 834/1770/622
f 835/1772/739 836/1774/776 834/1770/622
f 836/1775/776 835/1776/739 837/1777/738
f 838/1778/777 837/1777/738 835/1776/739
f 828/1761/759 838/1779/777 835/1780/739
f 829/1760/773 838/1779/777 828/1761/759
f 825/1781/772 838/1778/777 829/1782/773
f 838/1778/777 825/1781/772 837/1777/738
f 837/1777/738 824/1783/771 836/1775/776
f 824/1783/771 837/1777/738 825/1781/772
f 836/1784/776 826/1785/754 839/1786/728
f 836/1784/776 824/1787/771 826/1785/754
f 834/1770/622 836/1774/776 839/1788/728
f 831/1789/774 839/1786/728 826/1785/754
f 839/1788/728 831/1767/774 833/1771/775
f 839/1788/728 833/1771/775 834/1770/622
f 823/1790/752 831/1789/774 826/1785/754
f 842/1791/622 840/1792/620 841/1793/619
f 843/1794/744 841/1793/619 840/1792/620
f 844/1795/778 840/1792/620 842/1791/622
f 844/1795/778 843/1794/744 840/1792/620
f 843/1796/744 844/1797/778 845/1798/731
f 846/1799/779 845/1798/731 844/1797/778
f 842/1791/622 846/1800/779 844/1795/778
f 848/1801/738 847/1802/780 846/1803/779
f 846/1799/779 847/1804/780 845/1798/731
f 846/1803/779 849/1805/739 848/1801/738
f 849/1806/739 846/1800/779 842/1791/622
f 851/1807/777 848/1801/738 849/1805/739
f 850/1808/734 851/1809/777 849/1810/739
f 849/1806/739 841/1793/619 850/1811/734
f 841/1793/619 849/1806/739 842/1791/622
f 852/1812/735 851/1809/777 850/1808/734
f 853/1813/772 851/1807/777 852/1814/735
f 851/1807/777 853/1813/772 848/1801/738
f 852/1815/735 854/1816/781 853/1817/772
f 855/1818/753 853/1817/772 854/1816/781
f 847/1802/780 848/1801/738 853/1813/772
f 855/1818/753 847/1819/780 853/1817/772
f 847/1819/780 855/1818/753 845/1820/731
f 845/1820/731 855/1818/753 856/1821/782
f 856/1821/782 855/1818/753 854/1816/781
f 856/1822/782 857/1823/783 843/1794/744
f 856/1824/782 854/1825/781 857/1826/783
f 856/1827/782 843/1796/744 845/1798/731
f 843/1794/744 857/1823/783 841/1793/619
f 857/1826/783 850/1808/734 841/1828/619
f 850/1808/734 857/1826/783 854/1825/781
f 854/1825/781 852/1812/735 850/1808/734
f 862/1829/784 859/1830/785 858/1831/725
f 859/1830/785 861/1832/786 858/1831/725
f 862/1829/784 858/1831/725 860/1833/622
f 860/1833/622 858/1831/725 861/1832/786
f 859/1834/785 862/1835/784 863/1836/787
f 864/1837/788 863/1836/787 862/1835/784
f 860/1833/622 864/1838/788 862/1829/784
f 867/1839/738 865/1840/755 864/1841/788
f 864/1837/788 865/1842/755 863/1836/787
f 866/1843/739 864/1838/788 860/1833/622
f 864/1841/788 866/1844/739 867/1839/738
f 865/1840/755 867/1839/738 868/1845/767
f 869/1846/760 868/1845/767 867/1839/738
f 869/1846/760 867/1839/738 866/1844/739
f 870/1847/734 869/1848/760 866/1849/739
f 871/1850/735 869/1848/760 870/1847/734
f 868/1845/767 869/1846/760 871/1851/735
f 871/1852/735 872/1853/733 868/1854/767
f 872/1855/733 871/1850/735 870/1847/734
f 873/1856/753 868/1854/767 872/1853/733
f 874/1857/782 873/1856/753 872/1853/733
f 874/1858/782 872/1855/733 875/1859/789
f 870/1847/734 875/1859/789 872/1855/733
f 874/1860/782 875/1861/789 859/1830/785
f 875/1859/789 870/1847/734 861/1862/786
f 859/1830/785 875/1861/789 861/1832/786
f 874/1863/782 859/1834/785 863/1836/787
f 863/1864/787 873/1856/753 874/1857/782
f 873/1856/753 865/1865/755 868/1854/767
f 865/1865/755 873/1856/753 863/1864/787
f 866/1843/739 861/1832/786 870/1866/734
f 861/1832/786 866/1843/739 860/1833/622
f 879/1867/622 876/1868/743 877/1869/619
f 878/1870/774 877/1869/619 876/1868/743
f 880/1871/728 878/1870/774 876/1868/743
f 880/1871/728 876/1868/743 879/1867/622
f 882/1872/790 881/1873/754 880/1874/728
f 878/1875/774 880/1874/728 881/1873/754
f 879/1867/622 882/1876/790 880/1871/728
f 884/1877/791 883/1878/780 882/1879/790
f 882/1872/790 883/1880/780 881/1873/754
f 882/1879/790 885/1881/792 884/1877/791
f 885/1882/792 882/1876/790 879/1867/622
f 887/1883/777 884/1877/791 885/1881/792
f 886/1884/793 887/1885/777 885/1886/792
f 885/1882/792 877/1869/619 886/1887/793
f 877/1869/619 885/1882/792 879/1867/622
f 888/1888/767 887/1883/777 889/1889/758
f 887/1883/777 888/1888/767 884/1877/791
f 889/1890/758 887/1885/777 886/1884/793
f 889/1891/758 890/1892/769 888/1893/767
f 890/1894/769 889/1890/758 886/1884/793
f 891/1895/753 888/1893/767 890/1892/769
f 893/1896/752 891/1895/753 890/1892/769
f 886/1884/793 892/1897/789 890/1894/769
f 893/1898/752 890/1894/769 892/1897/789
f 893/1899/752 878/1875/774 881/1873/754
f 881/1900/754 891/1895/753 893/1896/752
f 893/1901/752 892/1902/789 878/1870/774
f 878/1870/774 892/1902/789 877/1869/619
f 892/1897/789 886/1884/793 877/1903/619
f 883/1904/780 891/1895/753 881/1900/754
f 891/1895/753 883/1904/780 888/1893/767
f 883/1878/780 884/1877/791 888/1888/767
f 895/1905/794 896/1906/746 894/1907/795
f 899/1908/796 895/1909/794 894/1910/795
f 900/1911/797 894/1907/795 896/1906/746
f 898/1912/798 897/1913/799 894/1910/795
f 899/1908/796 894/1910/795 897/1913/799
f 894/1907/795 900/1911/797 898/1914/798
f 901/1915/616 900/1916/797 902/1917/739
f 898/1918/798 900/1916/797 901/1915/616
f 900/1911/797 896/1906/746 902/1919/739
f 903/1920/745 902/1919/739 896/1906/746
f 902/1921/739 903/1922/745 905/1923/622
f 902/1921/739 904/1924/786 901/1925/616
f 904/1924/786 902/1921/739 905/1923/622
f 906/1926/778 907/1927/800 905/1923/622
f 905/1923/622 903/1922/745 906/1926/778
f 905/1923/622 907/1927/800 904/1924/786
f 906/1926/778 908/1928/744 907/1927/800
f 908/1928/744 904/1924/786 907/1927/800
f 908/1928/744 909/1929/783 904/1924/786
f 911/1930/752 909/1929/783 908/1928/744
f 911/1931/752 908/1932/744 910/1933/787
f 908/1932/744 906/1934/778 910/1933/787
f 910/1935/787 899/1908/796 911/1936/752
f 911/1936/752 899/1908/796 897/1913/799
f 911/1937/752 897/1938/799 909/1939/783
f 895/1909/794 899/1908/796 910/1935/787
f 903/1940/745 910/1933/787 906/1934/778
f 903/1940/745 895/1941/794 910/1933/787
f 909/1939/783 901/1915/616 904/1942/786
f 901/1915/616 909/1939/783 897/1938/799
f 896/1906/746 895/1905/794 903/1920/745
f 897/1938/799 898/1918/798 901/1915/616
f 916/1943/622 912/1944/801 913/1945/619
f 914/1946/802 913/1945/619 912/1944/801
f 915/1947/803 914/1946/802 912/1944/801
f 915/1947/803 912/1944/801 916/1943/622
f 916/1943/622 917/1948/779 915/1947/803
f 918/1949/804 917/1948/779 916/1943/622
f 913/1945/619 918/1949/804 916/1943/622
f 917/1950/779 918/1951/804 919/1952/765
f 921/1953/777 919/1952/765 918/1951/804
f 918/1949/804 913/1945/619 920/1954/616
f 920/1955/616 921/1956/777 918/1957/804
f 922/1958/772 921/1953/777 923/1959/758
f 921/1953/777 922/1958/772 919/1952/765
f 923/1960/758 921/1956/777 920/1955/616
f 924/1961/781 923/1960/758 920/1955/616
f 923/1962/758 924/1963/781 922/1964/772
f 925/1965/752 926/1966/753 924/1963/781
f 925/1967/752 924/1961/781 927/1968/730
f 920/1955/616 927/1968/730 924/1961/781
f 926/1966/753 922/1964/772 924/1963/781
f 927/1968/730 920/1955/616 913/1969/619
f 914/1946/802 927/1970/730 913/1945/619
f 925/1971/752 927/1970/730 914/1946/802
f 929/1972/805 926/1966/753 928/1973/600
f 928/1973/600 926/1966/753 925/1965/752
f 926/1966/753 929/1972/805 922/1964/772
f 917/1974/779 929/1975/805 928/1976/600
f 929/1977/805 919/1952/765 922/1958/772
f 919/1952/765 929/1977/805 917/1950/779
f 925/1978/752 914/1979/802 928/1976/600
f 914/1979/802 915/1980/803 928/1976/600
f 917/1974/779 928/1976/600 915/1980/803
f 934/1981/622 930/1982/725 931/1983/786
f 932/1984/774 931/1983/786 930/1982/725
f 933/1985/761 932/1984/774 930/1982/725
f 933/1985/761 930/1982/725 934/1981/622
f 934/1981/622 935/1986/745 933/1985/761
f 936/1987/739 935/1986/745 934/1981/622
f 931/1983/786 936/1987/739 934/1981/622
f 935/1988/745 936/1989/739 937/1990/738
f 939/1991/777 937/1990/738 936/1989/739
f 936/1987/739 931/1983/786 938/1992/616
f 938/1993/616 939/1994/777 936/1995/739
f 940/1996/806 939/1994/777 938/1993/616
f 941/1997/736 939/1991/777 940/1998/806
f 939/1991/777 941/1997/736 937/1990/738
f 942/1999/807 937/1990/738 941/1997/736
f 943/2000/770 942/2001/807 941/2002/736
f 943/2000/770 941/2002/736 944/2003/733
f 940/2004/806 944/2003/733 941/2002/736
f 945/2005/782 943/2000/770 944/2003/733
f 945/2006/782 944/2007/733 946/2008/789
f 944/2007/733 940/1996/806 938/1993/616
f 938/1993/616 946/2008/789 944/2007/733
f 945/2009/782 946/2010/789 932/1984/774
f 946/2008/789 938/1993/616 931/2011/786
f 932/1984/774 946/2010/789 931/1983/786
f 947/2012/787 943/2000/770 945/2005/782
f 945/2013/782 932/2014/774 947/2015/787
f 932/2014/774 933/2016/761 947/2015/787
f 942/2001/807 943/2000/770 947/2012/787
f 935/2017/745 942/2018/807 947/2015/787
f 935/2017/745 947/2015/787 933/2016/761
f 937/1990/738 942/1999/807 935/1988/745
f 950/2019/600 948/2020/753 949/2021/752
f 949/2021/752 948/2020/753 952/2022/808
f 951/2023/809 948/2020/753 950/2019/600
f 948/2020/753 951/2023/809 953/2024/810
f 948/2020/753 953/2024/810 952/2022/808
f 955/2025/811 952/2022/808 953/2024/810
f 951/2026/809 954/2027/812 953/2028/810
f 956/2029/813 953/2028/810 954/2027/812
f 953/2028/810 956/2029/813 955/2030/811
f 955/2031/811 956/2032/813 958/2033/793
f 956/2029/813 954/2027/812 957/2034/814
f 958/2033/793 956/2032/813 957/2035/814
f 958/2033/793 959/2036/789 952/2037/808
f 952/2037/808 955/2031/811 958/2033/793
f 959/2036/789 958/2033/793 960/2038/619
f 957/2039/814 960/2040/619 958/2041/793
f 961/2042/762 959/2043/789 960/2040/619
f 961/2042/762 960/2040/619 963/2044/725
f 960/2040/619 957/2039/814 962/2045/622
f 962/2045/622 963/2044/725 960/2040/619
f 964/2046/621 961/2042/762 963/2044/725
f 964/2046/621 963/2044/725 962/2045/622
f 961/2047/762 964/2048/621 950/2049/600
f 965/2050/740 950/2049/600 964/2048/621
f 962/2045/622 965/2051/740 964/2046/621
f 954/2027/812 951/2026/809 965/2052/740
f 965/2050/740 951/2053/809 950/2049/600
f 957/2039/814 965/2051/740 962/2045/622
f 965/2052/740 957/2034/814 954/2027/812
f 949/2054/752 961/2047/762 950/2049/600
f 949/2055/752 959/2043/789 961/2042/762
f 949/2056/752 952/2037/808 959/2036/789
f 967/2057/621 966/2058/725 970/2059/622
f 967/2057/621 969/2060/774 966/2058/725
f 970/2059/622 966/2058/725 968/2061/619
f 969/2060/774 968/2061/619 966/2058/725
f 972/2062/739 971/2063/740 970/2059/622
f 970/2059/622 971/2063/740 967/2057/621
f 968/2061/619 972/2062/739 970/2059/622
f 973/2064/737 974/2065/746 972/2066/739
f 975/2067/734 973/2068/737 972/2069/739
f 971/2070/740 972/2066/739 974/2065/746
f 972/2062/739 968/2061/619 975/2071/734
f 977/2072/815 975/2067/734 968/2073/619
f 976/2074/733 978/2075/750 975/2067/734
f 975/2067/734 977/2072/815 976/2074/733
f 978/2075/750 973/2068/737 975/2067/734
f 978/2076/750 976/2077/733 979/2078/767
f 979/2079/767 973/2064/737 978/2080/750
f 981/2081/807 974/2065/746 979/2079/767
f 973/2064/737 979/2079/767 974/2065/746
f 980/2082/770 979/2078/767 976/2077/733
f 980/2082/770 981/2083/807 979/2078/767
f 971/2084/740 981/2085/807 982/2086/787
f 981/2083/807 980/2082/770 982/2087/787
f 974/2065/746 981/2081/807 971/2070/740
f 983/2088/752 969/2089/774 982/2086/787
f 969/2089/774 967/2090/621 982/2086/787
f 982/2087/787 980/2082/770 983/2091/752
f 971/2084/740 982/2086/787 967/2090/621
f 983/2091/752 980/2082/770 976/2077/733
f 983/2092/752 977/2093/815 969/2060/774
f 983/2094/752 976/2074/733 977/2072/815
f 969/2060/774 977/2093/815 968/2061/619
f 989/2095/779 985/2096/809 984/2097/600
f 985/2098/809 988/2099/770 984/2100/600
f 989/2095/779 984/2097/600 986/2101/778
f 987/2102/762 986/2101/778 984/2097/600
f 990/2103/752 987/2102/762 984/2097/600
f 984/2100/600 988/2099/770 990/2104/752
f 990/2104/752 988/2099/770 991/2105/769
f 990/2106/752 991/2107/769 992/2108/815
f 990/2109/752 992/2110/815 987/2111/762
f 992/2108/815 993/2112/759 994/2113/816
f 993/2112/759 992/2108/815 991/2107/769
f 987/2111/762 992/2110/815 994/2114/816
f 996/2115/622 995/2116/725 994/2114/816
f 987/2111/762 994/2114/816 995/2116/725
f 994/2114/816 997/2117/817 996/2115/622
f 997/2117/817 994/2114/816 993/2118/759
f 997/2117/817 989/2119/779 996/2115/622
f 989/2120/779 997/2121/817 998/2122/812
f 999/2123/747 998/2122/812 997/2121/817
f 993/2112/759 999/2124/747 997/2125/817
f 1000/2126/767 999/2123/747 1001/2127/758
f 999/2123/747 1000/2126/767 998/2122/812
f 1001/2128/758 999/2124/747 993/2112/759
f 1001/2129/758 991/2105/769 1000/2130/767
f 991/2107/769 1001/2128/758 993/2112/759
f 985/2131/809 998/2122/812 1000/2126/767
f 988/2099/770 985/2098/809 1000/2130/767
f 988/2099/770 1000/2130/767 991/2105/769
f 998/2122/812 985/2131/809 989/2120/779
f 996/2115/622 989/2119/779 986/2132/778
f 986/2132/778 995/2116/725 996/2115/622
f 986/2132/778 987/2111/762 995/2116/725
f 1006/2133/731 1002/2134/770 1003/2135/782
f 1003/2135/782 1002/2134/770 1007/2136/733
f 1002/2134/770 1004/2137/780 1005/2138/736
f 1004/2137/780 1002/2134/770 1006/2133/731
f 1002/2134/770 1005/2138/736 1007/2136/733
f 1007/2139/733 1009/2140/818 1008/2141/759
f 1008/2141/759 1010/2142/617 1007/2139/733
f 1003/2143/782 1007/2139/733 1010/2142/617
f 1009/2144/818 1007/2136/733 1005/2138/736
f 1003/2145/782 1010/2146/617 1011/2147/762
f 1011/2147/762 1010/2146/617 1012/2148/619
f 1010/2142/617 1008/2141/759 1012/2149/619
f 1014/2150/622 1013/2151/743 1012/2148/619
f 1011/2147/762 1012/2148/619 1013/2151/743
f 1015/2152/817 1012/2148/619 1008/2153/759
f 1012/2148/619 1015/2152/817 1014/2150/622
f 1015/2152/817 1018/2154/779 1014/2150/622
f 1017/2155/737 1016/2156/765 1015/2157/817
f 1018/2158/779 1015/2157/817 1016/2156/765
f 1008/2141/759 1017/2159/737 1015/2160/817
f 1018/2161/779 1006/2162/731 1019/2163/728
f 1018/2161/779 1004/2164/780 1006/2162/731
f 1016/2156/765 1004/2165/780 1018/2158/779
f 1014/2150/622 1018/2154/779 1019/2166/728
f 1011/2167/762 1019/2163/728 1006/2162/731
f 1019/2166/728 1011/2147/762 1013/2151/743
f 1019/2166/728 1013/2151/743 1014/2150/622
f 1005/2168/736 1017/2155/737 1009/2169/818
f 1017/2155/737 1005/2168/736 1016/2156/765
f 1009/2140/818 1017/2159/737 1008/2141/759
f 1004/2165/780 1016/2156/765 1005/2168/736
f 1003/2170/782 1011/2167/762 1006/2162/731
f 1026/2171/752 1021/2172/774 1020/2173/731
f 1021/2172/774 1024/2174/621 1020/2173/731
f 1023/2175/819 1022/2176/770 1020/2177/731
f 1020/2177/731 1022/2176/770 1026/2178/752
f 1025/2179/779 1023/2180/819 1020/2173/731
f 1025/2179/779 1020/2173/731 1024/2174/621
f 1026/2178/752 1022/2176/770 1028/2181/733
f 1026/2182/752 1027/2183/617 1021/2184/774
f 1026/2185/752 1028/2186/733 1027/2187/617
f 1028/2186/733 1030/2188/758 1029/2189/759
f 1029/2189/759 1027/2187/617 1028/2186/733
f 1022/2176/770 1031/2190/767 1028/2181/733
f 1030/2191/758 1028/2181/733 1031/2190/767
f 1023/2192/819 1032/2193/738 1031/2194/767
f 1033/2195/737 1031/2194/767 1032/2193/738
f 1031/2194/767 1033/2195/737 1030/2196/758
f 1022/2176/770 1023/2175/819 1031/2190/767
f 1033/2195/737 1032/2193/738 1034/2197/817
f 1030/2188/758 1033/2198/737 1029/2189/759
f 1029/2189/759 1033/2198/737 1034/2199/817
f 1025/2200/779 1034/2197/817 1032/2193/738
f 1034/2201/817 1025/2202/779 1035/2203/622
f 1034/2201/817 1036/2204/619 1029/2205/759
f 1036/2204/619 1034/2201/817 1035/2203/622
f 1035/2203/622 1037/2206/743 1036/2204/619
f 1021/2184/774 1036/2204/619 1037/2206/743
f 1021/2184/774 1027/2183/617 1036/2204/619
f 1027/2187/617 1029/2189/759 1036/2207/619
f 1024/2208/621 1021/2184/774 1037/2206/743
f 1024/2208/621 1037/2206/743 1035/2203/622
f 1035/2203/622 1025/2202/779 1024/2208/621
f 1032/2193/738 1023/2192/819 1025/2200/779
s 0
f 1045/2231/829 1044/2232/829 1048/2233/829
f 1044/2234/830 1045/2235/830 1046/2236/830
f 1044/2234/831 1046/2236/831 1047/2237/831
f 1047/2238/832 1048/2239/832 1044/2240/832
f 1049/2241/833 1045/2242/833 1048/2243/833
f 1045/2231/834 1046/2244/834 1047/2245/834 1048/2233/834
f 1048/2239/835 1047/2238/835 1049/2246/835
f 1046/2236/836 1049/2247/836 1047/2237/836
f 1049/2247/837 1046/2236/837 1045/2235/837
f 1057/2270/847 1060/2271/847 1056/2272/847
f 1056/2273/848 1058/2274/848 1057/2275/848
f 1056/2276/849 1059/2277/849 1058/2278/849
f 1059/2279/850 1056/2280/850 1060/2281/850
f 1061/2282/851 1060/2283/851 1057/2284/851
f 1057/2270/852 1060/2271/852 1059/2285/852 1058/2286/852
f 1060/2281/853 1061/2287/853 1059/2279/853
f 1058/2274/854 1059/2288/854 1061/2289/854
f 1061/2289/855 1057/2275/855 1058/2274/855
s 1
f 1077/2320/869 1074/2321/870 1073/2322/871
f 1075/2323/872 1073/2324/871 1074/2325/870
f 1076/2326/873 1073/2327/871 1075/2328/872
f 1076/2326/873 1077/2329/869 1073/2327/871
f 1077/2329/869 1076/2326/873 1078/2330/874
f 1081/2331/875 1078/2332/876 1077/2333/877
f 1079/2334/878 1077/2329/869 1078/2330/874
f 1077/2333/877 1078/2332/876 1080/2335/879
f 1074/2321/870 1077/2320/869 1079/2336/878
f 1080/2335/879 1082/2337/880 1077/2333/877
f 1083/2338/881 1081/2339/875 1077/2340/877
f 1077/2340/877 1082/2341/880 1083/2338/881
f 1084/2342/882 1083/2343/881 1082/2344/880
f 1084/2342/882 1086/2345/883 1083/2343/881
f 1081/2339/875 1083/2338/881 1085/2346/884
f 1086/2347/883 1085/2346/884 1083/2338/881
f 1087/2348/885 1086/2349/883 1084/2350/882
f 1087/2351/885 1088/2352/886 1086/2353/883
f 1085/2354/884 1086/2353/883 1088/2352/886
f 1087/2351/885 1089/2355/887 1088/2352/886
f 1088/2352/886 1091/2356/888 1085/2354/884
f 1089/2355/887 1090/2357/889 1088/2352/886
f 1091/2356/888 1088/2352/886 1090/2357/889
f 1090/2357/889 1092/2358/890 1091/2356/888
f 1091/2359/888 1092/2360/890 1085/2346/884
f 1092/2361/890 1090/2362/889 1093/2363/891
f 1085/2346/884 1092/2360/890 1081/2339/875
f 1092/2361/890 1093/2363/891 1081/2364/875
f 1078/2332/876 1081/2331/875 1093/2365/891
f 1093/2363/891 1094/2366/892 1078/2367/876
f 1094/2366/892 1093/2363/891 1090/2362/889
f 1078/2332/876 1094/2368/892 1095/2369/893
f 1094/2370/892 1089/2371/887 1095/2372/893
f 1089/2371/887 1094/2370/892 1090/2373/889
f 1087/2374/885 1084/2375/882 1095/2369/893
f 1084/2375/882 1080/2335/879 1095/2369/893
f 1095/2372/893 1089/2371/887 1087/2376/885
f 1078/2332/876 1095/2369/893 1080/2335/879
f 1080/2335/879 1084/2375/882 1082/2337/880
f 1078/2377/874 1096/2378/894 1079/2379/878
f 1098/2380/895 1079/2379/878 1096/2378/894
f 1079/2336/878 1097/2381/896 1074/2321/870
f 1097/2381/896 1079/2336/878 1098/2382/895
f 1099/2383/897 1100/2384/898 1098/2385/895
f 1098/2380/895 1096/2378/894 1099/2386/897
f 1100/2384/898 1097/2387/896 1098/2385/895
f 1100/2384/898 1099/2383/897 1101/2388/899
f 1101/2388/899 1097/2387/896 1100/2384/898
f 1102/2389/900 1101/2388/899 1103/2390/901
f 1102/2389/900 1104/2391/902 1101/2388/899
f 1097/2387/896 1101/2388/899 1104/2391/902
f 1103/2390/901 1101/2388/899 1099/2383/897
f 1102/2392/900 1075/2393/872 1104/2394/902
f 1104/2395/902 1074/2321/870 1097/2381/896
f 1075/2323/872 1074/2325/870 1104/2396/902
f 1105/2397/903 1102/2398/900 1103/2399/901
f 1106/2400/904 1105/2397/903 1103/2399/901
f 1103/2399/901 1099/2401/897 1106/2400/904
f 1078/2402/874 1105/2397/903 1106/2400/904
f 1106/2403/904 1099/2386/897 1096/2378/894
f 1096/2378/894 1078/2377/874 1106/2403/904
f 1102/2404/900 1105/2405/903 1075/2328/872
f 1075/2328/872 1105/2405/903 1076/2326/873
f 1078/2330/874 1076/2326/873 1105/2405/903
f 1111/2406/905 1108/2407/906 1107/2408/907
f 1109/2409/908 1107/2410/907 1108/2411/906
f 1110/2412/909 1107/2413/907 1109/2414/908
f 1110/2412/909 1111/2415/905 1107/2413/907
f 1111/2415/905 1110/2412/909 1112/2416/910
f 1113/2417/911 1111/2415/905 1112/2416/910
f 1108/2407/906 1111/2406/905 1113/2418/911
f 1112/2419/910 1114/2420/912 1113/2421/911
f 1116/2422/913 1113/2421/911 1114/2420/912
f 1113/2418/911 1115/2423/914 1108/2407/906
f 1115/2423/914 1113/2418/911 1116/2424/913
f 1117/2425/915 1118/2426/916 1116/2427/913
f 1116/2422/913 1114/2420/912 1117/2428/915
f 1118/2426/916 1115/2429/914 1116/2427/913
f 1118/2426/916 1117/2425/915 1119/2430/917
f 1119/2430/917 1115/2429/914 1118/2426/916
f 1120/2431/918 1119/2430/917 1121/2432/919
f 1120/2431/918 1122/2433/920 1119/2430/917
f 1115/2429/914 1119/2430/917 1122/2433/920
f 1121/2432/919 1119/2430/917 1117/2425/915
f 1120/2434/918 1109/2435/908 1122/2436/920
f 1122/2437/920 1108/2407/906 1115/2423/914
f 1109/2409/908 1108/2411/906 1122/2438/920
f 1123/2439/921 1120/2440/918 1121/2441/919
f 1124/2442/922 1123/2439/921 1121/2441/919
f 1121/2441/919 1117/2443/915 1124/2442/922
f 1112/2444/910 1123/2439/921 1124/2442/922
f 1124/2445/922 1117/2428/915 1114/2420/912
f 1114/2420/912 1112/2419/910 1124/2445/922
f 1120/2446/918 1123/2447/921 1109/2414/908
f 1109/2414/908 1123/2447/921 1110/2412/909
f 1112/2416/910 1110/2412/909 1123/2447/921
f 1129/2448/923 1126/2449/924 1125/2450/925
f 1127/2451/926 1125/2452/925 1126/2453/924
f 1128/2454/927 1125/2455/925 1127/2456/926
f 1128/2454/927 1129/2457/923 1125/2455/925
f 1129/2457/923 1128/2454/927 1130/2458/928
f 1131/2459/929 1129/2457/923 1130/2458/928
f 1126/2449/924 1129/2448/923 1131/2460/929
f 1130/2461/928 1132/2462/930 1131/2463/929
f 1134/2464/931 1131/2463/929 1132/2462/930
f 1131/2460/929 1133/2465/932 1126/2449/924
f 1133/2465/932 1131/2460/929 1134/2466/931
f 1135/2467/933 1136/2468/934 1134/2469/931
f 1134/2464/931 1132/2462/930 1135/2470/933
f 1136/2468/934 1133/2471/932 1134/2469/931
f 1136/2468/934 1135/2467/933 1137/2472/935
f 1137/2472/935 1133/2471/932 1136/2468/934
f 1138/2473/936 1137/2472/935 1139/2474/937
f 1138/2473/936 1140/2475/938 1137/2472/935
f 1133/2471/932 1137/2472/935 1140/2475/938
f 1139/2474/937 1137/2472/935 1135/2467/933
f 1138/2476/936 1127/2477/926 1140/2478/938
f 1140/2479/938 1126/2449/924 1133/2465/932
f 1127/2451/926 1126/2453/924 1140/2480/938
f 1141/2481/939 1138/2482/936 1139/2483/937
f 1142/2484/940 1141/2481/939 1139/2483/937
f 1139/2483/937 1135/2485/933 1142/2484/940
f 1130/2486/928 1141/2481/939 1142/2484/940
f 1142/2487/940 1135/2470/933 1132/2462/930
f 1132/2462/930 1130/2461/928 1142/2487/940
f 1138/2488/936 1141/2489/939 1127/2456/926
f 1127/2456/926 1141/2489/939 1128/2454/927
f 1130/2458/928 1128/2454/927 1141/2489/939
f 1158/2490/941 1157/2491/942 1144/2492/943
f 1155/2493/944 1144/2492/943 1157/2491/942
f 1147/2494/945 1158/2490/941 1144/2492/943
f 1153/2495/946 1143/2496/947 1155/2497/944
f 1147/2498/945 1145/2499/948 1158/2500/941
f 1152/2501/949 1145/2502/948 1148/2503/950
f 1143/2496/947 1153/2495/946 1150/2504/951
f 1147/2505/945 1148/2503/950 1145/2502/948
f 1149/2506/952 1148/2503/950 1150/2507/951
f 1155/2493/944 1143/2508/947 1144/2492/943
f 1149/2509/952 1151/2510/953 1152/2511/949
f 1155/2493/944 1154/2512/954 1153/2513/946
f 1151/2514/953 1150/2504/951 1153/2495/946
f 1152/2511/949 1151/2510/953 1154/2515/954
f 1159/2516/955 1154/2515/954 1156/2517/956
f 1154/2515/954 1159/2516/955 1152/2511/949
f 1157/2491/942 1158/2490/941 1160/2518/957
f 1157/2491/942 1160/2518/957 1156/2519/956
f 1151/2514/953 1153/2495/946 1154/2520/954
f 1154/2512/954 1155/2493/944 1156/2519/956
f 1144/2521/943 1146/2522/958 1147/2523/945
f 1143/2524/947 1146/2522/958 1144/2521/943
f 1146/2522/958 1143/2524/947 1150/2525/951
f 1158/2526/941 1159/2527/955 1160/2528/957
f 1156/2517/956 1160/2529/957 1159/2516/955
f 1156/2519/956 1155/2493/944 1157/2491/942
f 1148/2503/950 1149/2506/952 1152/2501/949
f 1150/2507/951 1151/2530/953 1149/2506/952
f 1147/2505/945 1146/2531/958 1148/2503/950
f 1145/2532/948 1152/2511/949 1159/2516/955
f 1158/2526/941 1145/2533/948 1159/2527/955
f 1146/2531/958 1150/2507/951 1148/2503/950
f 1165/2534/959 1162/2535/960 1161/2536/961
f 1163/2537/962 1161/2538/961 1162/2539/960
f 1164/2540/963 1161/2541/961 1163/2542/962
f 1164/2540/963 1165/2543/959 1161/2541/961
f 1165/2543/959 1164/2540/963 1166/2544/964
f 1167/2545/965 1165/2543/959 1166/2544/964
f 1162/2535/960 1165/2534/959 1167/2546/965
f 1166/2547/964 1168/2548/966 1167/2549/965
f 1170/2550/967 1167/2549/965 1168/2548/966
f 1167/2546/965 1169/2551/968 1162/2535/960
f 1169/2551/968 1167/2546/965 1170/2552/967
f 1171/2553/969 1172/2554/970 1170/2555/967
f 1170/2550/967 1168/2548/966 1171/2556/969
f 1172/2554/970 1169/2557/968 1170/2555/967
f 1172/2554/970 1171/2553/969 1173/2558/971
f 1173/2558/971 1169/2557/968 1172/2554/970
f 1174/2559/972 1173/2558/971 1175/2560/973
f 1174/2559/972 1176/2561/974 1173/2558/971
f 1169/2557/968 1173/2558/971 1176/2561/974
f 1175/2560/973 1173/2558/971 1171/2553/969
f 1174/2562/972 1163/2563/962 1176/2564/974
f 1176/2565/974 1162/2535/960 1169/2551/968
f 1163/2537/962 1162/2539/960 1176/2566/974
f 1177/2567/975 1174/2568/972 1175/2569/973
f 1178/2570/976 1177/2567/975 1175/2569/973
f 1175/2569/973 1171/2571/969 1178/2570/976
f 1166/2572/964 1177/2567/975 1178/2570/976
f 1178/2573/976 1171/2556/969 1168/2548/966
f 1168/2548/966 1166/2547/964 1178/2573/976
f 1174/2574/972 1177/2575/975 1163/2542/962
f 1163/2542/962 1177/2575/975 1164/2540/963
f 1166/2544/964 1164/2540/963 1177/2575/975
f 1183/2576/977 1180/2577/978 1179/2578/979
f 1181/2579/980 1179/2580/979 1180/2581/978
f 1182/2582/981 1179/2583/979 1181/2584/980
f 1182/2582/981 1183/2585/977 1179/2583/979
f 1183/2585/977 1182/2582/981 1184/2586/982
f 1185/2587/983 1183/2585/977 1184/2586/982
f 1180/2577/978 1183/2576/977 1185/2588/983
f 1184/2589/982 1186/2590/984 1185/2591/983
f 1188/2592/985 1185/2591/983 1186/2590/984
f 1185/2588/983 1187/2593/986 1180/2577/978
f 1187/2593/986 1185/2588/983 1188/2594/985
f 1189/2595/987 1190/2596/988 1188/2597/985
f 1188/2592/985 1186/2590/984 1189/2598/987
f 1190/2596/988 1187/2599/986 1188/2597/985
f 1190/2596/988 1189/2595/987 1191/2600/989
f 1191/2600/989 1187/2599/986 1190/2596/988
f 1192/2601/990 1191/2600/989 1193/2602/991
f 1192/2601/990 1194/2603/992 1191/2600/989
f 1187/2599/986 1191/2600/989 1194/2603/992
f 1193/2602/991 1191/2600/989 1189/2595/987
f 1192/2604/990 1181/2605/980 1194/2606/992
f 1194/2607/992 1180/2577/978 1187/2593/986
f 1181/2579/980 1180/2581/978 1194/2608/992
f 1195/2609/993 1192/2610/990 1193/2611/991
f 1196/2612/994 1195/2609/993 1193/2611/991
f 1193/2611/991 1189/2613/987 1196/2612/994
f 1184/2614/982 1195/2609/993 1196/2612/994
f 1196/2615/994 1189/2598/987 1186/2590/984
f 1186/2590/984 1184/2589/982 1196/2615/994
f 1192/2616/990 1195/2617/993 1181/2584/980
f 1181/2584/980 1195/2617/993 1182/2582/981
f 1184/2586/982 1182/2582/981 1195/2617/993
f 1201/2618/995 1198/2619/996 1197/2620/997
f 1199/2621/998 1197/2622/997 1198/2623/996
f 1200/2624/999 1197/2625/997 1199/2626/998
f 1200/2624/999 1201/2627/995 1197/2625/997
f 1201/2627/995 1200/2624/999 1202/2628/1000
f 1203/2629/1001 1201/2627/995 1202/2628/1000
f 1198/2619/996 1201/2618/995 1203/2630/1001
f 1202/2631/1000 1204/2632/1002 1203/2633/1001
f 1206/2634/1003 1203/2633/1001 1204/2632/1002
f 1203/2630/1001 1205/2635/1004 1198/2619/996
f 1205/2635/1004 1203/2630/1001 1206/2636/1003
f 1207/2637/1005 1208/2638/988 1206/2639/1003
f 1206/2634/1003 1204/2632/1002 1207/2640/1005
f 1208/2638/988 1205/2641/1004 1206/2639/1003
f 1208/2638/988 1207/2637/1005 1209/2642/989
f 1209/2642/989 1205/2641/1004 1208/2638/988
f 1210/2643/1006 1209/2642/989 1211/2644/1007
f 1210/2643/1006 1212/2645/1008 1209/2642/989
f 1205/2641/1004 1209/2642/989 1212/2645/1008
f 1211/2644/1007 1209/2642/989 1207/2637/1005
f 1210/2646/1006 1199/2647/998 1212/2648/1008
f 1212/2649/1008 1198/2619/996 1205/2635/1004
f 1199/2621/998 1198/2623/996 1212/2650/1008
f 1213/2651/1009 1210/2652/1006 1211/2653/1007
f 1214/2654/1010 1213/2651/1009 1211/2653/1007
f 1211/2653/1007 1207/2655/1005 1214/2654/1010
f 1202/2656/1000 1213/2651/1009 1214/2654/1010
f 1214/2657/1010 1207/2640/1005 1204/2632/1002
f 1204/2632/1002 1202/2631/1000 1214/2657/1010
f 1210/2658/1006 1213/2659/1009 1199/2626/998
f 1199/2626/998 1213/2659/1009 1200/2624/999
f 1202/2628/1000 1200/2624/999 1213/2659/1009
f 1219/2660/1011 1216/2661/1012 1215/2662/1013
f 1217/2663/1014 1215/2664/1013 1216/2665/1012
f 1218/2666/1015 1215/2667/1013 1217/2668/1014
f 1218/2666/1015 1219/2669/1011 1215/2667/1013
f 1219/2669/1011 1218/2666/1015 1220/2670/1016
f 1221/2671/1017 1219/2669/1011 1220/2670/1016
f 1216/2661/1012 1219/2660/1011 1221/2672/1017
f 1220/2673/1016 1222/2674/1018 1221/2675/1017
f 1224/2676/1019 1221/2675/1017 1222/2674/1018
f 1221/2672/1017 1223/2677/1020 1216/2661/1012
f 1223/2677/1020 1221/2672/1017 1224/2678/1019
f 1225/2679/1021 1226/2680/1022 1224/2681/1019
f 1224/2676/1019 1222/2674/1018 1225/2682/1021
f 1226/2680/1022 1223/2683/1020 1224/2681/1019
f 1226/2680/1022 1225/2679/1021 1227/2684/1023
f 1227/2684/1023 1223/2683/1020 1226/2680/1022
f 1228/2685/1024 1227/2684/1023 1229/2686/1025
f 1228/2685/1024 1230/2687/1026 1227/2684/1023
f 1223/2683/1020 1227/2684/1023 1230/2687/1026
f 1229/2686/1025 1227/2684/1023 1225/2679/1021
f 1228/2688/1024 1217/2689/1014 1230/2690/1026
f 1230/2691/1026 1216/2661/1012 1223/2677/1020
f 1217/2663/1014 1216/2665/1012 1230/2692/1026
f 1231/2693/1027 1228/2694/1024 1229/2695/1025
f 1232/2696/1028 1231/2693/1027 1229/2695/1025
f 1229/2695/1025 1225/2697/1021 1232/2696/1028
f 1220/2698/1016 1231/2693/1027 1232/2696/1028
f 1232/2699/1028 1225/2682/1021 1222/2674/1018
f 1222/2674/1018 1220/2673/1016 1232/2699/1028
f 1228/2700/1024 1231/2701/1027 1217/2668/1014
f 1217/2668/1014 1231/2701/1027 1218/2666/1015
f 1220/2670/1016 1218/2666/1015 1231/2701/1027
f 1237/2702/1029 1234/2703/1030 1233/2704/1031
f 1235/2705/1032 1233/2706/1031 1234/2707/1030
f 1236/2708/1033 1233/2709/1031 1235/2710/1032
f 1236/2708/1033 1237/2711/1029 1233/2709/1031
f 1237/2711/1029 1236/2708/1033 1238/2712/1034
f 1239/2713/1035 1237/2711/1029 1238/2712/1034
f 1234/2703/1030 1237/2702/1029 1239/2714/1035
f 1238/2715/1034 1240/2716/1036 1239/2717/1035
f 1242/2718/1037 1239/2717/1035 1240/2716/1036
f 1239/2714/1035 1241/2719/1038 1234/2703/1030
f 1241/2719/1038 1239/2714/1035 1242/2720/1037
f 1243/2721/1039 1244/2722/1040 1242/2723/1037
f 1242/2718/1037 1240/2716/1036 1243/2724/1039
f 1244/2722/1040 1241/2725/1038 1242/2723/1037
f 1244/2722/1040 1243/2721/1039 1245/2726/1041
f 1245/2726/1041 1241/2725/1038 1244/2722/1040
f 1246/2727/1042 1245/2726/1041 1247/2728/1043
f 1246/2727/1042 1248/2729/1044 1245/2726/1041
f 1241/2725/1038 1245/2726/1041 1248/2729/1044
f 1247/2728/1043 1245/2726/1041 1243/2721/1039
f 1246/2730/1042 1235/2731/1032 1248/2732/1044
f 1248/2733/1044 1234/2703/1030 1241/2719/1038
f 1235/2705/1032 1234/2707/1030 1248/2734/1044
f 1249/2735/1045 1246/2736/1042 1247/2737/1043
f 1250/2738/1046 1249/2735/1045 1247/2737/1043
f 1247/2737/1043 1243/2739/1039 1250/2738/1046
f 1238/2740/1034 1249/2735/1045 1250/2738/1046
f 1250/2741/1046 1243/2724/1039 1240/2716/1036
f 1240/2716/1036 1238/2715/1034 1250/2741/1046
f 1246/2742/1042 1249/2743/1045 1235/2710/1032
f 1235/2710/1032 1249/2743/1045 1236/2708/1033
f 1238/2712/1034 1236/2708/1033 1249/2743/1045
f 1255/2744/1047 1252/2745/1048 1251/2746/1049
f 1253/2747/1050 1251/2748/1049 1252/2749/1048
f 1254/2750/1051 1251/2751/1049 1253/2752/1050
f 1254/2750/1051 1255/2753/1047 1251/2751/1049
f 1255/2753/1047 1254/2750/1051 1256/2754/1052
f 1257/2755/1053 1255/2753/1047 1256/2754/1052
f 1252/2745/1048 1255/2744/1047 1257/2756/1053
f 1256/2757/1052 1258/2758/1054 1257/2759/1053
f 1260/2760/1055 1257/2759/1053 1258/2758/1054
f 1257/2756/1053 1259/2761/1056 1252/2745/1048
f 1259/2761/1056 1257/2756/1053 1260/2762/1055
f 1261/2763/1057 1262/2764/1058 1260/2765/1055
f 1260/2760/1055 1258/2758/1054 1261/2766/1057
f 1262/2764/1058 1259/2767/1056 1260/2765/1055
f 1262/2764/1058 1261/2763/1057 1263/2768/1059
f 1263/2768/1059 1259/2767/1056 1262/2764/1058
f 1264/2769/1060 1263/2768/1059 1265/2770/1061
f 1264/2769/1060 1266/2771/1062 1263/2768/1059
f 1259/2767/1056 1263/2768/1059 1266/2771/1062
f 1265/2770/1061 1263/2768/1059 1261/2763/1057
f 1264/2772/1060 1253/2773/1050 1266/2774/1062
f 1266/2775/1062 1252/2745/1048 1259/2761/1056
f 1253/2747/1050 1252/2749/1048 1266/2776/1062
f 1267/2777/1063 1264/2778/1060 1265/2779/1061
f 1268/2780/1064 1267/2777/1063 1265/2779/1061
f 1265/2779/1061 1261/2781/1057 1268/2780/1064
f 1256/2782/1052 1267/2777/1063 1268/2780/1064
f 1268/2783/1064 1261/2766/1057 1258/2758/1054
f 1258/2758/1054 1256/2757/1052 1268/2783/1064
f 1264/2784/1060 1267/2785/1063 1253/2752/1050
f 1253/2752/1050 1267/2785/1063 1254/2750/1051
f 1256/2754/1052 1254/2750/1051 1267/2785/1063
f 1273/2786/1065 1270/2787/1066 1269/2788/1067
f 1271/2789/1068 1269/2790/1067 1270/2791/1066
f 1272/2792/1069 1269/2793/1067 1271/2794/1068
f 1272/2792/1069 1273/2795/1065 1269/2793/1067
f 1273/2795/1065 1272/2792/1069 1274/2796/1070
f 1275/2797/1071 1273/2795/1065 1274/2796/1070
f 1270/2787/1066 1273/2786/1065 1275/2798/1071
f 1274/2799/1070 1276/2800/1072 1275/2801/1071
f 1278/2802/1073 1275/2801/1071 1276/2800/1072
f 1275/2798/1071 1277/2803/1074 1270/2787/1066
f 1277/2803/1074 1275/2798/1071 1278/2804/1073
f 1279/2805/1075 1280/2806/1076 1278/2807/1073
f 1278/2802/1073 1276/2800/1072 1279/2808/1075
f 1280/2806/1076 1277/2809/1074 1278/2807/1073
f 1280/2806/1076 1279/2805/1075 1281/2810/1077
f 1281/2810/1077 1277/2809/1074 1280/2806/1076
f 1282/2811/1078 1281/2810/1077 1283/2812/1079
f 1282/2811/1078 1284/2813/1080 1281/2810/1077
f 1277/2809/1074 1281/2810/1077 1284/2813/1080
f 1283/2812/1079 1281/2810/1077 1279/2805/1075
f 1282/2814/1078 1271/2815/1068 1284/2816/1080
f 1284/2817/1080 1270/2787/1066 1277/2803/1074
f 1271/2789/1068 1270/2791/1066 1284/2818/1080
f 1285/2819/1081 1282/2820/1078 1283/2821/1079
f 1286/2822/1082 1285/2819/1081 1283/2821/1079
f 1283/2821/1079 1279/2823/1075 1286/2822/1082
f 1274/2824/1070 1285/2819/1081 1286/2822/1082
f 1286/2825/1082 1279/2808/1075 1276/2800/1072
f 1276/2800/1072 1274/2799/1070 1286/2825/1082
f 1282/2826/1078 1285/2827/1081 1271/2794/1068
f 1271/2794/1068 1285/2827/1081 1272/2792/1069
f 1274/2796/1070 1272/2792/1069 1285/2827/1081
f 1291/2828/1083 1288/2829/1084 1287/2830/1085
f 1289/2831/1086 1287/2832/1085 1288/2833/1084
f 1290/2834/1087 1287/2835/1085 1289/2836/1086
f 1290/2834/1087 1291/2837/1083 1287/2835/1085
f 1291/2837/1083 1290/2834/1087 1292/2838/1088
f 1293/2839/1089 1291/2837/1083 1292/2838/1088
f 1288/2829/1084 1291/2828/1083 1293/2840/1089
f 1292/2841/1088 1294/2842/1090 1293/2843/1089
f 1296/2844/1091 1293/2843/1089 1294/2842/1090
f 1293/2840/1089 1295/2845/1092 1288/2829/1084
f 1295/2845/1092 1293/2840/1089 1296/2846/1091
f 1297/2847/1093 1298/2848/1094 1296/2849/1091
f 1296/2844/1091 1294/2842/1090 1297/2850/1093
f 1298/2848/1094 1295/2851/1092 1296/2849/1091
f 1298/2848/1094 1297/2847/1093 1299/2852/1095
f 1299/2852/1095 1295/2851/1092 1298/2848/1094
f 1300/2853/1096 1299/2852/1095 1301/2854/1097
f 1300/2853/1096 1302/2855/1098 1299/2852/1095
f 1295/2851/1092 1299/2852/1095 1302/2855/1098
f 1301/2854/1097 1299/2852/1095 1297/2847/1093
f 1300/2856/1096 1289/2857/1086 1302/2858/1098
f 1302/2859/1098 1288/2829/1084 1295/2845/1092
f 1289/2831/1086 1288/2833/1084 1302/2860/1098
f 1303/2861/1099 1300/2862/1096 1301/2863/1097
f 1304/2864/1100 1303/2861/1099 1301/2863/1097
f 1301/2863/1097 1297/2865/1093 1304/2864/1100
f 1292/2866/1088 1303/2861/1099 1304/2864/1100
f 1304/2867/1100 1297/2850/1093 1294/2842/1090
f 1294/2842/1090 1292/2841/1088 1304/2867/1100
f 1300/2868/1096 1303/2869/1099 1289/2836/1086
f 1289/2836/1086 1303/2869/1099 1290/2834/1087
f 1292/2838/1088 1290/2834/1087 1303/2869/1099
f 1309/2870/1101 1306/2871/1102 1305/2872/1103
f 1307/2873/1104 1305/2874/1103 1306/2875/1102
f 1308/2876/1105 1305/2877/1103 1307/2878/1104
f 1308/2876/1105 1309/2879/1101 1305/2877/1103
f 1309/2879/1101 1308/2876/1105 1310/2880/1106
f 1311/2881/1107 1309/2879/1101 1310/2880/1106
f 1306/2871/1102 1309/2870/1101 1311/2882/1107
f 1310/2883/1106 1312/2884/1108 1311/2885/1107
f 1314/2886/1109 1311/2885/1107 1312/2884/1108
f 1311/2882/1107 1313/2887/1110 1306/2871/1102
f 1313/2887/1110 1311/2882/1107 1314/2888/1109
f 1315/2889/1111 1316/2890/1112 1314/2891/1109
f 1314/2886/1109 1312/2884/1108 1315/2892/1111
f 1316/2890/1112 1313/2893/1110 1314/2891/1109
f 1316/2890/1112 1315/2889/1111 1317/2894/1113
f 1317/2894/1113 1313/2893/1110 1316/2890/1112
f 1318/2895/1114 1317/2894/1113 1319/2896/1115
f 1318/2895/1114 1320/2897/1116 1317/2894/1113
f 1313/2893/1110 1317/2894/1113 1320/2897/1116
f 1319/2896/1115 1317/2894/1113 1315/2889/1111
f 1318/2898/1114 1307/2899/1104 1320/2900/1116
f 1320/2901/1116 1306/2871/1102 1313/2887/1110
f 1307/2873/1104 1306/2875/1102 1320/2902/1116
f 1321/2903/1117 1318/2904/1114 1319/2905/1115
f 1322/2906/1118 1321/2903/1117 1319/2905/1115
f 1319/2905/1115 1315/2907/1111 1322/2906/1118
f 1310/2908/1106 1321/2903/1117 1322/2906/1118
f 1322/2909/1118 1315/2892/1111 1312/2884/1108
f 1312/2884/1108 1310/2883/1106 1322/2909/1118
f 1318/2910/1114 1321/2911/1117 1307/2878/1104
f 1307/2878/1104 1321/2911/1117 1308/2876/1105
f 1310/2880/1106 1308/2876/1105 1321/2911/1117
f 1327/2912/1119 1324/2913/1120 1323/2914/1121
f 1325/2915/1122 1323/2916/1121 1324/2917/1120
f 1326/2918/1123 1323/2919/1121 1325/2920/1122
f 1326/2918/1123 1327/2921/1119 1323/2919/1121
f 1327/2921/1119 1326/2918/1123 1328/2922/1124
f 1329/2923/1125 1327/2921/1119 1328/2922/1124
f 1324/2913/1120 1327/2912/1119 1329/2924/1125
f 1328/2925/1124 1330/2926/1126 1329/2927/1125
f 1332/2928/1127 1329/2927/1125 1330/2926/1126
f 1329/2924/1125 1331/2929/1128 1324/2913/1120
f 1331/2929/1128 1329/2924/1125 1332/2930/1127
f 1333/2931/1129 1334/2932/1130 1332/2933/1127
f 1332/2928/1127 1330/2926/1126 1333/2934/1129
f 1334/2932/1130 1331/2935/1128 1332/2933/1127
f 1334/2932/1130 1333/2931/1129 1335/2936/1131
f 1335/2936/1131 1331/2935/1128 1334/2932/1130
f 1336/2937/1132 1335/2936/1131 1337/2938/1133
f 1336/2937/1132 1338/2939/1134 1335/2936/1131
f 1331/2935/1128 1335/2936/1131 1338/2939/1134
f 1337/2938/1133 1335/2936/1131 1333/2931/1129
f 1336/2940/1132 1325/2941/1122 1338/2942/1134
f 1338/2943/1134 1324/2913/1120 1331/2929/1128
f 1325/2915/1122 1324/2917/1120 1338/2944/1134
f 1339/2945/1135 1336/2946/1132 1337/2947/1133
f 1340/2948/1136 1339/2945/1135 1337/2947/1133
f 1337/2947/1133 1333/2949/1129 1340/2948/1136
f 1328/2950/1124 1339/2945/1135 1340/2948/1136
f 1340/2951/1136 1333/2934/1129 1330/2926/1126
f 1330/2926/1126 1328/2925/1124 1340/2951/1136
f 1336/2952/1132 1339/2953/1135 1325/2920/1122
f 1325/2920/1122 1339/2953/1135 1326/2918/1123
f 1328/2922/1124 1326/2918/1123 1339/2953/1135
f 1345/2954/1137 1342/2955/1138 1341/2956/1139
f 1343/2957/1140 1341/2958/1139 1342/2959/1138
f 1344/2960/1141 1341/2961/1139 1343/2962/1140
f 1344/2960/1141 1345/2963/1137 1341/2961/1139
f 1345/2963/1137 1344/2960/1141 1346/2964/1142
f 1347/2965/1143 1345/2963/1137 1346/2964/1142
f 1342/2955/1138 1345/2954/1137 1347/2966/1143
f 1346/2967/1142 1348/2968/1144 1347/2969/1143
f 1350/2970/1145 1347/2969/1143 1348/2968/1144
f 1347/2966/1143 1349/2971/1146 1342/2955/1138
f 1349/2971/1146 1347/2966/1143 1350/2972/1145
f 1351/2973/1147 1352/2974/1148 1350/2975/1145
f 1350/2970/1145 1348/2968/1144 1351/2976/1147
f 1352/2974/1148 1349/2977/1146 1350/2975/1145
f 1352/2974/1148 1351/2973/1147 1353/2978/1149
f 1353/2978/1149 1349/2977/1146 1352/2974/1148
f 1354/2979/1150 1353/2978/1149 1355/2980/1151
f 1354/2979/1150 1356/2981/1152 1353/2978/1149
f 1349/2977/1146 1353/2978/1149 1356/2981/1152
f 1355/2980/1151 1353/2978/1149 1351/2973/1147
f 1354/2982/1150 1343/2983/1140 1356/2984/1152
f 1356/2985/1152 1342/2959/1138 1349/2986/1146
f 1343/2957/1140 1342/2959/1138 1356/2985/1152
f 1357/2987/1153 1354/2988/1150 1355/2989/1151
f 1358/2990/1154 1357/2987/1153 1355/2989/1151
f 1355/2989/1151 1351/2991/1147 1358/2990/1154
f 1346/2992/1142 1357/2987/1153 1358/2990/1154
f 1358/2993/1154 1351/2976/1147 1348/2968/1144
f 1348/2968/1144 1346/2967/1142 1358/2993/1154
f 1354/2994/1150 1357/2995/1153 1343/2962/1140
f 1343/2962/1140 1357/2995/1153 1344/2960/1141
f 1346/2964/1142 1344/2960/1141 1357/2995/1153
f 1363/2996/1155 1360/2997/1156 1359/2998/1157
f 1361/2999/1158 1359/3000/1157 1360/3001/1156
f 1362/3002/1159 1359/3003/1157 1361/3004/1158
f 1362/3002/1159 1363/3005/1155 1359/3003/1157
f 1363/3005/1155 1362/3002/1159 1364/3006/1160
f 1365/3007/1161 1363/3005/1155 1364/3006/1160
f 1360/2997/1156 1363/2996/1155 1365/3008/1161
f 1364/3009/1160 1366/3010/1162 1365/3011/1161
f 1368/3012/1163 1365/3011/1161 1366/3010/1162
f 1365/3008/1161 1367/3013/1164 1360/2997/1156
f 1367/3013/1164 1365/3008/1161 1368/3014/1163
f 1369/3015/1165 1370/3016/1166 1368/3017/1163
f 1368/3012/1163 1366/3010/1162 1369/3018/1165
f 1370/3016/1166 1367/3019/1164 1368/3017/1163
f 1370/3016/1166 1369/3015/1165 1371/3020/1167
f 1371/3020/1167 1367/3019/1164 1370/3016/1166
f 1372/3021/1168 1371/3020/1167 1373/3022/1169
f 1372/3021/1168 1374/3023/1170 1371/3020/1167
f 1367/3019/1164 1371/3020/1167 1374/3023/1170
f 1373/3022/1169 1371/3020/1167 1369/3015/1165
f 1372/3024/1168 1361/3025/1158 1374/3026/1170
f 1374/3027/1170 1360/3001/1156 1367/3028/1164
f 1361/2999/1158 1360/3001/1156 1374/3027/1170
f 1375/3029/1171 1372/3030/1168 1373/3031/1169
f 1376/3032/1172 1375/3029/1171 1373/3031/1169
f 1373/3031/1169 1369/3033/1165 1376/3032/1172
f 1364/3034/1160 1375/3029/1171 1376/3032/1172
f 1376/3035/1172 1369/3018/1165 1366/3010/1162
f 1366/3010/1162 1364/3009/1160 1376/3035/1172
f 1372/3036/1168 1375/3037/1171 1361/3004/1158
f 1361/3004/1158 1375/3037/1171 1362/3002/1159
f 1364/3006/1160 1362/3002/1159 1375/3037/1171
f 1381/3038/1173 1378/3039/1174 1377/3040/1175
f 1379/3041/1176 1377/3042/1175 1378/3043/1174
f 1380/3044/1177 1377/3045/1175 1379/3046/1176
f 1380/3044/1177 1381/3047/1173 1377/3045/1175
f 1381/3047/1173 1380/3044/1177 1382/3048/1178
f 1383/3049/1179 1381/3047/1173 1382/3048/1178
f 1378/3039/1174 1381/3038/1173 1383/3050/1179
f 1382/3051/1178 1384/3052/1180 1383/3053/1179
f 1386/3054/1181 1383/3053/1179 1384/3052/1180
f 1383/3050/1179 1385/3055/1182 1378/3039/1174
f 1385/3055/1182 1383/3050/1179 1386/3056/1181
f 1387/3057/1183 1388/3058/1184 1386/3059/1181
f 1386/3054/1181 1384/3052/1180 1387/3060/1183
f 1388/3058/1184 1385/3061/1182 1386/3059/1181
f 1388/3058/1184 1387/3057/1183 1389/3062/1185
f 1389/3062/1185 1385/3061/1182 1388/3058/1184
f 1390/3063/1186 1389/3062/1185 1391/3064/1187
f 1390/3063/1186 1392/3065/1188 1389/3062/1185
f 1385/3061/1182 1389/3062/1185 1392/3065/1188
f 1391/3064/1187 1389/3062/1185 1387/3057/1183
f 1390/3066/1186 1379/3067/1176 1392/3068/1188
f 1392/3069/1188 1378/3043/1174 1385/3070/1182
f 1379/3041/1176 1378/3043/1174 1392/3069/1188
f 1393/3071/1189 1390/3072/1186 1391/3073/1187
f 1394/3074/1190 1393/3071/1189 1391/3073/1187
f 1391/3073/1187 1387/3075/1183 1394/3074/1190
f 1382/3076/1178 1393/3071/1189 1394/3074/1190
f 1394/3077/1190 1387/3060/1183 1384/3052/1180
f 1384/3052/1180 1382/3051/1178 1394/3077/1190
f 1390/3078/1186 1393/3079/1189 1379/3046/1176
f 1379/3046/1176 1393/3079/1189 1380/3044/1177
f 1382/3048/1178 1380/3044/1177 1393/3079/1189
f 1399/3080/1191 1395/3081/1192 1396/3082/1193
f 1397/3083/1194 1396/3084/1193 1395/3085/1192
f 1398/3086/1195 1397/3087/1194 1395/3088/1192
f 1398/3086/1195 1395/3088/1192 1399/3089/1191
f 1399/3089/1191 1400/3090/1196 1398/3086/1195
f 1401/3091/1197 1400/3090/1196 1399/3089/1191
f 1396/3082/1193 1401/3092/1197 1399/3080/1191
f 1400/3090/1196 1401/3091/1197 1402/3093/1198
f 1404/3094/1199 1402/3095/1198 1401/3096/1197
f 1401/3092/1197 1396/3082/1193 1403/3097/1200
f 1403/3097/1200 1404/3098/1199 1401/3092/1197
f 1405/3099/1201 1404/3100/1199 1406/3101/1202
f 1404/3094/1199 1405/3102/1201 1402/3095/1198
f 1406/3103/1202 1404/3098/1199 1403/3097/1200
f 1406/3101/1202 1407/3104/1203 1405/3099/1201
f 1407/3104/1203 1406/3101/1202 1403/3105/1200
f 1408/3106/1204 1409/3107/1205 1407/3104/1203
f 1408/3106/1204 1407/3104/1203 1410/3108/1206
f 1403/3105/1200 1410/3108/1206 1407/3104/1203
f 1409/3107/1205 1405/3099/1201 1407/3104/1203
f 1408/3109/1204 1410/3110/1206 1397/3111/1194
f 1410/3112/1206 1403/3097/1200 1396/3082/1193
f 1397/3083/1194 1410/3113/1206 1396/3084/1193
f 1411/3114/1207 1409/3115/1205 1408/3116/1204
f 1412/3117/1208 1409/3115/1205 1411/3114/1207
f 1409/3115/1205 1412/3117/1208 1405/3118/1201
f 1400/3090/1196 1412/3119/1208 1411/3120/1207
f 1412/3121/1208 1402/3095/1198 1405/3102/1201
f 1402/3095/1198 1412/3121/1208 1400/3122/1196
f 1408/3123/1204 1397/3087/1194 1411/3120/1207
f 1397/3087/1194 1398/3086/1195 1411/3120/1207
f 1400/3090/1196 1411/3120/1207 1398/3086/1195
f 1417/2517/1209 1413/2529/1210 1414/2516/1211
f 1415/2526/1212 1414/2527/1211 1413/2528/1210
f 1416/2491/1213 1415/2490/1212 1413/2518/1210
f 1416/2491/1213 1413/2518/1210 1417/2519/1209
f 1417/2519/1209 1418/2493/1214 1416/2491/1213
f 1419/2512/1215 1418/2493/1214 1417/2519/1209
f 1414/2516/1211 1419/2515/1215 1417/2517/1209
f 1418/2493/1214 1419/2512/1215 1420/2513/1216
f 1422/2514/1217 1420/2495/1216 1419/2520/1215
f 1419/2515/1215 1414/2516/1211 1421/2511/1218
f 1421/2511/1218 1422/2510/1217 1419/2515/1215
f 1423/2507/1219 1422/2530/1217 1424/2506/1220
f 1422/2514/1217 1423/2504/1219 1420/2495/1216
f 1424/2509/1220 1422/2510/1217 1421/2511/1218
f 1424/2506/1220 1425/2503/1221 1423/2507/1219
f 1425/2503/1221 1424/2506/1220 1421/2501/1218
f 1426/2505/1222 1427/2531/1223 1425/2503/1221
f 1426/2505/1222 1425/2503/1221 1428/2502/1224
f 1421/2501/1218 1428/2502/1224 1425/2503/1221
f 1427/2531/1223 1423/2507/1219 1425/2503/1221
f 1426/2498/1222 1428/2499/1224 1415/2500/1212
f 1428/2532/1224 1421/2511/1218 1414/2516/1211
f 1415/2526/1212 1428/2533/1224 1414/2527/1211
f 1429/2521/1225 1427/2522/1223 1426/2523/1222
f 1430/2524/1226 1427/2522/1223 1429/2521/1225
f 1427/2522/1223 1430/2524/1226 1423/2525/1219
f 1418/2493/1214 1430/2508/1226 1429/2492/1225
f 1430/2496/1226 1420/2495/1216 1423/2504/1219
f 1420/2495/1216 1430/2496/1226 1418/2497/1214
f 1426/2494/1222 1415/2490/1212 1429/2492/1225
f 1415/2490/1212 1416/2491/1213 1429/2492/1225
f 1418/2493/1214 1429/2492/1225 1416/2491/1213
f 1446/2456/1227 1432/2489/1228 1445/2454/1229
f 1443/2458/1230 1445/2454/1229 1432/2489/1228
f 1435/2488/1231 1432/2489/1228 1446/2456/1227
f 1441/2462/1232 1443/2461/1230 1431/2487/1233
f 1435/2476/1231 1446/2477/1227 1433/2478/1234
f 1440/2471/1235 1436/2472/1236 1433/2475/1234
f 1431/2487/1233 1438/2470/1237 1441/2462/1232
f 1435/2473/1231 1433/2475/1234 1436/2472/1236
f 1437/2468/1238 1438/2467/1237 1436/2472/1236
f 1443/2486/1230 1432/2481/1228 1431/2484/1233
f 1437/2468/1238 1440/2471/1235 1439/2469/1239
f 1443/2461/1230 1441/2462/1232 1442/2463/1240
f 1439/2464/1239 1441/2462/1232 1438/2470/1237
f 1440/2465/1235 1442/2460/1240 1439/2466/1239
f 1447/2449/1241 1444/2448/1242 1442/2460/1240
f 1442/2460/1240 1440/2465/1235 1447/2449/1241
f 1445/2454/1229 1448/2455/1243 1446/2456/1227
f 1445/2454/1229 1444/2457/1242 1448/2455/1243
f 1439/2464/1239 1442/2463/1240 1441/2462/1232
f 1442/2459/1240 1444/2457/1242 1443/2458/1230
f 1432/2481/1228 1435/2482/1231 1434/2483/1244
f 1431/2484/1233 1432/2481/1228 1434/2483/1244
f 1434/2483/1244 1438/2485/1237 1431/2484/1233
f 1446/2451/1227 1448/2452/1243 1447/2453/1241
f 1444/2448/1242 1447/2449/1241 1448/2450/1243
f 1444/2457/1242 1445/2454/1229 1443/2458/1230
f 1436/2472/1236 1440/2471/1235 1437/2468/1238
f 1438/2467/1237 1437/2468/1238 1439/2469/1239
f 1435/2473/1231 1436/2472/1236 1434/2474/1244
f 1433/2479/1234 1447/2449/1241 1440/2465/1235
f 1446/2451/1227 1447/2453/1241 1433/2480/1234
f 1434/2474/1244 1436/2472/1236 1438/2467/1237
f 1453/3124/1245 1449/3125/1246 1450/3126/1247
f 1451/3127/1248 1450/3128/1247 1449/3129/1246
f 1452/3130/1249 1451/3131/1248 1449/3132/1246
f 1452/3130/1249 1449/3132/1246 1453/3133/1245
f 1453/3133/1245 1454/3134/1250 1452/3130/1249
f 1455/3135/1251 1454/3134/1250 1453/3133/1245
f 1450/3126/1247 1455/3136/1251 1453/3124/1245
f 1454/3134/1250 1455/3135/1251 1456/3137/1252
f 1458/3138/1253 1456/3139/1252 1455/3140/1251
f 1455/3136/1251 1450/3126/1247 1457/3141/1254
f 1457/3141/1254 1458/3142/1253 1455/3136/1251
f 1459/3143/1255 1458/3144/1253 1460/3145/1256
f 1458/3138/1253 1459/3146/1255 1456/3139/1252
f 1460/3147/1256 1458/3142/1253 1457/3141/1254
f 1460/3145/1256 1461/3148/1257 1459/3143/1255
f 1461/3148/1257 1460/3145/1256 1457/3149/1254
f 1462/3150/1258 1463/3151/1259 1461/3148/1257
f 1462/3150/1258 1461/3148/1257 1464/3152/1260
f 1457/3149/1254 1464/3152/1260 1461/3148/1257
f 1463/3151/1259 1459/3143/1255 1461/3148/1257
f 1462/3153/1258 1464/3154/1260 1451/3155/1248
f 1464/3156/1260 1457/3141/1254 1450/3126/1247
f 1451/3127/1248 1464/3157/1260 1450/3128/1247
f 1465/3158/1261 1463/3159/1259 1462/3160/1258
f 1466/3161/1262 1463/3159/1259 1465/3158/1261
f 1463/3159/1259 1466/3161/1262 1459/3162/1255
f 1454/3134/1250 1466/3163/1262 1465/3164/1261
f 1466/3165/1262 1456/3139/1252 1459/3146/1255
f 1456/3139/1252 1466/3165/1262 1454/3166/1250
f 1462/3167/1258 1451/3131/1248 1465/3164/1261
f 1451/3131/1248 1452/3130/1249 1465/3164/1261
f 1454/3134/1250 1465/3164/1261 1452/3130/1249
f 1471/3168/1263 1467/3169/1264 1468/3170/1265
f 1469/3171/1266 1468/3172/1265 1467/3173/1264
f 1470/3174/1267 1469/3175/1266 1467/3176/1264
f 1470/3174/1267 1467/3176/1264 1471/3177/1263
f 1471/3177/1263 1472/3178/1268 1470/3174/1267
f 1473/3179/1269 1472/3178/1268 1471/3177/1263
f 1468/3170/1265 1473/3180/1269 1471/3168/1263
f 1472/3178/1268 1473/3179/1269 1474/3181/1270
f 1476/3182/1271 1474/3183/1270 1473/3184/1269
f 1473/3180/1269 1468/3170/1265 1475/3185/1272
f 1475/3185/1272 1476/3186/1271 1473/3180/1269
f 1477/3187/1273 1476/3188/1271 1478/3189/1274
f 1476/3182/1271 1477/3190/1273 1474/3183/1270
f 1478/3191/1274 1476/3186/1271 1475/3185/1272
f 1478/3189/1274 1479/3192/1275 1477/3187/1273
f 1479/3192/1275 1478/3189/1274 1475/3193/1272
f 1480/3194/1276 1481/3195/1277 1479/3192/1275
f 1480/3194/1276 1479/3192/1275 1482/3196/1278
f 1475/3193/1272 1482/3196/1278 1479/3192/1275
f 1481/3195/1277 1477/3187/1273 1479/3192/1275
f 1480/3197/1276 1482/3198/1278 1469/3199/1266
f 1482/3200/1278 1475/3185/1272 1468/3170/1265
f 1469/3171/1266 1482/3201/1278 1468/3172/1265
f 1483/3202/1279 1481/3203/1277 1480/3204/1276
f 1484/3205/1280 1481/3203/1277 1483/3202/1279
f 1481/3203/1277 1484/3205/1280 1477/3206/1273
f 1472/3178/1268 1484/3207/1280 1483/3208/1279
f 1484/3209/1280 1474/3183/1270 1477/3190/1273
f 1474/3183/1270 1484/3209/1280 1472/3210/1268
f 1480/3211/1276 1469/3175/1266 1483/3208/1279
f 1469/3175/1266 1470/3174/1267 1483/3208/1279
f 1472/3178/1268 1483/3208/1279 1470/3174/1267
f 1489/3212/1281 1485/3213/1282 1486/3214/1283
f 1487/3215/1284 1486/3216/1283 1485/3217/1282
f 1488/3218/1285 1487/3219/1284 1485/3220/1282
f 1488/3218/1285 1485/3220/1282 1489/3221/1281
f 1489/3221/1281 1490/3222/1286 1488/3218/1285
f 1491/3223/1287 1490/3222/1286 1489/3221/1281
f 1486/3214/1283 1491/3224/1287 1489/3212/1281
f 1490/3222/1286 1491/3223/1287 1492/3225/1288
f 1494/3226/1289 1492/3227/1288 1491/3228/1287
f 1491/3224/1287 1486/3214/1283 1493/3229/1290
f 1493/3229/1290 1494/3230/1289 1491/3224/1287
f 1495/3231/1291 1494/3232/1289 1496/3233/1292
f 1494/3226/1289 1495/3234/1291 1492/3227/1288
f 1496/3235/1292 1494/3230/1289 1493/3229/1290
f 1496/3233/1292 1497/3236/1293 1495/3231/1291
f 1497/3236/1293 1496/3233/1292 1493/3237/1290
f 1498/3238/1294 1499/3239/1295 1497/3236/1293
f 1498/3238/1294 1497/3236/1293 1500/3240/1296
f 1493/3237/1290 1500/3240/1296 1497/3236/1293
f 1499/3239/1295 1495/3231/1291 1497/3236/1293
f 1498/3241/1294 1500/3242/1296 1487/3243/1284
f 1500/3244/1296 1493/3229/1290 1486/3214/1283
f 1487/3215/1284 1500/3245/1296 1486/3216/1283
f 1501/3246/1297 1499/3247/1295 1498/3248/1294
f 1502/3249/1298 1499/3247/1295 1501/3246/1297
f 1499/3247/1295 1502/3249/1298 1495/3250/1291
f 1490/3222/1286 1502/3251/1298 1501/3252/1297
f 1502/3253/1298 1492/3227/1288 1495/3234/1291
f 1492/3227/1288 1502/3253/1298 1490/3254/1286
f 1498/3255/1294 1487/3219/1284 1501/3252/1297
f 1487/3219/1284 1488/3218/1285 1501/3252/1297
f 1490/3222/1286 1501/3252/1297 1488/3218/1285
f 1507/3256/1299 1503/3257/1300 1504/3258/1301
f 1505/3259/1302 1504/3260/1301 1503/3261/1300
f 1506/3262/1303 1505/3263/1302 1503/3264/1300
f 1506/3262/1303 1503/3264/1300 1507/3265/1299
f 1507/3265/1299 1508/3266/1304 1506/3262/1303
f 1509/3267/1305 1508/3266/1304 1507/3265/1299
f 1504/3258/1301 1509/3268/1305 1507/3256/1299
f 1508/3266/1304 1509/3267/1305 1510/3269/1306
f 1512/3270/1307 1510/3271/1306 1509/3272/1305
f 1509/3268/1305 1504/3258/1301 1511/3273/1308
f 1511/3273/1308 1512/3274/1307 1509/3268/1305
f 1513/3275/1309 1512/3276/1307 1514/3277/1310
f 1512/3270/1307 1513/3278/1309 1510/3271/1306
f 1514/3279/1310 1512/3274/1307 1511/3273/1308
f 1514/3277/1310 1515/3280/1311 1513/3275/1309
f 1515/3280/1311 1514/3277/1310 1511/3281/1308
f 1516/3282/1312 1517/3283/1313 1515/3280/1311
f 1516/3282/1312 1515/3280/1311 1518/3284/1314
f 1511/3281/1308 1518/3284/1314 1515/3280/1311
f 1517/3283/1313 1513/3275/1309 1515/3280/1311
f 1516/3285/1312 1518/3286/1314 1505/3287/1302
f 1518/3288/1314 1511/3273/1308 1504/3258/1301
f 1505/3259/1302 1518/3289/1314 1504/3260/1301
f 1519/3290/1315 1517/3291/1313 1516/3292/1312
f 1520/3293/1316 1517/3291/1313 1519/3290/1315
f 1517/3291/1313 1520/3293/1316 1513/3294/1309
f 1508/3266/1304 1520/3295/1316 1519/3296/1315
f 1520/3297/1316 1510/3271/1306 1513/3278/1309
f 1510/3271/1306 1520/3297/1316 1508/3298/1304
f 1516/3299/1312 1505/3263/1302 1519/3296/1315
f 1505/3263/1302 1506/3262/1303 1519/3296/1315
f 1508/3266/1304 1519/3296/1315 1506/3262/1303
f 1525/3300/1317 1521/3301/1318 1522/3302/1319
f 1523/3303/1320 1522/3304/1319 1521/3305/1318
f 1524/3306/1321 1523/3307/1320 1521/3308/1318
f 1524/3306/1321 1521/3308/1318 1525/3309/1317
f 1525/3309/1317 1526/3310/1322 1524/3306/1321
f 1527/3311/1323 1526/3310/1322 1525/3309/1317
f 1522/3302/1319 1527/3312/1323 1525/3300/1317
f 1526/3310/1322 1527/3311/1323 1528/3313/1324
f 1530/3314/1325 1528/3315/1324 1527/3316/1323
f 1527/3312/1323 1522/3302/1319 1529/3317/1326
f 1529/3317/1326 1530/3318/1325 1527/3312/1323
f 1531/3319/1327 1530/3320/1325 1532/3321/1328
f 1530/3314/1325 1531/3322/1327 1528/3315/1324
f 1532/3323/1328 1530/3318/1325 1529/3317/1326
f 1532/3321/1328 1533/3324/1329 1531/3319/1327
f 1533/3324/1329 1532/3321/1328 1529/3325/1326
f 1534/3326/1330 1535/3327/1331 1533/3324/1329
f 1534/3326/1330 1533/3324/1329 1536/3328/1332
f 1529/3325/1326 1536/3328/1332 1533/3324/1329
f 1535/3327/1331 1531/3319/1327 1533/3324/1329
f 1534/3329/1330 1536/3330/1332 1523/3331/1320
f 1536/3332/1332 1529/3317/1326 1522/3302/1319
f 1523/3303/1320 1536/3333/1332 1522/3304/1319
f 1537/3334/1333 1535/3335/1331 1534/3336/1330
f 1538/3337/1334 1535/3335/1331 1537/3334/1333
f 1535/3335/1331 1538/3337/1334 1531/3338/1327
f 1526/3310/1322 1538/3339/1334 1537/3340/1333
f 1538/3341/1334 1528/3315/1324 1531/3322/1327
f 1528/3315/1324 1538/3341/1334 1526/3342/1322
f 1534/3343/1330 1523/3307/1320 1537/3340/1333
f 1523/3307/1320 1524/3306/1321 1537/3340/1333
f 1526/3310/1322 1537/3340/1333 1524/3306/1321
f 1543/3344/1335 1539/3345/1336 1540/3346/1337
f 1541/3347/1338 1540/3348/1337 1539/3349/1336
f 1542/3350/1339 1541/3351/1338 1539/3352/1336
f 1542/3350/1339 1539/3352/1336 1543/3353/1335
f 1543/3353/1335 1544/3354/1340 1542/3350/1339
f 1545/3355/1341 1544/3354/1340 1543/3353/1335
f 1540/3346/1337 1545/3356/1341 1543/3344/1335
f 1544/3354/1340 1545/3355/1341 1546/3357/1342
f 1548/3358/1343 1546/3359/1342 1545/3360/1341
f 1545/3356/1341 1540/3346/1337 1547/3361/1344
f 1547/3361/1344 1548/3362/1343 1545/3356/1341
f 1549/3363/1345 1548/3364/1343 1550/3365/1346
f 1548/3358/1343 1549/3366/1345 1546/3359/1342
f 1550/3367/1346 1548/3362/1343 1547/3361/1344
f 1550/3365/1346 1551/3368/1347 1549/3363/1345
f 1551/3368/1347 1550/3365/1346 1547/3369/1344
f 1552/3370/1348 1553/3371/1349 1551/3368/1347
f 1552/3370/1348 1551/3368/1347 1554/3372/1350
f 1547/3369/1344 1554/3372/1350 1551/3368/1347
f 1553/3371/1349 1549/3363/1345 1551/3368/1347
f 1552/3373/1348 1554/3374/1350 1541/3375/1338
f 1554/3376/1350 1547/3361/1344 1540/3346/1337
f 1541/3347/1338 1554/3377/1350 1540/3348/1337
f 1555/3378/1351 1553/3379/1349 1552/3380/1348
f 1556/3381/1352 1553/3379/1349 1555/3378/1351
f 1553/3379/1349 1556/3381/1352 1549/3382/1345
f 1544/3354/1340 1556/3383/1352 1555/3384/1351
f 1556/3385/1352 1546/3359/1342 1549/3366/1345
f 1546/3359/1342 1556/3385/1352 1544/3386/1340
f 1552/3387/1348 1541/3351/1338 1555/3384/1351
f 1541/3351/1338 1542/3350/1339 1555/3384/1351
f 1544/3354/1340 1555/3384/1351 1542/3350/1339
f 1561/3388/1353 1557/3389/1354 1558/3390/1355
f 1559/3391/1356 1558/3392/1355 1557/3393/1354
f 1560/3394/1357 1559/3395/1356 1557/3396/1354
f 1560/3394/1357 1557/3396/1354 1561/3397/1353
f 1561/3397/1353 1562/3398/1358 1560/3394/1357
f 1563/3399/1359 1562/3398/1358 1561/3397/1353
f 1558/3390/1355 1563/3400/1359 1561/3388/1353
f 1562/3398/1358 1563/3399/1359 1564/3401/1360
f 1566/3402/1361 1564/3403/1360 1563/3404/1359
f 1563/3400/1359 1558/3390/1355 1565/3405/1362
f 1565/3405/1362 1566/3406/1361 1563/3400/1359
f 1567/3407/1363 1566/3408/1361 1568/3409/1364
f 1566/3402/1361 1567/3410/1363 1564/3403/1360
f 1568/3411/1364 1566/3406/1361 1565/3405/1362
f 1568/3409/1364 1569/3412/1365 1567/3407/1363
f 1569/3412/1365 1568/3409/1364 1565/3413/1362
f 1570/3414/1366 1571/3415/1367 1569/3412/1365
f 1570/3414/1366 1569/3412/1365 1572/3416/1368
f 1565/3413/1362 1572/3416/1368 1569/3412/1365
f 1571/3415/1367 1567/3407/1363 1569/3412/1365
f 1570/3417/1366 1572/3418/1368 1559/3419/1356
f 1572/3420/1368 1565/3405/1362 1558/3390/1355
f 1559/3391/1356 1572/3421/1368 1558/3392/1355
f 1573/3422/1369 1571/3423/1367 1570/3424/1366
f 1574/3425/1370 1571/3423/1367 1573/3422/1369
f 1571/3423/1367 1574/3425/1370 1567/3426/1363
f 1562/3398/1358 1574/3427/1370 1573/3428/1369
f 1574/3429/1370 1564/3403/1360 1567/3410/1363
f 1564/3403/1360 1574/3429/1370 1562/3430/1358
f 1570/3431/1366 1559/3395/1356 1573/3428/1369
f 1559/3395/1356 1560/3394/1357 1573/3428/1369
f 1562/3398/1358 1573/3428/1369 1560/3394/1357
f 1579/3432/1371 1575/3433/1372 1576/3434/1373
f 1577/3435/1374 1576/3436/1373 1575/3437/1372
f 1578/3438/1375 1577/3439/1374 1575/3440/1372
f 1578/3438/1375 1575/3440/1372 1579/3441/1371
f 1579/3441/1371 1580/3442/1376 1578/3438/1375
f 1581/3443/1377 1580/3442/1376 1579/3441/1371
f 1576/3434/1373 1581/3444/1377 1579/3432/1371
f 1580/3442/1376 1581/3443/1377 1582/3445/1378
f 1584/3446/1379 1582/3447/1378 1581/3448/1377
f 1581/3444/1377 1576/3434/1373 1583/3449/1380
f 1583/3449/1380 1584/3450/1379 1581/3444/1377
f 1585/3451/1381 1584/3452/1379 1586/3453/1382
f 1584/3446/1379 1585/3454/1381 1582/3447/1378
f 1586/3455/1382 1584/3450/1379 1583/3449/1380
f 1586/3453/1382 1587/3456/1383 1585/3451/1381
f 1587/3456/1383 1586/3453/1382 1583/3457/1380
f 1588/3458/1384 1589/3459/1385 1587/3456/1383
f 1588/3458/1384 1587/3456/1383 1590/3460/1386
f 1583/3457/1380 1590/3460/1386 1587/3456/1383
f 1589/3459/1385 1585/3451/1381 1587/3456/1383
f 1588/3461/1384 1590/3462/1386 1577/3463/1374
f 1590/3464/1386 1583/3449/1380 1576/3434/1373
f 1577/3435/1374 1590/3465/1386 1576/3436/1373
f 1591/3466/1387 1589/3467/1385 1588/3468/1384
f 1592/3469/1388 1589/3467/1385 1591/3466/1387
f 1589/3467/1385 1592/3469/1388 1585/3470/1381
f 1580/3442/1376 1592/3471/1388 1591/3472/1387
f 1592/3473/1388 1582/3447/1378 1585/3454/1381
f 1582/3447/1378 1592/3473/1388 1580/3474/1376
f 1588/3475/1384 1577/3439/1374 1591/3472/1387
f 1577/3439/1374 1578/3438/1375 1591/3472/1387
f 1580/3442/1376 1591/3472/1387 1578/3438/1375
f 1597/3476/1389 1593/3477/1390 1594/3478/1391
f 1595/3479/1392 1594/3480/1391 1593/3481/1390
f 1596/3482/1393 1595/3483/1392 1593/3484/1390
f 1596/3482/1393 1593/3484/1390 1597/3485/1389
f 1597/3485/1389 1598/3486/1394 1596/3482/1393
f 1599/3487/1395 1598/3486/1394 1597/3485/1389
f 1594/3478/1391 1599/3488/1395 1597/3476/1389
f 1598/3486/1394 1599/3487/1395 1600/3489/1396
f 1602/3490/1397 1600/3491/1396 1599/3492/1395
f 1599/3488/1395 1594/3478/1391 1601/3493/1398
f 1601/3493/1398 1602/3494/1397 1599/3488/1395
f 1603/3495/1399 1602/3496/1397 1604/3497/1400
f 1602/3490/1397 1603/3498/1399 1600/3491/1396
f 1604/3499/1400 1602/3494/1397 1601/3493/1398
f 1604/3497/1400 1605/3500/1401 1603/3495/1399
f 1605/3500/1401 1604/3497/1400 1601/3501/1398
f 1606/3502/1402 1607/3503/1403 1605/3500/1401
f 1606/3502/1402 1605/3500/1401 1608/3504/1404
f 1601/3501/1398 1608/3504/1404 1605/3500/1401
f 1607/3503/1403 1603/3495/1399 1605/3500/1401
f 1606/3505/1402 1608/3506/1404 1595/3507/1392
f 1608/3508/1404 1601/3493/1398 1594/3478/1391
f 1595/3479/1392 1608/3509/1404 1594/3480/1391
f 1609/3510/1405 1607/3511/1403 1606/3512/1402
f 1610/3513/1406 1607/3511/1403 1609/3510/1405
f 1607/3511/1403 1610/3513/1406 1603/3514/1399
f 1598/3486/1394 1610/3515/1406 1609/3516/1405
f 1610/3517/1406 1600/3491/1396 1603/3498/1399
f 1600/3491/1396 1610/3517/1406 1598/3518/1394
f 1606/3519/1402 1595/3483/1392 1609/3516/1405
f 1595/3483/1392 1596/3482/1393 1609/3516/1405
f 1598/3486/1394 1609/3516/1405 1596/3482/1393
f 1615/3520/1407 1611/3521/1408 1612/3522/1409
f 1613/3523/1410 1612/3524/1409 1611/3525/1408
f 1614/3526/1411 1613/3527/1410 1611/3528/1408
f 1614/3526/1411 1611/3528/1408 1615/3529/1407
f 1615/3529/1407 1616/3530/1412 1614/3526/1411
f 1617/3531/1413 1616/3530/1412 1615/3529/1407
f 1612/3522/1409 1617/3532/1413 1615/3520/1407
f 1616/3530/1412 1617/3531/1413 1618/3533/1414
f 1620/3534/1415 1618/3535/1414 1617/3536/1413
f 1617/3532/1413 1612/3522/1409 1619/3537/1416
f 1619/3537/1416 1620/3538/1415 1617/3532/1413
f 1621/3539/1417 1620/3540/1415 1622/3541/1418
f 1620/3534/1415 1621/3542/1417 1618/3535/1414
f 1622/3543/1418 1620/3538/1415 1619/3537/1416
f 1622/3541/1418 1623/3544/1419 1621/3539/1417
f 1623/3544/1419 1622/3541/1418 1619/3545/1416
f 1624/3546/1420 1625/3547/1421 1623/3544/1419
f 1624/3546/1420 1623/3544/1419 1626/3548/1422
f 1619/3545/1416 1626/3548/1422 1623/3544/1419
f 1625/3547/1421 1621/3539/1417 1623/3544/1419
f 1624/3549/1420 1626/3550/1422 1613/3551/1410
f 1626/3552/1422 1619/3537/1416 1612/3522/1409
f 1613/3523/1410 1626/3553/1422 1612/3524/1409
f 1627/3554/1423 1625/3555/1421 1624/3556/1420
f 1628/3557/1424 1625/3555/1421 1627/3554/1423
f 1625/3555/1421 1628/3557/1424 1621/3558/1417
f 1616/3530/1412 1628/3559/1424 1627/3560/1423
f 1628/3561/1424 1618/3535/1414 1621/3542/1417
f 1618/3535/1414 1628/3561/1424 1616/3562/1412
f 1624/3563/1420 1613/3527/1410 1627/3560/1423
f 1613/3527/1410 1614/3526/1411 1627/3560/1423
f 1616/3530/1412 1627/3560/1423 1614/3526/1411
f 1633/3564/1425 1629/3565/1426 1630/3566/1427
f 1631/3567/1428 1630/3568/1427 1629/3569/1426
f 1632/3570/1429 1631/3571/1428 1629/3572/1426
f 1632/3570/1429 1629/3572/1426 1633/3573/1425
f 1633/3573/1425 1634/3574/1430 1632/3570/1429
f 1635/3575/1431 1634/3574/1430 1633/3573/1425
f 1630/3566/1427 1635/3576/1431 1633/3564/1425
f 1634/3574/1430 1635/3575/1431 1636/3577/1432
f 1638/3578/1433 1636/3579/1432 1635/3580/1431
f 1635/3576/1431 1630/3566/1427 1637/3581/1434
f 1637/3581/1434 1638/3582/1433 1635/3576/1431
f 1639/3583/1435 1638/3584/1433 1640/3585/1436
f 1638/3578/1433 1639/3586/1435 1636/3579/1432
f 1640/3587/1436 1638/3582/1433 1637/3581/1434
f 1640/3585/1436 1641/3588/1437 1639/3583/1435
f 1641/3588/1437 1640/3585/1436 1637/3589/1434
f 1642/3590/1438 1643/3591/1439 1641/3588/1437
f 1642/3590/1438 1641/3588/1437 1644/3592/1440
f 1637/3589/1434 1644/3592/1440 1641/3588/1437
f 1643/3591/1439 1639/3583/1435 1641/3588/1437
f 1642/3593/1438 1644/3594/1440 1631/3595/1428
f 1644/3596/1440 1637/3581/1434 1630/3566/1427
f 1631/3567/1428 1644/3597/1440 1630/3568/1427
f 1645/3598/1441 1643/3599/1439 1642/3600/1438
f 1646/3601/1442 1643/3599/1439 1645/3598/1441
f 1643/3599/1439 1646/3601/1442 1639/3602/1435
f 1634/3574/1430 1646/3603/1442 1645/3604/1441
f 1646/3605/1442 1636/3579/1432 1639/3586/1435
f 1636/3579/1432 1646/3605/1442 1634/3606/1430
f 1642/3607/1438 1631/3571/1428 1645/3604/1441
f 1631/3571/1428 1632/3570/1429 1645/3604/1441
f 1634/3574/1430 1645/3604/1441 1632/3570/1429
f 1651/3608/1443 1647/3609/1444 1648/3610/1445
f 1649/3611/1446 1648/3612/1445 1647/3613/1444
f 1650/3614/1447 1649/3615/1446 1647/3616/1444
f 1650/3614/1447 1647/3616/1444 1651/3617/1443
f 1651/3617/1443 1652/3618/1448 1650/3614/1447
f 1653/3619/1449 1652/3618/1448 1651/3617/1443
f 1648/3610/1445 1653/3620/1449 1651/3608/1443
f 1652/3618/1448 1653/3619/1449 1654/3621/1450
f 1656/3622/1451 1654/3623/1450 1653/3624/1449
f 1653/3620/1449 1648/3610/1445 1655/3625/1452
f 1655/3625/1452 1656/3626/1451 1653/3620/1449
f 1657/3627/1453 1656/3628/1451 1658/3629/1454
f 1656/3622/1451 1657/3630/1453 1654/3623/1450
f 1658/3631/1454 1656/3626/1451 1655/3625/1452
f 1658/3629/1454 1659/3632/1455 1657/3627/1453
f 1659/3632/1455 1658/3629/1454 1655/3633/1452
f 1660/3634/1456 1661/3635/1457 1659/3632/1455
f 1660/3634/1456 1659/3632/1455 1662/3636/1458
f 1655/3633/1452 1662/3636/1458 1659/3632/1455
f 1661/3635/1457 1657/3627/1453 1659/3632/1455
f 1660/3637/1456 1662/3638/1458 1649/3639/1446
f 1662/3640/1458 1655/3625/1452 1648/3610/1445
f 1649/3611/1446 1662/3641/1458 1648/3612/1445
f 1663/3642/1459 1661/3643/1457 1660/3644/1456
f 1664/3645/1460 1661/3643/1457 1663/3642/1459
f 1661/3643/1457 1664/3645/1460 1657/3646/1453
f 1652/3618/1448 1664/3647/1460 1663/3648/1459
f 1664/3649/1460 1654/3623/1450 1657/3630/1453
f 1654/3623/1450 1664/3649/1460 1652/3650/1448
f 1660/3651/1456 1649/3615/1446 1663/3648/1459
f 1649/3615/1446 1650/3614/1447 1663/3648/1459
f 1652/3618/1448 1663/3648/1459 1650/3614/1447
f 1669/3652/1461 1665/3653/1462 1666/3654/1463
f 1667/3655/1464 1666/3656/1463 1665/3657/1462
f 1668/3658/1465 1667/3659/1464 1665/3660/1462
f 1668/3658/1465 1665/3660/1462 1669/3661/1461
f 1669/3661/1461 1670/3662/1466 1668/3658/1465
f 1671/3663/1467 1670/3662/1466 1669/3661/1461
f 1666/3654/1463 1671/3664/1467 1669/3652/1461
f 1670/3662/1466 1671/3663/1467 1672/3665/1468
f 1674/3666/1469 1672/3667/1468 1671/3668/1467
f 1671/3664/1467 1666/3654/1463 1673/3669/1470
f 1673/3669/1470 1674/3670/1469 1671/3664/1467
f 1675/3671/1471 1674/3672/1469 1676/3673/1472
f 1674/3666/1469 1675/3674/1471 1672/3667/1468
f 1676/3675/1472 1674/3670/1469 1673/3669/1470
f 1676/3673/1472 1677/3676/1473 1675/3671/1471
f 1677/3676/1473 1676/3673/1472 1673/3677/1470
f 1678/3678/1474 1679/3679/1475 1677/3676/1473
f 1678/3678/1474 1677/3676/1473 1680/3680/1476
f 1673/3677/1470 1680/3680/1476 1677/3676/1473
f 1679/3679/1475 1675/3671/1471 1677/3676/1473
f 1678/3681/1474 1680/3682/1476 1667/3683/1464
f 1680/3684/1476 1673/3669/1470 1666/3654/1463
f 1667/3655/1464 1680/3685/1476 1666/3656/1463
f 1681/3686/1477 1679/3687/1475 1678/3688/1474
f 1682/3689/1478 1679/3687/1475 1681/3686/1477
f 1679/3687/1475 1682/3689/1478 1675/3690/1471
f 1670/3662/1466 1682/3691/1478 1681/3692/1477
f 1682/3693/1478 1672/3667/1468 1675/3674/1471
f 1672/3667/1468 1682/3693/1478 1670/3694/1466
f 1678/3695/1474 1667/3659/1464 1681/3692/1477
f 1667/3659/1464 1668/3658/1465 1681/3692/1477
f 1670/3662/1466 1681/3692/1477 1668/3658/1465
s 0
f 1987/4600/1856 1983/4601/1856 1984/4602/1856
f 1983/4601/1857 1985/4603/1857 1984/4602/1857
f 1985/4603/1858 1983/4601/1858 1989/4604/1858
f 1986/4605/1859 1988/4606/1859 1983/4601/1859
f 1986/4605/1860 1983/4601/1860 1987/4600/1860
f 1990/4607/1859 1983/4601/1859 1988/4606/1859
f 1989/4604/1861 1983/4601/1861 1990/4607/1861
f 1989/4608/1862 1990/4609/1862 1993/4610/1862
f 1988/4611/1863 1992/4612/1863 1990/4609/1863
f 1991/4613/1862 1993/4610/1862 1990/4609/1862
f 1991/4613/1863 1990/4609/1863 1992/4612/1863
f 1991/4614/1864 1994/4615/1864 1993/4616/1864
f 1995/4617/1864 1993/4616/1864 1994/4615/1864
f 1989/4608/1865 1993/4610/1865 1997/4618/1865
f 1993/4616/1866 1995/4617/1866 1996/4619/1866
f 1996/4620/1865 1997/4618/1865 1993/4610/1865
f 1989/4604/1858 1997/4621/1858 1985/4603/1858
f 1998/4622/1861 1985/4603/1861 1997/4621/1861
f 1998/4622/1858 1997/4621/1858 1999/4623/1858
f 2000/4624/1858 1999/4623/1858 1997/4621/1858
f 2000/4625/1867 1997/4618/1867 1996/4620/1867
f 2001/4626/1858 1999/4623/1858 2000/4624/1858
f 2002/4627/1868 2001/4628/1868 2000/4625/1868
f 2000/4625/1867 1996/4620/1867 2002/4627/1867
f 2004/4629/1869 2002/4630/1869 2003/4631/1869
f 2002/4630/1869 1996/4619/1869 2003/4631/1869
f 2001/4628/1868 2002/4627/1868 2004/4632/1868
f 2005/4633/1870 2001/4628/1870 2004/4632/1870
f 2005/4634/1864 2004/4629/1864 2006/4635/1864
f 2003/4631/1864 2007/4636/1864 2004/4629/1864
f 2007/4636/1866 2006/4635/1866 2004/4629/1866
f 2007/4636/1871 2008/4637/1871 2006/4635/1871
f 2009/4638/1872 2008/4637/1872 2007/4636/1872
f 2003/4631/1873 2009/4638/1873 2007/4636/1873
f 2009/4639/1874 2010/4640/1874 2008/4641/1874
f 2009/4639/1875 2011/4642/1875 2010/4640/1875
f 2012/4643/1876 2011/4642/1876 2009/4639/1876
f 2012/4644/1877 2009/4638/1877 2003/4631/1877
f 2014/4645/1878 2012/4644/1878 2013/4646/1878
f 2012/4644/1879 2003/4631/1879 2013/4646/1879
f 2012/4643/1880 2014/4647/1880 2015/4648/1880
f 2011/4642/1876 2012/4643/1876 2015/4648/1876
f 2015/4649/1881 1998/4622/1881 2011/4650/1881
f 1985/4603/1882 1998/4622/1882 2015/4649/1882
f 1985/4603/1883 2015/4649/1883 1984/4602/1883
f 1984/4651/1880 2015/4648/1880 2014/4647/1880
f 2016/4652/1884 2014/4645/1884 1995/4617/1884
f 1995/4617/1885 2014/4645/1885 2013/4646/1885
f 2016/4653/1886 2017/4654/1886 2014/4647/1886
f 2014/4647/1887 2017/4654/1887 1984/4651/1887
f 2018/4655/1866 2017/4656/1866 2020/4657/1866
f 2017/4658/1888 2018/4659/1888 2019/4660/1888
f 1984/4651/1887 2017/4654/1887 2019/4661/1887
f 2020/4662/1889 2017/4654/1889 2016/4653/1889
f 2018/4655/1866 2020/4657/1866 2021/4663/1866
f 2016/4653/1890 2021/4664/1890 2020/4662/1890
f 2021/4663/1869 2022/4665/1869 2018/4655/1869
f 2021/4664/1891 2023/4666/1891 2022/4667/1891
f 2023/4666/1892 2021/4664/1892 2016/4653/1892
f 2023/4668/1893 2016/4652/1893 1994/4615/1893
f 2025/4669/1893 2023/4668/1893 1994/4615/1893
f 2024/4670/1894 2022/4667/1894 2023/4666/1894
f 2025/4669/1895 2024/4671/1895 2023/4668/1895
f 1994/4615/1869 1992/4672/1869 2025/4669/1869
f 2025/4669/1866 1992/4672/1866 2026/4673/1866
f 2026/4673/1896 2024/4671/1896 2025/4669/1896
f 1992/4672/1864 2028/4674/1864 2026/4673/1864
f 2027/4675/1897 2030/4676/1897 2026/4673/1897
f 2027/4675/1864 2026/4673/1864 2029/4677/1864
f 2028/4674/1866 2029/4677/1866 2026/4673/1866
f 2030/4676/1898 2024/4671/1898 2026/4673/1898
f 2031/4678/1899 2030/4676/1899 2027/4675/1899
f 2031/4679/1900 2033/4680/1900 2030/4681/1900
f 2030/4681/1900 2033/4680/1900 2032/4682/1900
f 2032/4682/1901 2034/4683/1901 2030/4681/1901
f 2024/4670/1902 2030/4681/1902 2034/4683/1902
f 2035/4684/1903 2034/4683/1903 2032/4682/1903
f 2035/4685/1904 2036/4686/1904 2034/4687/1904
f 2037/4688/1866 2034/4689/1866 2018/4655/1866
f 2018/4690/1905 2034/4687/1905 2036/4686/1905
f 2024/4670/1906 2034/4683/1906 2037/4691/1906
f 2022/4665/1864 2037/4688/1864 2018/4655/1864
f 2022/4667/1907 2024/4670/1907 2037/4691/1907
f 2035/4692/1859 2038/4693/1859 2036/4694/1859
f 2039/4695/1861 2036/4694/1861 2038/4693/1861
f 2039/4695/1859 2040/4696/1859 2036/4694/1859
f 2036/4697/1908 2019/4660/1908 2018/4659/1908
f 2019/4698/1909 2036/4694/1909 2041/4699/1909
f 2040/4696/1858 2041/4699/1858 2036/4694/1858
f 2041/4700/1910 1987/4701/1910 2019/4661/1910
f 2041/4700/1911 2042/4702/1911 1987/4701/1911
f 2041/4700/1912 2040/4703/1912 2042/4702/1912
f 2042/4704/1860 1986/4605/1860 1987/4600/1860
f 2043/4705/1913 2044/4706/1913 2042/4704/1913
f 2042/4702/1914 2039/4707/1914 2043/4708/1914
f 2042/4702/1915 2040/4703/1915 2039/4707/1915
f 2044/4706/1913 1986/4605/1913 2042/4704/1913
f 1988/4606/1859 2044/4706/1859 2047/4709/1859
f 1986/4605/1861 2044/4706/1861 1988/4606/1861
f 2045/4710/1916 2044/4706/1916 2043/4705/1916
f 2045/4710/1858 2046/4711/1858 2044/4706/1858
f 2047/4709/1858 2044/4706/1858 2046/4711/1858
f 1988/4611/1917 2047/4712/1917 1992/4612/1917
f 2047/4712/1918 2029/4713/1918 2028/4714/1918
f 2029/4713/1918 2047/4712/1918 2046/4715/1918
f 2047/4712/1917 2028/4714/1917 1992/4612/1917
f 2046/4711/1858 2045/4710/1858 2048/4716/1858
f 2046/4715/1919 2048/4717/1919 2029/4713/1919
f 2051/4718/1858 2048/4716/1858 2049/4719/1858
f 2049/4719/1861 2048/4716/1861 2045/4710/1861
f 2029/4713/1919 2048/4717/1919 2050/4720/1919
f 2048/4717/1920 2052/4721/1920 2050/4720/1920
f 2048/4716/1861 2051/4718/1861 2052/4722/1861
f 2052/4721/1921 2053/4723/1921 2054/4724/1921
f 2052/4722/1858 2051/4718/1858 2053/4725/1858
f 2052/4721/1922 2054/4724/1922 2055/4726/1922
f 2055/4726/1920 2050/4720/1920 2052/4721/1920
f 2054/4727/1864 2056/4728/1864 2055/4729/1864
f 2055/4729/1866 2056/4728/1866 2050/4730/1866
f 2056/4728/1923 2057/4731/1923 2060/4732/1923
f 2057/4731/1864 2056/4728/1864 2054/4727/1864
f 2059/4733/1924 2058/4734/1924 2056/4728/1924
f 2058/4734/1864 2050/4730/1864 2056/4728/1864
f 2056/4728/1925 2060/4732/1925 2059/4733/1925
f 2059/4735/1926 2060/4736/1926 2061/4737/1926
f 2062/4738/1927 2061/4737/1927 2060/4736/1927
f 2060/4736/1928 2063/4739/1928 2062/4738/1928
f 2064/4740/1929 2060/4732/1929 2057/4731/1929
f 2060/4736/1928 2064/4741/1928 2063/4739/1928
f 2066/4742/1930 2064/4740/1930 2065/4743/1930
f 2065/4743/1931 2064/4740/1931 2057/4731/1931
f 2064/4741/1932 2066/4744/1932 2067/4745/1932
f 2064/4741/1933 2067/4745/1933 2063/4739/1933
f 2063/4746/1866 2067/4747/1866 2068/4748/1866
f 2067/4747/1864 2069/4749/1864 2068/4748/1864
f 2067/4745/1934 2066/4744/1934 2069/4750/1934
f 2069/4749/1864 2070/4751/1864 2068/4748/1864
f 2071/4752/1935 2070/4753/1935 2069/4754/1935
f 2071/4755/1936 2069/4750/1936 2066/4744/1936
f 2074/4756/1937 2071/4757/1937 2072/4758/1937
f 2071/4757/1938 2066/4742/1938 2072/4758/1938
f 2073/4759/1939 2071/4757/1939 2074/4756/1939
f 2071/4752/1935 2073/4760/1935 2070/4753/1935
f 2074/4756/1864 2072/4758/1864 2075/4761/1864
f 2076/4762/1864 2074/4756/1864 2075/4761/1864
f 2073/4759/1940 2074/4756/1940 2076/4762/1940
f 2076/4762/1864 2077/4763/1864 2078/4764/1864
f 2075/4761/1864 2077/4763/1864 2076/4762/1864
f 2078/4764/1941 2079/4765/1941 2076/4762/1941
f 2079/4765/1942 2073/4759/1942 2076/4762/1942
f 2078/4764/1943 2080/4766/1943 2079/4765/1943
f 2079/4767/1944 2080/4768/1944 2081/4769/1944
f 2079/4767/1945 2081/4769/1945 2073/4760/1945
f 2082/4770/1866 2068/4748/1866 2081/4771/1866
f 2070/4751/1864 2081/4771/1864 2068/4748/1864
f 2070/4753/1945 2073/4760/1945 2081/4769/1945
f 2082/4772/1946 2081/4769/1946 2080/4768/1946
f 2080/4768/1947 2083/4773/1947 2082/4772/1947
f 2083/4774/1866 2068/4748/1866 2082/4770/1866
f 2083/4773/1948 2084/4775/1948 2068/4776/1948
f 2084/4775/1949 2083/4773/1949 2085/4777/1949
f 2085/4777/1949 2083/4773/1949 2086/4778/1949
f 2080/4768/1950 2086/4778/1950 2083/4773/1950
f 2086/4778/1951 2089/4779/1951 2085/4777/1951
f 2087/4780/1951 2089/4779/1951 2086/4778/1951
f 2087/4781/1952 2086/4782/1952 2088/4783/1952
f 2086/4782/1953 2080/4766/1953 2090/4784/1953
f 2088/4783/1954 2086/4782/1954 2090/4784/1954
f 2088/4783/1866 2090/4784/1866 2091/4785/1866
f 2090/4784/1869 2078/4764/1869 2091/4785/1869
f 2090/4784/1955 2080/4766/1955 2078/4764/1955
f 2094/4786/1956 2092/4787/1956 2091/4788/1956
f 2091/4785/1864 2092/4789/1864 2088/4783/1864
f 2093/4790/1957 2094/4786/1957 2091/4788/1957
f 2093/4790/1957 2091/4788/1957 2095/4791/1957
f 2095/4792/1864 2091/4785/1864 2078/4764/1864
f 2093/4790/1958 2095/4791/1958 2096/4793/1958
f 2077/4794/1958 2096/4793/1958 2095/4791/1958
f 2095/4792/1866 2078/4764/1866 2077/4763/1866
f 2096/4795/1858 2097/4796/1858 2093/4797/1858
f 2097/4796/1858 2096/4795/1858 2099/4798/1858
f 2098/4799/1959 2096/4793/1959 2075/4800/1959
f 2098/4801/1858 2099/4798/1858 2096/4795/1858
f 2077/4794/1959 2075/4800/1959 2096/4793/1959
f 2100/4802/1960 2099/4798/1960 2102/4803/1960
f 2100/4802/1961 2101/4804/1961 2099/4798/1961
f 2099/4798/1962 2101/4804/1962 2097/4796/1962
f 2099/4798/1858 2098/4801/1858 2102/4803/1858
f 2102/4803/1963 2103/4805/1963 2104/4806/1963
f 2102/4803/1858 2098/4801/1858 2103/4805/1858
f 2100/4802/1964 2102/4803/1964 2104/4806/1964
f 2104/4807/1965 2105/4808/1965 2100/4809/1965
f 2107/4810/1966 2105/4808/1966 2104/4807/1966
f 2104/4806/1967 2103/4805/1967 2108/4811/1967
f 2106/4812/1968 2104/4807/1968 2108/4813/1968
f 2106/4812/1969 2107/4810/1969 2104/4807/1969
f 2109/4814/1928 2108/4813/1928 2110/4815/1928
f 2109/4814/1970 2106/4812/1970 2108/4813/1970
f 2108/4811/1971 2111/4816/1971 2110/4817/1971
f 2103/4805/1972 2111/4816/1972 2108/4811/1972
f 2112/4818/1861 2111/4816/1861 2053/4725/1861
f 2111/4816/1973 2112/4818/1973 2110/4817/1973
f 2111/4816/1858 2103/4805/1858 2114/4819/1858
f 2114/4819/1858 2113/4820/1858 2111/4816/1858
f 2113/4820/1861 2053/4725/1861 2111/4816/1861
f 2114/4819/1861 2103/4805/1861 2098/4801/1861
f 2113/4821/1974 2114/4822/1974 2115/4823/1974
f 2115/4823/1974 2114/4822/1974 2116/4824/1974
f 2114/4822/1975 2098/4825/1975 2116/4824/1975
f 2116/4826/1866 2075/4761/1866 2072/4758/1866
f 2072/4758/1864 2065/4743/1864 2116/4826/1864
f 2115/4827/1864 2116/4826/1864 2065/4743/1864
f 2075/4828/1975 2116/4824/1975 2098/4825/1975
f 2053/4723/1976 2113/4821/1976 2115/4823/1976
f 2053/4723/1976 2115/4823/1976 2054/4724/1976
f 2054/4727/1977 2115/4827/1977 2065/4743/1977
f 2112/4818/1858 2053/4725/1858 2051/4718/1858
f 2110/4817/1978 2112/4818/1978 2117/4829/1978
f 2112/4818/1979 2051/4718/1979 2117/4829/1979
f 2061/4737/1980 2117/4830/1980 2059/4735/1980
f 2117/4830/1981 2061/4737/1981 2118/4831/1981
f 2117/4830/1982 2033/4680/1982 2059/4735/1982
f 2117/4829/1983 2051/4718/1983 2033/4832/1983
f 2110/4815/1984 2117/4830/1984 2118/4831/1984
f 2118/4831/1985 2061/4737/1985 2119/4833/1985
f 2109/4814/1927 2110/4815/1927 2118/4831/1927
f 2118/4834/1858 2119/4835/1858 2109/4836/1858
f 2068/4837/1986 2119/4833/1986 2061/4737/1986
f 2119/4835/1861 2084/4838/1861 2122/4839/1861
f 2119/4840/1948 2068/4776/1948 2084/4775/1948
f 2120/4841/1858 2105/4842/1858 2119/4835/1858
f 2121/4843/1858 2120/4841/1858 2119/4835/1858
f 2109/4836/1861 2119/4835/1861 2106/4844/1861
f 2107/4845/1858 2106/4844/1858 2119/4835/1858
f 2121/4843/1858 2119/4835/1858 2122/4839/1858
f 2107/4845/1858 2119/4835/1858 2105/4842/1858
f 2122/4846/1987 2084/4775/1987 2123/4847/1987
f 2121/4848/1944 2122/4846/1944 2123/4847/1944
f 2085/4777/1988 2123/4847/1988 2084/4775/1988
f 2121/4848/1989 2123/4847/1989 2124/4849/1989
f 2123/4850/1990 2125/4851/1990 2124/4852/1990
f 2085/4853/1991 2126/4854/1991 2123/4850/1991
f 2123/4850/1992 2126/4854/1992 2125/4851/1992
f 2127/4855/1858 2094/4856/1858 2126/4854/1858
f 2129/4857/1861 2127/4855/1861 2126/4854/1861
f 2128/4858/1993 2126/4854/1993 2085/4853/1993
f 2126/4854/1859 2128/4858/1859 2129/4857/1859
f 2125/4851/1858 2126/4854/1858 2094/4856/1858
f 2130/4859/1994 2133/4860/1994 2129/4861/1994
f 2130/4862/1859 2129/4857/1859 2131/4863/1859
f 2128/4858/1858 2131/4863/1858 2129/4857/1858
f 2127/4864/1995 2129/4861/1995 2092/4787/1995
f 2092/4787/1995 2129/4861/1995 2132/4865/1995
f 2132/4865/1994 2129/4861/1994 2133/4860/1994
f 2130/4859/1996 2134/4866/1996 2133/4860/1996
f 2133/4867/1864 2134/4868/1864 2136/4869/1864
f 2132/4870/1869 2133/4867/1869 2135/4871/1869
f 2136/4869/1864 2135/4871/1864 2133/4867/1864
f 2134/4868/1864 2137/4872/1864 2136/4869/1864
f 2138/4873/1869 2136/4869/1869 2137/4872/1869
f 2140/4874/1997 2136/4869/1997 2138/4873/1997
f 2136/4869/1998 2139/4875/1998 2135/4871/1998
f 2140/4874/1997 2139/4875/1997 2136/4869/1997
f 2141/4876/1999 2143/4877/1999 2140/4878/1999
f 2141/4879/2000 2140/4874/2000 2138/4873/2000
f 2142/4880/2001 2144/4881/2001 2140/4878/2001
f 2142/4880/2002 2140/4878/2002 2143/4877/2002
f 2139/4882/2003 2140/4878/2003 2144/4881/2003
f 2146/4883/1869 2145/4884/1869 2144/4885/1869
f 2144/4881/2004 2145/4886/2004 2139/4882/2004
f 2146/4883/1864 2144/4885/1864 2142/4887/1864
f 2147/4888/2005 2148/4889/2005 2146/4890/2005
f 2150/4891/2006 2147/4892/2006 2146/4893/2006
f 2145/4894/2005 2146/4890/2005 2148/4889/2005
f 2143/4895/1864 2149/4896/1864 2146/4883/1864
f 2150/4891/2006 2146/4893/2006 2149/4897/2006
f 2142/4887/1869 2143/4895/1869 2146/4883/1869
f 2150/4898/1858 2151/4899/1858 2147/4900/1858
f 2151/4901/2007 2150/4902/2007 2153/4903/2007
f 2150/4902/2007 2149/4904/2007 2152/4905/2007
f 2152/4905/2008 2153/4903/2008 2150/4902/2008
f 2151/4901/2009 2153/4903/2009 2154/4906/2009
f 2153/4907/2010 2155/4908/2010 2154/4909/2010
f 2152/4910/2011 2156/4911/2011 2153/4907/2011
f 2156/4911/2011 2155/4908/2011 2153/4907/2011
f 2159/4912/2012 2156/4911/2012 2152/4910/2012
f 2158/4913/1858 2157/4914/1858 2156/4911/1858
f 2155/4908/1858 2156/4911/1858 2157/4914/1858
f 2156/4911/1859 2159/4912/1859 2158/4913/1859
f 2161/4915/2012 2159/4912/2012 2152/4910/2012
f 2159/4912/1858 2160/4916/1858 2158/4913/1858
f 2159/4912/2013 2161/4915/2013 2160/4916/2013
f 2152/4905/2014 2163/4917/2014 2161/4918/2014
f 2164/4919/2015 2162/4920/2015 2161/4918/2015
f 2162/4921/2016 2160/4916/2016 2161/4915/2016
f 2164/4919/2014 2161/4918/2014 2163/4917/2014
f 2166/4922/2017 2164/4923/2017 2165/4924/2017
f 2165/4924/2018 2164/4923/2018 2167/4925/2018
f 2166/4926/2019 2162/4920/2019 2164/4919/2019
f 2167/4925/2020 2164/4923/2020 2163/4927/2020
f 2165/4924/1864 2167/4925/1864 2168/4928/1864
f 2170/4929/1864 2168/4928/1864 2167/4925/1864
f 2167/4925/2021 2163/4927/2021 2169/4930/2021
f 2167/4925/1864 2169/4930/1864 2170/4929/1864
f 2157/4931/2022 2168/4932/2022 2170/4933/2022
f 2171/4934/2023 2157/4931/2023 2170/4933/2023
f 2171/4935/1977 2170/4929/1977 2169/4930/1977
f 2172/4936/2023 2157/4931/2023 2171/4934/2023
f 2171/4935/1864 2169/4930/1864 2137/4872/1864
f 2171/4934/2024 2173/4937/2024 2172/4936/2024
f 2173/4937/2024 2171/4934/2024 2137/4938/2024
f 2172/4939/1859 2173/4940/1859 2155/4908/1859
f 2173/4940/1858 2176/4941/1858 2174/4942/1858
f 2174/4942/1858 2175/4943/1858 2173/4940/1858
f 2175/4943/1859 2155/4908/1859 2173/4940/1859
f 2173/4937/2025 2137/4938/2025 2176/4944/2025
f 2176/4941/1859 2130/4862/1859 2174/4942/1859
f 2130/4859/1996 2176/4944/1996 2134/4866/1996
f 2134/4866/2025 2176/4944/2025 2137/4938/2025
f 2175/4943/2026 2177/4945/2026 2154/4909/2026
f 2155/4908/2010 2175/4943/2010 2154/4909/2010
f 2175/4943/2026 2174/4942/2026 2177/4945/2026
f 2178/4946/2027 2148/4947/2027 2177/4948/2027
f 2180/4949/2028 2177/4948/2028 2148/4947/2028
f 2177/4945/2029 2174/4942/2029 2178/4950/2029
f 2154/4906/2030 2177/4948/2030 2179/4951/2030
f 2180/4949/2031 2179/4951/2031 2177/4948/2031
f 2148/4952/1859 2147/4900/1859 2180/4953/1859
f 2179/4954/1858 2180/4953/1858 2147/4900/1858
f 2151/4901/2032 2154/4906/2032 2179/4951/2032
f 2179/4954/1858 2147/4900/1858 2151/4899/1858
f 2148/4947/2033 2178/4946/2033 2145/4886/2033
f 2178/4950/2034 2174/4942/2034 2131/4863/2034
f 2178/4950/2035 2131/4863/2035 2089/4955/2035
f 2181/4956/2027 2145/4886/2027 2178/4946/2027
f 2178/4946/2036 2089/4779/2036 2181/4956/2036
f 2139/4882/2028 2145/4886/2028 2181/4956/2028
f 2139/4875/2037 2181/4957/2037 2135/4871/2037
f 2135/4871/2038 2181/4957/2038 2182/4958/2038
f 2181/4957/2038 2087/4781/2038 2182/4958/2038
f 2089/4779/2039 2087/4780/2039 2181/4956/2039
f 2182/4958/1864 2132/4870/1864 2135/4871/1864
f 2087/4781/2040 2088/4783/2040 2182/4958/2040
f 2088/4783/1866 2132/4870/1866 2182/4958/1866
f 2131/4863/1858 2174/4942/1858 2130/4862/1858
f 2157/4914/1858 2172/4939/1858 2155/4908/1858
f 2138/4873/1864 2137/4872/1864 2169/4930/1864
f 2169/4930/2000 2141/4879/2000 2138/4873/2000
f 2163/4927/2041 2141/4879/2041 2169/4930/2041
f 2168/4932/2022 2157/4931/2022 2158/4959/2022
f 2183/4960/1864 2165/4924/1864 2168/4928/1864
f 2168/4928/1864 2184/4961/1864 2183/4960/1864
f 2158/4959/2042 2184/4962/2042 2168/4932/2042
f 2158/4959/2042 2185/4963/2042 2184/4962/2042
f 2184/4962/2043 2185/4963/2043 2187/4964/2043
f 2184/4962/2043 2187/4964/2043 2186/4965/2043
f 2184/4961/1864 2186/4966/1864 2183/4960/1864
f 2187/4967/1858 2185/4968/1858 2160/4916/1858
f 2186/4965/2044 2187/4964/2044 2188/4969/2044
f 2188/4969/2045 2187/4964/2045 2189/4970/2045
f 2189/4971/1859 2187/4967/1859 2191/4972/1859
f 2160/4916/1859 2190/4973/1859 2187/4967/1859
f 2190/4973/1858 2191/4972/1858 2187/4967/1858
f 2191/4972/2046 2190/4973/2046 2194/4974/2046
f 2192/4975/1858 2189/4971/1858 2191/4972/1858
f 2191/4972/1858 2195/4976/1858 2192/4975/1858
f 2193/4977/2047 2195/4976/2047 2191/4972/2047
f 2193/4977/2048 2191/4972/2048 2194/4974/2048
f 2196/4978/1858 2198/4979/1858 2195/4976/1858
f 2196/4978/2049 2195/4976/2049 2197/4980/2049
f 2198/4979/1858 2192/4975/1858 2195/4976/1858
f 2197/4980/2050 2195/4976/2050 2193/4977/2050
f 2192/4981/2051 2198/4982/2051 2199/4983/2051
f 2199/4984/2052 2198/4985/2052 2200/4986/2052
f 2198/4979/1858 2201/4987/1858 2200/4988/1858
f 2201/4987/1859 2198/4979/1859 2196/4978/1859
f 2202/4989/1861 2200/4988/1861 2201/4987/1861
f 2202/4989/2053 2201/4987/2053 2204/4990/2053
f 2196/4978/2054 2203/4991/2054 2201/4987/2054
f 2201/4987/2055 2203/4991/2055 2204/4990/2055
f 2204/4992/2056 2208/4993/2056 2205/4994/2056
f 2206/4995/2057 2204/4992/2057 2205/4994/2057
f 2206/4995/2058 2207/4996/2058 2204/4992/2058
f 2207/4997/2059 2202/4989/2059 2204/4990/2059
f 2204/4992/2060 2203/4998/2060 2208/4993/2060
f 2208/4999/1859 2209/5000/1859 2210/5001/1859
f 2209/5002/2061 2208/5003/2061 2203/5004/2061
f 2205/5005/1858 2208/4999/1858 2210/5001/1858
f 2213/5006/1861 2211/5007/1861 2210/5001/1861
f 2212/5008/1861 2210/5001/1861 2211/5007/1861
f 2212/5009/2062 2217/5010/2062 2210/5011/2062
f 2213/5006/1858 2210/5001/1858 2218/5012/1858
f 2210/5013/2063 2216/5014/2063 2214/5015/2063
f 2214/5016/1861 2215/5017/1861 2210/5001/1861
f 2206/5018/1858 2210/5001/1858 2215/5017/1858
f 2216/5019/2062 2210/5011/2062 2217/5010/2062
f 2205/5005/1859 2210/5001/1859 2206/5018/1859
f 2218/5012/1858 2210/5001/1858 2209/5000/1858
f 2213/5020/2064 2218/5021/2064 2193/5022/2064
f 2209/5002/2065 2193/5022/2065 2218/5021/2065
f 2217/5023/1864 2219/5024/1864 2216/5025/1864
f 2217/5026/2066 2212/5027/2066 2219/5028/2066
f 2162/4920/2067 2219/5029/2067 2211/5030/2067
f 2211/5031/2068 2219/5028/2068 2212/5027/2068
f 2166/4926/2069 2219/5029/2069 2162/4920/2069
f 2220/5032/1866 2216/5025/1866 2219/5024/1866
f 2220/5033/2070 2219/5029/2070 2221/5034/2070
f 2166/4926/2071 2221/5034/2071 2219/5029/2071
f 2223/5035/2072 2221/5036/2072 2222/5037/2072
f 2222/5037/2073 2221/5036/2073 2183/4960/2073
f 2166/4922/2074 2183/4960/2074 2221/5036/2074
f 2221/5034/2075 2223/5038/2075 2224/5039/2075
f 2221/5034/2076 2224/5039/2076 2220/5033/2076
f 2224/5040/1864 2226/5041/1864 2216/5025/1864
f 2224/5040/1869 2216/5025/1869 2220/5032/1869
f 2223/5038/2077 2225/5042/2077 2224/5039/2077
f 2224/5039/2078 2225/5042/2078 2226/5043/2078
f 2227/5044/1864 2216/5025/1864 2226/5041/1864
f 2225/5042/2079 2227/5045/2079 2226/5043/2079
f 2228/5046/1864 2216/5025/1864 2227/5044/1864
f 2227/5047/2080 2229/5048/2080 2228/5049/2080
f 2225/5042/2081 2229/5050/2081 2227/5045/2081
f 2230/5051/2082 2232/5052/2082 2229/5053/2082
f 2230/5051/2083 2229/5053/2083 2231/5054/2083
f 2229/5048/2080 2232/5055/2080 2228/5049/2080
f 2229/5053/2084 2225/5056/2084 2231/5054/2084
f 2230/5051/2085 2233/5057/2085 2232/5052/2085
f 2234/5058/2086 2232/5052/2086 2233/5057/2086
f 2234/5059/2087 2228/5049/2087 2232/5055/2087
f 2234/5059/2088 2237/5060/2088 2228/5049/2088
f 2235/5061/2089 2236/5062/2089 2234/5058/2089
f 2235/5061/2090 2234/5058/2090 2233/5057/2090
f 2234/5059/2091 2236/5063/2091 2237/5060/2091
f 2228/5046/1864 2237/5064/1864 2216/5025/1864
f 2238/5065/2092 2237/5060/2092 2236/5063/2092
f 2237/5064/1864 2238/5066/1864 2216/5025/1864
f 2238/5065/2093 2236/5063/2093 2239/5067/2093
f 2239/5068/1864 2216/5025/1864 2238/5066/1864
f 2241/5069/1868 2240/5070/1868 2239/5067/1868
f 2240/5070/1868 2214/5015/1868 2239/5067/1868
f 2216/5014/2063 2239/5067/2063 2214/5015/2063
f 2241/5069/2094 2239/5067/2094 2236/5063/2094
f 2240/5070/2095 2241/5069/2095 2244/5071/2095
f 2242/5072/2096 2241/5073/2096 2243/5074/2096
f 2241/5069/2095 2242/5075/2095 2244/5071/2095
f 2241/5073/2097 2236/5062/2097 2245/5076/2097
f 2243/5074/2098 2241/5073/2098 2245/5076/2098
f 2243/5074/1864 2245/5076/1864 2246/5077/1864
f 2245/5076/1869 2235/5061/1869 2246/5077/1869
f 2245/5076/2099 2236/5062/2099 2235/5061/2099
f 2247/5078/1874 2246/5079/1874 2249/5080/1874
f 2247/5081/1866 2243/5074/1866 2246/5077/1866
f 2248/5082/1866 2246/5077/1866 2235/5061/1866
f 2249/5080/2100 2246/5079/2100 2248/5083/2100
f 2250/5084/1858 2249/5085/1858 2253/5086/1858
f 2250/5087/1874 2247/5078/1874 2249/5080/1874
f 2248/5083/2100 2251/5088/2100 2249/5080/2100
f 2251/5089/1858 2202/4989/1858 2249/5085/1858
f 2202/4989/1859 2252/5090/1859 2249/5085/1859
f 2252/5090/1858 2253/5086/1858 2249/5085/1858
f 2256/5091/1909 2254/5092/1909 2253/5086/1909
f 2254/5092/1861 2250/5084/1861 2253/5086/1861
f 2256/5091/2101 2253/5086/2101 2240/5093/2101
f 2253/5086/2102 2255/5094/2102 2240/5093/2102
f 2255/5094/2103 2253/5086/2103 2252/5090/2103
f 2256/5091/1861 2257/5095/1861 2254/5092/1861
f 2257/5095/2104 2256/5091/2104 2244/5096/2104
f 2244/5096/2105 2256/5091/2105 2240/5093/2105
f 2259/5097/2106 2257/5095/2106 2258/5098/2106
f 2258/5098/2107 2257/5095/2107 2244/5096/2107
f 2260/5099/1858 2254/5092/1858 2257/5095/1858
f 2257/5095/1859 2259/5097/1859 2260/5099/1859
f 2260/5099/1859 2259/5097/1859 2261/5100/1859
f 2262/5101/2108 2260/5102/2108 2261/5103/2108
f 2260/5102/2109 2262/5101/2109 2263/5104/2109
f 2260/5102/2109 2263/5104/2109 2254/5105/2109
f 2254/5105/2110 2263/5104/2110 2250/5087/2110
f 2263/5106/1869 2262/5107/1869 2265/5108/1869
f 2247/5081/1977 2263/5106/1977 2243/5074/1977
f 2247/5078/2110 2250/5087/2110 2263/5104/2110
f 2265/5108/1864 2264/5109/1864 2263/5106/1864
f 2264/5109/1864 2243/5074/1864 2263/5106/1864
f 2265/5108/2111 2266/5110/2111 2264/5109/2111
f 2267/5111/2112 2266/5110/2112 2265/5108/2112
f 2268/5112/2113 2267/5111/2113 2265/5108/2113
f 2268/5112/1864 2265/5108/1864 2262/5107/1864
f 2269/5113/2114 2272/5114/2114 2268/5112/2114
f 2269/5113/1864 2268/5112/1864 2271/5115/1864
f 2270/5116/1864 2271/5115/1864 2268/5112/1864
f 2262/5107/1866 2270/5116/1866 2268/5112/1866
f 2268/5112/2114 2272/5114/2114 2267/5111/2114
f 2273/5117/2115 2272/5114/2115 2269/5113/2115
f 2273/5118/2116 2276/5119/2116 2272/5120/2116
f 2267/5121/1863 2272/5120/1863 2274/5122/1863
f 2272/5120/2117 2275/5123/2117 2274/5122/2117
f 2275/5123/2118 2272/5120/2118 2276/5119/2118
f 2278/5124/1866 2277/5125/1866 2276/5126/1866
f 2276/5126/1866 2277/5125/1866 2275/5127/1866
f 2276/5119/2119 2273/5118/2119 2278/5128/2119
f 2281/5129/2120 2278/5128/2120 2279/5130/2120
f 2280/5131/2120 2279/5130/2120 2278/5128/2120
f 2278/5132/2121 2281/5133/2121 2277/5134/2121
f 2280/5131/2122 2278/5128/2122 2273/5118/2122
f 2282/5135/2121 2277/5134/2121 2281/5133/2121
f 2282/5136/2123 2281/5137/2123 2283/5138/2123
f 2283/5139/2124 2281/5129/2124 2284/5140/2124
f 2284/5140/2125 2281/5129/2125 2279/5130/2125
f 2283/5139/1917 2284/5140/1917 2285/5141/1917
f 2284/5142/2126 2286/5143/2126 2285/5144/2126
f 2287/5145/2127 2286/5143/2127 2284/5142/2127
f 2279/5146/2128 2287/5145/2128 2284/5142/2128
f 2287/5145/1861 2289/5147/1861 2286/5143/1861
f 2288/5148/2129 2287/5145/2129 2279/5146/2129
f 2288/5148/1858 2290/5149/1858 2287/5145/1858
f 2289/5147/1858 2287/5145/1858 2290/5149/1858
f 2292/5150/1861 2290/5149/1861 2288/5148/1861
f 2294/5151/2130 2291/5152/2130 2290/5153/2130
f 2295/5154/2130 2290/5153/2130 2291/5152/2130
f 2290/5149/1861 2292/5150/1861 2294/5155/1861
f 2290/5153/2131 2293/5156/2131 2289/5157/2131
f 2290/5153/2131 2295/5154/2131 2293/5156/2131
f 2295/5158/1864 2291/5159/1864 2296/5160/1864
f 2296/5160/1866 2297/5161/1866 2295/5158/1866
f 2297/5161/1864 2298/5162/1864 2295/5158/1864
f 2293/5163/1866 2295/5158/1866 2298/5162/1866
f 2297/5161/2132 2300/5164/2132 2298/5162/2132
f 2298/5162/2133 2280/5165/2133 2299/5166/2133
f 2298/5162/1864 2299/5166/1864 2293/5163/1864
f 2300/5164/2134 2280/5165/2134 2298/5162/2134
f 2301/5167/2135 2300/5164/2135 2297/5161/2135
f 2280/5131/2136 2300/5168/2136 2279/5130/2136
f 2303/5169/2136 2279/5130/2136 2300/5168/2136
f 2302/5170/2137 2300/5168/2137 2301/5171/2137
f 2303/5169/2138 2300/5168/2138 2302/5170/2138
f 2303/5172/2139 2288/5148/2139 2279/5146/2139
f 2303/5172/2140 2292/5150/2140 2288/5148/2140
f 2303/5172/2140 2302/5173/2140 2292/5150/2140
f 2306/5174/2141 2302/5170/2141 2304/5175/2141
f 2304/5175/1922 2302/5170/1922 2305/5176/1922
f 2301/5171/2142 2305/5176/2142 2302/5170/2142
f 2306/5177/2143 2307/5178/2143 2302/5173/2143
f 2307/5178/2144 2292/5150/2144 2302/5173/2144
f 2307/5178/1861 2309/5179/1861 2292/5150/1861
f 2307/5178/2145 2306/5177/2145 2308/5180/2145
f 2308/5180/1858 2309/5179/1858 2307/5178/1858
f 2311/5181/2146 2310/5182/2146 2309/5183/2146
f 2312/5184/2146 2309/5183/2146 2310/5182/2146
f 2309/5183/1980 2291/5152/1980 2294/5151/1980
f 2309/5183/2147 2312/5184/2147 2291/5152/2147
f 2309/5179/1858 2308/5180/1858 2311/5185/1858
f 2294/5155/1859 2292/5150/1859 2309/5179/1859
f 2312/5186/1864 2310/5187/1864 2313/5188/1864
f 2313/5188/1866 2314/5189/1866 2312/5186/1866
f 2314/5189/1869 2296/5160/1869 2312/5186/1869
f 2291/5159/1866 2312/5186/1866 2296/5160/1866
f 2314/5189/2148 2315/5190/2148 2296/5160/2148
f 2316/5191/2149 2315/5190/2149 2314/5189/2149
f 2313/5188/2150 2316/5191/2150 2314/5189/2150
f 2317/5192/2151 2316/5191/2151 2313/5188/2151
f 2317/5193/2152 2320/5194/2152 2316/5195/2152
f 2316/5195/2153 2319/5196/2153 2318/5197/2153
f 2316/5195/2154 2318/5197/2154 2315/5198/2154
f 2320/5194/1974 2319/5196/1974 2316/5195/1974
f 2321/5199/2155 2320/5194/2155 2317/5193/2155
f 2322/5200/1866 2320/5201/1866 2321/5202/1866
f 2319/5203/1864 2320/5201/1864 2322/5200/1864
f 2304/5175/2156 2322/5204/2156 2326/5205/2156
f 2305/5176/2157 2322/5204/2157 2304/5175/2157
f 2323/5206/1866 2322/5200/1866 2324/5207/1866
f 2323/5208/2158 2327/5209/2158 2322/5210/2158
f 2325/5211/1864 2324/5207/1864 2322/5200/1864
f 2305/5212/1866 2318/5213/1866 2322/5200/1866
f 2328/5214/1866 2325/5211/1866 2322/5200/1866
f 2326/5215/2158 2322/5210/2158 2327/5209/2158
f 2328/5214/1864 2322/5200/1864 2321/5202/1864
f 2319/5203/1864 2322/5200/1864 2318/5213/1864
f 2325/5216/2159 2328/5217/2159 2329/5218/2159
f 2329/5218/2160 2328/5217/2160 2321/5219/2160
f 2329/5218/2160 2321/5219/2160 2333/5220/2160
f 2331/5221/2161 2329/5222/2161 2330/5223/2161
f 2329/5222/2162 2333/5224/2162 2330/5223/2162
f 2332/5225/2163 2329/5222/2163 2331/5221/2163
f 2325/5216/2164 2329/5218/2164 2332/5226/2164
f 2333/5224/2165 2317/5192/2165 2334/5227/2165
f 2317/5193/2166 2333/5228/2166 2321/5199/2166
f 2333/5224/2167 2334/5227/2167 2330/5223/2167
f 2334/5227/2151 2317/5192/2151 2313/5188/2151
f 2334/5227/1866 2313/5188/1866 2336/5229/1866
f 2330/5223/1864 2334/5227/1864 2335/5230/1864
f 2336/5229/1864 2335/5230/1864 2334/5227/1864
f 2336/5231/2168 2337/5232/2168 2335/5233/2168
f 2337/5232/1969 2336/5231/1969 2310/5182/1969
f 2310/5187/1864 2336/5229/1864 2313/5188/1864
f 2338/5234/1861 2337/5235/1861 2308/5180/1861
f 2337/5235/1861 2338/5234/1861 2339/5236/1861
f 2337/5232/1969 2310/5182/1969 2311/5181/1969
f 2311/5185/1861 2308/5180/1861 2337/5235/1861
f 2339/5237/2168 2335/5233/2168 2337/5232/2168
f 2335/5238/2169 2339/5239/2169 2340/5240/2169
f 2339/5236/1858 2342/5241/1858 2340/5242/1858
f 2341/5243/1858 2339/5236/1858 2338/5234/1858
f 2341/5243/1861 2342/5241/1861 2339/5236/1861
f 2345/5244/2170 2342/5241/2170 2343/5245/2170
f 2343/5245/2171 2342/5241/2171 2344/5246/2171
f 2342/5241/2172 2341/5243/2172 2344/5246/2172
f 2345/5244/1858 2340/5242/1858 2342/5241/1858
f 2346/5247/1858 2347/5248/1858 2345/5244/1858
f 2346/5247/2173 2345/5244/2173 2349/5249/2173
f 2349/5249/2174 2345/5244/2174 2343/5245/2174
f 2348/5250/1861 2345/5244/1861 2347/5248/1861
f 2340/5242/1859 2345/5244/1859 2348/5250/1859
f 2349/5251/2175 2343/5252/2175 2350/5253/2175
f 2351/5254/2176 2349/5251/2176 2350/5253/2176
f 2351/5254/2177 2352/5255/2177 2349/5251/2177
f 2352/5256/2178 2346/5247/2178 2349/5249/2178
f 2353/5257/2179 2354/5258/2179 2352/5256/2179
f 2352/5255/2180 2327/5209/2180 2353/5259/2180
f 2352/5256/2181 2354/5258/2181 2346/5247/2181
f 2351/5254/2182 2327/5209/2182 2352/5255/2182
f 2354/5258/1858 2355/5260/1858 2356/5261/1858
f 2355/5260/2183 2354/5258/2183 2353/5257/2183
f 2356/5261/1858 2357/5262/1858 2354/5258/1858
f 2357/5262/1861 2347/5248/1861 2354/5258/1861
f 2346/5247/1858 2354/5258/1858 2347/5248/1858
f 2357/5263/2184 2358/5264/2184 2359/5265/2184
f 2360/5266/2185 2358/5264/2185 2357/5263/2185
f 2356/5267/2185 2360/5266/2185 2357/5263/2185
f 2357/5263/2184 2359/5265/2184 2347/5268/2184
f 2360/5266/2186 2356/5267/2186 2361/5269/2186
f 2360/5270/1977 2361/5271/1977 2363/5272/1977
f 2364/5273/1864 2362/5274/1864 2360/5270/1864
f 2358/5275/1869 2360/5270/1869 2362/5274/1869
f 2363/5272/1864 2364/5273/1864 2360/5270/1864
f 2363/5272/2187 2366/5276/2187 2364/5273/2187
f 2364/5273/2188 2365/5277/2188 2362/5274/2188
f 2365/5277/2189 2364/5273/2189 2366/5276/2189
f 2367/5278/2190 2366/5276/2190 2363/5272/2190
f 2367/5279/2191 2369/5280/2191 2366/5281/2191
f 2368/5282/2192 2366/5281/2192 2369/5280/2192
f 2366/5281/2193 2368/5282/2193 2365/5283/2193
f 2368/5282/2194 2369/5280/2194 2370/5284/2194
f 2369/5285/2195 2371/5286/2195 2370/5287/2195
f 2369/5288/1864 2372/5289/1864 2371/5290/1864
f 2367/5279/2192 2372/5291/2192 2369/5280/2192
f 2373/5292/1864 2371/5290/1864 2372/5289/1864
f 2374/5293/2196 2373/5294/2196 2372/5291/2196
f 2374/5293/2197 2372/5291/2197 2367/5279/2197
f 2373/5294/2198 2374/5293/2198 2376/5295/2198
f 2374/5296/2199 2377/5297/2199 2375/5298/2199
f 2376/5299/2200 2374/5296/2200 2375/5298/2200
f 2374/5296/2199 2367/5278/2199 2377/5297/2199
f 2377/5297/1864 2363/5272/1864 2361/5271/1864
f 2361/5271/1864 2379/5300/1864 2377/5297/1864
f 2375/5298/1869 2377/5297/1869 2378/5301/1869
f 2379/5300/1864 2378/5301/1864 2377/5297/1864
f 2377/5297/2201 2367/5278/2201 2363/5272/2201
f 2378/5302/2001 2379/5303/2001 2381/5304/2001
f 2380/5305/2202 2379/5303/2202 2361/5269/2202
f 2379/5303/2001 2380/5305/2001 2381/5304/2001
f 2381/5304/2032 2382/5306/2032 2378/5302/2032
f 2382/5307/1859 2381/5308/1859 2383/5309/1859
f 2384/5310/1858 2383/5309/1858 2381/5308/1858
f 2381/5308/1858 2380/5311/1858 2385/5312/1858
f 2385/5312/1859 2384/5310/1859 2381/5308/1859
f 2384/5310/2203 2385/5312/2203 2386/5313/2203
f 2386/5313/2204 2385/5312/2204 2368/5314/2204
f 2387/5315/1858 2385/5312/1858 2388/5316/1858
f 2385/5312/2205 2387/5315/2205 2368/5314/2205
f 2380/5311/1858 2388/5316/1858 2385/5312/1858
f 2388/5316/1858 2356/5261/1858 2387/5315/1858
f 2388/5317/2186 2361/5269/2186 2356/5267/2186
f 2380/5305/2202 2361/5269/2202 2388/5317/2202
f 2368/5314/2206 2387/5315/2206 2389/5318/2206
f 2387/5315/2207 2355/5260/2207 2389/5318/2207
f 2387/5315/1861 2356/5261/1861 2355/5260/1861
f 2389/5318/2208 2355/5260/2208 2353/5257/2208
f 2389/5319/2193 2365/5283/2193 2368/5282/2193
f 2389/5319/2209 2353/5259/2209 2365/5283/2209
f 2390/5320/2203 2384/5310/2203 2386/5313/2203
f 2390/5321/2210 2386/5322/2210 2392/5323/2210
f 2391/5324/2211 2392/5323/2211 2386/5322/2211
f 2391/5324/2212 2386/5322/2212 2370/5284/2212
f 2368/5282/2213 2370/5284/2213 2386/5322/2213
f 2392/5325/1858 2393/5326/1858 2394/5327/1858
f 2392/5325/1858 2391/5328/1858 2393/5326/1858
f 2394/5329/2214 2390/5321/2214 2392/5323/2214
f 2393/5326/1861 2395/5330/1861 2394/5327/1861
f 2394/5329/2215 2395/5331/2215 2396/5332/2215
f 2394/5329/2216 2396/5332/2216 2390/5321/2216
f 2396/5333/2217 2383/5309/2217 2390/5320/2217
f 2397/5334/2218 2396/5332/2218 2395/5331/2218
f 2398/5335/2219 2383/5309/2219 2396/5333/2219
f 2397/5336/2220 2398/5335/2220 2396/5333/2220
f 2398/5335/1858 2401/5337/1858 2383/5309/1858
f 2399/5338/2221 2398/5335/2221 2397/5336/2221
f 2399/5338/1858 2400/5339/1858 2398/5335/1858
f 2401/5337/1858 2398/5335/1858 2400/5339/1858
f 2402/5340/2222 2403/5341/2222 2401/5342/2222
f 2400/5343/2222 2402/5340/2222 2401/5342/2222
f 2401/5342/2223 2403/5341/2223 2382/5306/2223
f 2401/5337/1858 2382/5307/1858 2383/5309/1858
f 2406/5344/1864 2404/5345/1864 2403/5346/1864
f 2405/5347/1864 2403/5346/1864 2404/5345/1864
f 2403/5346/1864 2402/5348/1864 2406/5344/1864
f 2405/5349/2223 2382/5306/2223 2403/5341/2223
f 2407/5350/2224 2409/5351/2224 2406/5344/2224
f 2407/5350/1864 2406/5344/1864 2402/5348/1864
f 2406/5344/2225 2408/5352/2225 2404/5345/2225
f 2409/5351/2224 2408/5352/2224 2406/5344/2224
f 2409/5353/2226 2410/5354/2226 2411/5355/2226
f 2410/5356/2227 2409/5351/2227 2407/5350/2227
f 2409/5353/2228 2397/5334/2228 2408/5357/2228
f 2411/5355/2228 2397/5334/2228 2409/5353/2228
f 2411/5355/2226 2410/5354/2226 2412/5358/2226
f 2412/5359/2229 2413/5360/2229 2411/5361/2229
f 2411/5361/2230 2399/5338/2230 2397/5336/2230
f 2411/5361/2231 2413/5360/2231 2399/5338/2231
f 2414/5362/2232 2413/5360/2232 2412/5359/2232
f 2414/5362/1858 2415/5363/1858 2413/5360/1858
f 2416/5364/1859 2413/5360/1859 2415/5363/1859
f 2413/5360/1858 2400/5339/1858 2399/5338/1858
f 2400/5339/1859 2413/5360/1859 2416/5364/1859
f 2416/5365/2233 2417/5366/2233 2402/5340/2233
f 2402/5340/2234 2400/5343/2234 2416/5365/2234
f 2417/5366/2070 2416/5365/2070 2418/5367/2070
f 2415/5368/2070 2418/5367/2070 2416/5365/2070
f 2421/5369/1864 2419/5370/1864 2418/5371/1864
f 2420/5372/1864 2418/5371/1864 2419/5370/1864
f 2422/5373/1864 2418/5371/1864 2420/5372/1864
f 2421/5374/2235 2418/5367/2235 2423/5375/2235
f 2418/5371/1864 2422/5373/1864 2417/5376/1864
f 2415/5368/2236 2423/5375/2236 2418/5367/2236
f 2424/5377/2237 2421/5374/2237 2423/5375/2237
f 2423/5378/1858 2425/5379/1858 2424/5380/1858
f 2415/5363/1909 2425/5379/1909 2423/5378/1909
f 2426/5381/2238 2425/5379/2238 2427/5382/2238
f 2426/5381/1858 2424/5380/1858 2425/5379/1858
f 2425/5379/2239 2414/5362/2239 2428/5383/2239
f 2425/5379/1858 2415/5363/1858 2414/5362/1858
f 2427/5382/2239 2425/5379/2239 2428/5383/2239
f 2429/5384/2240 2428/5385/2240 2430/5386/2240
f 2429/5384/2241 2427/5387/2241 2428/5385/2241
f 2428/5383/2242 2414/5362/2242 2412/5359/2242
f 2428/5385/2043 2412/5358/2043 2431/5388/2043
f 2430/5386/2243 2428/5385/2243 2431/5388/2243
f 2433/5389/2244 2432/5390/2244 2431/5388/2244
f 2431/5391/1858 2432/5392/1858 2430/5393/1858
f 2431/5388/2043 2412/5358/2043 2434/5394/2043
f 2433/5389/2244 2431/5388/2244 2434/5394/2244
f 2434/5395/1869 2435/5396/1869 2433/5397/1869
f 2435/5398/2245 2434/5394/2245 2436/5399/2245
f 2410/5354/2246 2436/5399/2246 2434/5394/2246
f 2410/5354/2247 2434/5394/2247 2412/5358/2247
f 2437/5400/2248 2435/5398/2248 2436/5399/2248
f 2437/5401/2249 2436/5402/2249 2420/5372/2249
f 2420/5372/2250 2436/5402/2250 2422/5373/2250
f 2436/5402/2251 2410/5356/2251 2422/5373/2251
f 2437/5400/2252 2440/5403/2252 2435/5398/2252
f 2437/5401/2253 2419/5370/2253 2438/5404/2253
f 2419/5370/2254 2437/5401/2254 2420/5372/2254
f 2439/5405/2255 2437/5400/2255 2438/5406/2255
f 2439/5405/2256 2440/5403/2256 2437/5400/2256
f 2435/5396/1866 2440/5407/1866 2433/5397/1866
f 2439/5408/1864 2433/5397/1864 2440/5407/1864
f 2439/5408/1864 2441/5409/1864 2433/5397/1864
f 2439/5405/2257 2438/5406/2257 2441/5410/2257
f 2438/5406/2258 2442/5411/2258 2441/5410/2258
f 2442/5412/2259 2444/5413/2259 2441/5414/2259
f 2443/5415/1869 2433/5397/1869 2441/5409/1869
f 2441/5414/2260 2444/5413/2260 2443/5416/2260
f 2444/5417/2261 2447/5418/2261 2445/5419/2261
f 2445/5419/2262 2446/5420/2262 2444/5417/2262
f 2444/5413/2263 2446/5421/2263 2443/5416/2263
f 2444/5417/2264 2442/5422/2264 2447/5418/2264
f 2445/5419/1864 2447/5418/1864 2448/5423/1864
f 2447/5418/1866 2449/5424/1866 2448/5423/1866
f 2442/5422/2265 2449/5424/2265 2447/5418/2265
f 2449/5424/2266 2438/5404/2266 2419/5370/2266
f 2419/5370/1864 2450/5425/1864 2449/5424/1864
f 2450/5425/1869 2448/5423/1869 2449/5424/1869
f 2442/5422/2267 2438/5404/2267 2449/5424/2267
f 2450/5425/1864 2419/5370/1864 2421/5369/1864
f 2448/5426/2268 2450/5427/2268 2424/5377/2268
f 2424/5377/2065 2450/5427/2065 2421/5374/2065
f 2452/5428/2269 2451/5429/2269 2448/5430/2269
f 2448/5423/1866 2451/5431/1866 2445/5419/1866
f 2452/5432/2268 2448/5426/2268 2424/5377/2268
f 2452/5428/2269 2453/5433/2269 2451/5429/2269
f 2453/5434/1859 2452/5435/1859 2455/5436/1859
f 2454/5437/1861 2455/5436/1861 2452/5435/1861
f 2454/5437/1858 2452/5435/1858 2426/5381/1858
f 2424/5380/1859 2426/5381/1859 2452/5435/1859
f 2456/5438/1858 2453/5434/1858 2455/5436/1858
f 2456/5438/2270 2455/5436/2270 2457/5439/2270
f 2455/5436/2271 2454/5437/2271 2458/5440/2271
f 2455/5436/2272 2458/5440/2272 2457/5439/2272
f 2459/5441/2273 2457/5442/2273 2458/5443/2273
f 2459/5444/2274 2458/5445/2274 2460/5446/2274
f 2458/5440/2275 2454/5437/2275 2460/5447/2275
f 2460/5446/2276 2427/5387/2276 2461/5448/2276
f 2459/5444/2258 2460/5446/2258 2461/5448/2258
f 2460/5447/2277 2426/5381/2277 2427/5382/2277
f 2454/5437/2278 2426/5381/2278 2460/5447/2278
f 2461/5449/1858 2429/5450/1858 2432/5392/1858
f 2461/5449/1858 2432/5392/1858 2459/5451/1858
f 2429/5384/2279 2461/5448/2279 2427/5387/2279
f 2462/5452/1858 2459/5451/1858 2432/5392/1858
f 2459/5441/2273 2462/5453/2273 2457/5442/2273
f 2432/5392/1861 2463/5454/1861 2462/5452/1861
f 2462/5453/2280 2463/5455/2280 2457/5442/2280
f 2463/5455/2281 2464/5456/2281 2466/5457/2281
f 2463/5454/1858 2432/5392/1858 2464/5458/1858
f 2463/5455/2282 2465/5459/2282 2457/5442/2282
f 2463/5455/2283 2466/5457/2283 2465/5459/2283
f 2011/4650/2284 1999/4623/2284 2466/5460/2284
f 2011/4642/2285 2466/5457/2285 2467/5461/2285
f 2464/5456/2286 2467/5461/2286 2466/5457/2286
f 2466/5460/2287 1999/4623/2287 2468/5462/2287
f 2466/5460/2288 2468/5462/2288 2465/5463/2288
f 2468/5462/2289 2456/5438/2289 2465/5463/2289
f 2468/5462/1858 2001/4626/1858 2456/5438/1858
f 1999/4623/1859 2001/4626/1859 2468/5462/1859
f 2469/5464/1909 2467/5465/1909 2432/5392/1909
f 2464/5458/1859 2432/5392/1859 2467/5465/1859
f 2467/5461/1875 2010/4640/1875 2011/4642/1875
f 2469/5466/2290 2010/5467/2290 2467/5468/2290
f 2469/5469/2291 2432/5470/2291 2470/5471/2291
f 2469/5466/2292 2470/5472/2292 2010/5467/2292
f 2433/5473/2291 2470/5471/2291 2432/5470/2291
f 2010/5474/1977 2470/5475/1977 2433/5397/1977
f 2456/5438/2293 2457/5439/2293 2465/5463/2293
f 2453/5434/1858 2456/5438/1858 2471/5476/1858
f 2471/5476/1858 2456/5438/1858 2001/4626/1858
f 2471/5477/2088 2005/4633/2088 2453/5433/2088
f 2471/5477/1870 2001/4628/1870 2005/4633/1870
f 2451/5429/2088 2453/5433/2088 2005/4633/2088
f 2006/4635/1864 2445/5419/1864 2451/5431/1864
f 2451/5431/1866 2005/4634/1866 2006/4635/1866
f 2008/4637/2294 2446/5420/2294 2006/4635/2294
f 2006/4635/2295 2446/5420/2295 2445/5419/2295
f 2446/5421/2296 2008/4641/2296 2472/5478/2296
f 2446/5421/2263 2472/5478/2263 2443/5416/2263
f 2443/5415/1869 2472/5479/1869 2433/5397/1869
f 2473/5480/1864 2433/5397/1864 2472/5479/1864
f 2473/5481/2297 2472/5478/2297 2008/4641/2297
f 2008/4641/1874 2010/4640/1874 2473/5481/1874
f 2473/5480/1864 2010/5474/1864 2433/5397/1864
f 2430/5393/1859 2432/5392/1859 2429/5450/1859
f 2422/5373/2298 2410/5356/2298 2407/5350/2298
f 2407/5350/1864 2402/5348/1864 2422/5373/1864
f 2417/5376/1864 2422/5373/1864 2402/5348/1864
f 2408/5352/2299 2376/5299/2299 2404/5345/2299
f 2397/5334/2300 2474/5482/2300 2408/5357/2300
f 2376/5295/2301 2408/5357/2301 2474/5482/2301
f 2397/5334/2300 2395/5331/2300 2474/5482/2300
f 2475/5483/1864 2474/5484/1864 2371/5290/1864
f 2395/5485/2302 2371/5486/2302 2474/5487/2302
f 2475/5488/2303 2376/5295/2303 2474/5482/2303
f 2376/5295/2304 2475/5488/2304 2373/5294/2304
f 2373/5292/1864 2475/5483/1864 2371/5290/1864
f 2378/5301/1864 2405/5347/1864 2404/5345/1864
f 2405/5349/2032 2378/5302/2032 2382/5306/2032
f 2404/5345/2200 2376/5299/2200 2375/5298/2200
f 2404/5345/1864 2375/5298/1864 2378/5301/1864
f 2393/5489/2302 2371/5486/2302 2395/5485/2302
f 2370/5490/1858 2393/5326/1858 2391/5328/1858
f 2393/5491/2195 2370/5287/2195 2371/5286/2195
f 2383/5309/2217 2384/5310/2217 2390/5320/2217
f 2365/5277/2305 2476/5492/2305 2362/5274/2305
f 2476/5493/2209 2365/5283/2209 2353/5259/2209
f 2476/5493/2306 2323/5208/2306 2478/5494/2306
f 2476/5493/2307 2353/5259/2307 2323/5208/2307
f 2362/5274/2308 2476/5492/2308 2477/5495/2308
f 2476/5492/2309 2478/5496/2309 2477/5495/2309
f 2324/5497/2310 2478/5494/2310 2323/5208/2310
f 2478/5494/2311 2324/5497/2311 2325/5216/2311
f 2478/5496/2312 2332/5225/2312 2479/5498/2312
f 2325/5216/2176 2332/5226/2176 2478/5494/2176
f 2477/5495/2313 2478/5496/2313 2479/5498/2313
f 2479/5498/2163 2332/5225/2163 2331/5221/2163
f 2479/5498/1866 2331/5221/1866 2481/5499/1866
f 2480/5500/1864 2359/5501/1864 2479/5498/1864
f 2481/5499/1869 2480/5500/1869 2479/5498/1869
f 2477/5495/1866 2479/5498/1866 2359/5501/1866
f 2480/5502/1945 2481/5503/1945 2340/5240/1945
f 2340/5240/2169 2481/5503/2169 2335/5238/2169
f 2335/5230/1866 2481/5499/1866 2331/5221/1866
f 2348/5504/1945 2480/5502/1945 2340/5240/1945
f 2348/5504/2314 2347/5268/2314 2480/5502/2314
f 2480/5502/2314 2347/5268/2314 2359/5265/2314
f 2362/5274/1864 2477/5495/1864 2359/5501/1864
f 2359/5501/1864 2358/5275/1864 2362/5274/1864
f 2327/5209/2307 2323/5208/2307 2353/5259/2307
f 2326/5505/1861 2351/5506/1861 2350/5507/1861
f 2326/5505/1859 2327/5508/1859 2351/5506/1859
f 2482/5509/2315 2350/5253/2315 2343/5252/2315
f 2482/5510/1858 2326/5505/1858 2350/5507/1858
f 2483/5511/1858 2326/5505/1858 2482/5510/1858
f 2482/5509/2316 2344/5512/2316 2483/5513/2316
f 2482/5509/2316 2343/5252/2316 2344/5512/2316
f 2483/5514/2317 2485/5515/2317 2484/5516/2317
f 2484/5517/1858 2326/5505/1858 2483/5511/1858
f 2483/5514/2318 2344/5518/2318 2485/5515/2318
f 2485/5519/2319 2344/5246/2319 2341/5243/2319
f 2485/5515/1974 2486/5520/1974 2484/5516/1974
f 2485/5515/1974 2487/5521/1974 2486/5520/1974
f 2338/5234/2320 2487/5522/2320 2485/5519/2320
f 2485/5519/2321 2341/5243/2321 2338/5234/2321
f 2486/5520/2322 2487/5521/2322 2306/5174/2322
f 2338/5234/2323 2308/5180/2323 2487/5522/2323
f 2487/5522/2324 2308/5180/2324 2306/5177/2324
f 2486/5520/2153 2306/5174/2153 2488/5523/2153
f 2326/5505/1859 2484/5517/1859 2486/5524/1859
f 2486/5524/1858 2488/5525/1858 2326/5505/1858
f 2488/5523/2325 2306/5174/2325 2304/5175/2325
f 2488/5525/1909 2304/5526/1909 2326/5505/1909
f 2331/5221/1864 2330/5223/1864 2335/5230/1864
f 2318/5197/2325 2305/5176/2325 2315/5198/2325
f 2301/5167/2326 2296/5160/2326 2315/5190/2326
f 2301/5171/2327 2315/5198/2327 2305/5176/2327
f 2301/5167/2328 2297/5161/2328 2296/5160/2328
f 2271/5115/1866 2489/5527/1866 2299/5166/1866
f 2269/5113/1864 2271/5115/1864 2299/5166/1864
f 2489/5527/1869 2293/5163/1869 2299/5166/1869
f 2299/5166/2115 2273/5117/2115 2269/5113/2115
f 2280/5165/2329 2273/5117/2329 2299/5166/2329
f 2289/5157/2330 2293/5156/2330 2489/5528/2330
f 2490/5529/1915 2489/5528/1915 2271/5530/1915
f 2289/5157/2330 2489/5528/2330 2490/5529/2330
f 2490/5531/1858 2286/5143/1858 2289/5147/1858
f 2491/5532/1859 2286/5143/1859 2490/5531/1859
f 2490/5529/1915 2271/5530/1915 2491/5533/1915
f 2286/5143/1861 2491/5532/1861 2492/5534/1861
f 2491/5533/1912 2271/5530/1912 2261/5103/1912
f 2261/5100/1858 2259/5097/1858 2491/5532/1858
f 2492/5534/1861 2491/5532/1861 2259/5097/1861
f 2285/5144/2331 2492/5534/2331 2493/5535/2331
f 2286/5143/2126 2492/5534/2126 2285/5144/2126
f 2492/5534/2331 2259/5097/2331 2493/5535/2331
f 2493/5535/2332 2259/5097/2332 2258/5098/2332
f 2258/5536/2333 2496/5537/2333 2493/5538/2333
f 2285/5141/2334 2493/5538/2334 2494/5539/2334
f 2495/5540/2335 2494/5539/2335 2493/5538/2335
f 2495/5540/2336 2493/5538/2336 2496/5537/2336
f 2496/5541/2337 2277/5542/2337 2282/5543/2337
f 2496/5544/1858 2282/5136/1858 2495/5545/1858
f 2496/5537/2338 2258/5536/2338 2497/5546/2338
f 2496/5541/2337 2497/5547/2337 2277/5542/2337
f 2266/5548/2336 2497/5546/2336 2258/5536/2336
f 2267/5121/2339 2497/5546/2339 2266/5548/2339
f 2277/5125/1866 2497/5549/1866 2498/5550/1866
f 2267/5121/2340 2498/5551/2340 2497/5546/2340
f 2274/5122/2341 2498/5551/2341 2267/5121/2341
f 2498/5550/1864 2274/5552/1864 2277/5125/1864
f 2494/5553/1858 2495/5545/1858 2282/5136/1858
f 2499/5554/1909 2494/5553/1909 2282/5136/1909
f 2494/5539/2335 2499/5555/2335 2285/5141/2335
f 2282/5136/1861 2283/5138/1861 2499/5554/1861
f 2283/5139/2342 2285/5141/2342 2499/5555/2342
f 2275/5127/1869 2277/5125/1869 2274/5552/1869
f 2261/5103/1890 2271/5530/1890 2270/5556/1890
f 2261/5103/2108 2270/5556/2108 2262/5101/2108
f 2266/5548/2343 2258/5536/2343 2244/5071/2343
f 2242/5075/2343 2266/5548/2343 2244/5071/2343
f 2242/5072/2344 2264/5109/2344 2266/5110/2344
f 2264/5109/2345 2242/5072/2345 2243/5074/2345
f 2215/5557/2346 2214/5015/2346 2255/5558/2346
f 2215/5557/2347 2255/5558/2347 2207/4996/2347
f 2255/5094/2348 2252/5090/2348 2207/4997/2348
f 2240/5070/2349 2255/5558/2349 2214/5015/2349
f 2252/5090/2350 2202/4989/2350 2207/4997/2350
f 2248/5083/2263 2200/4986/2263 2251/5088/2263
f 2200/4988/1858 2202/4989/1858 2251/5089/1858
f 2248/5083/2263 2500/5559/2263 2200/4986/2263
f 2248/5082/1869 2235/5061/1869 2500/5560/1869
f 2200/4986/2052 2500/5559/2052 2199/4984/2052
f 2233/5057/1864 2199/5561/1864 2500/5560/1864
f 2233/5057/1977 2500/5560/1977 2235/5061/1977
f 2233/5057/1864 2230/5051/1864 2199/5561/1864
f 2230/5051/1864 2231/5054/1864 2199/5561/1864
f 2501/5562/1864 2199/5561/1864 2231/5054/1864
f 2231/5054/1869 2502/5563/1869 2501/5562/1869
f 2231/5054/2351 2225/5056/2351 2502/5563/2351
f 2222/5037/1864 2186/4966/1864 2502/5563/1864
f 2186/4966/1977 2188/5564/1977 2502/5563/1977
f 2188/5564/1864 2501/5562/1864 2502/5563/1864
f 2502/5563/2352 2223/5035/2352 2222/5037/2352
f 2223/5035/2353 2502/5563/2353 2225/5056/2353
f 2192/4981/2051 2199/4983/2051 2501/5565/2051
f 2188/4969/2256 2192/4981/2256 2501/5565/2256
f 2183/4960/1869 2186/4966/1869 2222/5037/1869
f 2215/5557/2354 2207/4996/2354 2206/4995/2354
f 2213/5020/2355 2194/5566/2355 2211/5030/2355
f 2213/5020/2235 2193/5022/2235 2194/5566/2235
f 2194/5566/2356 2162/4920/2356 2211/5030/2356
f 2209/5002/2357 2203/5004/2357 2197/5567/2357
f 2209/5002/2358 2197/5567/2358 2193/5022/2358
f 2197/4980/2359 2203/4991/2359 2196/4978/2359
f 2194/4974/2360 2190/4973/2360 2162/4921/2360
f 2189/4970/2256 2192/4981/2256 2188/4969/2256
f 2190/4973/2361 2160/4916/2361 2162/4921/2361
f 2185/4968/1859 2158/4913/1859 2160/4916/1859
f 2165/4924/2362 2183/4960/2362 2166/4922/2362
f 2152/4905/2007 2149/4904/2007 2163/4917/2007
f 2141/4876/2363 2163/4917/2363 2149/4904/2363
f 2141/4876/2364 2149/4904/2364 2143/4877/2364
f 2132/4870/1864 2088/4783/1864 2092/4789/1864
f 2131/4863/2365 2128/4858/2365 2089/4955/2365
f 2089/4955/2366 2128/4858/2366 2085/4853/2366
f 2092/4787/2182 2094/4786/2182 2127/4864/2182
f 2097/4796/1858 2125/4851/1858 2094/4856/1858
f 2125/4851/2367 2097/4796/2367 2124/4852/2367
f 2124/4849/2368 2101/5568/2368 2121/4848/2368
f 2101/4804/1962 2124/4852/1962 2097/4796/1962
f 2120/5569/2369 2121/4848/2369 2101/5568/2369
f 2105/5570/1935 2120/5569/1935 2101/5568/1935
f 2105/5570/2370 2101/5568/2370 2100/5571/2370
f 2093/4797/1858 2097/4796/1858 2094/4856/1858
f 2072/4758/2371 2066/4742/2371 2065/4743/2371
f 2061/5572/1864 2062/5573/1864 2068/4748/1864
f 2062/5573/1864 2063/4746/1864 2068/4748/1864
f 2065/4743/1864 2057/4731/1864 2054/4727/1864
f 2031/4679/2372 2059/4735/2372 2033/4680/2372
f 2059/4733/1924 2031/4678/1924 2058/4734/1924
f 2058/4734/2373 2031/4678/2373 2027/4675/2373
f 2027/4675/1866 2050/4730/1866 2058/4734/1866
f 2051/4718/2374 2049/4719/2374 2033/4832/2374
f 2029/4677/1864 2050/4730/1864 2027/4675/1864
f 2033/4832/2375 2049/4719/2375 2032/5574/2375
f 2049/4719/2376 2045/4710/2376 2032/5574/2376
f 2032/5574/2377 2045/4710/2377 2043/4705/2377
f 2038/5575/1906 2035/4684/1906 2043/4708/1906
f 2032/4682/2378 2043/4708/2378 2035/4684/2378
f 2038/5575/1907 2043/4708/1907 2039/4707/1907
f 1987/4701/2379 1984/4651/2379 2019/4661/2379
f 1994/4615/2380 2016/4652/2380 1995/4617/2380
f 2013/4646/1869 1996/4619/1869 1995/4617/1869
f 2013/4646/1866 2003/4631/1866 1996/4619/1866
f 2011/4650/2381 1998/4622/2381 1999/4623/2381
f 1992/4672/1866 1994/4615/1866 1991/4614/1866
usemtl Material.002
f 1039/2209/820 1038/2210/820 1042/2211/820
f 1038/2212/821 1039/2213/821 1040/2214/821
f 1038/2215/822 1040/2216/822 1041/2217/822
f 1041/2218/823 1042/2219/823 1038/2220/823
f 1043/2221/824 1039/2209/824 1042/2211/824
f 1039/2222/825 1040/2223/825 1041/2224/825 1042/2225/825
f 1042/2219/826 1041/2218/826 1043/2226/826
f 1040/2227/827 1043/2228/827 1041/2229/827
f 1043/2230/828 1040/2214/828 1039/2213/828
f 1051/2248/838 1054/2249/838 1050/2250/838
f 1050/2251/839 1052/2252/839 1051/2253/839
f 1050/2254/840 1053/2255/840 1052/2256/840
f 1053/2257/841 1050/2258/841 1054/2259/841
f 1055/2260/842 1054/2249/842 1051/2248/842
f 1051/2261/843 1054/2262/843 1053/2263/843 1052/2264/843
f 1054/2259/844 1055/2265/844 1053/2257/844
f 1052/2266/845 1053/2267/845 1055/2268/845
f 1055/2269/846 1051/2253/846 1052/2252/846
usemtl Gold
f 1702/3741/1500 1705/3742/1500 1704/3743/1500 1701/3744/1500
f 1701/3745/1501 1703/3746/1501 1708/3747/1501 1702/3748/1501
f 1701/3749/1502 1704/3750/1502 1706/3751/1502 1703/3752/1502
f 1704/3753/1503 1705/3754/1503 1707/3755/1503 1706/3756/1503
f 1703/3757/1504 1706/3758/1504 1707/3759/1504 1708/3760/1504
f 1708/3761/1505 1707/3762/1505 1705/3763/1505 1702/3764/1505
f 1719/3785/1518 1717/3786/1518 1716/3787/1518
f 1717/3788/1519 1718/3789/1519 1716/3790/1519
f 1718/3791/1520 1720/3792/1520 1716/3793/1520
f 1720/3794/1521 1719/3795/1521 1716/3796/1521
f 1717/3797/1522 1719/3798/1522 1720/3799/1522 1718/3800/1522
f 1722/3801/1523 1725/3802/1523 1724/3803/1523 1721/3804/1523
f 1721/3805/1524 1723/3806/1524 1728/3807/1524 1722/3808/1524
f 1724/3809/1525 1726/3810/1525 1723/3811/1525 1721/3812/1525
f 1725/3813/1526 1727/3814/1526 1726/3815/1526 1724/3816/1526
f 1727/3817/1527 1728/3818/1527 1723/3819/1527 1726/3820/1527
f 1722/3821/1528 1728/3822/1528 1727/3823/1528 1725/3824/1528
f 1736/3841/1537 1735/3842/1537 1738/3843/1537 1739/3844/1537
f 1735/3845/1538 1736/3846/1538 1742/3847/1538 1737/3848/1538
f 1735/3849/1539 1737/3850/1539 1740/3851/1539 1738/3852/1539
f 1738/3853/1540 1740/3854/1540 1741/3855/1540 1739/3856/1540
f 1737/3857/1541 1742/3858/1541 1741/3859/1541 1740/3860/1541
f 1742/3861/1542 1736/3862/1542 1739/3863/1542 1741/3864/1542
f 1753/3885/1555 1750/3886/1555 1751/3887/1555
f 1751/3888/1556 1750/3889/1556 1752/3890/1556
f 1752/3891/1557 1750/3892/1557 1754/3893/1557
f 1754/3894/1558 1750/3895/1558 1753/3896/1558
f 1751/3897/1559 1752/3898/1559 1754/3899/1559 1753/3900/1559
f 1756/3901/1560 1755/3902/1560 1758/3903/1560 1759/3904/1560
f 1755/3905/1561 1756/3906/1561 1762/3907/1561 1757/3908/1561
f 1758/3909/1562 1755/3910/1562 1757/3911/1562 1760/3912/1562
f 1759/3913/1563 1758/3914/1563 1760/3915/1563 1761/3916/1563
f 1761/3917/1564 1760/3918/1564 1757/3919/1564 1762/3920/1564
f 1756/3921/1565 1759/3922/1565 1761/3923/1565 1762/3924/1565
f 1783/3989/1598 1780/3990/1598 1781/3991/1598 1785/3992/1598
f 1787/3993/1599 1781/3994/1599 1780/3995/1599 1782/3996/1599
f 1782/3997/1600 1780/3998/1600 1783/3999/1600 1784/4000/1600
f 1784/4001/1601 1783/4002/1601 1785/4003/1601 1786/4004/1601
f 1786/4005/1602 1785/4006/1602 1781/4007/1602 1787/4008/1602
f 1782/3996/1603 1784/4009/1603 1786/4010/1603 1787/3993/1603
f 1791/4011/1604 1793/4012/1604 1789/4013/1604 1788/4014/1604
f 1788/4015/1605 1789/4016/1605 1795/4017/1605 1790/4018/1605
f 1790/4018/1603 1792/4019/1603 1791/4020/1603 1788/4015/1603
f 1792/4021/1606 1794/4022/1606 1793/4023/1606 1791/4024/1606
f 1794/4025/1598 1795/4026/1598 1789/4027/1598 1793/4028/1598
f 1790/4029/1607 1795/4030/1607 1794/4031/1607 1792/4032/1607
f 1816/4098/1640 1813/4099/1640 1814/4100/1640 1818/4101/1640
f 1813/4102/1641 1815/4103/1641 1820/4104/1641 1814/4105/1641
f 1815/4106/1642 1813/4107/1642 1816/4108/1642 1817/4109/1642
f 1817/4109/1643 1816/4108/1643 1818/4110/1643 1819/4111/1643
f 1819/4112/1644 1818/4113/1644 1814/4114/1644 1820/4115/1644
f 1815/4116/1645 1817/4117/1645 1819/4118/1645 1820/4119/1645
f 1824/4120/1646 1821/4121/1646 1822/4122/1646 1826/4123/1646
f 1821/4124/1647 1823/4125/1647 1828/4126/1647 1822/4127/1647
f 1823/4128/1642 1821/4129/1642 1824/4130/1642 1825/4131/1642
f 1825/4131/1648 1824/4130/1648 1826/4132/1648 1827/4133/1648
f 1827/4134/1644 1826/4135/1644 1822/4136/1644 1828/4137/1644
f 1823/4138/1649 1825/4139/1649 1827/4140/1649 1828/4141/1649
f 1853/4216/1678 1855/4217/1679 1857/4218/1680 1854/4219/1681
f 1854/4220/1682 1856/4221/1682 1853/4222/1682
f 1853/4223/1683 1856/4224/1683 1855/4225/1683
f 1856/4226/1684 1857/4227/1685 1855/4228/1686
f 1857/4229/1687 1856/4230/1688 1854/4231/1689
f 1867/4248/1698 1864/4249/1698 1865/4250/1698 1869/4251/1698
f 1864/4252/1699 1866/4253/1699 1871/4254/1699 1865/4255/1699
f 1866/4256/1700 1864/4257/1700 1867/4258/1700 1868/4259/1700
f 1868/4260/1701 1867/4261/1701 1869/4262/1701 1870/4263/1701
f 1870/4264/1702 1869/4265/1702 1865/4266/1702 1871/4267/1702
f 1866/4268/1703 1868/4269/1703 1870/4270/1703 1871/4271/1703
f 1875/4272/1704 1872/4273/1704 1873/4274/1704 1877/4275/1704
f 1872/4276/1699 1874/4277/1699 1879/4278/1699 1873/4279/1699
f 1874/4280/1700 1872/4281/1700 1875/4282/1700 1876/4283/1700
f 1876/4284/1701 1875/4285/1701 1877/4286/1701 1878/4287/1701
f 1878/4288/1702 1877/4289/1702 1873/4290/1702 1879/4291/1702
f 1874/4292/1703 1876/4293/1703 1878/4294/1703 1879/4295/1703
f 1880/4296/1705 1882/4297/1706 1884/4298/1707 1881/4299/1708
f 1881/4300/1709 1883/4301/1709 1880/4302/1709
f 1880/4303/1710 1883/4304/1710 1882/4305/1710
f 1883/4306/1711 1884/4307/1712 1882/4308/1713
f 1884/4309/1714 1883/4310/1715 1881/4311/1716
f 1894/4328/1725 1891/4329/1725 1892/4330/1725 1896/4331/1725
f 1891/4332/1726 1893/4333/1726 1898/4334/1726 1892/4335/1726
f 1893/4336/1727 1891/4337/1727 1894/4338/1727 1895/4339/1727
f 1895/4340/1728 1894/4341/1728 1896/4342/1728 1897/4343/1728
f 1897/4344/1729 1896/4345/1729 1892/4346/1729 1898/4347/1729
f 1893/4348/1730 1895/4349/1730 1897/4350/1730 1898/4351/1730
f 1899/4352/1731 1901/4353/1732 1903/4354/1733 1900/4355/1734
f 1900/4356/1735 1902/4357/1735 1899/4358/1735
f 1899/4359/1736 1902/4360/1736 1901/4361/1736
f 1902/4362/1737 1903/4363/1738 1901/4364/1739
f 1903/4365/1740 1902/4366/1741 1900/4367/1742
f 1910/4384/1751 1911/4385/1752 1914/4386/1753 1912/4387/1754
f 1911/4388/1755 1910/4389/1755 1913/4390/1755
f 1910/4391/1756 1912/4392/1756 1913/4393/1756
f 1913/4394/1757 1912/4395/1758 1914/4396/1759
f 1914/4397/1760 1911/4398/1761 1913/4399/1762
f 1921/4416/1771 1923/4417/1772 1925/4418/1773 1922/4419/1774
f 1922/4420/1775 1924/4421/1775 1921/4422/1775
f 1921/4423/1776 1924/4424/1776 1923/4425/1776
f 1924/4426/1777 1925/4427/1778 1923/4428/1779
f 1925/4429/1780 1924/4430/1781 1922/4431/1782
f 1929/4432/1783 1931/4433/1783 1927/4434/1783 1926/4435/1783
f 1926/4436/1784 1927/4437/1784 1933/4438/1784 1928/4439/1784
f 1928/4440/1785 1930/4441/1785 1929/4442/1785 1926/4443/1785
f 1930/4444/1786 1932/4445/1786 1931/4446/1786 1929/4447/1786
f 1932/4448/1787 1933/4449/1787 1927/4450/1787 1931/4451/1787
f 1928/4452/1788 1933/4453/1788 1932/4454/1788 1930/4455/1788
f 1943/4472/1783 1945/4473/1783 1941/4474/1783 1940/4475/1783
f 1940/4476/1797 1941/4477/1797 1947/4478/1797 1942/4479/1797
f 1942/4480/1785 1944/4481/1785 1943/4482/1785 1940/4483/1785
f 1944/4484/1786 1946/4485/1786 1945/4486/1786 1943/4487/1786
f 1946/4488/1787 1947/4489/1787 1941/4490/1787 1945/4491/1787
f 1942/4492/1788 1947/4493/1788 1946/4494/1788 1944/4495/1788
f 1948/4496/1798 1949/4497/1799 1952/4498/1800 1950/4499/1801
f 1949/4500/1802 1948/4501/1802 1951/4502/1802
f 1948/4503/1803 1950/4504/1803 1951/4505/1803
f 1951/4506/1804 1950/4507/1805 1952/4508/1806
f 1952/4509/1807 1949/4510/1808 1951/4511/1809
f 1956/4512/1810 1958/4513/1810 1954/4514/1810 1953/4515/1810
f 1953/4516/1811 1954/4517/1811 1960/4518/1811 1955/4519/1811
f 1955/4520/1812 1957/4521/1812 1956/4522/1812 1953/4523/1812
f 1957/4524/1813 1959/4525/1813 1958/4526/1813 1956/4527/1813
f 1959/4528/1814 1960/4529/1814 1954/4530/1814 1958/4531/1814
f 1955/4532/1815 1960/4533/1815 1959/4534/1815 1957/4535/1815
f 1967/4552/1824 1968/4553/1825 1971/4554/1826 1969/4555/1827
f 1968/4556/1828 1967/4557/1828 1970/4558/1828
f 1967/4559/1829 1969/4560/1829 1970/4561/1829
f 1970/4562/1830 1969/4563/1831 1971/4564/1832
f 1971/4565/1833 1968/4566/1834 1970/4567/1835
f 1972/4568/1836 1973/4569/1837 1976/4570/1838 1974/4571/1839
f 1973/4572/1840 1972/4573/1840 1975/4574/1840
f 1972/4575/1841 1974/4576/1841 1975/4577/1841
f 1975/4578/1842 1974/4579/1843 1976/4580/1844
f 1976/4581/1845 1973/4582/1846 1975/4583/1847
usemtl MouthInside
f 1063/2290/856 1062/2291/856 1066/2292/856
f 1065/2293/857 1062/2294/857 1063/2295/857
f 1066/2292/858 1062/2291/858 1064/2296/858
f 1064/2297/859 1062/2298/859 1065/2299/859
f 1065/2293/860 1063/2295/860 1066/2300/860 1064/2301/860
f 1684/3696/1479 1683/3697/1479 1687/3698/1479
f 1686/3699/1480 1683/3700/1480 1684/3701/1480
f 1687/3698/1481 1683/3697/1481 1685/3702/1481
f 1685/3703/1482 1683/3704/1482 1686/3705/1482
f 1686/3699/1483 1684/3701/1483 1687/3706/1483 1685/3707/1483
l 1691 1694
l 1690 1694
