# Blender 4.2.23 LTS
# www.blender.org
mtllib shmidleystatue.mtl
o Smidley
v 1.556998 16.020643 1.476771
v 4.721465 18.441275 -2.501644
v -2.856220 19.484709 2.896233
v -2.485870 16.961676 -2.322290
v -1.097890 24.333929 -2.140738
v 4.285461 20.978046 2.687851
v 0.827367 23.485701 -2.866653
v -0.984060 23.065783 -2.816337
v 0.663967 24.167334 -1.454540
v 0.013125 24.483957 -2.949244
v -0.939697 23.978201 -2.943706
v -0.185591 24.818184 -2.146042
v -1.062660 23.767046 -1.406572
v -2.491688 24.119555 -3.367150
v -3.119038 29.099180 -3.189244
v -2.340678 23.549334 -3.252442
v 0.687109 25.838417 -3.507157
v -2.505992 24.126608 -3.606331
v 0.672848 25.845373 -3.746585
v 1.088861 25.404089 -3.402841
v -1.401261 26.026037 1.383054
v 1.129110 25.544180 -3.702163
v 1.707106 24.520391 -3.073998
v -1.913515 22.520109 -3.002886
v -2.491795 23.544504 -3.629451
v -0.297245 23.844133 -3.803346
v -1.373781 25.970135 1.236380
v 0.865180 25.611013 -3.267014
v -2.383366 23.467512 -3.699188
v -2.394833 23.809710 -3.203496
v 1.133914 25.410971 -3.767720
v 2.047924 13.246040 1.852105
v -0.242524 13.430924 -0.857627
v 4.092103 15.573653 4.260757
v 4.889919 14.513242 0.151054
v -1.473981 14.398792 3.162930
v 1.274487 17.583870 1.107556
v 1.799332 12.327029 3.875427
v 2.569911 12.374162 8.917578
v 1.725620 15.668704 5.069471
v 3.893786 14.993419 0.928181
v 5.110706 11.893410 4.171479
v 5.008485 15.682006 5.506681
v 3.738186 11.995702 11.137757
v 2.418000 7.978580 13.340613
v 1.639388 12.056973 11.066039
v 3.702614 9.738630 9.168999
v 2.723188 13.370440 7.283266
v 2.410364 8.001957 13.325252
v 1.668951 9.802996 9.099474
v -1.714262 8.632723 -3.934541
v -1.592264 7.299611 -8.394474
v 0.163164 6.926078 -0.572433
v -1.617912 7.396445 -8.474662
v -1.834449 5.620339 -3.988858
v 0.275043 8.583055 -4.365673
v 0.224045 5.557981 -4.396838
v 3.472355 20.241423 -8.790271
v 3.097597 20.818420 -8.898529
v 4.004115 20.518909 -8.954874
v 3.539860 20.201986 -9.979695
v 2.797127 16.257431 -14.769183
v 3.486706 20.140860 -8.448531
v 5.100477 17.582083 -15.434137
v 3.243455 17.586517 -16.202505
v 1.428329 18.292959 -15.455238
v 3.731737 19.617615 -16.120335
v 3.110810 20.903780 -8.748885
v 3.709527 21.337055 -8.965901
v 2.959679 20.906118 -8.749638
v 4.227890 20.615482 -8.662223
v 3.366281 20.186829 -10.611148
v 3.721367 21.725693 -6.301467
v 3.740928 21.238657 -9.107589
v -5.114553 21.605236 -5.047955
v -6.431887 22.305651 -7.288070
v -5.551697 21.400957 -7.683438
v -5.592806 22.371674 -7.583215
v -6.397954 21.370014 -7.362225
v -9.704232 21.156210 -14.059273
v -6.668485 22.294130 -9.310879
v -6.457037 21.970341 -8.782161
v -6.498075 22.268227 -7.446025
v -5.764978 21.605581 -7.882800
v -5.686758 22.283092 -7.544337
v -5.745407 22.280661 -7.712265
v -6.355863 21.542707 -7.699051
v -7.199216 23.879818 -14.603536
v -8.730202 22.555851 -15.113535
v -9.775935 23.676992 -13.697104
v -7.127551 21.360064 -14.966134
v -1.394429 20.112846 -3.257216
v -1.537229 21.003599 -1.142814
v -5.458450 21.557838 -7.139292
v -1.191933 22.227167 -3.021945
v -3.609640 20.145782 -1.646611
v -3.407139 22.260107 -1.411341
v -6.023387 21.559408 -6.754059
v -5.978414 22.116802 -6.698852
v -5.417240 22.096031 -7.091254
v 2.571384 22.355860 -1.146938
v 3.136833 23.755020 -2.841076
v 1.047150 21.985142 -2.786074
v 4.494088 22.166460 -2.392685
v 2.404403 20.396578 -2.337680
v 3.476898 20.533867 -8.039059
v 3.135795 20.934753 -8.167890
v 4.005779 20.963581 -8.068805
v 3.653289 21.382666 -8.197848
v 1.566604 18.734188 -15.656623
v 0.979912 18.372599 -15.138612
v 0.165249 17.785351 -17.188639
v 1.902007 17.956814 -15.819380
v 2.632717 18.161726 -14.131312
v 1.315315 17.595224 -15.301365
v 2.608490 15.254638 -15.527104
v 2.274643 15.998354 -15.869217
v 3.185633 16.809088 -14.414956
v 3.400360 15.454324 -15.865746
v 2.252116 14.783574 -17.792250
v 3.066512 16.198038 -16.207857
v -7.842143 24.065056 -14.271900
v -8.327706 24.868731 -16.352646
v -7.891630 23.368671 -14.777761
v -7.050580 24.227228 -14.572598
v -6.782796 22.628607 -13.493902
v -7.100063 23.530848 -15.078455
v 4.970478 17.369263 -14.710049
v 3.969621 17.411657 -16.340609
v 4.367744 16.626890 -16.462730
v 4.722345 17.778732 -16.501387
v 5.110382 17.056095 -16.676937
v 3.812722 17.437283 -18.587582
v -6.892787 20.489019 -15.520915
v -7.722517 20.271675 -15.306621
v -7.634549 19.542446 -17.529291
v -7.435719 21.970215 -14.297157
v -7.194408 21.167959 -16.000164
v -8.024136 20.950617 -15.785871
v -9.277909 21.587315 -15.716866
v -9.385499 21.316252 -13.825521
v -9.967112 21.219135 -17.829596
v -9.112382 20.714487 -15.709556
v -10.090266 21.398949 -15.538585
v -9.974885 20.569189 -15.580750
v -2.977514 28.774778 -3.205486
v -2.481574 28.335474 -3.242571
v -2.863858 28.903513 -3.210578
v -2.711384 28.566954 -2.501900
v -2.367920 28.464212 -3.247664
v -2.172249 28.088720 -2.559204
v -1.828597 27.986118 -3.297212
v -1.690695 27.661192 -2.619821
v -1.357405 27.569618 -3.310389
v -1.942252 27.857384 -3.292111
v -1.471058 27.440876 -3.305288
v -0.989506 27.013350 -3.365911
v -1.220806 27.243687 -2.687313
v -0.875851 27.142084 -3.371006
v -0.755725 26.831976 -2.715566
v -0.422062 26.740688 -3.390615
v -0.353964 26.476061 -2.746680
v -0.060291 26.420507 -3.410859
v -0.535716 26.611952 -3.385514
v -0.173946 26.291769 -3.405764
v 0.175789 25.981323 -3.448400
v 0.007993 26.156019 -2.759176
v 0.289443 26.110060 -3.453496
v 0.317696 25.871809 -3.031896
v 0.610479 25.825043 -3.493903
v 0.496825 25.696301 -3.488813
v 0.739365 25.595398 -3.006130
v 0.450589 25.645678 -2.420514
v 0.600469 25.497091 -3.058060
v 0.276261 26.202559 -2.958384
v 0.311692 25.547375 -2.472441
v -0.030426 26.243607 -2.315488
v 0.001582 25.594671 -1.832192
v -0.300338 26.272707 -1.737774
v -0.282185 25.660114 -1.283942
v 0.140478 25.692976 -1.780264
v -0.143291 25.758425 -1.232010
v -0.413201 25.787527 -0.654299
v -0.560155 26.294416 -1.170971
v -0.552096 25.689219 -0.706222
v -0.833747 26.346807 -0.624198
v -0.822434 25.746706 -0.175667
v -1.067224 26.386671 -0.149391
v -1.035987 25.788839 0.249008
v -0.683541 25.845022 -0.123737
v -0.897094 25.887152 0.300939
v -1.093712 25.909399 0.719996
v -1.284199 26.435049 0.272635
v -1.232604 25.811087 0.668070
v -1.358164 26.266445 0.730467
v -1.412551 25.830492 1.053213
v -1.273651 25.928797 1.105146
v 1.656451 9.548537 1.838256
v 1.597845 11.152103 -1.400672
v -1.648115 9.899482 2.033386
v -0.183839 6.393608 -1.757457
v 0.346853 14.125165 1.761588
v -1.724795 11.581140 -1.591637
v -2.926266 28.802485 -3.207747
v -2.832169 28.145914 -3.227101
v -3.096144 28.777918 -3.200327
v -2.849770 28.492134 -2.495793
v -3.002046 28.121347 -3.219687
v -2.748074 27.777380 -2.533796
v -2.900043 27.406801 -3.249937
v -2.657572 27.138414 -2.577163
v -2.809868 26.784286 -3.246305
v -2.730165 27.431368 -3.257345
v -2.639988 26.808846 -3.253715
v -2.549487 26.169886 -3.297081
v -2.569553 26.514433 -2.627804
v -2.719364 26.145315 -3.289667
v -2.481082 25.899096 -2.639440
v -2.632761 25.545387 -3.293075
v -2.404892 25.367144 -2.656192
v -2.563883 25.066839 -3.300396
v -2.462883 25.569952 -3.300485
v -2.394005 25.091404 -3.307808
v -2.328228 24.627428 -3.337918
v -2.335706 24.888805 -2.655767
v -2.498106 24.602861 -3.330503
v -2.285706 24.464174 -2.917030
v -2.437770 24.176886 -3.359410
v -2.267892 24.201448 -3.366829
v -2.306927 23.912188 -2.946776
v -2.178446 24.193018 -2.369290
v -2.151413 23.976553 -3.004442
v -2.573122 24.628149 -2.902866
v -2.022934 24.257387 -2.426950
v -2.425591 24.920168 -2.268819
v -1.878950 24.555593 -1.795552
v -2.289451 25.173634 -1.699017
v -1.767083 24.839643 -1.255010
v -2.034463 24.491224 -1.737887
v -1.922598 24.775280 -1.197341
v -1.786457 25.028742 -0.627544
v -2.152747 25.414438 -1.139940
v -1.630943 25.093107 -0.685203
v -2.035282 25.682901 -0.600788
v -1.520010 25.361265 -0.162076
v -1.930700 25.909561 -0.132567
v -1.429435 25.571444 0.256674
v -1.675526 25.296902 -0.104409
v -1.584951 25.507082 0.314343
v -1.486719 25.692244 0.727653
v -1.843674 26.125917 0.283537
v -1.331203 25.756605 0.669991
v -1.647973 26.106312 0.736116
v -1.240443 25.925587 1.049860
v -1.395958 25.861216 1.107529
v -2.895144 25.989927 -3.824224
v -2.887026 25.181831 -4.992142
v -2.819650 24.666103 -4.195436
v -2.738194 24.674160 -4.198515
v -2.835143 25.232111 -5.063177
v -2.748307 23.974648 -5.209482
v -2.888298 25.865011 -3.893886
v -2.907918 25.151899 -4.883972
v -2.832299 24.712439 -4.190441
v -2.742928 24.765594 -4.262783
v -2.803696 25.118736 -4.820080
v -2.756410 24.060490 -5.143753
v -0.686626 27.184052 -3.921668
v -0.095516 26.691172 -5.115308
v 0.352956 26.381498 -4.335418
v 0.301601 26.317747 -4.332635
v -0.170655 26.672770 -5.180739
v 0.822632 25.905416 -5.367038
v -0.590740 27.107277 -3.995255
v -0.051741 26.696205 -5.009992
v 0.321479 26.417654 -4.329592
v 0.223407 26.369463 -4.393661
v -0.076504 26.593300 -4.940406
v 0.759809 25.961674 -5.298895
v -2.798569 23.930241 -5.806394
v -2.466148 23.550415 -3.258018
v 1.020826 25.745661 -6.089335
v -2.769956 23.686281 -5.912971
v -2.846947 24.516731 -5.518242
v 0.549304 26.146502 -5.762603
v 0.242559 26.400890 -5.555424
v 1.179120 25.575483 -5.228308
v 0.238122 24.622231 -5.206500
v 1.280818 25.460924 -4.643484
v 1.227725 25.522043 -4.948536
v 0.096029 26.426300 -3.363918
v 0.477796 24.443026 -4.085782
v 1.343153 25.370874 -4.240679
v 0.956709 24.809134 -3.778409
v 1.449979 25.245729 -3.640906
v -1.364078 23.468430 -3.933702
v 1.481767 25.218622 -3.434547
v -0.329823 23.825153 -4.586499
v 0.835718 24.716442 -3.855900
v -0.354528 23.825079 -4.613687
v -2.726867 23.674498 -5.847034
v -2.578558 23.379766 -4.497747
v -2.641232 23.469875 -4.919683
v -2.517145 23.292976 -4.093643
v -2.408302 23.112549 -3.271812
v 1.022038 25.623802 -3.413967
v 0.823987 25.795294 -3.397855
v 0.499829 26.074289 -3.384207
v -2.553455 24.230032 -3.249580
v -2.937923 25.700624 -4.940657
v -2.536430 24.060442 -3.256672
v -2.599528 24.573332 -3.246037
v -2.650754 24.941145 -3.242725
v -2.684683 25.207281 -3.238021
v -2.752700 25.708090 -3.231421
v -0.398422 26.849968 -3.337582
v -2.811654 26.165504 -3.320488
v -0.587155 27.093798 -4.985606
v -2.721964 25.785837 -3.227279
v -0.844496 27.229128 -3.407281
v -1.231460 27.577772 -3.295298
v -1.692902 27.973633 -3.341259
v -2.966595 27.284960 -3.285062
v -2.884322 26.684088 -3.222370
v -1.306161 27.696653 -4.496002
v -3.036043 26.867365 -4.371370
v -3.003340 26.509052 -4.546467
v -1.011473 27.449266 -4.703626
v -3.077714 27.411697 -4.104100
v -1.774278 28.087519 -4.177742
v -2.152708 28.407251 -3.917102
v -1.995663 28.240107 -3.256839
v -2.121406 28.350462 -3.245397
v -3.059073 27.993731 -3.254558
v -2.229280 28.438780 -3.240593
v -2.473982 28.650478 -3.229416
v -3.114791 28.440931 -3.198548
v -2.444427 28.649080 -3.715780
v -3.146699 28.269369 -3.684797
v -3.175673 28.659334 -3.495132
v -2.949075 29.068575 -3.374004
v -2.689195 28.847994 -3.553831
v -3.198728 28.933592 -3.362992
v -3.196809 29.243433 -3.184258
v -2.871466 28.995382 -3.210113
v -2.775809 28.891193 -3.207810
v -3.110678 27.788939 -3.923489
v -3.001933 27.568079 -3.208469
v -3.027855 27.765177 -3.207477
v -2.912165 25.344484 -5.116787
v -0.139938 26.724024 -5.294814
v -2.891297 25.072451 -5.249207
vn 0.0867 -0.2812 0.9557
vn 0.7953 -0.5156 0.3189
vn 0.1739 -0.8966 -0.4072
vn -0.5082 -0.7890 0.3454
vn -0.0088 -0.0787 -0.9969
vn -0.9590 0.2239 -0.1739
vn -0.9954 -0.0437 -0.0856
vn -0.4241 0.7941 -0.4354
vn -0.2118 0.6743 0.7074
vn 0.7772 0.5905 -0.2173
vn 0.0145 -0.1034 -0.9945
vn 0.7335 0.6553 -0.1806
vn -0.1358 0.7272 0.6728
vn -0.9904 -0.1268 0.0555
vn -0.8559 -0.1258 0.5016
vn 0.0559 -0.1832 -0.9815
vn 0.4731 -0.8794 -0.0540
vn -0.0834 0.0731 -0.9938
vn 0.6497 0.7600 -0.0166
vn 0.6065 0.6655 0.4351
vn 0.0464 -0.0049 0.9989
vn 0.7348 0.6041 0.3084
vn -0.4644 0.8297 -0.3097
vn 0.4158 -0.7335 0.5377
vn -0.8926 -0.2956 0.3405
vn -0.0972 0.1402 -0.9853
vn 0.0034 -0.5204 -0.8539
vn 0.4131 -0.2953 -0.8615
vn 0.4270 -0.7887 -0.4423
vn -0.4661 0.8330 -0.2981
vn 0.8934 0.1105 0.4354
vn -0.5556 -0.6902 0.4636
vn 0.4624 -0.8254 0.3239
vn -0.4203 0.7422 -0.5221
vn 0.2498 -0.9286 -0.2745
vn -0.2561 -0.9547 0.1514
vn 0.5348 -0.7873 0.3070
vn 0.0179 -0.7265 0.6869
vn -0.2774 0.6784 0.6803
vn -0.8086 0.4656 -0.3597
vn 0.0957 0.3970 -0.9128
vn 0.6338 0.7698 -0.0756
vn -0.1324 -0.9908 0.0295
vn -0.9856 -0.0758 0.1513
vn -0.8653 0.1516 -0.4778
vn -0.0343 -0.7289 -0.6838
vn 0.9611 0.1145 -0.2512
vn 0.8661 -0.1452 0.4784
vn 0.0163 0.9882 -0.1526
vn -0.0908 0.7466 0.6591
vn -0.0157 0.4847 0.8745
vn 0.9571 -0.1989 0.2108
vn 0.0162 0.9431 0.3321
vn -0.0158 0.4844 0.8747
vn 0.9673 0.1578 -0.1984
vn 0.9561 -0.2011 0.2132
vn -0.0158 -0.9208 -0.3897
vn -0.9853 -0.1194 0.1220
vn 0.0159 -0.4574 -0.8891
vn -0.0157 -0.9195 -0.3928
vn -0.9609 0.1747 -0.2147
vn -0.9852 -0.1198 0.1225
vn -0.0383 0.9571 -0.2871
vn -0.9984 0.0405 -0.0394
vn 0.1095 0.9097 0.4006
vn -0.8672 0.0256 0.4973
vn -0.0330 0.9642 -0.2632
vn -0.9987 0.0404 -0.0322
vn 0.9086 -0.0110 -0.4176
vn 0.9094 -0.0110 -0.4158
vn 0.9996 -0.0171 0.0220
vn -0.0993 -0.9280 -0.3592
vn 0.0383 -0.9407 0.3371
vn -0.1014 -0.9233 -0.3705
vn -0.8358 -0.5483 -0.0293
vn -0.8191 -0.4319 0.3775
vn 0.1465 0.2639 0.9534
vn 0.4755 -0.8779 0.0561
vn 0.5364 -0.7299 0.4236
vn -0.8445 -0.4017 0.3541
vn 0.5492 -0.7357 0.3964
vn 0.2525 -0.7474 -0.6145
vn 0.0638 0.3570 0.9319
vn -0.4922 -0.5566 -0.6693
vn -0.3380 0.1190 -0.9336
vn -0.5407 0.8209 -0.1840
vn -0.5501 0.8136 -0.1883
vn -0.8882 -0.4569 -0.0491
vn 0.0299 0.3921 0.9194
vn -0.6128 0.5754 -0.5417
vn 0.7832 0.3449 -0.5173
vn -0.5206 0.8452 -0.1210
vn 0.0266 0.3927 0.9193
vn -0.5406 0.7383 -0.4034
vn 0.8258 0.5575 -0.0850
vn 0.8392 0.5289 -0.1266
vn 0.8061 0.3927 -0.4427
vn 0.5703 -0.6895 0.4466
vn -0.8221 -0.4114 0.3935
vn 0.5289 -0.8473 -0.0475
vn -0.8294 -0.5577 0.0343
vn 0.5361 -0.8440 -0.0151
vn 0.8689 0.4860 -0.0942
vn 0.3817 -0.0544 -0.9227
vn -0.5710 0.5905 -0.5703
vn 0.8619 0.2180 -0.4579
vn 0.0249 0.9582 0.2850
vn -0.8693 -0.0703 0.4892
vn 0.9841 0.0590 -0.1678
vn 0.0618 -0.9958 0.0669
vn 0.0666 -0.9978 -0.0051
vn -0.8916 -0.0834 0.4451
vn -0.1231 -0.9032 -0.4112
vn -0.1119 -0.9169 -0.3830
vn 0.3462 -0.0719 0.9354
vn 0.3404 -0.0783 0.9370
vn -0.9922 -0.0452 0.1163
vn -0.9989 -0.0382 0.0254
vn -0.0936 0.9711 -0.2194
vn -0.9803 -0.1970 0.0138
vn -0.0455 0.9749 -0.2180
vn -0.0148 -0.9305 -0.3660
vn 0.8099 0.1215 -0.5739
vn 0.8052 0.2107 -0.5543
vn -0.8808 -0.1435 0.4512
vn 0.0892 -0.9959 0.0156
vn 0.3201 -0.2484 0.9142
vn 0.9800 0.0482 -0.1928
vn 0.0138 0.9758 0.2184
vn 0.1975 0.1451 -0.9695
vn -0.3021 0.6262 -0.7187
vn 0.0199 0.9779 0.2083
vn 0.3381 -0.1245 0.9329
vn 0.9757 0.0889 -0.2005
vn -0.2629 -0.4571 -0.8497
vn -0.7762 0.0680 -0.6268
vn 0.8436 0.0904 -0.5293
vn -0.0773 0.9970 0.0034
vn 0.2699 -0.8807 0.3892
vn 0.9879 -0.1071 0.1118
vn -0.1536 -0.9683 -0.1972
vn 0.6933 0.0133 -0.7205
vn -0.5805 0.1448 -0.8013
vn -0.2002 -0.0894 0.9757
vn -0.8994 0.0359 0.4357
vn -0.5624 0.1213 -0.8179
vn -0.0012 0.9996 -0.0285
vn 0.4103 0.7279 0.5494
vn 0.4785 0.5919 0.6486
vn -0.5897 0.7083 0.3881
vn -0.6423 -0.3574 0.6781
vn 0.4380 -0.4938 0.7512
vn -0.7292 -0.6669 -0.1530
vn 0.1207 -0.1728 -0.9775
vn 0.6417 -0.7599 0.1041
vn 0.1175 -0.2061 -0.9714
vn 0.7737 0.6033 -0.1935
vn -0.6086 0.7013 -0.3712
vn -0.5409 0.8407 -0.0259
vn -0.1558 0.8841 0.4407
vn 0.5458 0.3907 -0.7412
vn 0.8072 0.4324 -0.4019
vn -0.5159 -0.3830 0.7663
vn 0.4617 -0.8821 -0.0928
vn -0.7889 -0.4319 0.4372
vn 0.3113 -0.9078 -0.2811
vn -0.8156 -0.1043 0.5691
vn -0.9243 -0.3176 0.2115
vn 0.4348 -0.6252 0.6481
vn 0.3011 -0.9420 0.1485
vn -0.4032 0.7758 -0.4854
vn 0.8324 0.1254 -0.5398
vn 0.9258 0.3348 -0.1756
vn -0.3462 0.8948 -0.2820
vn -0.0496 0.9277 0.3699
vn -0.9771 -0.0751 0.1990
vn -0.8006 -0.3139 0.5105
vn 0.1868 0.5708 0.7996
vn -0.0092 -0.8698 -0.4934
vn 0.9845 0.0518 -0.1676
vn 0.8236 0.2938 -0.4851
vn -0.1043 -0.7344 -0.6706
vn -0.7629 -0.4580 0.4563
vn -0.3791 0.8893 0.2558
vn 0.5294 -0.8312 0.1700
vn 0.8796 0.4755 -0.0131
vn 0.7568 0.5067 -0.4129
vn 0.3633 -0.8349 -0.4133
vn -0.4310 0.9015 0.0404
vn -0.8868 -0.4587 0.0567
vn 0.3389 -0.5223 0.7825
vn 0.3146 -0.8982 0.3071
vn 0.9100 0.1253 -0.3952
vn 0.9247 0.3777 -0.0469
vn -0.3322 0.8343 -0.4401
vn -0.3451 0.6910 -0.6352
vn -0.8999 -0.1002 0.4244
vn -0.9307 -0.3568 0.0802
vn -0.1973 0.9719 0.1281
vn 0.9790 0.1864 0.0824
vn 0.9271 0.1730 -0.3326
vn -0.2435 0.9658 -0.0889
vn -0.9173 -0.1464 0.3703
vn -0.9899 -0.1355 -0.0426
vn 0.2041 -0.9236 0.3246
vn 0.1196 -0.9539 -0.2753
vn 0.0615 -0.0148 0.9980
vn 0.6616 0.7493 -0.0294
vn 0.6616 0.7493 -0.0289
vn 0.6677 -0.6065 -0.4317
vn -0.6943 0.5970 -0.4020
vn -0.6577 -0.7254 -0.2030
vn -0.6392 0.5841 0.5002
vn 0.6596 0.7226 0.2067
vn -0.0710 0.0232 -0.9972
vn 0.6931 -0.5959 0.4056
vn -0.6691 0.6077 0.4277
vn 0.6499 0.7284 0.2171
vn -0.0354 -0.0084 -0.9993
vn -0.6616 -0.7493 0.0298
vn -0.6616 -0.7493 0.0289
vn 0.0898 -0.0399 0.9952
vn 0.6616 0.7493 -0.0288
vn 0.6615 0.7493 -0.0297
vn 0.6615 0.7493 -0.0296
vn 0.6910 -0.5937 0.4122
vn 0.6576 -0.5987 -0.4573
vn -0.6623 -0.7137 -0.2281
vn -0.6843 0.5870 -0.4325
vn -0.6745 0.6118 0.4131
vn 0.6512 0.7252 0.2238
vn -0.0439 -0.0008 -0.9990
vn 0.6884 -0.5911 0.4202
vn 0.7001 -0.6313 -0.3335
vn -0.6524 -0.7227 -0.2280
vn 0.0510 -0.0055 0.9987
vn 0.6616 0.7493 -0.0297
vn 0.6615 0.7493 -0.0299
vn 0.6615 0.7493 -0.0298
vn -0.6616 -0.7493 0.0288
vn -0.0876 0.0380 -0.9954
vn -0.6616 -0.7493 0.0296
vn -0.6616 -0.7493 0.0297
vn -0.7056 0.6086 -0.3629
vn -0.7012 0.6321 0.3300
vn 0.6624 0.7158 0.2211
vn 0.7140 -0.6173 0.3303
vn -0.6811 0.6169 0.3943
vn 0.6477 0.6811 0.3415
vn -0.0898 0.0399 -0.9952
vn 0.6669 -0.5697 0.4803
vn -0.6616 -0.7493 0.0299
vn 0.4721 -0.8275 0.3038
vn 0.7635 0.5559 0.3288
vn 0.7636 0.5556 0.3289
vn 0.7635 0.5558 0.3288
vn 0.1972 0.2254 -0.9541
vn -0.5794 0.4651 0.6693
vn -0.8554 -0.3376 -0.3928
vn -0.1504 -0.2872 0.9460
vn 0.8579 0.3334 0.3909
vn -0.4772 0.8287 -0.2924
vn 0.5803 -0.4678 -0.6666
vn -0.1998 -0.2219 0.9544
vn 0.8553 0.3246 0.4039
vn -0.4576 0.8236 -0.3352
vn -0.7633 -0.5563 -0.3286
vn -0.7635 -0.5559 -0.3288
vn -0.7635 -0.5559 -0.3287
vn 0.4872 -0.8307 0.2695
vn 0.7635 0.5558 0.3287
vn 0.7635 0.5560 0.3287
vn 0.7633 0.5562 0.3286
vn 0.5821 -0.4728 -0.6615
vn 0.1800 0.2484 -0.9518
vn -0.8671 -0.3106 -0.3895
vn -0.5870 0.4882 0.6459
vn -0.2093 -0.2088 0.9553
vn 0.8584 0.3174 0.4030
vn -0.4624 0.8250 -0.3250
vn 0.5840 -0.4789 -0.6554
vn 0.2594 0.1385 -0.9558
vn -0.8607 -0.3127 -0.4018
vn 0.4664 -0.8260 0.3165
vn 0.7637 0.5555 0.3289
vn 0.7634 0.5560 0.3288
vn -0.7636 -0.5557 -0.3289
vn -0.7633 -0.5562 -0.3286
vn -0.7634 -0.5560 -0.3288
vn -0.4861 0.8305 -0.2721
vn -0.7636 -0.5558 -0.3288
vn -0.7637 -0.5555 -0.3289
vn -0.5689 0.4353 0.6977
vn -0.2615 -0.1354 0.9557
vn 0.8647 0.3179 0.3888
vn 0.5595 -0.4102 -0.7202
vn -0.2215 -0.1921 0.9561
vn 0.8931 0.1904 0.4077
vn -0.4872 0.8307 -0.2695
vn 0.5977 -0.5239 -0.6069
vn -0.7637 -0.5556 -0.3288
vn -0.7641 -0.5548 -0.3291
vn -0.7638 -0.5554 -0.3289
vn 0.9541 0.2750 0.1189
vn 0.9253 -0.3329 -0.1815
vn 0.0626 0.0346 0.9974
vn -0.0391 -0.7411 0.6703
vn -0.8772 0.4281 0.2172
vn 0.1339 0.7479 -0.6502
vn -0.9538 -0.2798 -0.1096
vn 0.0638 0.0508 -0.9967
vn 0.0469 -0.0227 0.9986
vn -0.9887 -0.1430 0.0439
vn -0.9888 -0.1430 0.0432
vn -0.9888 -0.1430 0.0430
vn 0.1133 -0.9063 -0.4072
vn -0.1477 0.8925 -0.4261
vn 0.9508 0.1444 -0.2740
vn -0.1054 0.8727 0.4767
vn -0.9493 -0.1473 0.2777
vn -0.0487 0.0353 -0.9982
vn 0.1476 -0.8908 0.4297
vn -0.1137 0.9080 0.4032
vn -0.9481 -0.1357 0.2876
vn -0.0419 -0.0119 -0.9991
vn 0.9888 0.1430 -0.0429
vn 0.9888 0.1430 -0.0428
vn 0.9888 0.1430 -0.0431
vn 0.9887 0.1430 -0.0439
vn 0.9888 0.1430 -0.0430
vn 0.0522 -0.0603 0.9968
vn -0.9888 -0.1430 0.0434
vn -0.9888 -0.1430 0.0431
vn 0.1474 -0.8877 0.4362
vn 0.1104 -0.8945 -0.4332
vn 0.9418 0.1537 -0.2989
vn -0.1468 0.8777 -0.4562
vn -0.1153 0.9142 0.3884
vn -0.9457 -0.1382 0.2942
vn -0.0435 -0.0006 -0.9991
vn 0.1472 -0.8838 0.4441
vn 0.1230 -0.9434 -0.3080
vn 0.9440 0.1404 -0.2985
vn 0.0449 -0.0088 0.9990
vn -0.9888 -0.1430 0.0427
vn -0.9888 -0.1430 0.0428
vn 0.9888 0.1430 -0.0432
vn 0.9888 0.1430 -0.0435
vn 0.9887 0.1430 -0.0440
vn -0.0518 0.0574 -0.9970
vn -0.1485 0.9098 -0.3875
vn -0.1233 0.9445 0.3045
vn -0.9441 -0.1528 0.2920
vn 0.1490 -0.9228 0.3552
vn -0.1172 0.9219 0.3694
vn -0.8989 -0.1551 0.4097
vn -0.0522 0.0602 -0.9968
vn 0.1452 -0.8518 0.5033
vn 0.4584 -0.8351 0.3041
vn -0.8669 -0.3444 0.3604
vn -0.8665 -0.3451 0.3606
vn -0.3241 -0.0626 -0.9439
vn -0.0656 0.7490 0.6593
vn 0.7289 0.5378 -0.4237
vn 0.3513 -0.0100 0.9362
vn -0.7268 -0.5422 0.4218
vn -0.4564 0.8403 -0.2928
vn 0.0675 -0.7512 -0.6566
vn 0.3225 0.0667 0.9442
vn -0.7175 -0.5444 0.4346
vn -0.4637 0.8202 -0.3350
vn 0.8666 0.3449 -0.3606
vn 0.8666 0.3448 -0.3606
vn 0.8667 0.3447 -0.3605
vn 0.8669 0.3444 -0.3604
vn 0.8665 0.3451 -0.3606
vn 0.4520 -0.8501 0.2702
vn -0.8669 -0.3445 0.3604
vn -0.8667 -0.3448 0.3605
vn 0.0710 -0.7552 -0.6516
vn -0.3344 -0.0358 -0.9418
vn 0.7124 0.5621 -0.4202
vn -0.0818 0.7673 0.6360
vn 0.3165 0.0818 0.9450
vn -0.7131 -0.5509 0.4336
vn -0.4620 0.8252 -0.3250
vn 0.0752 -0.7600 -0.6455
vn -0.2836 -0.1616 -0.9452
vn 0.7104 0.5554 -0.4324
vn 0.4606 -0.8292 0.3166
vn -0.8663 -0.3454 0.3608
vn -0.8664 -0.3453 0.3607
vn 0.8669 0.3445 -0.3604
vn -0.4525 0.8490 -0.2728
vn 0.8665 0.3452 -0.3606
vn -0.0450 0.7248 0.6875
vn 0.2822 0.1650 0.9451
vn -0.7173 -0.5562 0.4197
vn 0.0281 -0.7038 -0.7098
vn 0.3089 0.1010 0.9457
vn -0.6239 -0.6478 0.4372
vn -0.4520 0.8501 -0.2702
vn 0.1075 -0.7947 -0.5974
vn 0.8664 0.3453 -0.3606
vn 0.8661 0.3459 -0.3608
vn -0.9969 -0.0681 0.0402
vn -0.8451 0.4368 -0.3081
vn 0.0627 -0.2662 0.9619
vn 0.9915 0.1266 -0.0294
vn -0.0620 0.8355 0.5461
vn -0.8115 0.0119 -0.5842
vn 0.9951 0.0760 -0.0625
vn -0.9932 -0.1158 0.0091
vn 0.1023 -0.8185 0.5653
vn -0.9956 -0.0656 0.0670
vn 0.5267 0.6848 -0.5037
vn 0.6751 -0.1529 0.7217
vn 0.9902 0.1379 -0.0206
vn -0.0632 0.8399 0.5391
vn 0.5638 0.2645 -0.7824
vn 0.9956 0.0651 -0.0673
vn -0.9897 -0.1417 0.0181
vn 0.6952 -0.5664 0.4427
vn 0.6032 0.7970 -0.0304
vn 0.0748 0.9342 -0.3487
vn 0.2538 -0.1628 0.9535
vn -0.6484 -0.7601 0.0429
vn -0.6270 0.5300 0.5710
vn 0.3927 0.6630 -0.6374
vn -0.6104 -0.7921 0.0083
vn 0.6389 0.7667 -0.0630
vn 0.6666 -0.5134 0.5404
vn 0.6022 0.7983 -0.0035
vn -0.8937 -0.0832 -0.4410
vn -0.1912 -0.6213 0.7599
vn -0.6565 -0.7525 0.0520
vn -0.6305 0.5331 0.5641
vn -0.5818 -0.3549 -0.7319
vn -0.6018 -0.7986 0.0032
vn 0.6593 0.7499 -0.0546
vn 0.1243 -0.8750 0.4678
vn -0.9815 -0.1606 0.1041
vn -0.9850 -0.1345 0.1084
vn -0.2591 0.4086 -0.8752
vn -0.2401 0.3649 -0.8996
vn 0.6585 0.7521 0.0276
vn 0.6531 0.7563 0.0384
vn -0.2573 0.4045 -0.8776
vn 0.6841 -0.6813 -0.2604
vn 0.6851 -0.6821 -0.2556
vn 0.6539 0.7558 0.0350
vn 0.9857 0.0331 -0.1650
vn 0.6874 -0.6808 -0.2529
vn 0.6508 0.7586 0.0319
vn 0.6831 -0.6811 -0.2638
vn 0.6846 -0.6816 -0.2583
vn 0.6802 -0.6957 -0.2312
vn 0.6970 -0.4554 -0.5539
vn 0.4670 -0.8390 0.2793
vn 0.4668 -0.8383 0.2815
vn -0.0613 -0.5939 0.8022
vn 0.6824 -0.6849 -0.2555
vn 0.1108 -0.7192 0.6859
vn 0.2113 -0.9589 -0.1894
vn 0.5113 -0.7242 -0.4627
vn 0.1790 -0.9553 -0.2353
vn 0.1791 -0.9571 -0.2277
vn 0.3582 -0.7138 -0.6018
vn 0.1794 -0.9563 -0.2309
vn -0.9806 -0.1616 0.1112
vn -0.9900 -0.0901 0.1087
vn 0.0727 -0.9725 -0.2213
vn -0.9790 -0.1703 0.1122
vn 0.1777 -0.9562 -0.2324
vn 0.1778 -0.9560 -0.2334
vn -0.9859 -0.1334 0.1013
vn 0.4657 -0.8382 0.2840
vn 0.0549 -0.0242 0.9982
vn 0.4186 -0.8064 -0.4177
vn 0.3584 -0.7183 -0.5963
vn 0.6800 -0.7061 -0.1975
vn 0.6611 0.7503 -0.0033
vn 0.0483 -0.0085 0.9988
vn 0.6386 0.7090 0.2992
vn 0.6529 0.7568 -0.0296
vn -0.4304 -0.5357 0.7265
vn 0.6541 0.7560 -0.0245
vn 0.0432 0.0014 0.9991
vn 0.0468 -0.0064 0.9989
vn -0.7197 -0.1010 0.6869
vn -0.9852 -0.1333 0.1080
vn -0.9856 -0.1045 0.1332
vn 0.0465 -0.0041 0.9989
vn 0.0458 -0.0026 0.9989
vn -0.9849 -0.1381 0.1048
vn 0.0464 -0.0043 0.9989
vn 0.0502 -0.0112 0.9987
vn -0.9857 -0.1276 0.1096
vn -0.9850 -0.1352 0.1073
vn 0.0482 -0.0066 0.9988
vn 0.0479 -0.0062 0.9988
vn -0.0570 0.2253 0.9726
vn -0.0334 0.1425 0.9892
vn 0.6514 0.7578 0.0375
vn 0.6436 0.7644 0.0394
vn 0.0871 -0.0873 0.9924
vn 0.1330 -0.1662 0.9771
vn 0.6761 0.7353 0.0472
vn -0.0114 0.1022 0.9947
vn 0.6487 0.7602 0.0349
vn 0.6556 0.7544 0.0339
vn -0.2594 0.4096 -0.8746
vn -0.2574 0.4052 -0.8772
vn -0.2647 0.4152 -0.8704
vn 0.6284 0.7772 -0.0336
vn -0.2591 0.4041 -0.8773
vn 0.6559 0.7539 0.0388
vn 0.6660 0.7451 0.0367
vn 0.6585 0.7519 0.0337
vn -0.2601 0.4062 -0.8760
vn 0.0579 -0.2411 0.9688
vn -0.4270 -0.5603 0.7097
vn 0.6610 0.7497 0.0326
vn 0.0165 -0.0622 0.9979
vn 0.6548 0.7549 0.0376
vn 0.0474 0.0021 0.9989
vn 0.0468 -0.1184 0.9919
vn 0.6534 0.7560 0.0387
vn 0.6340 0.7725 0.0358
vn -0.2612 0.4118 -0.8731
vn -0.2586 0.4069 -0.8761
vn -0.2601 0.3967 -0.8803
vn 0.6537 0.7558 0.0376
vn 0.0159 0.6431 -0.7656
vn -0.2626 0.4047 -0.8759
vn -0.2561 0.4020 -0.8791
vn 0.6559 0.7544 0.0263
vn -0.2953 0.4788 -0.8268
vn 0.6083 0.7910 0.0652
vn 0.2927 0.2888 0.9116
vn 0.3018 0.2971 0.9059
vn 0.0448 -0.0132 0.9989
vn 0.0549 -0.0208 0.9983
vn -0.9765 -0.1032 0.1893
vn -0.9856 -0.1331 0.1043
vn -0.9859 -0.1264 0.1093
vn -0.2612 0.4137 -0.8721
vn -0.9856 -0.1286 0.1102
vn -0.9856 -0.1302 0.1079
vn -0.9854 -0.1074 0.1319
vn -0.9842 -0.1367 0.1128
vn 0.9912 0.1305 -0.0238
vn 0.1706 -0.2374 0.9563
vn -0.9822 -0.1523 0.1097
vn -0.9847 -0.1374 0.1073
vn 0.0646 0.1160 0.9911
vn -0.2522 0.3999 -0.8812
vn -0.9849 -0.1310 0.1133
vn -0.2559 0.3946 -0.8825
vn -0.2577 0.4065 -0.8765
vn -0.9840 -0.1422 0.1072
vn -0.9814 -0.1582 0.1091
vn -0.9839 -0.1360 0.1157
vn -0.9862 -0.1235 0.1105
vn -0.4246 0.1200 0.8974
vn -0.2612 0.4127 -0.8726
vn -0.2616 0.4131 -0.8723
vn 0.6519 0.7574 0.0371
vn 0.6589 0.7514 0.0353
vn -0.2586 0.4067 -0.8762
vn -0.2570 0.4039 -0.8780
vn -0.9853 -0.1297 0.1112
vn -0.2572 0.4044 -0.8777
vn -0.9852 -0.1317 0.1097
vn -0.9853 -0.1274 0.1135
vn -0.9885 -0.1065 0.1076
vn -0.9854 -0.1361 0.1024
vn 0.6621 0.7478 0.0488
vn 0.5190 -0.8135 -0.2622
vn 0.6551 0.7547 0.0372
vt 0.447534 0.188506
vt 0.482042 0.339887
vt 0.268995 0.308285
vt 0.200412 0.549013
vt 0.001435 0.519498
vt 0.155380 0.398046
vt 0.339388 0.468387
vt 0.418781 0.332460
vt 0.550268 0.499668
vt 0.119167 0.230283
vt 0.254632 0.310637
vt 0.086793 0.448525
vt 0.276842 0.361408
vt 0.295764 0.329012
vt 0.223562 0.178795
vt 0.252951 0.196144
vt 0.256066 0.176454
vt 0.239425 0.166668
vt 0.374456 0.231812
vt 0.355142 0.232221
vt 0.355142 0.211891
vt 0.374456 0.212470
vt 0.584991 0.225965
vt 0.589320 0.244957
vt 0.571730 0.257344
vt 0.563812 0.222609
vt 0.288554 0.422544
vt 0.298478 0.455211
vt 0.274060 0.326068
vt 0.263735 0.343745
vt 0.054659 0.283565
vt 0.058055 0.388969
vt 0.058055 0.271324
vt 0.968726 0.132611
vt 0.887482 0.132611
vt 0.885870 0.120430
vt 0.969521 0.120430
vt 0.934104 0.220610
vt 0.756932 0.972424
vt 0.799805 0.886330
vt 0.801161 0.874283
vt 0.716973 0.874283
vt 0.693759 0.303786
vt 0.666364 0.297115
vt 0.666364 0.416546
vt 0.955007 0.662002
vt 0.875999 0.621821
vt 0.875999 0.734398
vt 0.313357 0.797210
vt 0.313357 0.914369
vt 0.396226 0.830234
vt 0.775379 0.043757
vt 0.775379 0.155298
vt 0.804064 0.047186
vt 0.923215 0.629262
vt 0.206096 0.966618
vt 0.198669 0.921798
vt 0.180389 0.966459
vt 0.206096 0.877356
vt 0.180389 0.877197
vt 0.879535 0.620107
vt 0.840630 0.557047
vt 0.879535 0.495149
vt 0.805005 0.494092
vt 0.805005 0.621190
vt 0.245283 0.873730
vt 0.183579 0.762522
vt 0.115084 0.873730
vt 0.949202 0.487880
vt 0.881129 0.567489
vt 0.881129 0.457537
vt 0.650273 0.775507
vt 0.719884 0.885341
vt 0.590522 0.885341
vt 0.587426 0.280396
vt 0.664732 0.254647
vt 0.664732 0.410740
vt 0.633683 0.625800
vt 0.616384 0.695210
vt 0.480808 0.625800
vt 0.714078 0.689741
vt 0.596224 0.171143
vt 0.136683 0.648699
vt 0.158433 0.725689
vt 0.238026 0.664421
vt 0.561860 0.000297
vt 0.538865 0.076923
vt 0.416690 0.000297
vt 0.622307 0.180243
vt 0.699565 0.155379
vt 0.629204 0.072167
vt 0.696662 0.536055
vt 0.619346 0.511372
vt 0.696662 0.380955
vt 0.105922 0.589260
vt 0.115894 0.538728
vt 0.246734 0.589260
vt 0.220794 0.066527
vt 0.206872 0.124819
vt 0.084371 0.066527
vt 0.000087 0.539005
vt 0.245959 0.588885
vt 0.330914 0.120913
vt 0.085173 0.066810
vt 0.398518 0.038047
vt 0.389377 0.087083
vt 0.530452 0.085966
vt 0.565737 0.372887
vt 0.624093 0.359225
vt 0.623803 0.499914
vt 0.284258 0.038047
vt 0.447228 0.517032
vt 0.456525 0.566038
vt 0.314753 0.566038
vt 0.572744 0.259531
vt 0.624093 0.500726
vt 0.098678 0.591838
vt 0.240217 0.592094
vt 0.112239 0.650218
vt 0.000490 0.642503
vt 0.531205 0.086330
vt 0.240929 0.591838
vt 0.501257 0.565801
vt 0.623335 0.623809
vt 0.487334 0.624093
vt 0.624093 0.624093
vt 0.377928 0.569698
vt 0.577649 0.407762
vt 0.576369 0.547844
vt 0.527071 0.417498
vt 0.527071 0.301851
vt 0.576740 0.548621
vt 0.365419 0.738561
vt 0.367542 0.756282
vt 0.335925 0.745413
vt 0.188906 0.769231
vt 0.188906 0.703992
vt 0.332093 0.082729
vt 0.315723 0.082729
vt 0.314486 0.066817
vt 0.332366 0.062275
vt 0.423456 0.696707
vt 0.420809 0.712428
vt 0.394858 0.699443
vt 0.280403 0.716981
vt 0.292873 0.647755
vt 0.698269 0.371553
vt 0.763425 0.371553
vt 0.733183 0.186946
vt 0.710010 0.187882
vt 0.672830 0.653674
vt 0.743106 0.656023
vt 0.728751 0.504146
vt 0.705518 0.504393
vt 0.268206 0.222850
vt 0.268206 0.293179
vt 0.305722 0.257937
vt 0.743106 0.609180
vt 0.672830 0.606831
vt 0.916220 0.725689
vt 0.966618 0.725606
vt 0.926538 0.690440
vt 0.966618 0.655251
vt 0.742444 0.200756
vt 0.812772 0.200756
vt 0.787923 0.374914
vt 0.767491 0.374334
vt 0.787990 0.378810
vt 0.767904 0.377625
vt 0.373004 0.733780
vt 0.372038 0.756940
vt 0.397514 0.605348
vt 0.378104 0.608128
vt 0.378668 0.584888
vt 0.398618 0.585235
vt 0.042659 0.453348
vt 0.062409 0.457568
vt 0.042659 0.484761
vt 0.462302 0.489070
vt 0.463830 0.513119
vt 0.426438 0.502540
vt 0.749597 0.757368
vt 0.772134 0.761448
vt 0.749597 0.824383
vt 0.399129 0.608128
vt 0.767820 0.716717
vt 0.528302 0.498645
vt 0.278318 0.542816
vt 0.278318 0.477493
vt 0.410966 0.496177
vt 0.720131 0.448173
vt 0.628515 0.746541
vt 0.653120 0.751015
vt 0.628515 0.812772
vt 0.534783 0.315029
vt 0.557329 0.320755
vt 0.557329 0.273627
vt 0.642581 0.696531
vt 0.432741 0.694069
vt 0.428754 0.716981
vt 0.458111 0.490588
vt 0.455217 0.509800
vt 0.319303 0.221703
vt 0.820029 0.143686
vt 0.799539 0.143686
vt 0.812500 0.116280
vt 0.456612 0.740100
vt 0.400306 0.727829
vt 0.456612 0.717194
vt 0.087332 0.315538
vt 0.072609 0.380261
vt 0.063307 0.314014
vt 0.899855 0.051148
vt 0.899855 0.117562
vt 0.875265 0.055523
vt 0.117562 0.129458
vt 0.052320 0.129458
vt 0.378501 0.696554
vt 0.553782 0.287941
vt 0.439019 0.740779
vt 0.438667 0.717567
vt 0.454921 0.719989
vt 0.070224 0.262780
vt 0.076569 0.278271
vt 0.296273 0.469081
vt 0.314949 0.446037
vt 0.314949 0.477504
vt 0.064833 0.309812
vt 0.083943 0.306976
vt 0.309690 0.156749
vt 0.309690 0.123855
vt 0.329463 0.152677
vt 0.336215 0.641509
vt 0.336215 0.617067
vt 0.351234 0.636188
vt 0.728366 0.194505
vt 0.721416 0.223939
vt 0.710670 0.192383
vt 0.708237 0.506261
vt 0.724153 0.507521
vt 0.708037 0.492057
vt 0.728477 0.491973
vt 0.602322 0.766328
vt 0.458685 0.740512
vt 0.457792 0.720064
vt 0.602322 0.695988
vt 0.627306 0.039187
vt 0.638830 0.001216
vt 0.650218 0.039187
vt 0.515549 0.179887
vt 0.571843 0.163693
vt 0.571843 0.222061
vt 0.153215 0.726967
vt 0.182874 0.762242
vt 0.143642 0.780842
vt 0.878846 0.946299
vt 0.905602 0.835233
vt 0.923156 0.835393
vt 0.949202 0.946299
vt 0.001054 0.740692
vt 0.003087 0.726967
vt 0.050150 0.927481
vt 0.050150 0.882712
vt 0.120464 0.884113
vt 0.120464 0.928882
vt 0.712504 0.412285
vt 0.730629 0.374137
vt 0.766328 0.402899
vt 0.766328 0.553663
vt 0.752124 0.555878
vt 0.099035 0.823287
vt 0.081441 0.822927
vt 0.081392 0.811809
vt 0.098954 0.811669
vt 0.504214 0.545310
vt 0.560232 0.529981
vt 0.560232 0.587808
vt 0.747248 0.627002
vt 0.801161 0.636289
vt 0.766086 0.664731
vt 0.994194 0.994194
vt 0.939933 0.949475
vt 0.994194 0.938015
vt 0.440967 0.795356
vt 0.431532 0.741386
vt 0.470247 0.760869
vt 0.512771 0.752992
vt 0.496790 0.821480
vt 0.459302 0.776395
vt 0.290688 0.795356
vt 0.288690 0.781607
vt 0.988389 0.195246
vt 0.988389 0.265602
vt 0.945522 0.265534
vt 0.945522 0.195178
vt 0.626996 0.804265
vt 0.623550 0.821480
vt 0.493469 0.153846
vt 0.482034 0.153678
vt 0.482034 0.136124
vt 0.493148 0.136253
vt 0.786935 0.483249
vt 0.801161 0.485439
vt 0.000624 0.827286
vt 0.000624 0.756946
vt 0.134978 0.782075
vt 0.134833 0.799671
vt 0.264256 0.892994
vt 0.285922 0.841272
vt 0.285922 0.897534
vt 0.265170 0.940493
vt 0.935633 0.220962
vt 0.943396 0.278837
vt 0.921447 0.275923
vt 0.921447 0.320755
vt 0.952105 0.560816
vt 0.952105 0.605225
vt 0.930176 0.563851
vt 0.955007 0.861550
vt 0.952999 0.907112
vt 0.933285 0.865835
vt 0.937590 0.505818
vt 0.933285 0.808926
vt 0.288055 0.920174
vt 0.288055 0.874762
vt 0.310595 0.877496
vt 0.301832 0.818098
vt 0.925980 0.055114
vt 0.924118 0.101596
vt 0.903712 0.059545
vt 0.903712 0.000261
vt 0.252054 0.535434
vt 0.274311 0.481609
vt 0.274311 0.539901
vt 0.604458 0.755135
vt 0.613105 0.695842
vt 0.626996 0.752355
vt 0.626996 0.798258
vt 0.253766 0.583454
vt 0.917271 0.574579
vt 0.895665 0.569745
vt 0.917271 0.527216
vt 0.934488 0.000364
vt 0.949202 0.055168
vt 0.927289 0.058243
vt 0.949202 0.100145
vt 0.895801 0.619739
vt 0.000176 0.595765
vt 0.021771 0.590896
vt 0.018433 0.629898
vt 0.927308 0.430065
vt 0.949202 0.433239
vt 0.927308 0.474601
vt 0.942245 0.375191
vt 0.000176 0.542742
vt 0.026770 0.923077
vt 0.026770 0.877092
vt 0.049347 0.880418
vt 0.592162 0.466529
vt 0.581069 0.513788
vt 0.589163 0.468137
vt 0.023222 0.885303
vt 0.021361 0.931785
vt 0.000955 0.889734
vt 0.769231 0.106981
vt 0.769231 0.153846
vt 0.746841 0.110647
vt 0.755689 0.051383
vt 0.000955 0.830450
vt 0.581069 0.409891
vt 0.040633 0.821012
vt 0.349253 0.912455
vt 0.371553 0.916697
vt 0.352809 0.949202
vt 0.371553 0.857429
vt 0.231998 0.768631
vt 0.245283 0.825389
vt 0.222734 0.827957
vt 0.245283 0.870827
vt 0.816752 0.914835
vt 0.838897 0.909828
vt 0.837951 0.957910
vt 0.816752 0.861122
vt 0.793126 0.105011
vt 0.815675 0.107602
vt 0.793126 0.150943
vt 0.806412 0.048392
vt 0.245835 0.359253
vt 0.248834 0.360878
vt 0.256894 0.406386
vt 0.920174 0.320755
vt 0.897579 0.277909
vt 0.920174 0.274744
vt 0.906778 0.218572
vt 0.256894 0.307303
vt 0.771074 0.774620
vt 0.793904 0.778286
vt 0.771074 0.821480
vt 0.785026 0.719018
vt 0.566959 0.909553
vt 0.589260 0.913794
vt 0.570515 0.946299
vt 0.589260 0.854526
vt 0.000000 0.000000
vt 0.627459 0.619739
vt 0.656023 0.068269
vt 0.916099 0.471698
vt 0.914793 0.442442
vt 0.925980 0.446065
vt 0.666847 0.599124
vt 0.667634 0.618287
vt 0.666108 0.599057
vt 0.711176 0.027576
vt 0.710053 0.001344
vt 0.711176 0.001300
vt 0.419128 0.864565
vt 0.431059 0.860620
vt 0.430528 0.889695
vt 0.022196 0.133401
vt 0.022196 0.121302
vt 0.023222 0.121490
vt 0.022879 0.133527
vt 0.667634 0.574685
vt 0.419128 0.839466
vt 0.925980 0.420565
vt 0.042090 0.250125
vt 0.041105 0.271408
vt 0.041105 0.249814
vt 0.942376 0.483309
vt 0.942376 0.458516
vt 0.947894 0.460022
vt 0.018860 0.136227
vt 0.020319 0.120018
vt 0.020319 0.136430
vt 0.949202 0.460100
vt 0.014317 0.853797
vt 0.021771 0.851727
vt 0.021771 0.876633
vt 0.015551 0.131439
vt 0.016080 0.130296
vt 0.053874 0.317044
vt 0.055152 0.337722
vt 0.053874 0.338171
vt 0.014353 0.830982
vt 0.948785 0.436986
vt 0.274600 0.413643
vt 0.263504 0.390165
vt 0.275762 0.386109
vt 0.310903 0.891831
vt 0.311647 0.891870
vt 0.312046 0.912917
vt 0.654572 0.747460
vt 0.653448 0.720905
vt 0.654572 0.720868
vt 0.941945 0.313117
vt 0.930162 0.336720
vt 0.929334 0.309711
vt 0.001451 0.049218
vt 0.000775 0.049347
vt 0.000434 0.037289
vt 0.001451 0.037095
vt 0.312046 0.866804
vt 0.941945 0.290019
vt 0.263504 0.365979
vt 0.192034 0.155883
vt 0.193033 0.155583
vt 0.193033 0.177068
vt 0.031930 0.703919
vt 0.025886 0.682281
vt 0.031930 0.680759
vt 0.167816 0.172540
vt 0.166354 0.172714
vt 0.166354 0.156163
vt 0.000246 0.023222
vt 0.000246 0.000739
vt 0.001451 0.001216
vt 0.631350 0.021976
vt 0.623768 0.043541
vt 0.623470 0.020318
vt 0.170770 0.166691
vt 0.171263 0.167839
vt 0.018868 0.227692
vt 0.018868 0.249637
vt 0.017792 0.249156
vt 0.631350 0.000971
vt 0.025230 0.660488
vt 0.024785 0.682077
s 0
usemtl SkinSmid
f 6/1/1 3/2/1 1/3/1
f 6/4/2 1/5/2 2/6/2
f 4/7/3 2/8/3 1/9/3
f 3/10/4 4/11/4 1/12/4
f 4/7/5 8/13/5 7/14/5 2/8/5
f 4/11/6 3/10/6 13/15/6 8/16/6
f 11/17/7 8/16/7 13/15/7 5/18/7
f 12/19/8 10/20/8 11/21/8 5/22/8
f 12/23/9 5/24/9 13/25/9 9/26/9
f 2/6/10 7/27/10 9/28/10 6/4/10
f 7/13/11 8/14/11 11/29/11 10/30/11
f 10/17/12 12/18/12 9/15/12 7/16/12
f 13/15/13 3/10/13 6/1/13 9/28/13
f 23/43/22 22/44/22 21/45/22
f 22/46/23 25/47/23 21/48/23
f 23/49/24 21/50/24 24/51/24
f 24/52/25 21/53/25 25/54/25
f 25/47/26 22/46/26 26/55/26
f 25/56/27 26/57/27 24/58/27
f 22/59/28 23/60/28 26/57/28
f 24/58/29 26/57/29 23/60/29
f 35/61/35 32/62/35 33/63/35
f 33/63/36 32/62/36 36/64/36
f 35/63/37 34/64/37 32/62/37
f 34/64/38 36/65/38 32/62/38
f 36/66/39 34/67/39 37/68/39
f 36/69/40 37/70/40 33/71/40
f 33/72/41 37/73/41 35/74/41
f 34/69/42 35/71/42 37/70/42
f 38/75/43 42/76/43 39/77/43
f 40/78/44 38/79/44 39/80/44
f 38/79/45 40/78/45 41/81/45
f 42/76/46 38/75/46 41/82/46
f 43/83/47 42/84/47 41/85/47
f 42/86/48 43/87/48 39/88/48
f 40/89/49 43/90/49 41/91/49
f 43/92/50 40/93/50 39/94/50
f 44/95/51 46/96/51 45/97/51
f 47/98/52 44/99/52 45/100/52
f 46/96/53 44/95/53 48/101/53
f 44/95/54 46/96/54 49/102/54
f 44/99/55 47/98/55 48/103/55
f 47/98/56 44/99/56 49/104/56
f 50/105/57 47/106/57 49/107/57
f 46/108/58 50/109/58 49/110/58
f 47/106/59 50/105/59 48/111/59
f 50/112/60 47/113/60 45/114/60
f 50/109/61 46/108/61 48/115/61
f 46/108/62 50/109/62 45/116/62
f 56/105/63 52/107/63 51/106/63
f 51/117/64 52/118/64 55/119/64
f 51/106/65 53/111/65 56/105/65
f 55/119/66 53/120/66 51/117/66
f 56/105/67 54/121/67 51/106/67
f 51/117/68 54/122/68 55/119/68
f 57/123/69 52/124/69 56/125/69
f 57/123/70 54/126/70 56/125/70
f 56/125/71 53/127/71 57/123/71
f 55/128/72 52/129/72 57/130/72
f 57/130/73 53/131/73 55/128/73
f 55/128/74 54/132/74 57/130/74
f 58/133/75 59/134/75 61/135/75
f 66/136/76 62/137/76 58/133/76 59/134/76
f 59/138/77 58/139/77 60/140/77 74/141/77
f 60/142/78 58/143/78 61/144/78
f 62/145/79 64/146/79 60/142/79 58/143/79
f 66/147/80 62/148/80 63/149/80 68/150/80
f 62/151/81 64/152/81 71/153/81 63/154/81
f 64/155/82 62/156/82 65/157/82
f 67/158/83 66/159/83 62/151/83 64/152/83
f 62/160/84 66/161/84 65/162/84
f 66/161/85 67/163/85 65/162/85
f 67/164/86 66/165/86 59/166/86 74/167/86
f 67/164/87 66/165/87 68/168/87 69/169/87
f 63/170/88 68/171/88 61/135/88
f 68/172/89 63/173/89 71/174/89 69/175/89
f 68/176/90 69/177/90 61/178/90
f 69/179/91 71/180/91 61/181/91
f 69/182/92 70/183/92 73/184/92
f 69/175/93 70/185/93 63/173/93 71/174/93
f 70/183/94 69/182/94 72/186/94
f 71/180/95 69/179/95 73/187/95
f 64/188/96 67/189/96 69/179/96 71/180/96
f 69/179/97 71/180/97 72/190/97
f 63/154/98 71/153/98 73/191/98
f 70/192/99 63/193/99 73/194/99
f 71/195/100 63/196/100 72/197/100
f 63/193/101 70/192/101 72/198/101
f 71/199/102 63/200/102 61/144/102
f 64/188/103 67/189/103 74/201/103 60/202/103
f 67/203/104 64/155/104 65/157/104
f 59/204/105 74/205/105 61/206/105
f 74/201/106 60/202/106 61/181/106
f 76/207/107 75/208/107 78/209/107
f 79/210/108 75/211/108 76/212/108
f 78/213/109 75/214/109 77/215/109
f 77/154/110 75/191/110 79/153/110
f 91/145/111 77/200/111 79/199/111 80/146/111
f 80/216/112 79/210/112 76/212/112 90/217/112
f 79/199/113 81/218/113 77/200/113
f 79/195/114 82/219/114 77/196/114
f 76/207/115 79/220/115 77/221/115 78/209/115
f 85/222/116 76/207/116 79/220/116 77/221/116
f 76/212/117 81/223/117 79/210/117
f 76/212/118 82/224/118 79/210/118
f 86/225/119 82/226/119 83/227/119
f 83/228/120 82/224/120 87/229/120
f 85/230/121 82/231/121 76/232/121
f 87/233/122 82/234/122 84/235/122
f 84/236/123 82/237/123 86/238/123
f 77/149/124 82/237/124 85/150/124
f 80/216/125 87/229/125 83/228/125 90/217/125
f 91/151/126 84/239/126 87/240/126 80/152/126
f 86/241/127 83/242/127 87/240/127 84/239/127
f 88/147/128 86/238/128 84/236/128 91/148/128
f 90/243/129 83/244/129 86/245/129 88/246/129
f 91/160/130 89/162/130 88/161/130
f 88/161/131 89/162/131 90/163/131
f 90/243/132 76/207/132 85/222/132 88/246/132
f 90/158/133 80/152/133 91/151/133 88/159/133
f 88/147/134 85/150/134 77/149/134 91/148/134
f 80/155/135 89/157/135 91/156/135
f 90/203/136 89/157/136 80/155/136
f 77/193/137 81/198/137 78/192/137
f 78/247/138 81/248/138 76/249/138
f 92/250/139 93/251/139 96/252/139
f 95/253/140 93/254/140 92/255/140
f 96/256/141 98/257/141 94/258/141 92/259/141
f 92/255/142 94/260/142 100/261/142 95/253/142
f 95/262/143 92/263/143 96/264/143 97/265/143
f 96/266/144 93/267/144 97/268/144
f 97/268/145 99/269/145 98/270/145 96/266/145
f 99/271/146 100/272/146 94/273/146 98/274/146
f 95/262/147 100/272/147 99/271/147 97/265/147
f 97/275/148 93/276/148 95/277/148
f 104/278/149 102/279/149 101/280/149
f 102/281/150 103/282/150 101/283/150
f 103/284/151 105/285/151 101/286/151
f 105/287/152 104/288/152 101/289/152
f 105/285/153 103/284/153 107/290/153 106/291/153
f 103/292/154 102/293/154 104/294/154 105/295/154
f 104/288/155 105/287/155 106/296/155 108/297/155
f 109/298/156 108/299/156 106/300/156 107/301/156
f 102/279/157 104/278/157 108/302/157 109/303/157
f 103/304/158 102/305/158 109/306/158 107/307/158
f 110/308/159 112/309/159 111/310/159
f 111/310/160 114/311/160 110/308/160
f 112/312/161 110/313/161 113/314/161
f 114/315/162 113/314/162 110/313/162
f 115/316/163 114/317/163 111/318/163
f 113/319/164 114/320/164 115/321/164
f 111/318/165 112/322/165 115/316/165
f 115/321/166 112/323/166 113/319/166
f 118/324/167 117/325/167 116/326/167
f 120/327/168 116/326/168 117/325/168
f 119/328/169 118/329/169 116/330/169
f 116/330/170 120/331/170 119/328/170
f 121/332/171 120/333/171 117/334/171
f 119/335/172 120/336/172 121/337/172
f 121/337/173 118/338/173 119/335/173
f 117/334/174 118/339/174 121/332/174
f 122/340/175 125/341/175 123/342/175
f 123/343/176 124/344/176 122/345/176
f 126/346/177 122/345/177 124/344/177
f 125/341/178 122/340/178 126/347/178
f 124/348/179 127/349/179 126/350/179
f 127/351/180 125/352/180 126/353/180
f 125/352/181 127/351/181 123/354/181
f 127/349/182 124/348/182 123/355/182
f 128/356/183 129/357/183 130/358/183
f 129/359/184 128/360/184 131/361/184
f 132/362/185 128/363/185 130/364/185
f 131/365/186 128/366/186 132/367/186
f 132/367/187 133/368/187 131/365/187
f 130/364/188 133/369/188 132/362/188
f 131/361/189 133/370/189 129/359/189
f 133/371/190 130/358/190 129/357/190
f 135/372/191 134/373/191 137/374/191
f 134/373/192 135/372/192 136/375/192
f 136/376/193 138/377/193 134/378/193
f 137/379/194 134/378/194 138/377/194
f 138/380/195 139/381/195 137/382/195
f 139/381/196 138/380/196 136/383/196
f 139/384/197 135/385/197 137/386/197
f 135/385/198 139/384/198 136/387/198
f 140/388/199 144/389/199 141/390/199
f 141/391/200 143/392/200 140/393/200
f 142/394/201 140/393/201 143/392/201
f 144/389/202 140/388/202 142/395/202
f 144/396/203 145/397/203 141/398/203
f 145/397/204 144/396/204 142/399/204
f 145/400/205 143/401/205 141/402/205
f 143/401/206 145/400/206 142/403/206
f 199/79/304 202/81/304 198/78/304
f 198/78/305 201/80/305 199/79/305
f 198/93/306 202/405/306 200/92/306
f 200/92/307 201/94/307 198/93/307
f 200/87/308 202/406/308 203/86/308
f 203/76/309 202/82/309 199/75/309
f 203/86/310 201/88/310 200/87/310
f 199/75/311 201/77/311 203/76/311
f 283/404/442 281/404/442 280/404/442
f 284/404/443 280/404/443 281/404/443
f 285/404/444 282/404/444 280/404/444
f 283/404/445 280/404/445 282/404/445
f 284/404/444 285/404/444 280/404/444
f 282/404/446 285/404/446 287/404/446
f 286/404/447 287/404/447 285/404/447
f 286/404/448 285/404/448 284/404/448
f 288/404/449 282/404/449 287/404/449
f 287/404/450 292/404/450 288/404/450
f 291/404/451 287/404/451 286/404/451
f 290/404/452 289/404/452 287/404/452
f 289/404/453 292/404/453 287/404/453
f 291/404/454 290/404/454 287/404/454
f 293/404/455 295/404/455 292/404/455
f 293/404/456 292/404/456 289/404/456
f 295/404/457 294/404/457 292/404/457
f 294/404/458 299/404/458 292/404/458
f 297/404/459 296/404/459 292/404/459
f 296/404/460 298/404/460 292/404/460
f 297/404/461 292/404/461 299/404/461
f 292/404/462 298/404/462 288/404/462
f 294/404/463 297/404/463 299/404/463
f 298/404/464 296/404/464 300/404/464
f 300/404/465 288/404/465 298/404/465
f 296/404/466 302/404/466 300/404/466
f 303/404/467 301/404/467 300/404/467
f 300/404/468 301/404/468 288/404/468
f 302/404/469 303/404/469 300/404/469
f 302/404/470 281/404/470 303/404/470
f 281/404/471 283/404/471 303/404/471
f 301/404/472 303/404/472 283/404/472
f 302/404/473 304/404/473 281/404/473
f 304/404/474 302/404/474 296/404/474
f 305/404/475 304/404/475 296/404/475
f 281/404/476 304/404/476 305/404/476
f 297/404/477 305/404/477 296/404/477
f 281/404/478 305/404/478 297/404/478
f 301/404/479 283/404/479 282/404/479
f 301/404/480 282/404/480 288/404/480
f 294/404/481 295/404/481 297/404/481
f 295/404/482 306/404/482 297/404/482
f 307/404/483 281/404/483 297/404/483
f 307/404/484 297/404/484 306/404/484
f 295/404/485 307/404/485 306/404/485
f 308/404/486 307/404/486 291/404/486
f 291/404/487 307/404/487 295/404/487
f 309/404/488 307/404/488 308/404/488
f 309/404/489 281/404/489 307/404/489
f 309/404/490 311/404/490 281/404/490
f 309/404/491 312/404/491 310/404/491
f 310/404/492 311/404/492 309/404/492
f 309/404/493 308/404/493 312/404/493
f 308/404/494 313/404/494 312/404/494
f 312/404/495 313/404/495 310/404/495
f 313/404/496 308/404/496 291/404/496
f 314/404/497 313/404/497 291/404/497
f 313/404/498 314/404/498 310/404/498
f 310/404/499 314/404/499 315/404/499
f 315/404/500 314/404/500 316/404/500
f 291/404/501 316/404/501 314/404/501
f 316/404/502 317/404/502 319/404/502
f 317/404/503 316/404/503 320/404/503
f 316/404/504 291/404/504 318/404/504
f 320/404/505 316/404/505 318/404/505
f 315/404/506 316/404/506 319/404/506
f 317/404/507 320/404/507 321/404/507
f 318/404/508 321/404/508 320/404/508
f 321/404/509 322/404/509 323/404/509
f 322/404/510 321/404/510 325/404/510
f 324/404/509 321/404/509 323/404/509
f 324/404/507 317/404/507 321/404/507
f 321/404/511 318/404/511 325/404/511
f 329/404/512 325/404/512 326/404/512
f 327/404/513 326/404/513 325/404/513
f 328/404/514 327/404/514 325/404/514
f 328/404/515 325/404/515 318/404/515
f 330/404/516 325/404/516 329/404/516
f 330/404/517 322/404/517 325/404/517
f 332/404/518 322/404/518 330/404/518
f 332/404/519 330/404/519 331/404/519
f 329/404/520 331/404/520 330/404/520
f 322/404/521 332/404/521 334/404/521
f 332/404/522 333/404/522 335/404/522
f 331/404/523 333/404/523 332/404/523
f 332/404/524 335/404/524 334/404/524
f 336/404/525 335/404/525 338/404/525
f 337/404/526 335/404/526 336/404/526
f 334/404/527 335/404/527 337/404/527
f 338/404/528 335/404/528 331/404/528
f 335/404/529 333/404/529 331/404/529
f 331/404/530 339/404/530 338/404/530
f 338/404/531 339/404/531 340/404/531
f 342/404/532 338/404/532 340/404/532
f 338/404/533 341/404/533 336/404/533
f 338/404/534 342/404/534 341/404/534
f 342/404/535 340/404/535 341/404/535
f 340/404/536 343/404/536 341/404/536
f 345/404/537 336/404/537 341/404/537
f 344/404/538 341/404/538 343/404/538
f 341/404/539 344/404/539 345/404/539
f 345/404/540 344/404/540 346/404/540
f 346/404/541 336/404/541 345/404/541
f 344/404/542 337/404/542 346/404/542
f 336/404/543 346/404/543 337/404/543
f 343/404/544 337/404/544 344/404/544
f 343/404/545 340/404/545 337/404/545
f 339/404/546 337/404/546 340/404/546
f 347/404/547 339/404/547 331/404/547
f 348/404/548 339/404/548 347/404/548
f 339/404/549 348/404/549 349/404/549
f 339/404/550 349/404/550 334/404/550
f 334/404/551 337/404/551 339/404/551
f 348/404/552 334/404/552 349/404/552
f 322/404/553 348/404/553 323/404/553
f 329/404/554 323/404/554 348/404/554
f 347/404/555 329/404/555 348/404/555
f 334/404/556 348/404/556 322/404/556
f 329/404/557 347/404/557 331/404/557
f 326/404/558 323/404/558 329/404/558
f 328/404/559 318/404/559 327/404/559
f 318/404/560 310/404/560 327/404/560
f 324/404/561 326/404/561 327/404/561
f 324/404/562 327/404/562 317/404/562
f 317/404/563 327/404/563 310/404/563
f 323/404/564 326/404/564 324/404/564
f 315/404/565 319/404/565 317/404/565
f 318/404/566 350/404/566 310/404/566
f 318/404/567 351/404/567 350/404/567
f 291/404/568 351/404/568 318/404/568
f 291/404/569 286/404/569 351/404/569
f 350/404/570 351/404/570 352/404/570
f 351/404/571 286/404/571 352/404/571
f 350/404/572 352/404/572 281/404/572
f 352/404/573 286/404/573 284/404/573
f 352/404/574 284/404/574 281/404/574
f 281/404/575 310/404/575 350/404/575
f 315/404/576 317/404/576 310/404/576
f 310/404/577 281/404/577 311/404/577
f 295/404/578 289/404/578 291/404/578
f 293/404/579 289/404/579 295/404/579
f 291/404/580 289/404/580 290/404/580
usemtl BlackBright
f 14/31/14 15/32/14 18/31/14
f 16/33/15 15/32/15 14/31/15
f 14/34/16 17/35/16 20/36/16 16/37/16
f 17/35/17 14/34/17 18/34/17 19/35/17
f 18/34/18 15/38/18 19/35/18
f 15/39/19 17/40/19 19/40/19
f 17/40/20 15/39/20 20/41/20
f 20/41/21 15/39/21 16/42/21
f 30/34/30 27/38/30 28/35/30
f 28/40/31 27/39/31 31/41/31
f 29/33/32 27/32/32 30/31/32
f 31/41/33 27/39/33 29/42/33
f 30/34/34 28/35/34 31/36/34 29/37/34
f 262/429/415 263/430/415 264/431/415
f 263/432/416 262/433/416 266/434/416
f 262/429/417 264/431/417 265/435/417
f 265/436/418 266/437/418 262/438/418
f 263/432/419 264/439/419 265/440/419 266/434/419
f 267/441/420 263/442/420 266/443/420
f 266/437/421 265/436/421 267/444/421
f 267/445/422 264/431/422 263/430/422
f 264/431/423 267/445/423 265/435/423
f 274/468/433 276/469/433 275/470/433
f 275/471/434 278/472/434 274/473/434
f 274/474/435 277/475/435 276/476/435
f 277/477/436 274/478/436 278/479/436
f 275/471/437 278/472/437 277/480/437 276/481/437
f 279/482/438 278/483/438 275/484/438
f 278/479/439 279/485/439 277/477/439
f 279/486/440 275/470/440 276/469/440
f 276/469/441 277/487/441 279/486/441
usemtl SkinSecondarySmid
f 256/407/406 257/408/406 258/409/406
f 257/410/407 256/411/407 260/412/407
f 256/413/408 258/414/408 259/415/408
f 259/416/409 260/417/409 256/418/409
f 257/419/410 258/420/410 259/421/410 260/422/410
f 261/423/411 257/410/411 260/412/411
f 260/417/412 259/416/412 261/424/412
f 261/425/413 258/409/413 257/408/413
f 258/426/414 261/427/414 259/428/414
f 268/446/424 270/447/424 269/448/424
f 269/449/425 272/450/425 268/451/425
f 268/452/426 271/453/426 270/454/426
f 271/455/427 268/456/427 272/457/427
f 269/458/428 272/459/428 271/460/428 270/461/428
f 273/462/429 272/450/429 269/449/429
f 272/457/430 273/463/430 271/455/430
f 273/464/431 269/448/431 270/447/431
f 270/465/432 271/466/432 273/467/432
usemtl Teeth
f 146/404/207 147/404/207 150/404/207 148/404/207
f 147/404/208 146/404/209 149/404/208
f 149/404/210 146/404/210 148/404/210
f 147/404/211 149/404/211 150/404/211
f 150/404/212 149/404/212 148/404/212
f 147/404/213 151/404/213 150/404/213
f 151/404/214 152/404/214 150/404/214
f 155/404/215 147/404/215 150/404/215 152/404/215
f 151/404/216 155/404/216 152/404/216
f 155/404/217 153/404/217 152/404/217
f 153/404/218 154/404/218 152/404/218
f 156/404/219 155/404/219 152/404/219 154/404/219
f 153/404/220 155/404/220 156/404/220
f 151/404/220 147/404/221 155/404/221
f 156/404/222 157/404/222 159/404/222 154/404/222
f 158/404/223 157/404/224 156/404/225
f 153/404/226 156/404/226 154/404/226
f 158/404/227 156/404/227 154/404/227
f 158/404/228 154/404/228 159/404/228
f 157/404/229 158/404/229 159/404/229
f 157/404/230 160/404/230 159/404/230
f 160/404/231 161/404/231 159/404/231
f 164/404/232 157/404/232 159/404/232 161/404/232
f 160/404/233 164/404/233 161/404/233
f 162/404/234 164/404/234 161/404/234
f 162/404/235 161/404/235 163/404/235
f 164/404/236 165/404/236 163/404/236 161/404/236
f 162/404/237 165/404/238 164/404/239
f 160/404/240 157/404/220 164/404/220
f 166/404/241 165/404/241 163/404/241 168/404/241
f 167/404/220 165/404/242 166/404/243
f 165/404/244 162/404/244 163/404/244
f 165/404/245 167/404/245 163/404/245
f 167/404/246 168/404/246 163/404/246
f 167/404/247 166/404/247 168/404/247
f 166/404/248 169/404/248 168/404/248
f 169/404/249 170/404/249 168/404/249
f 171/404/250 166/404/250 168/404/250 170/404/250
f 169/404/251 171/404/251 170/404/251
f 169/404/252 166/404/252 171/404/252
f 172/404/253 173/404/253 176/404/253 174/404/253
f 173/404/254 172/404/255 175/404/256
f 175/404/257 172/404/257 174/404/257
f 173/404/258 175/404/258 176/404/258
f 176/404/259 175/404/259 174/404/259
f 173/404/260 177/404/260 176/404/260
f 177/404/261 178/404/261 176/404/261
f 181/404/262 173/404/262 176/404/262 178/404/262
f 177/404/263 181/404/263 178/404/263
f 181/404/264 179/404/264 178/404/264
f 179/404/265 180/404/265 178/404/265
f 182/404/266 181/404/266 178/404/266 180/404/266
f 179/404/267 181/404/267 182/404/268
f 177/404/268 173/404/269 181/404/269
f 182/404/270 183/404/270 185/404/270 180/404/270
f 184/404/271 183/404/272 182/404/273
f 179/404/274 182/404/274 180/404/274
f 184/404/275 182/404/275 180/404/275
f 184/404/276 180/404/276 185/404/276
f 183/404/277 184/404/277 185/404/277
f 183/404/278 186/404/278 185/404/278
f 186/404/279 187/404/279 185/404/279
f 190/404/280 183/404/280 185/404/280 187/404/280
f 186/404/281 190/404/281 187/404/281
f 188/404/282 190/404/282 187/404/282
f 188/404/283 187/404/283 189/404/283
f 190/404/284 191/404/284 189/404/284 187/404/284
f 188/404/273 191/404/285 190/404/286
f 186/404/287 183/404/288 190/404/289
f 192/404/290 191/404/290 189/404/290 194/404/290
f 193/404/291 191/404/292 192/404/292
f 191/404/293 188/404/293 189/404/293
f 191/404/294 193/404/294 189/404/294
f 193/404/295 194/404/295 189/404/295
f 193/404/296 192/404/296 194/404/296
f 192/404/297 195/404/297 194/404/297
f 195/404/298 196/404/298 194/404/298
f 197/404/299 192/404/299 194/404/299 196/404/299
f 195/404/300 197/404/300 196/404/300
f 195/404/301 192/404/302 197/404/303
f 204/404/312 206/404/312 208/404/312 205/404/312
f 205/404/313 207/404/314 204/404/315
f 207/404/316 206/404/316 204/404/316
f 205/404/317 208/404/317 207/404/317
f 208/404/318 206/404/318 207/404/318
f 205/404/319 208/404/319 209/404/319
f 209/404/320 208/404/320 210/404/320
f 213/404/321 210/404/321 208/404/321 205/404/321
f 209/404/322 210/404/322 213/404/322
f 213/404/323 210/404/323 211/404/323
f 211/404/324 210/404/324 212/404/324
f 214/404/325 212/404/325 210/404/325 213/404/325
f 211/404/326 214/404/327 213/404/327
f 209/404/328 213/404/329 205/404/330
f 214/404/331 212/404/331 217/404/331 215/404/331
f 216/404/332 214/404/333 215/404/333
f 211/404/334 212/404/334 214/404/334
f 216/404/335 212/404/335 214/404/335
f 216/404/336 217/404/336 212/404/336
f 215/404/337 217/404/337 216/404/337
f 215/404/338 217/404/338 218/404/338
f 218/404/339 217/404/339 219/404/339
f 222/404/340 219/404/340 217/404/340 215/404/340
f 218/404/341 219/404/341 222/404/341
f 220/404/342 219/404/342 222/404/342
f 220/404/343 221/404/343 219/404/343
f 222/404/344 219/404/344 221/404/344 223/404/344
f 220/404/345 222/404/315 223/404/346
f 218/404/347 222/404/348 215/404/349
f 224/404/350 226/404/350 221/404/350 223/404/350
f 225/404/328 224/404/330 223/404/326
f 223/404/351 221/404/351 220/404/351
f 223/404/352 221/404/352 225/404/352
f 225/404/353 221/404/353 226/404/353
f 225/404/354 226/404/354 224/404/354
f 224/404/355 226/404/355 227/404/355
f 227/404/356 226/404/356 228/404/356
f 229/404/357 228/404/357 226/404/357 224/404/357
f 227/404/358 228/404/358 229/404/358
f 227/404/327 229/404/327 224/404/327
f 230/404/359 232/404/359 234/404/359 231/404/359
f 231/404/360 233/404/360 230/404/361
f 233/404/362 232/404/362 230/404/362
f 231/404/363 234/404/363 233/404/363
f 234/404/364 232/404/364 233/404/364
f 231/404/365 234/404/365 235/404/365
f 235/404/366 234/404/366 236/404/366
f 239/404/367 236/404/367 234/404/367 231/404/367
f 235/404/368 236/404/368 239/404/368
f 239/404/369 236/404/369 237/404/369
f 237/404/370 236/404/370 238/404/370
f 240/404/371 238/404/371 236/404/371 239/404/371
f 237/404/372 240/404/373 239/404/374
f 235/404/374 239/404/375 231/404/376
f 240/404/377 238/404/377 243/404/377 241/404/377
f 242/404/361 240/404/378 241/404/379
f 237/404/380 238/404/380 240/404/380
f 242/404/381 238/404/381 240/404/381
f 242/404/382 243/404/382 238/404/382
f 241/404/383 243/404/383 242/404/383
f 241/404/384 243/404/384 244/404/384
f 244/404/385 243/404/385 245/404/385
f 248/404/386 245/404/386 243/404/386 241/404/386
f 244/404/387 245/404/387 248/404/387
f 246/404/388 245/404/388 248/404/388
f 246/404/389 247/404/389 245/404/389
f 248/404/390 245/404/390 247/404/390 249/404/390
f 246/404/391 248/404/392 249/404/361
f 244/404/374 248/404/393 241/404/393
f 250/404/394 252/404/394 247/404/394 249/404/394
f 251/404/395 250/404/393 249/404/393
f 249/404/396 247/404/396 246/404/396
f 249/404/397 247/404/397 251/404/397
f 251/404/398 247/404/398 252/404/398
f 251/404/399 252/404/399 250/404/399
f 250/404/400 252/404/400 253/404/400
f 253/404/401 252/404/401 254/404/401
f 255/404/402 254/404/402 252/404/402 250/404/402
f 253/404/403 254/404/403 255/404/403
f 253/404/395 255/404/404 250/404/405
o Smidley.001
v 1.328929 16.586775 0.298103
v 1.108983 16.486443 0.235868
v 0.913511 16.344038 0.176737
v 0.750232 16.165318 0.122834
v 0.625926 15.957853 0.076194
v 0.545385 15.729658 0.038733
v 0.511798 15.489634 0.012015
v 0.527173 15.248041 -0.002568
v 0.590220 15.013166 -0.004578
v 0.654931 14.847675 -0.001839
v 1.437307 15.148970 1.504741
v 0.792093 14.645920 0.017453
v 3.844243 15.059311 -0.820410
v 0.963884 14.468557 0.046092
v 3.576756 14.737602 -0.687073
v 1.173867 14.339831 0.090501
v 1.387581 14.241167 0.134752
v 1.622288 14.178156 0.186597
v 2.484270 14.166820 -0.150912
v 1.872446 14.175814 0.247357
v 2.114265 14.214043 0.308284
v 1.825356 14.131134 -0.263341
v 1.591681 14.138737 -0.333926
v 1.311655 14.241602 -0.409530
v 1.152917 14.344069 -1.051060
v 2.892282 14.862253 0.547651
v 2.969796 15.086205 0.585485
v 3.002292 15.324741 0.612989
v 0.728950 15.244257 -1.318040
v 2.988074 15.568044 0.628788
v 2.926903 15.805662 0.632356
v 2.821025 16.028311 0.623504
v 2.674473 16.227379 0.602534
v 2.492786 16.395094 0.570287
v 2.282761 16.524754 0.528139
v 2.052344 16.611204 0.477802
v 1.810389 16.651125 0.421210
v 1.566039 16.642763 0.360593
v 4.162744 14.425056 -2.372688
v 3.570081 13.966778 -2.187768
v 2.932800 13.736473 -2.203641
v 2.182256 13.775808 -2.250268
v 1.858195 13.918625 -2.272662
v 1.199263 14.375223 -2.359121
v 1.012658 14.603231 -2.614072
v 0.848729 14.077630 -4.324263
v 0.742433 15.422732 -2.289310
v 0.725972 15.294615 -3.564210
v 2.825720 16.012869 -6.078242
v 3.227644 15.976807 -5.999444
v 3.606464 15.845644 -5.937946
v 3.951670 15.658705 -5.835277
v 4.249329 15.423109 -5.694656
v 4.488631 15.147539 -5.523536
v 4.669426 14.838718 -5.350357
v 4.766081 14.518944 -5.131728
v 4.784366 14.208260 -4.886009
v 4.626580 13.864231 -4.255243
v 4.414388 13.450476 -4.215645
v 4.095890 13.092258 -4.098334
v 3.833119 12.939722 -4.002481
v 3.480283 12.801347 -3.860413
v 2.207562 12.807655 -3.780904
v 1.911394 12.893228 -3.812253
v 1.547070 13.067707 -3.974683
v 0.741358 14.920174 -5.051558
v 0.864426 15.212963 -5.274150
v 1.071684 15.479500 -5.475126
v 1.343364 15.704844 -5.653292
v 1.667876 15.879827 -5.801691
v 2.032950 15.997761 -5.914370
v 2.425206 16.054132 -5.987391
v 1.797639 13.188815 -9.058190
v 2.130214 13.069818 -9.173552
v 2.459277 12.912865 -9.231975
v 2.766153 12.710787 -9.240732
v 3.038960 12.470934 -9.199187
v 3.267142 12.202182 -9.109187
v 3.441857 11.914594 -8.974537
v 3.531757 11.695330 -8.845835
v 1.632977 10.181571 -6.779007
v 1.307347 10.377951 -6.692634
v 1.002381 10.617330 -6.658359
v 0.734568 10.825311 -6.680474
v 0.503726 11.176325 -6.756482
v 0.333147 11.440454 -6.868978
v 0.214845 11.773255 -7.038827
v 0.162212 12.084982 -7.246959
v 0.171453 12.388942 -7.490881
v 0.250411 12.646275 -7.746173
v 0.392854 12.863965 -8.008095
v 0.592900 13.035944 -8.266479
v 0.842859 13.156527 -8.511210
v 1.133130 13.221720 -8.732876
v 1.452292 13.229690 -8.923519
v 1.052084 11.678875 -9.514005
v 2.254179 9.943412 -9.884702
v 2.605859 9.641000 -8.662628
v 0.256452 9.074031 -9.423596
v -0.306973 9.534143 -9.308017
v -0.273438 10.578677 -8.540611
v -0.213776 10.769453 -8.617093
v -0.114129 10.976074 -8.715081
v 0.008718 11.204223 -8.828349
v 0.175324 11.390271 -8.961694
v 0.375312 11.536121 -9.107272
v 0.601535 11.635210 -9.259528
v 0.853329 11.667334 -9.415261
v 1.111552 9.931313 -11.517081
v 1.103777 9.735980 -11.550532
v 1.061624 9.551334 -11.545096
v 0.992460 9.394458 -11.438905
v 0.920780 9.302326 -11.355352
v -0.802374 9.016909 -12.327456
v -1.028262 9.900435 -11.536950
v -1.079115 9.998345 -13.108013
v -1.184130 9.851191 -13.112960
v -1.313054 9.737495 -13.059489
v -1.442420 9.669576 -12.955431
v -1.531633 9.647247 -12.831017
v -1.627993 9.706326 -12.594916
v -1.647638 9.768669 -12.517766
v -1.923375 10.274343 -13.173143
v 3.119061 13.772783 -2.205203
v 3.745550 14.172737 -2.048151
v 4.041156 14.375818 -2.187330
v 4.248954 15.106555 -1.772756
v 4.632612 14.914740 -3.359631
v 4.532027 15.477103 -2.924519
v 4.495199 15.724480 -3.027428
v 2.310975 14.269484 0.347325
v 4.389343 16.036472 -3.207610
v 4.214300 16.323191 -3.382782
v 2.513262 14.382070 0.404767
v 3.976346 16.572470 -3.546502
v 3.684523 16.774378 -3.691060
v 2.696250 14.545789 0.462543
v 3.350945 16.923044 -3.798935
v 2.989880 17.014469 -3.864899
v 2.843696 14.742495 0.513228
v 1.362324 14.297812 -2.225723
v 1.132188 14.441685 -2.562742
v 2.953275 14.972047 0.557900
v 0.791632 15.296654 -2.155097
v 3.008018 15.205349 0.591526
v 0.737902 15.109141 -3.555094
v 0.758354 15.746538 -3.213728
v 3.017184 15.449857 0.613759
v 0.862578 16.052738 -3.371180
v 1.037366 16.336361 -3.506221
v 2.978863 15.693975 0.623801
v 1.272745 16.583233 -3.626231
v 1.559201 16.783197 -3.729088
v 2.893907 15.927460 0.621374
v 1.885914 16.928730 -3.812567
v 2.242264 17.017092 -3.868196
v 2.765632 16.141397 0.606470
v 2.616089 17.036730 -3.912663
v 0.528164 16.013689 -0.711228
v 2.598915 16.327494 0.579647
v 3.439519 15.804501 -0.028662
v 2.400064 16.478460 0.541988
v 1.211785 16.829687 -0.615847
v 0.789971 14.661838 -0.537030
v 2.176540 16.588251 0.495072
v 2.813447 16.769827 -0.241833
v 3.036913 14.498699 -0.035244
v 0.462629 15.732779 -0.704110
v 1.936809 16.652477 0.440800
v 3.465397 15.520884 -0.001925
v 1.050658 16.728527 -0.645458
v 0.932957 14.779653 0.568381
v 0.986427 14.436657 -0.481642
v 3.037579 16.577219 -0.173592
v 2.800492 14.304359 -0.073785
v 1.976510 17.033487 -0.456493
v 0.544392 15.130192 -0.020194
v 0.457765 15.446529 -0.682454
v 3.439730 15.237180 0.007340
v 0.503989 15.371269 -0.011849
v 0.651356 16.281498 -0.701168
v 0.828062 16.523458 -0.679157
v 0.513111 15.615646 0.009290
v 3.220833 16.345543 -0.113539
v 3.356359 16.084116 -0.064137
v 0.570967 15.853285 0.042054
v 0.674777 16.074259 0.084926
v 1.389069 16.915953 -0.578479
v 1.674040 17.002420 -0.519415
v 0.820596 16.270128 0.136154
v 0.642648 14.924021 -0.586141
v 0.519741 15.174219 -0.642900
v 1.002783 16.433306 0.193655
v 2.273078 17.002451 -0.386059
v 2.555319 16.913507 -0.313700
v 1.213374 16.556177 0.255450
v 3.374717 14.988390 -0.000618
v 3.250724 14.755280 -0.014201
v 1.445733 16.636047 0.318713
v 2.305089 17.291695 -1.565375
v 1.969786 17.257957 -1.594016
v 1.690094 16.668682 0.381241
v 1.642272 17.157022 -1.616196
v 1.325351 16.981928 -1.618470
v 1.055892 16.773109 -1.620342
v 0.834107 16.525110 -1.609077
v 0.667232 16.245951 -1.581542
v 0.561438 15.946180 -1.536265
v 0.525798 15.643953 -1.469865
v 0.583314 15.378141 -1.366330
v 0.806770 15.138096 -1.213237
v 0.866351 14.876072 -1.092119
v 1.030550 14.580399 -1.062231
v 2.624427 17.257645 -1.486468
v 2.933310 17.157125 -1.401765
v 3.209965 16.992510 -1.298764
v 3.443513 16.770250 -1.183551
v 3.632050 16.508356 -1.073495
v 3.769518 16.218706 -0.974381
v 3.850322 15.912153 -0.887781
v 3.876725 15.607525 -0.818489
v 3.861318 15.333454 -0.770630
v 3.791807 15.108081 -0.741684
v 3.773519 14.962957 -0.756073
v 3.421268 14.595043 -0.638821
v 3.112032 14.347498 -0.616761
v 2.623685 14.227987 -0.119789
v 2.278198 14.124510 -0.175313
v 2.036531 14.093351 -0.219969
v 1.449852 14.182753 -0.361233
v 1.190194 14.318535 -0.437506
v 1.197392 14.549154 0.603005
v 1.356382 14.475798 0.632900
v 1.524661 14.433712 0.669579
v 1.697306 14.426657 0.712094
v 1.866273 14.452654 0.758382
v 2.026257 14.512112 0.806927
v 2.170512 14.601631 0.855738
v 2.293715 14.718021 0.903056
v 2.391038 14.856829 0.947169
v 2.458514 15.012667 0.986472
v 2.417237 15.236266 1.073165
v 2.405832 15.396716 1.094536
v 2.363585 15.553153 1.107419
v 2.292078 15.699512 1.111322
v 2.194055 15.830156 1.106094
v 2.073276 15.940058 1.091937
v 1.934371 16.024979 1.069401
v 1.782666 16.081638 1.039355
v 1.623990 16.107859 1.002955
v 1.054096 14.651345 0.581108
v 0.912181 14.881975 0.636801
v 0.840750 15.028437 0.640676
v 0.797909 15.184024 0.653359
v 0.786153 15.343973 0.674607
v 0.806088 15.502350 0.703598
v 0.856654 15.652649 0.739150
v 0.935870 15.789048 0.779884
v 1.040691 15.906294 0.824233
v 1.167071 15.999861 0.870488
v 1.310150 16.066149 0.916870
v 1.464436 16.102621 0.961598
v 2.744593 13.719134 -2.204772
v 2.365566 13.740582 -2.228307
v 2.005064 13.829666 -2.273731
v 1.611936 14.064945 -2.291091
v 3.878435 14.258595 -2.101517
v 3.248116 14.150536 -1.388631
v 1.403895 14.250532 -1.663567
v 2.544202 17.327461 -2.771989
v 2.184818 17.296818 -2.755742
v 2.912687 14.015949 -1.403046
v 2.895400 17.297979 -2.713132
v 1.836132 17.196335 -2.724945
v 2.646057 13.951415 -1.440297
v 3.229169 17.199030 -2.629691
v 2.394168 13.924242 -1.513174
v 3.528896 17.034981 -2.503276
v 1.509392 17.032423 -2.675364
v 2.035303 13.978529 -1.516221
v 3.782091 16.810621 -2.344561
v 1.221807 16.817251 -2.621073
v 1.703992 14.081818 -1.587689
v 3.985387 16.541998 -2.185996
v 0.984577 16.559738 -2.557416
v 4.133154 16.242373 -2.038849
v 0.805908 16.269089 -2.478806
v 4.221414 15.925877 -1.906694
v 0.695911 15.960684 -2.378829
v 4.269835 15.631397 -1.812103
v 0.688953 15.681061 -2.222037
v 4.303276 15.229956 -1.891640
v 3.182321 12.743556 -3.817438
v 3.652280 12.851840 -3.941998
v 4.293536 13.250603 -4.212838
v 4.532776 13.650170 -4.254998
v 4.687234 13.962262 -4.391350
v 1.321486 13.251842 -4.072905
v 1.116720 13.430988 -4.131770
v 0.917935 13.853403 -4.297091
v 0.775618 14.184135 -4.359594
v 0.663000 14.445118 -4.765932
v 0.677222 14.671417 -4.889035
v 2.782645 12.756692 -3.721098
v 2.492706 12.740015 -3.758120
v 1.715869 12.959693 -3.908224
v 1.244691 16.119429 -4.617605
v 1.008216 15.875734 -4.452538
v 2.551160 13.728497 -2.196409
v 4.730618 14.142811 -4.444515
v 4.632957 15.106083 -3.379371
v 1.537445 16.318199 -4.758251
v 0.996569 13.638813 -4.192400
v 4.654035 15.259838 -4.164026
v 1.874991 16.464100 -4.868768
v 4.527070 15.566311 -4.362924
v 2.245430 16.552551 -4.944248
v 3.328136 13.845297 -2.202344
v 0.722684 14.363524 -4.420436
v 4.329363 15.849546 -4.543115
v 2.633946 16.559805 -5.022583
v 4.070258 16.097723 -4.701688
v 0.740023 15.297476 -4.083707
v 3.757964 16.300995 -4.829868
v 3.405242 16.452560 -4.921191
v 0.839464 15.598145 -4.270089
v 3.026722 16.546894 -4.972884
v 3.304858 11.627789 -5.428729
v 3.656216 11.678082 -5.619663
v 3.970052 11.789249 -5.846648
v 4.233807 11.957684 -6.101341
v 4.437281 12.176087 -6.374263
v 4.572865 12.434523 -6.656096
v 4.634971 12.723877 -6.933671
v 4.622840 13.047486 -7.165001
v 4.536650 13.366648 -7.405279
v 4.377362 13.679471 -7.619004
v 4.151535 13.974907 -7.793090
v 3.868476 14.244184 -7.918065
v 3.538678 14.476078 -7.991608
v 3.174793 14.661680 -8.011049
v 2.790525 14.793664 -7.976167
v 1.439324 12.281910 -5.244041
v 1.153746 12.552814 -5.369772
v 0.927476 12.853237 -5.540380
v 0.768133 13.169448 -5.750621
v 0.684206 13.490953 -5.987049
v 0.682685 13.806184 -6.229754
v 0.733670 14.083401 -6.541296
v 0.872884 14.340790 -6.820597
v 1.080366 14.556107 -7.090993
v 1.348158 14.721507 -7.341920
v 1.665991 14.830908 -7.563610
v 2.021605 14.880222 -7.747557
v 2.394570 14.852053 -7.903812
v 2.936148 11.661690 -5.256705
v 2.518310 11.720644 -5.197326
v 2.132705 11.857522 -5.159145
v 1.768166 12.045504 -5.175063
v 4.687769 13.131480 -5.554927
v 4.777411 13.431549 -5.804920
v 0.694910 13.958860 -5.451014
v 0.735772 13.617281 -5.252991
v 4.802062 13.662968 -6.027131
v 0.688700 14.267663 -5.707318
v 4.754417 13.985929 -6.274012
v 0.906317 14.753649 -6.041901
v 4.629896 14.305078 -6.500696
v 1.102813 15.009460 -6.285639
v 4.500932 14.524875 -6.698866
v 1.361423 15.219398 -6.511750
v 4.252200 14.806397 -6.866997
v 1.674709 15.377147 -6.709889
v 3.946160 15.052554 -6.989106
v 2.030789 15.476751 -6.872282
v 3.595507 15.253084 -7.064612
v 2.416404 15.514364 -6.993272
v 3.214012 15.400158 -7.091446
v 3.299170 12.201982 -4.624340
v 3.647768 12.267582 -4.745011
v 2.810120 15.467744 -7.097283
v 3.989315 12.406352 -4.907848
v 2.905746 12.213877 -4.509093
v 1.400833 12.752563 -4.676712
v 1.701217 12.512842 -4.589877
v 4.282583 12.598909 -5.101125
v 2.465662 12.229711 -4.510847
v 1.091186 12.997549 -4.849282
v 4.519007 12.847805 -5.319678
v 2.069488 12.341029 -4.524998
v 0.880852 13.304131 -5.056654
v 2.462994 10.073914 -7.132686
v 2.768899 10.137151 -7.325935
v 3.041633 10.267115 -7.535759
v 3.267042 10.416741 -7.774825
v 3.442672 10.642178 -8.010002
v 3.558134 10.898365 -8.249331
v 3.608549 11.178000 -8.482924
v 3.592590 11.466229 -8.699838
v 2.114868 10.030949 -7.010537
v 1.783601 9.784098 -7.114315
v 1.517821 14.112865 -8.307031
v 1.199741 14.048321 -8.084487
v 3.264612 13.591925 -8.725718
v 2.928769 13.800910 -8.744720
v 1.866231 14.117469 -8.490556
v 2.569238 13.962318 -8.708347
v 2.794340 10.867233 -6.166806
v 3.138096 10.893776 -6.354439
v 2.215805 14.065907 -8.622826
v 3.450690 10.981036 -6.576593
v 2.508273 10.906510 -6.039289
v 1.197892 11.547108 -5.875566
v 1.512282 11.297111 -5.843131
v 3.720021 11.123940 -6.825911
v 2.222172 10.900213 -5.952796
v 0.925463 11.835781 -5.964298
v 3.935465 11.318874 -7.093341
v 1.857742 11.085708 -5.867544
v 0.706076 12.145990 -6.106296
v 4.088550 11.558032 -7.369721
v 0.548646 12.463861 -6.294679
v 4.173349 11.829423 -7.645444
v 0.457487 12.786864 -6.526497
v 4.187757 12.124689 -7.908150
v 0.451583 13.266281 -6.985653
v 4.130430 12.434066 -8.148299
v 0.543402 13.527835 -7.273606
v 4.008322 12.763982 -8.354798
v 0.702936 13.750514 -7.557541
v 3.815221 13.064265 -8.526678
v 0.924555 13.926091 -7.831388
v 3.563932 13.343276 -8.652061
v 1.326563 9.014217 -9.255372
v 1.218815 9.075113 -10.022069
v 1.589317 9.501790 -10.430074
v 2.333501 10.154361 -9.888946
v 2.314410 10.334975 -9.963654
v 2.280596 10.581518 -10.025638
v 2.194125 10.822685 -10.043384
v 2.058339 11.057534 -10.031865
v 1.882457 11.266754 -9.989965
v 1.673691 11.441625 -9.919249
v 1.440273 11.575176 -9.822593
v 1.190165 11.667767 -9.699169
v 0.361840 10.006065 -7.571691
v -0.236709 10.196549 -8.486711
v -0.255491 10.396481 -8.467708
v 1.145478 9.005795 -8.980371
v 0.843586 9.055246 -8.891293
v 0.369583 9.032517 -9.456634
v 0.145918 9.130380 -9.390476
v 2.161998 9.305339 -8.454107
v 2.415980 9.463364 -8.595936
v 1.562270 9.299554 -8.109077
v 1.892565 9.284049 -8.234394
v 0.479133 9.874227 -7.565790
v 0.639025 9.719612 -7.628358
v 1.170351 9.358113 -7.859128
v 0.225731 10.207761 -7.570200
v 2.739158 9.875985 -8.720708
v 0.892418 9.443630 -7.767526
v 0.076740 10.419323 -7.682867
v 2.875579 10.078179 -8.922902
v 0.013186 10.812069 -7.654347
v 2.964072 10.381676 -9.053393
v -0.049662 11.076016 -7.767612
v 2.985562 10.631584 -9.228819
v -0.044969 11.503129 -8.012262
v 2.950216 10.907459 -9.367204
v 0.033485 11.749266 -8.202819
v 2.857452 11.173250 -9.465156
v 0.165811 11.964327 -8.407246
v 2.711851 11.444034 -9.527999
v 0.348274 12.138196 -8.616405
v 2.518073 11.694094 -9.553214
v 0.573884 12.265012 -8.821952
v 2.283546 11.913847 -9.539324
v 0.833955 12.340424 -9.015991
v 2.017376 12.094860 -9.486720
v 1.120199 12.359923 -9.185390
v 1.729750 12.230455 -9.397973
v 1.442048 12.325986 -9.261759
v 0.370753 8.934177 -10.942895
v 0.542700 9.001788 -11.021619
v 0.697715 9.094250 -11.132503
v 0.832910 9.193354 -11.279132
v 1.142118 10.156789 -11.299267
v 1.096595 10.256747 -11.303087
v 1.004779 10.417106 -11.249951
v 0.888191 10.556819 -11.172191
v 0.750408 10.668509 -11.076500
v 0.593960 10.748977 -10.967006
v 0.404828 10.817979 -10.844214
v -0.432968 9.152413 -10.378141
v -0.527279 9.242256 -10.340024
v -0.594829 9.371226 -10.302682
v -0.599432 9.446040 -10.319327
v -0.601878 9.621159 -10.283841
v -0.578628 9.817383 -10.265138
v -0.545339 10.122118 -10.174632
v -0.499843 10.357079 -10.214682
v -0.393990 10.512107 -10.297854
v -0.262335 10.642544 -10.393203
v -0.110627 10.743421 -10.498695
v 0.059919 10.801686 -10.612241
v 0.259038 10.739655 -10.771047
v 0.215963 8.904248 -10.792139
v 0.020595 8.914324 -10.710266
v -0.145897 8.970311 -10.562839
v -0.299767 9.048151 -10.460315
v 0.849755 8.980180 -10.052605
v 1.132983 9.032863 -9.933808
v 1.296120 9.128952 -10.097990
v 0.659885 8.952362 -9.891301
v -0.205889 9.375960 -9.375861
v -0.013872 9.225556 -9.360482
v 1.381943 9.206279 -10.219297
v 0.424023 8.974264 -9.794028
v 1.469297 9.357686 -10.397568
v -0.371577 9.672712 -9.266953
v 1.709590 9.618691 -10.381638
v -0.469567 9.880094 -9.359472
v 1.629840 9.783386 -10.625055
v -0.508850 10.112411 -9.377371
v 1.650540 10.001367 -10.663428
v -0.491123 10.299306 -9.450142
v 1.622730 10.213999 -10.726376
v -0.629222 9.055705 -12.468884
v -0.483573 9.137664 -12.549176
v -0.379331 9.226155 -12.617507
v -0.241584 9.327404 -12.618818
v -0.153727 9.434441 -12.617112
v -0.094224 9.568046 -12.635405
v -0.053434 9.707166 -12.629495
v -0.031705 9.844044 -12.597216
v -0.032241 9.969117 -12.553425
v -0.051385 10.080938 -12.492900
v -0.085357 10.178655 -12.394326
v -0.137950 10.256603 -12.283764
v -0.207486 10.311520 -12.167094
v -0.292464 10.343069 -12.049592
v -0.396267 10.362606 -11.940995
v -1.071978 9.113916 -11.944470
v -1.152304 9.356152 -11.673018
v -1.158270 9.460932 -11.617364
v -1.140749 9.592834 -11.568736
v -1.102334 9.727026 -11.537935
v -0.818403 10.134992 -11.596991
v -0.495304 10.336527 -11.832010
v -0.911112 9.022155 -12.156426
v -0.999395 9.056613 -12.048723
v -0.714243 10.224222 -11.660480
v -0.605804 10.292306 -11.741145
v -0.184516 8.930849 -11.682231
v -0.049678 8.954681 -11.845963
v 0.079660 9.028325 -11.955995
v -0.356730 8.924276 -11.617214
v -0.793484 9.082586 -11.257319
v -0.702905 8.998029 -11.335453
v 0.195195 9.129670 -12.053144
v -0.464768 8.899272 -11.521712
v -1.115717 9.200345 -11.796917
v -0.591793 8.937524 -11.421269
v -1.140766 9.275623 -11.724360
v -0.915481 10.029835 -11.553585
v -1.013501 10.137020 -13.049966
v -0.999085 10.236925 -12.979347
v -0.997576 10.298993 -12.915232
v -1.008377 10.351226 -12.843364
v -1.031138 10.391660 -12.766395
v -1.065017 10.418701 -12.687192
v -1.108780 10.431250 -12.608766
v -1.160781 10.428739 -12.534101
v -1.648389 9.837639 -12.449203
v -1.634673 9.908021 -12.393378
v -1.607756 9.982552 -12.347996
v -1.570619 10.060555 -12.319022
v -1.523859 10.137814 -12.305436
v -1.469295 10.210958 -12.308043
v -1.409142 10.277276 -12.326470
v -1.345791 10.334175 -12.359920
v -1.281623 10.379504 -12.406952
v -1.219187 10.411427 -12.465793
v -1.586704 9.654612 -12.705106
v -1.116929 9.343121 -12.768279
v -1.038313 9.386751 -12.856716
v -1.381862 9.381392 -12.387288
v -1.331647 9.341808 -12.487003
v -0.867867 9.522065 -12.969141
v -0.784801 9.607370 -12.992208
v -1.199849 9.325571 -12.691571
v -1.415459 9.437981 -12.286538
v -0.717186 9.715710 -13.006078
v -1.269628 9.322390 -12.588781
v -1.431802 9.509821 -12.190484
v -0.651199 9.820306 -12.989566
v -1.433090 9.596745 -12.107396
v -0.607466 9.930238 -12.958560
v -1.417992 9.693282 -12.039886
v -1.388903 9.796444 -11.991560
v -0.569438 10.045620 -12.893409
v -1.342582 9.901373 -11.957984
v -0.559436 10.158829 -12.807479
v -1.281101 10.003134 -11.940546
v -0.567121 10.240929 -12.720765
v -1.209968 10.100841 -11.945039
v -0.590262 10.307598 -12.623996
v -1.131309 10.189972 -11.970788
v -0.628810 10.357363 -12.521298
v -1.047586 10.266623 -12.015906
v -0.681399 10.388284 -12.416659
v -0.962033 10.327868 -12.078844
v -0.746358 10.398933 -12.315057
v -0.949541 9.443845 -12.917001
v -0.843515 10.381407 -12.181720
v -1.634948 10.300975 -12.644049
v -1.708539 9.897081 -12.997975
v -1.791056 9.964545 -12.794436
v -1.406539 10.159521 -13.154905
v -1.787327 10.044621 -12.709668
v -1.372133 10.237761 -13.112041
v -1.763782 10.109447 -12.664210
v -1.362566 10.283924 -13.074937
v -1.739843 10.159429 -12.644003
v -1.361402 10.324784 -13.031089
v -1.709601 10.209322 -12.633647
v -1.368688 10.358769 -12.982261
v -1.674196 10.257147 -12.633669
v -1.384032 10.384612 -12.930301
v -1.406849 10.401326 -12.877258
v -1.593397 10.339073 -12.664456
v -1.436205 10.408278 -12.825147
v -1.551128 10.369899 -12.694072
v -1.470964 10.405208 -12.776012
v -1.549957 9.975607 -13.147161
v -1.509779 10.392241 -12.731747
v -1.633821 9.918868 -13.086109
v -1.763509 9.912991 -12.895677
v -1.469836 10.059996 -13.171606
v 2.556364 15.162611 0.971508
v 2.561131 15.345036 0.999579
v 2.530571 15.526839 1.018337
v 2.465480 15.700516 1.027134
v 2.368371 15.859406 1.025626
v 2.242971 15.997389 1.013864
v 2.094089 16.109159 0.992308
v 1.927431 16.190390 0.961793
v 1.749389 16.237949 0.923497
v 0.798917 14.930584 0.491666
v 0.733828 15.104254 0.500365
v 0.702444 15.284880 0.518830
v 0.707314 15.467438 0.546722
v 0.747987 15.644527 0.582851
v 0.822635 15.808966 0.625769
v 0.928398 15.954451 0.673820
v 1.061209 16.075384 0.725151
v 1.215960 16.167112 0.777779
v 1.386677 16.226072 0.829692
v 1.566800 16.249998 0.878893
v 4.245365 15.384348 -1.738735
v 4.687820 15.019342 -3.995205
v 4.788392 13.822886 -6.155110
v 0.774695 14.514866 -5.877318
v 4.700911 14.147122 -6.388146
v 0.434584 13.026338 -6.733367
v -0.062582 11.308116 -7.879826
vn 0.5652 -0.4314 0.7032
vn 0.3254 -0.4859 0.8112
vn 0.4959 -0.5589 0.6646
vn 0.6181 -0.2680 0.7390
vn 0.3786 -0.3771 0.8452
vn 0.4999 -0.5476 0.6710
vn 0.2515 -0.5810 0.7741
vn 0.3958 -0.6730 0.6248
vn 0.3990 -0.6678 0.6284
vn 0.1596 -0.6583 0.7356
vn 0.2770 -0.7641 0.5826
vn 0.2676 -0.7737 0.5742
vn 0.0539 -0.7145 0.6976
vn -0.0658 -0.7482 0.6602
vn -0.1855 -0.7558 0.6279
vn -0.3147 -0.7369 0.5982
vn -0.4292 -0.6952 0.5766
vn -0.5355 -0.6305 0.5619
vn -0.6320 -0.5418 0.5541
vn -0.6606 -0.5053 0.5552
vn 0.7516 -0.5404 0.3784
vn -0.8039 -0.5093 -0.3072
vn -0.9973 0.0120 0.0725
vn -0.9726 0.2254 -0.0577
vn -0.7117 0.6744 0.1967
vn -0.5393 0.8395 0.0664
vn -0.7076 -0.6715 -0.2200
vn -0.9823 -0.1812 0.0474
vn -0.9965 0.0106 -0.0834
vn -0.8289 0.5363 0.1590
vn -0.6797 0.7329 0.0299
vn 0.3631 -0.9219 0.1351
vn -0.9316 -0.3633 0.0112
vn -0.9587 -0.2403 -0.1520
vn 0.8579 0.1134 0.5012
vn -0.9180 0.3758 0.1264
vn -0.8074 0.5900 -0.0042
vn -0.9687 -0.2432 -0.0495
vn -0.9751 0.1991 0.0978
vn -0.9075 0.4187 -0.0333
vn -0.7759 0.5705 -0.2692
vn 0.6627 -0.6576 0.3584
vn -0.8721 -0.4880 -0.0363
vn -0.8078 -0.5888 0.0279
vn 0.4274 -0.8551 0.2935
vn -0.6836 -0.7297 -0.0108
vn 0.2056 -0.9598 0.1911
vn 0.3031 -0.8875 0.3470
vn -0.0350 -0.9628 0.2678
vn -0.0654 -0.9918 0.1098
vn -0.3903 -0.9207 -0.0051
vn -0.3817 -0.9242 -0.0153
vn 0.9725 -0.0198 0.2320
vn 0.9297 -0.0157 0.3680
vn 0.9663 0.1877 0.1765
vn 0.8684 0.3129 0.3846
vn -0.9946 0.0773 -0.0696
vn -0.8177 0.4577 -0.3492
vn 0.9926 -0.0363 0.1155
vn -0.6345 0.6949 -0.3386
vn -0.3116 -0.8054 0.5043
vn -0.5473 -0.7107 0.4421
vn -0.6358 -0.6656 0.3909
vn -0.4829 -0.7364 0.4738
vn -0.8645 -0.4186 0.2782
vn 0.9794 0.1927 0.0601
vn -0.4701 0.7912 -0.3912
vn 0.9674 0.2422 -0.0734
vn -0.2913 0.8565 -0.4260
vn -0.9491 -0.2643 0.1712
vn 0.8896 0.4194 -0.1808
vn -0.1060 0.8900 -0.4435
vn 0.8029 0.5387 -0.2553
vn 0.5081 -0.7159 0.4788
vn 0.3605 -0.7795 0.5123
vn -0.9997 0.0228 -0.0021
vn -0.9938 -0.0593 0.0940
vn 0.5653 -0.6860 0.4581
vn 0.6766 0.6600 -0.3264
vn 0.5254 0.7593 -0.3839
vn 0.7761 -0.5074 0.3743
vn -0.9615 0.2555 -0.1009
vn -0.8889 0.4199 -0.1832
vn 0.3570 0.8315 -0.4257
vn 0.1674 0.8754 -0.4534
vn 0.9399 -0.2260 0.2561
vn -0.5682 0.6630 -0.4875
vn 0.9970 -0.0626 0.0454
vn -0.9774 0.1838 -0.1044
vn 0.9859 0.1478 -0.0790
vn -0.9091 0.3728 -0.1861
vn 0.9385 0.2998 -0.1713
vn -0.8615 0.4630 -0.2085
vn 0.8186 0.3639 -0.4443
vn -0.7477 0.5874 -0.3098
vn 0.6983 0.4932 -0.5188
vn -0.6021 0.6889 -0.4035
vn 0.5531 0.6050 -0.5727
vn -0.4331 0.7613 -0.4827
vn 0.3868 0.6949 -0.6062
vn -0.2488 0.8016 -0.5437
vn 0.2046 0.7589 -0.6182
vn -0.0592 0.8079 -0.5863
vn 0.0058 0.7934 -0.6087
vn 0.6754 -0.6041 0.4229
vn -0.2340 -0.8008 0.5513
vn -0.8639 -0.4170 0.2826
vn -0.2853 -0.7873 0.5466
vn -0.9366 -0.2607 0.2342
vn -0.6003 -0.6629 0.4474
vn -0.9581 -0.2207 0.1828
vn 0.3691 0.5233 -0.7681
vn -0.4033 0.6970 -0.5929
vn 0.1929 0.6040 -0.7733
vn 0.3542 -0.7628 0.5410
vn 0.3452 -0.7799 0.5221
vn -0.2291 0.7028 -0.6735
vn 0.0113 0.6592 -0.7519
vn 0.5132 -0.7424 0.4306
vn 0.5013 -0.7646 0.4050
vn 0.1778 -0.7549 0.6313
vn 0.1715 -0.7653 0.6204
vn -0.4589 -0.5138 0.7249
vn 0.6514 -0.6945 0.3056
vn 0.6339 -0.7250 0.2693
vn -0.1829 -0.6735 0.7162
vn -0.6987 -0.3211 0.6393
vn 0.7676 -0.6186 0.1675
vn 0.7481 -0.6511 0.1281
vn -0.2128 -0.6669 0.7141
vn -0.7656 -0.2403 0.5967
vn 0.8541 -0.5196 0.0234
vn 0.8263 -0.5625 -0.0290
vn -0.3761 -0.5823 0.7208
vn -0.8817 -0.0757 0.4658
vn 0.9069 -0.4042 -0.1190
vn 0.8706 -0.4571 -0.1822
vn -0.9428 0.0599 0.3281
vn 0.9268 -0.2738 -0.2570
vn 0.8810 -0.3378 -0.3314
vn 0.9162 -0.1256 -0.3805
vn 0.8570 -0.2074 -0.4718
vn -0.9556 0.2796 0.0924
vn 0.8701 0.0136 -0.4928
vn -0.9089 0.4102 -0.0750
vn 0.7854 0.1633 -0.5971
vn -0.8267 0.5165 -0.2231
vn 0.6707 0.2991 -0.6787
vn -0.7115 0.6020 -0.3625
vn 0.5304 0.4204 -0.7361
vn -0.9637 0.2138 0.1596
vn -0.5442 -0.7300 0.4134
vn 0.5158 -0.8098 0.2797
vn -0.5671 -0.4744 0.6733
vn 0.7598 -0.6479 -0.0536
vn 0.7488 -0.5248 -0.4048
vn -0.4050 -0.8347 0.3731
vn -0.8341 -0.3691 0.4100
vn -0.7672 -0.4828 0.4223
vn 0.8235 -0.5383 -0.1790
vn -0.3485 -0.8774 0.3297
vn -0.8556 -0.1739 0.4877
vn 0.8352 -0.4334 -0.3386
vn -0.9210 -0.0538 0.3857
vn -0.9627 0.0133 0.2702
vn 0.8290 -0.3063 -0.4680
vn -0.9641 0.0702 0.2562
vn 0.7789 -0.1767 -0.6018
vn 0.7626 -0.2093 -0.6120
vn 0.7048 -0.0154 -0.7092
vn 0.6058 0.1442 -0.7824
vn 0.4746 0.2838 -0.8332
vn 0.3223 0.3983 -0.8588
vn 0.1600 0.4851 -0.8597
vn -0.0021 0.5445 -0.8388
vn -0.1766 0.5907 -0.7873
vn -0.8333 0.5520 -0.0316
vn -0.7409 0.6610 -0.1188
vn -0.6359 0.7448 -0.2022
vn -0.4854 0.8177 -0.3095
vn -0.1467 0.8452 -0.5140
vn -0.2763 0.8453 -0.4573
vn -0.5519 0.7965 -0.2470
vn 0.3142 -0.9384 -0.1437
vn -0.4897 -0.8317 0.2615
vn 0.4501 -0.8625 -0.2314
vn -0.6698 -0.6098 0.4237
vn -0.5912 -0.7483 0.3009
vn 0.6175 -0.7225 -0.3111
vn -0.1299 -0.9804 0.1483
vn 0.7205 -0.5907 -0.3634
vn 0.7353 -0.4247 -0.5282
vn 0.7551 -0.1808 -0.6302
vn -0.9697 0.1629 0.1821
vn 0.7443 -0.0650 -0.6647
vn -0.7747 0.6252 -0.0949
vn -0.9943 0.0933 0.0516
vn -0.2045 -0.8510 -0.4838
vn 0.2971 -0.9414 -0.1597
vn -0.0094 -0.9884 -0.1516
vn -0.3553 0.9293 -0.1005
vn 0.3823 -0.8987 -0.2150
vn 0.2072 -0.9080 -0.3641
vn 0.1131 -0.9903 -0.0805
vn -0.5175 -0.8098 0.2765
vn -0.4897 -0.8617 0.1328
vn 0.3862 -0.8893 -0.2450
vn 0.3243 -0.8207 -0.4704
vn 0.1596 -0.9842 -0.0772
vn -0.7466 -0.5842 0.3184
vn -0.6508 -0.7233 0.2308
vn -0.1869 -0.9732 0.1342
vn -0.1647 -0.9835 -0.0746
vn 0.4473 -0.7663 -0.4612
vn -0.3386 -0.9175 0.2085
vn -0.3276 -0.9442 0.0336
vn -0.8898 -0.2526 0.3802
vn 0.5320 -0.6228 -0.5736
vn -0.9218 -0.0202 0.3871
vn 0.6738 -0.1750 -0.7179
vn -0.9143 0.1783 0.3636
vn 0.6795 0.0975 -0.7271
vn 0.5817 0.5229 -0.6230
vn -0.7541 -0.5760 -0.3156
vn -0.2435 -0.8546 -0.4587
vn 0.2618 -0.0128 -0.9650
vn 0.3173 0.1384 -0.9382
vn -0.8787 -0.1736 0.4447
vn 0.3752 0.3589 -0.8546
vn -0.8614 0.0050 0.5079
vn 0.5415 0.2799 -0.7927
vn 0.3777 0.4975 -0.7809
vn -0.8175 0.1865 0.5450
vn 0.5148 0.4746 -0.7140
vn 0.3883 0.5351 -0.7502
vn 0.3719 0.6625 -0.6502
vn -0.7484 0.3563 0.5595
vn 0.4579 0.7052 -0.5413
vn 0.3732 0.6900 -0.6202
vn 0.3402 0.7842 -0.5189
vn 0.3927 0.8292 -0.3978
vn 0.3358 0.8113 -0.4786
vn 0.2894 0.8800 -0.3767
vn 0.3086 0.9182 -0.2483
vn 0.2790 0.9011 -0.3319
vn 0.2205 0.9480 -0.2293
vn 0.2134 0.9712 -0.1064
vn 0.2043 0.9619 -0.1816
vn 0.1361 0.9873 -0.0820
vn 0.1448 0.9887 -0.0395
vn 0.1139 0.9930 -0.0313
vn 0.0395 0.9974 0.0610
vn 0.0017 0.9913 0.1316
vn -0.0665 0.9793 0.1913
vn -0.9653 -0.1673 0.2005
vn 0.2592 0.3739 -0.8905
vn 0.2629 0.2641 -0.9280
vn 0.1276 0.4328 -0.8924
vn -0.9378 0.1095 0.3296
vn 0.1273 0.6052 -0.7858
vn -0.8878 0.2765 0.3680
vn 0.1066 0.7260 -0.6794
vn -0.8246 0.4214 0.3775
vn 0.0684 0.8236 -0.5631
vn -0.7487 0.5544 0.3635
vn 0.0154 0.8971 -0.4416
vn -0.6638 0.6721 0.3280
vn -0.0496 0.9463 -0.3195
vn -0.5735 0.7721 0.2738
vn -0.1245 0.9719 -0.1998
vn -0.4802 0.8534 0.2029
vn -0.2069 0.9746 -0.0854
vn -0.2331 -0.5317 -0.8143
vn -0.2808 -0.6058 -0.7444
vn -0.3039 -0.4528 -0.8382
vn -0.3867 0.9146 0.1180
vn -0.2949 0.9553 0.0212
vn -0.8136 -0.5806 -0.0324
vn -0.0036 -0.2750 -0.9614
vn -0.0442 -0.3836 -0.9224
vn -0.0900 -0.1973 -0.9762
vn -0.4789 -0.6669 -0.5709
vn -0.5171 -0.6976 -0.4960
vn -0.5399 -0.5874 -0.6029
vn -0.8556 -0.5168 0.0304
vn -0.8822 -0.4498 0.1389
vn -0.9052 -0.4239 -0.0305
vn 0.1692 0.0575 -0.9839
vn 0.1490 -0.0732 -0.9861
vn 0.0629 0.1261 -0.9900
vn 0.6311 -0.0210 0.7754
vn 0.4179 -0.2603 0.8704
vn 0.6236 -0.2913 0.7255
vn 0.6034 0.1477 0.7836
vn 0.4214 -0.0902 0.9024
vn 0.6399 -0.2038 0.7409
vn 0.5430 0.3091 0.7808
vn 0.3971 0.0317 0.9172
vn 0.6501 -0.0530 0.7580
vn 0.4529 0.4537 0.7675
vn 0.3509 0.1468 0.9248
vn 0.6340 0.0978 0.7671
vn 0.3377 0.5755 0.7448
vn 0.2848 0.2507 0.9252
vn 0.5916 0.2439 0.7684
vn 0.2029 0.6695 0.7146
vn 0.2017 0.3400 0.9186
vn 0.5238 0.3804 0.7622
vn 0.0546 0.7328 0.6783
vn 0.1047 0.4115 0.9054
vn 0.4322 0.5025 0.7488
vn -0.1006 0.7635 0.6379
vn -0.0025 0.4632 0.8862
vn 0.3194 0.6057 0.7287
vn -0.2560 0.7616 0.5954
vn -0.1162 0.4934 0.8620
vn 0.1888 0.6859 0.7028
vn 0.1409 -0.8386 0.5262
vn 0.0131 -0.8791 0.4764
vn -0.1269 -0.8896 0.4388
vn -0.3118 -0.8657 0.3916
vn -0.4491 -0.8193 0.3565
vn -0.5582 -0.7554 0.3433
vn -0.7029 -0.6286 0.3328
vn -0.8114 -0.4762 0.3388
vn -0.7445 -0.3777 0.5506
vn -0.6818 -0.6625 0.3102
vn -0.9038 -0.2651 0.3360
vn -0.8513 -0.4177 0.3175
vn -0.7850 -0.2619 0.5615
vn -0.9300 -0.0877 0.3570
vn -0.9062 -0.2720 0.3238
vn -0.8032 -0.1361 0.5799
vn -0.9201 0.0881 0.3817
vn -0.9346 -0.1140 0.3370
vn -0.7970 -0.0102 0.6039
vn -0.8750 0.2558 0.4110
vn -0.9341 0.0423 0.3544
vn -0.7673 0.1086 0.6321
vn -0.7978 0.4076 0.4443
vn -0.9058 0.1938 0.3767
vn -0.7157 0.2174 0.6637
vn -0.6923 0.5381 0.4809
vn -0.8506 0.3366 0.4039
vn -0.6447 0.3124 0.6977
vn -0.5642 0.6415 0.5197
vn -0.7702 0.4658 0.4356
vn -0.5573 0.3904 0.7328
vn -0.4194 0.7148 0.5596
vn -0.6669 0.5769 0.4716
vn -0.4569 0.4489 0.7679
vn -0.2653 0.7558 0.5987
vn 0.7231 -0.4274 0.5427
vn 0.8022 -0.4067 0.4372
vn -0.5443 0.6655 0.5107
vn -0.3474 0.4862 0.8018
vn -0.1086 0.7635 0.6366
vn -0.4059 0.7281 0.5524
vn -0.2325 0.5011 0.8335
vn 0.0445 0.7394 0.6718
vn -0.1078 -0.9895 0.0965
vn 0.0882 -0.9752 0.2031
vn -0.5075 0.8218 0.2589
vn -0.4711 0.8780 0.0846
vn -0.3483 0.8852 0.3085
vn -0.8500 -0.5259 -0.0319
vn 0.3086 0.8241 0.4750
vn -0.8206 -0.4861 -0.3005
vn 0.3892 0.8609 0.3277
vn 0.4799 0.7091 0.5167
vn 0.6430 -0.5898 0.4887
vn 0.6992 -0.6230 0.3507
vn -0.9663 0.2332 0.1086
vn 0.7955 0.1261 0.5926
vn -0.9910 0.0964 -0.0929
vn 0.8803 0.1516 0.4495
vn 0.8099 -0.1000 0.5780
vn -0.1701 -0.9818 0.0844
vn -0.5340 0.8056 0.2566
vn -0.7374 -0.6754 -0.0039
vn -0.6124 0.7899 0.0328
vn 0.4545 0.7293 0.5114
vn -0.8701 -0.4590 -0.1798
vn 0.5418 0.7582 0.3628
vn 0.6047 0.5810 0.5448
vn 0.5261 -0.7325 0.4320
vn 0.6004 -0.7516 0.2730
vn -0.9967 0.0308 0.0756
vn 0.8053 -0.0577 0.5900
vn -0.9530 -0.2641 -0.1485
vn 0.8871 -0.0181 0.4613
vn 0.7796 -0.2785 0.5609
vn -0.4205 -0.9054 0.0579
vn -0.3084 -0.9485 0.0730
vn -0.6748 0.7059 0.2153
vn -0.5160 -0.8562 0.0241
vn -0.7455 0.6665 -0.0037
vn -0.5379 -0.8429 0.0174
vn 0.5788 0.6092 0.5421
vn -0.5006 -0.8657 -0.0056
vn 0.6654 0.6360 0.3909
vn 0.7032 0.4298 0.5664
vn 0.3471 -0.8775 0.3308
vn 0.2616 -0.9233 0.2812
vn -0.0184 0.9206 0.3901
vn 0.0445 0.9700 0.2391
vn 0.1726 0.8799 0.4426
vn -0.1903 0.9195 0.3441
vn -0.1265 0.9731 0.1928
vn 0.0010 0.9167 0.3996
vn -0.9798 -0.1970 0.0341
vn 0.7817 -0.2323 0.5788
vn -0.6035 -0.7520 -0.2650
vn 0.8660 -0.2260 0.4460
vn 0.7195 -0.4491 0.5298
vn -0.7997 0.5737 0.1769
vn 0.6799 0.4651 0.5670
vn -0.8593 0.5101 -0.0361
vn 0.7655 0.4912 0.4156
vn 0.7715 0.2613 0.5802
vn -0.3581 0.8846 0.2986
vn 0.1688 -0.9574 0.2345
vn 0.0998 -0.9718 0.2137
vn -0.3068 0.9412 0.1416
vn -0.1745 0.9188 0.3541
vn -0.9103 -0.4135 -0.0187
vn -0.7457 -0.5737 -0.3389
vn 0.1489 0.8885 0.4340
vn -0.8660 -0.3582 -0.3489
vn 0.2225 0.9319 0.2866
vn 0.3340 0.8099 0.4822
vn -0.9237 -0.3662 0.1124
vn 0.7539 0.3005 0.5842
vn 0.2769 -0.8834 0.3780
vn 0.8393 0.3255 0.4354
vn 0.8075 0.0822 0.5841
vn -0.8995 0.4136 0.1410
vn -0.7668 0.5878 -0.2578
vn -0.9441 0.3234 -0.0645
vn 0.7180 -0.5925 0.3652
vn -0.7198 0.6180 -0.3160
vn 0.6010 -0.7170 0.3531
vn -0.7722 -0.6336 0.0476
vn -0.7503 -0.6522 -0.1081
vn 0.5522 -0.7360 0.3917
vn -0.0925 0.9956 0.0136
vn -0.4779 -0.8751 0.0763
vn -0.0868 0.9646 -0.2492
vn 0.3521 -0.9075 0.2292
vn 0.5002 -0.8138 0.2959
vn 0.3634 -0.8600 0.3583
vn 0.0843 0.9952 0.0488
vn 0.1035 0.9666 -0.2346
vn -0.2856 0.9582 -0.0185
vn -0.2787 0.9287 -0.2446
vn 0.1806 -0.9272 0.3282
vn 0.1777 -0.9680 0.1774
vn 0.2723 0.9575 0.0950
vn 0.2983 0.9339 -0.1973
vn 0.0796 -0.9848 0.1543
vn 0.0467 -0.9541 0.2959
vn -0.1906 -0.9788 0.0753
vn 0.4465 0.8832 0.1435
vn 0.4797 0.8661 -0.1407
vn -0.4681 0.8825 -0.0451
vn -0.4543 0.8609 -0.2289
vn -0.1330 -0.9587 0.2515
vn -0.1497 -0.9842 0.0948
vn -0.2095 -0.9525 0.2211
vn 0.6016 0.7748 0.1943
vn 0.6375 0.7675 -0.0669
vn -0.6083 0.7909 -0.0671
vn -0.6100 0.7643 -0.2092
vn -0.3003 -0.9537 0.0164
vn -0.3226 -0.9262 0.1949
vn -0.5156 -0.8524 0.0870
vn 0.7188 0.6524 0.2400
vn 0.7582 0.6519 0.0096
vn -0.7439 0.6616 -0.0940
vn -0.7499 0.6341 -0.1883
vn -0.4952 -0.8678 -0.0426
vn -0.5089 -0.8564 0.0871
vn 0.8125 0.5107 0.2810
vn 0.8532 0.5151 0.0825
vn -0.8587 0.4986 -0.1189
vn -0.8662 0.4720 -0.1642
vn 0.8813 0.3505 0.3171
vn 0.9214 0.3588 0.1494
vn -0.9431 0.3008 -0.1416
vn -0.9519 0.2755 -0.1343
vn 0.9127 0.2099 0.3505
vn 0.9557 0.2211 0.1942
vn -0.9830 0.0016 -0.1834
vn -0.9954 0.0707 -0.0650
vn 0.9294 0.0147 0.3688
vn 0.9730 -0.0060 0.2309
vn -0.9568 -0.2161 -0.1946
vn 0.9083 -0.1584 0.3872
vn -0.9979 -0.0646 -0.0089
vn -0.9746 -0.2166 0.0572
vn 0.8604 -0.3871 0.3313
vn 0.8432 -0.4183 0.3376
vn -0.6562 -0.7484 -0.0960
vn -0.8432 -0.5100 -0.1700
vn 0.7540 -0.5470 0.3636
vn 0.9736 -0.1862 0.1320
vn 0.9740 -0.2247 0.0291
vn 0.9343 -0.2900 0.2075
vn -0.2304 -0.8236 0.5183
vn -0.0695 -0.8417 0.5354
vn -0.6243 0.7155 -0.3135
vn 0.9315 -0.2513 0.2629
vn 0.9954 0.0080 0.0952
vn -0.3463 -0.7918 0.5030
vn -0.5674 0.7315 -0.3782
vn -0.7862 -0.5295 0.3187
vn -0.6788 -0.6325 0.3732
vn -0.4754 -0.7403 0.4754
vn -0.6007 -0.6775 0.4245
vn -0.8083 -0.4987 0.3129
vn 0.9818 0.1785 0.0654
vn 0.9968 0.0561 0.0569
vn -0.4606 0.8134 -0.3554
vn 0.9897 0.1428 0.0053
vn 0.9393 0.3425 -0.0181
vn -0.3942 0.8157 -0.4234
vn -0.2830 0.8796 -0.3823
vn 0.9408 0.3232 -0.1025
vn 0.2502 -0.8102 0.5301
vn -0.2086 0.8680 -0.4507
vn 0.1659 -0.8282 0.5352
vn -0.9623 -0.2399 0.1281
vn -0.8348 -0.4891 0.2529
vn 0.8615 0.4960 -0.1081
vn -0.0958 0.9139 -0.3945
vn 0.8585 0.4727 -0.1990
vn 0.7533 0.6297 -0.1899
vn -0.0134 0.8868 -0.4619
vn -0.9952 0.0972 -0.0091
vn 0.7475 0.6043 -0.2757
vn 0.4547 -0.7343 0.5041
vn -0.9809 -0.1386 0.1367
vn 0.4761 -0.7340 0.4844
vn 0.6051 -0.6570 0.4497
vn -0.9954 0.0918 -0.0264
vn -0.9766 0.2000 -0.0793
vn 0.6163 0.7426 -0.2620
vn 0.4562 0.8301 -0.3207
vn 0.6071 0.7175 -0.3414
vn 0.6869 -0.5940 0.4186
vn 0.4470 0.8043 -0.3916
vn -0.9594 0.2596 -0.1101
vn 0.7989 -0.4779 0.3651
vn -0.8815 0.4324 -0.1895
vn -0.9460 0.2940 -0.1363
vn 0.8366 -0.4288 0.3410
vn 0.2809 0.8887 -0.3623
vn -0.8455 0.4782 -0.2378
vn 0.0924 -0.8406 0.5336
vn 0.2731 0.8627 -0.4256
vn -0.0177 -0.8444 0.5355
vn 0.0914 0.9170 -0.3883
vn 0.9562 -0.1742 0.2352
vn 0.0857 0.8909 -0.4460
vn -0.5696 0.5352 -0.6238
vn -0.5136 0.6660 -0.5409
vn -0.9879 -0.1333 0.0790
vn -0.9878 -0.1262 0.0911
vn 0.9919 -0.0930 -0.0865
vn 0.9866 -0.1284 0.1011
vn -0.9996 -0.0039 -0.0266
vn -0.9999 0.0001 0.0157
vn 0.5745 -0.4100 0.7084
vn 0.9983 0.0566 -0.0140
vn 0.9718 0.0758 -0.2233
vn 0.9897 -0.0280 -0.1407
vn -0.9325 0.2972 -0.2053
vn -0.9613 0.2301 -0.1517
vn -0.9808 0.1726 -0.0910
vn 0.9681 0.2220 -0.1159
vn 0.9185 0.2232 -0.3263
vn 0.9567 0.1349 -0.2580
vn -0.8606 0.4205 -0.2874
vn 0.9003 0.3855 -0.2022
vn -0.9273 0.3458 -0.1435
vn -0.7393 0.5748 -0.3508
vn 0.9127 0.2324 -0.3361
vn 0.8000 0.5327 -0.2761
vn -0.8353 0.4887 -0.2518
vn -0.5856 0.7039 -0.4020
vn 0.7836 0.4175 -0.4601
vn 0.6726 0.6547 -0.3449
vn -0.7088 0.6099 -0.3544
vn -0.4089 0.7997 -0.4397
vn 0.6499 0.5456 -0.5291
vn 0.5219 0.7535 -0.3998
vn -0.5529 0.7044 -0.4451
vn -0.2192 0.8590 -0.4628
vn 0.4958 0.6503 -0.5755
vn 0.3533 0.8260 -0.4392
vn -0.3751 0.7678 -0.5194
vn 0.2885 -0.7853 0.5478
vn 0.3240 0.7309 -0.6007
vn 0.3637 -0.7642 0.5327
vn -0.0183 0.8814 -0.4720
vn 0.1608 0.8706 -0.4649
vn -0.1810 0.7974 -0.5757
vn 0.5157 -0.6953 0.5006
vn 0.1400 0.7842 -0.6046
vn 0.5427 -0.7008 0.4630
vn 0.4585 -0.7198 0.5212
vn 0.1266 -0.8113 0.5707
vn 0.1713 -0.7955 0.5813
vn -0.6546 -0.6294 0.4189
vn -0.6038 -0.6444 0.4692
vn 0.6969 -0.6125 0.3730
vn 0.5644 -0.6650 0.4891
vn -0.0289 -0.8261 0.5628
vn -0.0303 -0.8043 0.5934
vn -0.6833 -0.6093 0.4023
vn -0.7056 -0.5731 0.4167
vn 0.8103 -0.4779 0.3390
vn 0.8256 -0.4978 0.2656
vn 0.7031 -0.5775 0.4150
vn -0.2324 -0.7872 0.5713
vn -0.2445 -0.8004 0.5473
vn -0.9023 -0.3474 0.2553
vn -0.8533 -0.4318 0.2923
vn 0.9002 -0.3568 0.2497
vn 0.9166 -0.3701 0.1514
vn 0.8417 -0.4364 0.3180
vn -0.4542 -0.7457 0.4875
vn -0.4202 -0.7368 0.5297
vn -0.9072 -0.3225 0.2702
vn -0.9264 -0.3118 0.2110
vn 0.5864 -0.7716 0.2464
vn 0.4613 -0.8746 -0.1491
vn 0.3680 -0.9259 -0.0854
vn 0.2507 0.3697 -0.8947
vn 0.3253 0.5578 -0.7635
vn -0.4191 0.5404 -0.7296
vn -0.3444 0.6901 -0.6365
vn 0.0794 0.4384 -0.8953
vn 0.1477 0.6313 -0.7614
vn -0.2456 0.5187 -0.8189
vn 0.3939 -0.7534 0.5265
vn 0.4405 -0.7817 0.4414
vn -0.1669 0.6858 -0.7084
vn -0.0958 0.4879 -0.8676
vn -0.0340 0.6787 -0.7336
vn -0.4798 -0.4817 0.7333
vn 0.5532 -0.7254 0.4096
vn 0.5904 -0.7474 0.3045
vn 0.2209 -0.7515 0.6216
vn 0.2888 -0.7861 0.5466
vn 0.0898 -0.7165 0.6918
vn -0.4762 -0.5056 0.7194
vn 0.6924 -0.6666 0.2761
vn 0.6805 -0.7048 0.2005
vn 0.2923 -0.7532 0.5893
vn -0.6325 -0.3700 0.6804
vn -0.1507 -0.6393 0.7541
vn -0.6197 -0.3725 0.6908
vn 0.8026 -0.5815 0.1331
vn 0.7972 -0.6035 0.0169
vn -0.7608 -0.2483 0.5996
vn -0.1771 -0.6765 0.7148
vn -0.3142 -0.5746 0.7557
vn -0.7513 -0.2522 0.6099
vn 0.8796 -0.4755 -0.0129
vn 0.8513 -0.5076 -0.1327
vn -0.8611 -0.1195 0.4942
vn -0.3181 -0.6042 0.7305
vn -0.9305 0.0132 0.3661
vn -0.8476 -0.1125 0.5185
vn 0.9231 -0.3502 -0.1586
vn 0.8744 -0.3941 -0.2831
vn -0.9620 0.1452 0.2314
vn -0.9196 0.0219 0.3922
vn 0.9314 -0.1880 -0.3118
vn 0.8641 -0.2712 -0.4240
vn -0.9655 0.1994 0.1676
vn -0.9661 0.2164 0.1408
vn -0.9505 0.3108 -0.0019
vn -0.9559 0.1341 0.2611
vn 0.9081 -0.0661 -0.4135
vn 0.8189 -0.1376 -0.5571
vn -0.9447 0.3279 -0.0033
vn 0.7875 -0.0698 -0.6124
vn 0.8499 0.0765 -0.5214
vn -0.8999 0.3989 -0.1761
vn -0.8843 0.4421 -0.1502
vn 0.6909 0.0564 -0.7208
vn 0.7576 0.2163 -0.6158
vn -0.8161 0.4655 -0.3425
vn -0.7894 0.5395 -0.2929
vn 0.5640 0.1765 -0.8067
vn 0.6351 0.3474 -0.6899
vn -0.7040 0.5107 -0.4935
vn -0.6641 0.6152 -0.4250
vn 0.4149 0.2819 -0.8651
vn 0.4898 0.4621 -0.7393
vn 0.2100 -0.8511 0.4812
vn -0.8749 0.4837 0.0254
vn 0.1506 -0.9661 0.2095
vn -0.4168 -0.5706 0.7076
vn 0.6749 -0.7243 0.1414
vn -0.1616 -0.8900 0.4265
vn 0.5006 -0.8457 -0.1849
vn 0.6064 -0.7487 -0.2677
vn -0.3272 -0.6787 0.6575
vn 0.4790 -0.8716 0.1041
vn -0.6773 -0.3635 0.6396
vn -0.1488 -0.7357 0.6607
vn -0.7483 -0.5081 0.4264
vn 0.8381 -0.5178 -0.1717
vn -0.2100 -0.9331 0.2921
vn -0.7815 -0.2556 0.5691
vn 0.6618 -0.6895 -0.2942
vn 0.7767 -0.6222 -0.0981
vn -0.3592 -0.6230 0.6949
vn 0.7175 -0.5757 -0.3921
vn -0.5174 -0.7575 0.3981
vn 0.7507 -0.5158 -0.4128
vn -0.8936 -0.0936 0.4390
vn -0.9000 -0.1746 0.3993
vn 0.8408 -0.4014 -0.3633
vn -0.9306 -0.0918 0.3543
vn -0.9515 0.0427 0.3045
vn 0.7881 -0.3655 -0.4953
vn 0.8284 -0.3678 -0.4225
vn -0.9767 0.1602 0.1426
vn 0.7613 -0.1775 -0.6237
vn -0.9752 0.2176 0.0410
vn -0.9644 0.2601 -0.0468
vn -0.9687 0.0623 0.2404
vn 0.7833 -0.1957 -0.5901
vn 0.7176 -0.0756 -0.6923
vn -0.9479 0.2925 -0.1261
vn 0.7024 -0.0666 -0.7086
vn -0.9143 0.3346 -0.2282
vn 0.6003 0.1575 -0.7841
vn -0.9057 0.3368 -0.2576
vn 0.5836 0.0481 -0.8106
vn -0.8333 0.3843 -0.3974
vn 0.4605 0.3071 -0.8328
vn -0.8178 0.3928 -0.4207
vn 0.4272 0.1494 -0.8917
vn -0.7304 0.4111 -0.5455
vn 0.3014 0.4244 -0.8539
vn -0.7223 0.4172 -0.5515
vn 0.2562 0.2263 -0.9397
vn -0.6128 0.4205 -0.6691
vn 0.1370 0.5075 -0.8507
vn -0.6211 0.4286 -0.6562
vn 0.0844 0.2794 -0.9565
vn -0.4792 0.4137 -0.7741
vn -0.0224 0.5601 -0.8281
vn -0.4964 0.4323 -0.7528
vn -0.0774 0.3130 -0.9466
vn 0.4018 -0.8284 0.3903
vn -0.1722 0.5881 -0.7902
vn 0.3402 -0.9403 -0.0131
vn -0.2483 0.3420 -0.9063
vn -0.2692 0.4402 -0.8566
vn -0.2504 0.3392 -0.9068
vn -0.6134 0.7887 -0.0416
vn -0.6353 0.5811 -0.5086
vn 0.5620 0.4384 -0.7014
vn 0.4204 0.5891 -0.6901
vn -0.7718 0.6301 -0.0852
vn 0.2634 0.7025 -0.6612
vn -0.6613 0.7286 -0.1784
vn 0.1006 0.7792 -0.6187
vn -0.5332 0.8016 -0.2705
vn -0.0247 0.8150 -0.5790
vn -0.3482 0.8539 -0.3868
vn 0.2627 -0.9592 -0.1046
vn 0.2181 -0.9719 -0.0889
vn 0.3997 -0.8939 -0.2030
vn -0.4028 0.8453 -0.3511
vn 0.0946 -0.9955 -0.0023
vn 0.1451 -0.9892 -0.0228
vn -0.0902 -0.9889 0.1183
vn -0.5818 -0.7006 0.4131
vn -0.6028 -0.7388 0.3013
vn 0.4217 -0.8826 -0.2077
vn -0.0413 -0.9961 0.0785
vn -0.1871 -0.9718 0.1437
vn -0.6864 -0.5918 0.4227
vn -0.7269 -0.6044 0.3261
vn 0.6324 -0.7152 -0.2975
vn 0.6200 -0.7192 -0.3135
vn -0.2896 -0.9386 0.1877
vn -0.8109 -0.4930 0.3154
vn 0.6513 -0.6869 -0.3225
vn -0.3534 -0.9110 0.2124
vn -0.4586 -0.8508 0.2565
vn -0.8425 -0.3685 0.3930
vn -0.9363 -0.2418 0.2548
vn 0.7990 -0.4304 -0.4200
vn -0.9451 -0.1277 0.3008
vn -0.9795 -0.1077 0.1704
vn -0.9642 0.0111 0.2651
vn 0.7592 -0.2373 -0.6061
vn 0.8583 -0.1860 -0.4783
vn -0.9929 0.1120 0.0408
vn -0.9330 0.3395 0.1190
vn 0.8454 0.0029 -0.5340
vn 0.7449 -0.0980 -0.6600
vn 0.6864 0.2218 -0.6926
vn -0.8989 0.4380 0.0093
vn 0.0686 0.9217 -0.3818
vn 0.7624 -0.1794 -0.6217
vn 0.6465 0.4829 -0.5906
vn -0.1530 -0.8255 -0.5433
vn -0.3311 -0.6956 -0.6375
vn -0.4798 0.8686 -0.1241
vn -0.0057 0.9315 -0.3637
vn -0.1726 0.9439 -0.2814
vn 0.0947 -0.9933 -0.0666
vn 0.2740 -0.8759 -0.3970
vn 0.0324 -0.9862 -0.1625
vn -0.4789 0.8777 -0.0146
vn 0.3509 -0.9148 -0.1999
vn 0.3577 -0.7971 -0.4866
vn 0.0230 -0.9989 -0.0402
vn 0.5603 -0.6380 -0.5282
vn -0.4842 -0.8320 0.2707
vn -0.5734 -0.7955 0.1961
vn 0.4791 -0.8273 -0.2933
vn 0.4732 -0.6514 -0.5931
vn -0.0478 -0.9988 0.0089
vn 0.0734 -0.9820 -0.1741
vn -0.5909 -0.7482 0.3017
vn -0.7789 -0.5319 0.3323
vn 0.7722 -0.0926 -0.6286
vn -0.2027 -0.9693 0.1392
vn -0.2802 -0.9599 0.0112
vn -0.9108 -0.1778 0.3725
vn 0.6561 -0.3814 -0.6512
vn -0.3289 -0.9216 0.2061
vn -0.4160 -0.9040 0.0987
vn 0.6435 0.3751 -0.6672
vn 0.6752 -0.1675 -0.7184
vn -0.9150 -0.0924 0.3928
vn 0.6797 0.0644 -0.7307
vn -0.9203 0.0724 0.3844
vn 0.6543 0.2524 -0.7129
vn -0.9244 -0.0122 0.3812
vn -0.8900 0.3787 0.2539
vn 0.5171 0.6069 -0.6036
vn -0.9285 0.2295 0.2918
vn -0.7747 0.6262 0.0874
vn 0.3775 0.7560 -0.5347
vn -0.7092 0.7045 0.0272
vn 0.2229 0.8607 -0.4577
vn -0.6933 -0.6697 -0.2660
vn -0.6378 -0.7700 -0.0182
vn 0.3118 -0.4764 -0.8221
vn -0.7935 -0.6085 -0.0117
vn -0.7343 -0.6709 -0.1035
vn -0.7494 -0.6472 0.1394
vn -0.0145 -0.4120 -0.9111
vn 0.0809 -0.3328 -0.9395
vn -0.4953 -0.7210 -0.4846
vn -0.3854 -0.7171 -0.5807
vn 0.4088 -0.3428 -0.8458
vn -0.8587 -0.4829 0.1716
vn -0.8125 -0.5803 0.0550
vn -0.4186 -0.8682 -0.2664
vn 0.1563 -0.2208 -0.9627
vn -0.8183 -0.5173 0.2505
vn -0.5484 -0.7370 -0.3951
vn 0.4523 -0.2447 -0.8576
vn -0.8623 -0.4649 0.2010
vn -0.5177 -0.8414 -0.1550
vn 0.1929 -0.1049 -0.9756
vn -0.6542 -0.7129 -0.2526
vn -0.8625 -0.3553 0.3603
vn -0.8865 -0.3286 0.3258
vn -0.8699 -0.2691 0.4133
vn 0.5091 -0.0454 -0.8595
vn -0.8832 -0.1704 0.4370
vn -0.8661 -0.0675 0.4953
vn 0.5421 0.1879 -0.8190
vn -0.8537 -0.0055 0.5207
vn 0.3240 0.2307 -0.9175
vn -0.8320 0.1135 0.5430
vn -0.7989 0.1669 0.5779
vn -0.7586 0.3208 0.5671
vn -0.7239 0.3330 0.6043
vn 0.5152 0.4889 -0.7040
vn -0.6231 0.5558 0.5504
vn 0.4649 0.6631 -0.5866
vn -0.6319 0.4899 0.6006
vn -0.5276 0.6653 0.5283
vn 0.4076 0.7946 -0.4500
vn -0.5273 0.6322 0.5677
vn -0.4147 0.7783 0.4714
vn 0.3319 0.8918 -0.3075
vn -0.4142 0.7551 0.5081
vn -0.2933 0.8729 0.3899
vn 0.2403 0.9571 -0.1620
vn -0.2969 0.8553 0.4246
vn 0.0383 -0.7416 -0.6697
vn 0.1330 0.9909 -0.0189
vn -0.1660 0.9453 0.2808
vn -0.2603 -0.6279 -0.7335
vn -0.1622 -0.5860 -0.7939
vn -0.1640 0.9361 0.3112
vn 0.1278 -0.6706 -0.7307
vn -0.0572 0.9815 0.1829
vn -0.0205 0.9931 0.1156
vn -0.9207 -0.2707 0.2810
vn -0.0685 -0.5029 -0.8617
vn -0.8931 0.0309 0.4487
vn -0.9137 -0.1279 0.3857
vn 0.2834 0.5386 -0.7934
vn -0.8405 0.2090 0.4999
vn 0.2640 0.6948 -0.6690
vn -0.7722 0.3704 0.5163
vn 0.2282 0.8081 -0.5430
vn -0.6874 0.5222 0.5047
vn 0.1743 0.8957 -0.4090
vn -0.5919 0.6565 0.4677
vn 0.1048 0.9567 -0.2716
vn -0.4891 0.7711 0.4076
vn 0.0225 0.9905 -0.1354
vn -0.3825 0.8640 0.3274
vn -0.0699 0.9975 -0.0040
vn -0.2747 0.9337 0.2296
vn -0.1688 0.9786 0.1174
vt 1.000000 0.500000
vt 0.981326 0.707070
vt 0.981927 0.547819
vt 0.968750 0.750000
vt 0.968750 1.000000
vt 0.968750 0.500000
vt 0.950038 0.706536
vt 0.951534 0.550926
vt 0.937500 0.750000
vt 0.937500 1.000000
vt 0.656250 0.500000
vt 0.637612 0.707578
vt 0.638368 0.548509
vt 0.625000 0.750000
vt 0.625000 1.000000
vt 0.606394 0.708024
vt 0.607220 0.548881
vt 0.593750 0.750000
vt 0.593750 1.000000
vt 0.575168 0.708360
vt 0.576534 0.550926
vt 0.562500 0.750000
vt 0.562500 1.000000
vt 0.531250 0.750000
vt 0.543931 0.708545
vt 0.531250 1.000000
vt 0.500000 0.750000
vt 0.512682 0.708565
vt 0.500000 1.000000
vt 0.468750 0.750000
vt 0.481421 0.708405
vt 0.468750 1.000000
vt 0.437500 0.750000
vt 0.450147 0.708076
vt 0.437500 1.000000
vt 0.406250 0.750000
vt 0.418863 0.707597
vt 0.406250 1.000000
vt 0.375000 0.750000
vt 0.387572 0.707008
vt 0.375000 1.000000
vt 0.343750 0.750000
vt 0.356276 0.706361
vt 0.343750 1.000000
vt 0.978142 0.502809
vt 0.984375 0.500000
vt 0.333868 0.503761
vt 0.353407 0.500000
vt 0.365282 0.503737
vt 0.232784 0.550926
vt 0.239663 0.503829
vt 0.250000 0.500000
vt 0.208553 0.503808
vt 0.226632 0.500000
vt 0.107784 0.550926
vt 0.113870 0.503946
vt 0.125000 0.500000
vt 0.093678 0.502315
vt 0.101752 0.500000
vt 0.382861 0.500000
vt 0.396690 0.503714
vt 0.264034 0.550926
vt 0.271053 0.503808
vt 0.281250 0.500000
vt 0.257844 0.500000
vt 0.139034 0.550926
vt 0.145469 0.503894
vt 0.156250 0.500000
vt 0.132984 0.500000
vt 0.603404 0.503762
vt 0.577983 0.504557
vt 0.601084 0.500000
vt 0.295284 0.550926
vt 0.302457 0.503785
vt 0.312500 0.500000
vt 0.289063 0.500000
vt 0.946835 0.502792
vt 0.937500 0.500000
vt 0.953125 0.500000
vt 0.170284 0.550926
vt 0.177079 0.503841
vt 0.187500 0.500000
vt 0.164205 0.500000
vt 0.328125 0.500000
vt 0.343750 0.500000
vt 0.201534 0.550926
vt 0.218750 0.500000
vt 0.195420 0.500000
vt 0.132880 0.500000
vt 0.148527 0.500000
vt 0.164138 0.500000
vt 0.632364 0.500000
vt 0.625000 0.500000
vt 0.640625 0.500000
vt 0.375000 0.500000
vt 0.359375 0.500000
vt 0.585754 0.500000
vt 0.609375 0.500000
vt 0.390625 0.500000
vt 0.414046 0.500000
vt 0.414149 0.500000
vt 0.539925 0.503600
vt 0.531250 0.500000
vt 0.554610 0.500000
vt 0.546875 0.500000
vt 0.562500 0.500000
vt 0.507810 0.500000
vt 0.500000 0.500000
vt 0.515625 0.500000
vt 0.468679 0.502266
vt 0.476538 0.500000
vt 0.490942 0.503637
vt 0.437430 0.502239
vt 0.445316 0.500000
vt 0.452981 0.504600
vt 0.406250 0.500000
vt 0.421734 0.504499
vt 0.882348 0.500000
vt 0.875000 0.500000
vt 0.890625 0.500000
vt 0.913536 0.500000
vt 0.906250 0.500000
vt 0.921875 0.500000
vt 0.296875 0.500000
vt 0.312500 0.500000
vt 0.312500 0.500000
vt 0.968750 0.500000
vt 0.984375 0.500000
vt 0.906250 0.500000
vt 0.929657 0.500000
vt 0.101618 0.500000
vt 0.117277 0.500000
vt 0.453125 0.500000
vt 0.460945 0.500000
vt 0.468750 0.500000
vt 0.406250 0.500000
vt 0.382779 0.500000
vt 0.421875 0.500000
vt 0.437500 0.500000
vt 0.070354 0.500000
vt 0.086019 0.500000
vt 0.851423 0.500000
vt 0.843750 0.500000
vt 0.867148 0.500000
vt 0.039089 0.500000
vt 0.054753 0.500000
vt 0.328125 0.500000
vt 0.820190 0.500000
vt 0.812500 0.500000
vt 0.835896 0.500000
vt 0.007797 0.500000
vt 0.023483 0.500000
vt 0.788953 0.500000
vt 0.781250 0.500000
vt 0.804646 0.500000
vt 0.585940 0.500000
vt 0.578125 0.500000
vt 0.593750 0.500000
vt 0.265625 0.500000
vt 0.281250 0.500000
vt 0.281250 0.500000
vt 0.257831 0.500000
vt 0.617177 0.500000
vt 0.757717 0.500000
vt 0.750000 0.500000
vt 0.773401 0.500000
vt 0.726481 0.500000
vt 0.718750 0.500000
vt 0.742157 0.500000
vt 0.195401 0.500000
vt 0.211006 0.500000
vt 0.226671 0.500000
vt 0.179770 0.500000
vt 0.695251 0.500000
vt 0.687500 0.500000
vt 0.710914 0.500000
vt 0.664020 0.500000
vt 0.679706 0.500000
vt 0.937500 0.500000
vt 0.953125 0.500000
vt 0.070281 0.500000
vt 0.084567 0.500000
vt 0.101522 0.500000
vt 0.914047 0.500000
vt 0.937500 0.500000
vt 0.226567 0.500000
vt 0.234375 0.500000
vt 0.898402 0.500000
vt 0.906250 0.500000
vt 0.179735 0.500000
vt 0.195250 0.500000
vt 0.203125 0.500000
vt 0.859375 0.500000
vt 0.148493 0.500000
vt 0.164008 0.500000
vt 0.835950 0.500000
vt 0.820327 0.500000
vt 0.117246 0.500000
vt 0.132764 0.500000
vt 0.804699 0.500000
vt 0.789078 0.500000
vt 0.085992 0.500000
vt 0.773448 0.500000
vt 0.757829 0.500000
vt 0.054733 0.500000
vt 0.742196 0.500000
vt 0.726577 0.500000
vt 0.023470 0.500000
vt 0.039040 0.500000
vt 0.710943 0.500000
vt 0.695320 0.500000
vt 0.000000 0.500000
vt 0.007798 0.500000
vt 0.679705 0.500000
vt 0.664064 0.500000
vt 0.601540 0.500000
vt 0.632790 0.500000
vt 0.476544 0.500000
vt 0.484375 0.500000
vt 0.351513 0.500000
vt 0.445279 0.500000
vt 0.320270 0.500000
vt 0.414019 0.500000
vt 0.289033 0.500000
vt 0.718750 0.500000
vt 0.743619 0.500000
vt 0.053317 0.500000
vt 0.687500 0.500000
vt 0.712353 0.500000
vt 0.539055 0.500000
vt 0.524829 0.500000
vt 0.556075 0.500000
vt 0.538979 0.500000
vt 0.022067 0.500000
vt 0.656250 0.500000
vt 0.679705 0.500000
vt 0.570301 0.500000
vt 0.587325 0.500000
vt 0.570208 0.500000
vt 0.507795 0.500000
vt 0.500000 0.500000
vt 0.507780 0.500000
vt 0.381407 0.500000
vt 0.367271 0.500000
vt 0.398509 0.500000
vt 0.601550 0.500000
vt 0.618577 0.500000
vt 0.601443 0.500000
vt 0.475166 0.500000
vt 0.460994 0.500000
vt 0.484375 0.500000
vt 0.350156 0.500000
vt 0.336039 0.500000
vt 0.632800 0.500000
vt 0.649832 0.500000
vt 0.632692 0.500000
vt 0.443912 0.500000
vt 0.429750 0.500000
vt 0.318906 0.500000
vt 0.304811 0.500000
vt 0.976553 0.500000
vt 0.968750 0.500000
vt 0.993590 0.500000
vt 0.976448 0.500000
vt 0.412658 0.500000
vt 0.287657 0.500000
vt 0.273585 0.500000
vt 0.945306 0.500000
vt 0.962352 0.500000
vt 0.945214 0.500000
vt 0.256410 0.500000
vt 0.242358 0.500000
vt 0.914061 0.500000
vt 0.931114 0.500000
vt 0.913985 0.500000
vt 0.882817 0.500000
vt 0.899875 0.500000
vt 0.882758 0.500000
vt 0.209558 0.500000
vt 0.226496 0.500000
vt 0.851573 0.500000
vt 0.843750 0.500000
vt 0.868632 0.500000
vt 0.178311 0.500000
vt 0.812500 0.500000
vt 0.837386 0.500000
vt 0.147065 0.500000
vt 0.781250 0.500000
vt 0.806137 0.500000
vt 0.115817 0.500000
vt 0.750000 0.500000
vt 0.774880 0.500000
vt 0.179965 0.500000
vt 0.164367 0.500000
vt 0.194582 0.500000
vt 0.398587 0.500000
vt 0.375000 0.500000
vt 0.397934 0.500000
vt 0.507726 0.500000
vt 0.359375 0.500000
vt 0.648165 0.500000
vt 0.625000 0.500000
vt 0.648996 0.500000
vt 0.461103 0.500000
vt 0.453125 0.500000
vt 0.476500 0.500000
vt 0.336063 0.500000
vt 0.312500 0.500000
vt 0.322323 0.500000
vt 0.343750 0.500000
vt 0.991942 0.500000
vt 0.429857 0.500000
vt 0.421875 0.500000
vt 0.437500 0.500000
vt 0.289189 0.500000
vt 0.960722 0.500000
vt 0.257967 0.500000
vt 0.242579 0.500000
vt 0.265625 0.500000
vt 0.929502 0.500000
vt 0.898282 0.500000
vt 0.882289 0.500000
vt 0.851171 0.500000
vt 0.867057 0.500000
vt 0.819998 0.500000
vt 0.835829 0.500000
vt 0.788802 0.500000
vt 0.804595 0.500000
vt 0.757596 0.500000
vt 0.773360 0.500000
vt 0.726387 0.500000
vt 0.742120 0.500000
vt 0.695175 0.500000
vt 0.710881 0.500000
vt 0.663964 0.500000
vt 0.679708 0.500000
vt 0.148691 0.500000
vt 0.133103 0.500000
vt 0.117415 0.500000
vt 0.101831 0.500000
vt 0.086131 0.500000
vt 0.070560 0.500000
vt 0.054837 0.500000
vt 0.039291 0.500000
vt 0.023540 0.500000
vt 0.006238 0.500000
vt 0.000000 0.500000
vt 0.663832 0.500000
vt 0.562500 0.500000
vt 0.570326 0.500000
vt 0.578125 0.500000
vt 0.382802 0.500000
vt 0.414040 0.500000
vt 0.593750 0.500000
vt 0.601557 0.500000
vt 0.615667 0.500000
vt 0.367294 0.500000
vt 0.351563 0.500000
vt 0.632790 0.500000
vt 0.476494 0.500000
vt 0.992148 0.500000
vt 1.000000 0.500000
vt 0.960396 0.500000
vt 0.959900 0.500000
vt 0.928874 0.500000
vt 0.227714 0.500000
vt 0.258607 0.500000
vt 0.897281 0.500000
vt 0.211250 0.500000
vt 0.226559 0.500000
vt 0.484611 0.500000
vt 0.507645 0.500000
vt 0.531294 0.500000
vt 0.539097 0.500000
vt 0.554484 0.500000
vt 0.523302 0.500000
vt 0.663440 0.500000
vt 0.585645 0.500000
vt 0.570469 0.500000
vt 0.507830 0.500000
vt 0.367762 0.500000
vt 0.398863 0.500000
vt 0.382899 0.500000
vt 0.414140 0.500000
vt 0.616763 0.500000
vt 0.601754 0.500000
vt 0.476503 0.500000
vt 0.461158 0.500000
vt 0.492268 0.500000
vt 0.351284 0.500000
vt 0.445274 0.500000
vt 0.430002 0.500000
vt 0.445378 0.500000
vt 0.976741 0.500000
vt 0.289068 0.500000
vt 0.273045 0.500000
vt 0.945493 0.500000
vt 0.960876 0.500000
vt 0.257815 0.500000
vt 0.241906 0.500000
vt 0.914564 0.500000
vt 0.929605 0.500000
vt 0.210769 0.500000
vt 0.875000 0.500000
vt 0.883204 0.500000
vt 0.898338 0.500000
vt 0.851845 0.500000
vt 0.423933 0.500000
vt 0.477201 0.500000
vt 0.977488 0.500000
vt 0.986777 0.500000
vt 0.947328 0.500000
vt 0.948097 0.500000
vt 0.259071 0.500000
vt 0.290199 0.500000
vt 0.916326 0.500000
vt 0.924083 0.500000
vt 0.228301 0.500000
vt 0.889935 0.500000
vt 0.882137 0.500000
vt 0.197147 0.500000
vt 0.864401 0.500000
vt 0.854044 0.500000
vt 0.170211 0.500000
vt 0.165976 0.500000
vt 0.820496 0.500000
vt 0.832871 0.500000
vt 0.822511 0.500000
vt 0.789155 0.500000
vt 0.801374 0.500000
vt 0.812500 0.500000
vt 0.790974 0.500000
vt 0.757825 0.500000
vt 0.769925 0.500000
vt 0.759456 0.500000
vt 0.726513 0.500000
vt 0.738510 0.500000
vt 0.727973 0.500000
vt 0.695211 0.500000
vt 0.707159 0.500000
vt 0.696531 0.500000
vt 0.665140 0.500000
vt 0.681066 0.500000
vt 0.312500 0.500000
vt 0.299203 0.500000
vt 0.924517 0.500000
vt 0.937500 0.500000
vt 0.250000 0.500000
vt 0.236885 0.500000
vt 0.893339 0.500000
vt 0.218750 0.500000
vt 0.205718 0.500000
vt 0.862146 0.500000
vt 0.187500 0.500000
vt 0.174542 0.500000
vt 0.187500 0.500000
vt 0.830943 0.500000
vt 0.843750 0.500000
vt 0.156250 0.500000
vt 0.143354 0.500000
vt 0.799725 0.500000
vt 0.125000 0.500000
vt 0.112157 0.500000
vt 0.768498 0.500000
vt 0.093750 0.500000
vt 0.080948 0.500000
vt 0.093750 0.500000
vt 0.737262 0.500000
vt 0.750000 0.500000
vt 0.062500 0.500000
vt 0.049729 0.500000
vt 0.706017 0.500000
vt 0.568424 0.500000
vt 0.548986 0.500000
vt 0.506690 0.500000
vt 0.031250 0.500000
vt 0.018500 0.500000
vt 0.674763 0.500000
vt 0.687500 0.500000
vt 0.362370 0.500000
vt 0.398748 0.500000
vt 0.406522 0.500000
vt 0.630394 0.500000
vt 0.611641 0.500000
vt 0.625000 0.500000
vt 0.486414 0.500000
vt 0.451652 0.500000
vt 0.361537 0.500000
vt 0.375000 0.500000
vt 0.326423 0.500000
vt 0.986837 0.500000
vt 0.916450 0.673611
vt 0.920284 0.550926
vt 0.921875 0.750000
vt 0.906250 1.000000
vt 0.906250 0.750000
vt 0.885200 0.673611
vt 0.889034 0.550926
vt 0.890625 0.750000
vt 0.875000 1.000000
vt 0.875000 0.750000
vt 0.853950 0.673611
vt 0.857784 0.550926
vt 0.859375 0.750000
vt 0.843750 1.000000
vt 0.843750 0.750000
vt 0.822700 0.673611
vt 0.826534 0.550926
vt 0.828125 0.750000
vt 0.812500 1.000000
vt 0.812500 0.750000
vt 0.791450 0.673611
vt 0.795284 0.550926
vt 0.796875 0.750000
vt 0.781250 1.000000
vt 0.781250 0.750000
vt 0.760200 0.673611
vt 0.764034 0.550926
vt 0.765625 0.750000
vt 0.750000 1.000000
vt 0.750000 0.750000
vt 0.728950 0.673611
vt 0.732784 0.550926
vt 0.734375 0.750000
vt 0.718750 1.000000
vt 0.718750 0.750000
vt 0.697700 0.673611
vt 0.701534 0.550926
vt 0.703125 0.750000
vt 0.687500 1.000000
vt 0.687500 0.750000
vt 0.666450 0.673611
vt 0.670284 0.550926
vt 0.671875 0.750000
vt 0.656250 1.000000
vt 0.656250 0.750000
vt 0.550271 0.536175
vt 0.518980 0.536294
vt 0.487789 0.536120
vt 0.456683 0.535694
vt 0.427073 0.530843
vt 0.396060 0.530143
vt 0.365011 0.529547
vt 0.334095 0.528559
vt 0.328125 0.750000
vt 0.312500 1.000000
vt 0.312500 0.750000
vt 0.322700 0.673611
vt 0.291450 0.673611
vt 0.296875 0.750000
vt 0.281250 1.000000
vt 0.281250 0.750000
vt 0.260200 0.673611
vt 0.265625 0.750000
vt 0.250000 1.000000
vt 0.250000 0.750000
vt 0.228950 0.673611
vt 0.234375 0.750000
vt 0.218750 1.000000
vt 0.218750 0.750000
vt 0.197700 0.673611
vt 0.203125 0.750000
vt 0.187500 1.000000
vt 0.187500 0.750000
vt 0.166450 0.673611
vt 0.171875 0.750000
vt 0.156250 1.000000
vt 0.156250 0.750000
vt 0.135200 0.673611
vt 0.140625 0.750000
vt 0.125000 1.000000
vt 0.125000 0.750000
vt 0.103950 0.673611
vt 0.109375 0.750000
vt 0.093750 1.000000
vt 0.093750 0.750000
vt 0.093750 0.500000
vt 0.072700 0.673611
vt 0.076534 0.550926
vt 0.078125 0.750000
vt 0.062500 1.000000
vt 0.062500 0.750000
vt 0.062500 0.500000
vt 0.041450 0.673611
vt 0.045284 0.550926
vt 0.046875 0.750000
vt 0.031250 1.000000
vt 0.031250 0.750000
vt 0.031250 0.500000
vt 0.010200 0.673611
vt 0.014034 0.550926
vt 0.015625 0.750000
vt 0.000000 1.000000
vt 0.000000 0.750000
vt 0.515479 0.504658
vt 0.072422 0.503802
vt 0.070511 0.500000
vt 0.727857 0.502724
vt 0.726649 0.500000
vt 0.634483 0.503737
vt 0.884431 0.502820
vt 0.882292 0.500000
vt 0.758996 0.502691
vt 0.757706 0.500000
vt 0.915596 0.502795
vt 0.790141 0.502659
vt 0.788794 0.500000
vt 0.562430 0.502252
vt 0.665568 0.502787
vt 0.664585 0.500000
vt 0.041294 0.503821
vt 0.009537 0.502852
vt 0.039258 0.500000
vt 0.007999 0.500000
vt 0.821300 0.502632
vt 0.819919 0.500000
vt 0.696718 0.502757
vt 0.695615 0.500000
vt 0.852625 0.502654
vt 0.851085 0.500000
vt 0.164137 0.500000
vt 0.132869 0.500000
vt 0.039103 0.500000
vt 0.007790 0.500000
vt 0.039084 0.500000
vt 0.007794 0.500000
vt 0.663982 0.500000
vt 0.664016 0.500000
vt 0.070370 0.500000
vt 0.070345 0.500000
vt 0.531250 0.500000
vt 0.695179 0.500000
vt 0.695247 0.500000
vt 0.726375 0.500000
vt 0.726479 0.500000
vt 0.101633 0.500000
vt 0.101606 0.500000
vt 0.757576 0.500000
vt 0.757710 0.500000
vt 0.132897 0.500000
vt 0.788778 0.500000
vt 0.788936 0.500000
vt 0.164160 0.500000
vt 0.819979 0.500000
vt 0.820156 0.500000
vt 0.195430 0.500000
vt 0.195424 0.500000
vt 0.851176 0.500000
vt 0.851350 0.500000
vt 0.226717 0.500000
vt 0.226756 0.500000
vt 0.258059 0.500000
vt 0.968750 0.500000
vt 0.945294 0.500000
vt 0.507788 0.500000
vt 0.539037 0.500000
vt 0.640625 0.500000
vt 0.054818 0.500000
vt 0.086103 0.500000
vt 0.257800 0.500000
vt 0.288994 0.500000
vt 0.257744 0.500000
vt 0.539044 0.500000
vt 0.570293 0.500000
vt 0.507792 0.500000
vt 0.382763 0.500000
vt 0.414015 0.500000
vt 0.382758 0.500000
vt 0.476537 0.500000
vt 0.351500 0.500000
vt 0.445276 0.500000
vt 0.320246 0.500000
vt 0.976541 0.500000
vt 0.601252 0.500000
vt 0.570018 0.500000
vt 0.742189 0.500000
vt 0.023528 0.500000
vt 0.710923 0.500000
vt 0.679709 0.500000
vt 0.211127 0.500000
vt 0.179887 0.500000
vt 0.867183 0.500000
vt 0.148638 0.500000
vt 0.835946 0.500000
vt 0.117376 0.500000
vt 0.804701 0.500000
vt 0.773447 0.500000
vt 0.538826 0.500000
vt 0.538979 0.500000
vt 0.507817 0.500000
vt 0.289863 0.500000
vt 0.211154 0.500000
vt 0.179923 0.500000
vt 0.148679 0.500000
vt 0.117417 0.500000
vt 0.086138 0.500000
vt 0.054848 0.500000
vt 0.023544 0.500000
vt 0.070622 0.500000
vt 0.101795 0.500000
vt 0.819976 0.500000
vt 0.788736 0.500000
vt 0.757507 0.500000
vt 0.726282 0.500000
vt 0.695058 0.500000
vt 0.539091 0.500000
vt 0.507827 0.500000
vt 0.320318 0.500000
vt 0.289572 0.500000
vt 0.538309 0.500000
vt 0.039429 0.500000
vt 0.008355 0.500000
vt 0.656250 0.500000
vt 0.633409 0.500000
vt 0.320447 0.500000
vt 0.132957 0.500000
vt 0.383834 0.500000
vt 0.414932 0.500000
vt 0.632321 0.500000
vt 0.600951 0.500000
vt 0.352743 0.500000
vt 0.446049 0.500000
vt 0.321327 0.500000
vt 0.292126 0.500000
vt 0.260498 0.500000
vt 0.228946 0.500000
vt 0.197301 0.500000
vt 0.165709 0.500000
vt 0.134787 0.500000
vt 0.134185 0.500000
vt 0.103585 0.500000
vt 0.102737 0.500000
vt 0.072364 0.500000
vt 0.071366 0.500000
vt 0.041123 0.500000
vt 0.040055 0.500000
vt 0.569612 0.500000
vt 0.009888 0.500000
vt 0.008818 0.500000
vt 0.273456 0.500000
s 0
usemtl SkinSmid
f 378/488/581 592/489/581 492/490/581
f 591/491/582 592/489/582 363/492/582
f 492/490/583 592/489/583 591/491/583
f 379/493/584 593/494/584 495/495/584
f 592/496/585 593/494/585 363/497/585
f 492/498/586 591/499/586 489/500/586
f 590/501/587 591/499/587 363/502/587
f 489/500/588 591/499/588 590/501/588
f 489/500/589 590/503/589 486/504/589
f 589/505/590 590/503/590 363/506/590
f 486/504/591 590/503/591 589/505/591
f 486/504/592 589/507/592 483/508/592
f 588/509/593 589/507/593 363/510/593
f 587/511/594 588/512/594 363/513/594
f 586/514/595 587/515/595 363/516/595
f 585/517/596 586/518/596 363/519/596
f 584/520/597 585/521/597 363/522/597
f 603/523/598 584/524/598 363/525/598
f 524/526/599 603/527/599 363/528/599
f 604/529/600 524/530/600 363/531/600
f 550/532/601 367/493/601 576/533/601
f 543/534/602 564/535/602 516/536/602
f 535/537/603 520/538/603 359/539/603
f 511/540/604 560/541/604 520/538/604
f 545/542/605 523/543/605 355/544/605
f 515/545/606 556/546/606 523/543/606
f 516/536/607 565/547/607 525/548/607
f 532/549/608 530/550/608 360/551/608
f 520/538/609 561/552/609 530/550/609
f 542/553/610 534/554/610 356/555/610
f 523/543/611 557/556/611 534/554/611
f 527/557/612 579/558/612 578/559/612
f 529/560/613 544/561/613 361/562/613
f 530/550/614 562/563/614 544/561/614
f 549/564/615 365/565/615 575/566/615
f 539/567/616 533/568/616 357/569/616
f 534/554/617 558/570/617 533/568/617
f 563/571/618 397/572/618 564/535/618
f 538/573/619 511/540/619 358/574/619
f 533/568/620 559/575/620 511/540/620
f 659/576/621 420/577/621 660/578/621
f 577/579/622 619/580/622 478/581/622
f 564/535/623 396/582/623 565/547/623
f 397/572/624 494/583/624 564/535/624
f 578/559/625 620/584/625 477/585/625
f 493/586/626 618/587/626 621/588/626
f 580/589/627 627/590/627 624/591/627
f 624/591/628 476/592/628 670/593/628
f 629/594/629 661/595/629 615/596/629
f 375/597/630 632/598/630 374/599/630
f 376/600/631 635/601/631 582/602/631
f 377/603/632 621/588/632 583/604/632
f 642/605/633 663/606/633 481/607/633
f 574/608/634 644/609/634 1013/610/634
f 1013/610/635 644/609/635 480/610/635
f 575/566/636 365/565/636 479/566/636
f 496/611/637 398/612/637 381/613/637
f 576/533/638 391/614/638 648/615/638
f 480/610/639 662/616/639 409/617/639
f 664/618/640 421/619/640 659/576/640
f 617/620/641 415/621/641 394/622/641
f 493/586/642 417/623/642 618/587/642
f 396/582/643 650/624/643 493/586/643
f 658/625/644 416/626/644 395/626/644
f 665/572/645 651/583/645 494/583/645
f 481/607/646 663/606/646 1014/607/646
f 667/627/647 422/628/647 664/618/647
f 666/629/648 408/630/648 407/631/648
f 669/632/649 423/633/649 667/627/649
f 652/634/650 665/572/650 397/572/650
f 668/635/651 407/636/651 406/637/651
f 673/638/652 424/639/652 669/632/652
f 672/640/653 406/641/653 405/642/653
f 392/643/654 646/644/654 413/645/654
f 392/643/655 670/593/655 646/644/655
f 498/646/656 671/647/656 399/648/656
f 400/539/657 654/649/657 498/646/657
f 477/585/658 413/645/658 412/650/658
f 674/651/659 405/652/659 404/653/659
f 676/654/660 404/655/660 403/656/660
f 391/498/661 478/581/661 411/498/661
f 678/657/662 418/658/662 675/659/662
f 660/578/663 419/660/663 678/657/663
f 677/661/664 403/662/664 402/663/664
f 679/664/665 402/498/665 401/665/665
f 479/566/666 410/666/666 649/667/666
f 705/668/667 755/669/667 704/670/667
f 409/617/668 713/671/668 716/672/668
f 418/658/669 717/673/669 655/674/669
f 408/675/670 1015/607/670 718/676/670
f 719/677/671 701/678/671 1016/679/671
f 407/631/672 1017/680/672 720/606/672
f 721/681/673 702/682/673 719/677/673
f 722/683/674 689/684/674 690/630/674
f 723/685/675 703/686/675 721/681/675
f 724/687/676 690/688/676 691/636/676
f 725/689/677 704/670/677 723/685/677
f 726/690/678 691/691/678 692/641/678
f 727/692/679 705/668/679 725/689/679
f 728/693/680 692/694/680 693/652/680
f 729/695/681 706/696/681 727/692/681
f 730/697/682 693/698/682 694/655/682
f 733/699/683 707/700/683 729/695/683
f 733/701/684 694/702/684 707/662/684
f 412/650/685 734/703/685 738/704/685
f 415/621/686 739/705/686 657/706/686
f 665/572/687 740/707/687 651/583/687
f 416/626/688 742/708/688 415/621/688
f 398/612/689 743/709/689 652/634/689
f 417/623/690 737/710/690 658/625/690
f 671/647/691 715/711/691 653/611/691
f 692/694/692 756/712/692 757/713/692
f 706/696/693 754/714/693 705/668/693
f 693/698/694 757/715/694 759/716/694
f 680/717/695 760/718/695 761/719/695
f 760/718/696 744/720/696 761/719/696
f 707/700/697 758/721/697 706/696/697
f 694/702/698 759/722/698 762/723/698
f 681/724/699 761/719/699 763/725/699
f 761/719/700 745/726/700 763/725/700
f 708/727/701 764/728/701 760/718/701
f 764/728/702 752/729/702 760/718/702
f 765/730/703 436/731/703 435/732/703
f 682/733/704 763/725/704 767/734/704
f 763/725/705 746/735/705 767/734/705
f 768/736/706 433/737/706 753/738/706
f 769/739/707 437/740/707 436/731/707
f 683/741/708 767/734/708 770/742/708
f 767/734/709 747/743/709 770/742/709
f 771/744/710 434/745/710 433/737/710
f 772/746/711 438/747/711 437/740/711
f 684/748/712 770/749/712 773/750/712
f 770/749/713 748/751/713 773/750/713
f 766/752/714 435/732/714 434/745/714
f 774/753/715 439/754/715 438/747/715
f 685/755/716 773/672/716 775/756/716
f 773/672/717 749/757/717 775/756/717
f 776/758/718 440/759/718 439/754/718
f 686/760/719 775/676/719 777/761/719
f 775/676/720 750/762/720 777/761/720
f 687/763/721 777/606/721 779/764/721
f 777/606/722 751/765/722 779/764/722
f 701/678/723 778/766/723 700/767/723
f 688/768/724 779/769/724 781/770/724
f 702/682/725 780/771/725 701/678/725
f 689/684/726 781/772/726 783/773/726
f 703/686/727 782/774/727 702/682/727
f 690/688/728 783/775/728 785/776/728
f 704/670/729 784/777/729 703/686/729
f 691/691/730 785/778/730 756/779/730
f 455/780/731 854/781/731 853/782/731
f 810/783/732 809/784/732 869/785/732
f 752/729/733 753/738/733 807/786/733
f 436/731/734 798/787/734 809/784/734
f 747/743/735 813/788/735 748/498/735
f 450/789/736 872/790/736 813/788/736
f 811/791/737 803/792/737 802/793/737
f 812/794/738 815/795/738 873/796/738
f 812/794/739 873/796/739 452/797/739
f 748/751/740 816/798/740 749/488/740
f 814/799/741 804/800/741 451/801/741
f 438/747/742 817/802/742 815/795/742
f 749/757/743 818/803/743 750/493/743
f 439/754/744 819/804/744 817/802/744
f 819/804/745 453/805/745 800/806/745
f 750/762/746 820/807/746 751/565/746
f 440/759/747 1019/674/747 819/804/747
f 751/765/748 822/808/748 432/616/748
f 820/606/749 790/809/749 822/808/749
f 822/769/750 791/810/750 824/811/750
f 824/772/751 792/812/751 826/813/751
f 826/775/752 793/814/752 828/815/752
f 828/778/753 794/816/753 830/817/753
f 830/712/754 795/818/754 832/819/754
f 832/715/755 796/820/755 834/821/755
f 834/722/756 797/822/756 835/823/756
f 456/824/757 855/825/757 854/781/757
f 457/826/758 856/827/758 855/825/758
f 458/828/759 857/829/759 856/827/759
f 459/830/760 858/831/760 857/829/760
f 460/832/761 859/833/761 858/831/761
f 460/832/762 448/834/762 859/833/762
f 846/835/763 859/662/763 448/662/763
f 865/836/764 837/837/764 787/838/764
f 869/785/765 847/839/765 863/840/765
f 866/841/766 838/842/766 870/843/766
f 798/787/767 452/797/767 868/844/767
f 868/844/768 848/845/768 847/839/768
f 870/843/769 839/846/769 872/790/769
f 802/793/770 803/792/770 871/847/770
f 788/533/771 464/848/771 874/849/771
f 874/672/772 876/850/772 449/851/772
f 789/610/773 878/852/773 790/565/773
f 453/805/774 879/853/774 877/854/774
f 790/809/775 880/855/775 791/616/775
f 454/856/776 853/782/776 879/853/776
f 879/853/777 853/782/777 852/857/777
f 466/858/778 938/859/778 881/860/778
f 836/861/779 908/862/779 837/837/779
f 907/863/780 881/860/780 908/862/780
f 895/864/781 902/662/781 859/662/781
f 837/837/782 909/865/782 838/842/782
f 908/862/783 882/866/783 909/865/783
f 860/867/784 907/863/784 836/861/784
f 847/839/785 911/868/785 912/869/785
f 912/869/786 896/870/786 904/871/786
f 838/842/787 913/872/787 839/846/787
f 909/865/788 883/873/788 913/872/788
f 861/874/789 914/875/789 910/876/789
f 848/845/790 915/877/790 911/868/790
f 911/868/791 915/877/791 896/870/791
f 862/878/792 916/879/792 914/875/792
f 914/875/793 903/880/793 466/858/793
f 465/493/794 885/881/794 464/848/794
f 863/840/795 912/869/795 916/879/795
f 916/879/796 904/871/796 903/880/796
f 850/882/797 898/883/797 897/611/797
f 464/565/798 886/884/798 463/885/798
f 851/886/799 899/887/799 898/883/799
f 463/616/800 887/888/800 462/889/800
f 852/857/801 900/890/801 899/887/801
f 462/891/802 888/892/802 461/893/802
f 461/630/803 889/894/803 840/680/803
f 970/801/804 991/895/804 475/801/804
f 466/858/805 944/896/805 938/859/805
f 946/897/806 468/898/806 949/849/806
f 949/899/807 468/900/807 951/749/807
f 898/883/808 952/901/808 950/902/808
f 951/903/809 919/904/809 954/672/809
f 899/887/810 953/905/810 952/901/810
f 888/892/811 954/906/811 889/616/811
f 954/906/812 919/907/812 920/616/812
f 900/890/813 955/908/813 953/905/813
f 889/894/814 956/909/814 890/891/814
f 954/769/815 920/910/815 956/909/815
f 956/909/816 920/910/816 921/891/816
f 467/911/817 957/912/817 955/908/817
f 890/913/818 958/914/818 891/630/818
f 956/772/819 921/915/819 958/914/819
f 958/914/820 921/915/820 922/630/820
f 891/916/821 960/917/821 892/918/821
f 958/775/822 922/919/822 960/917/822
f 960/917/823 922/919/823 923/636/823
f 892/920/824 962/921/824 893/641/824
f 960/778/825 923/922/825 962/921/825
f 962/921/826 923/922/826 924/641/826
f 893/923/827 964/924/827 894/652/827
f 962/712/828 924/925/828 964/924/828
f 964/924/829 924/925/829 925/652/829
f 894/926/830 966/927/830 895/655/830
f 964/715/831 925/928/831 966/927/831
f 966/927/832 925/928/832 926/655/832
f 966/722/833 926/929/833 968/930/833
f 968/930/834 926/929/834 936/662/834
f 971/931/835 973/932/835 475/931/835
f 919/904/836 972/933/836 974/672/836
f 468/616/837 972/933/837 919/904/837
f 974/672/838 972/933/838 475/934/838
f 973/935/839 975/936/839 475/935/839
f 976/676/840 974/937/840 475/676/840
f 975/938/841 977/939/841 475/938/841
f 978/606/842 976/940/842 475/606/842
f 977/941/843 979/942/843 475/943/843
f 980/769/844 978/944/844 475/945/844
f 979/946/845 981/947/845 475/946/845
f 982/772/846 980/948/846 475/772/846
f 981/949/847 969/950/847 475/949/847
f 983/775/848 982/951/848 475/775/848
f 969/952/849 984/953/849 475/954/849
f 985/778/850 983/955/850 475/956/850
f 984/957/851 986/958/851 475/957/851
f 987/712/852 985/959/852 475/712/852
f 470/960/853 990/961/853 988/836/853
f 471/962/854 990/961/854 470/960/854
f 988/836/855 990/961/855 475/836/855
f 986/963/856 989/964/856 475/963/856
f 989/715/857 987/965/857 475/966/857
f 473/967/858 991/968/858 937/969/858
f 469/970/859 988/971/859 992/972/859
f 470/960/860 988/971/860 469/970/860
f 992/972/861 988/971/861 475/972/861
f 471/962/862 970/973/862 990/728/862
f 472/974/863 970/973/863 471/962/863
f 990/728/864 970/973/864 475/728/864
f 473/967/865 971/975/865 991/976/865
f 474/977/866 971/975/866 473/967/866
f 991/976/867 971/975/867 475/784/867
f 468/898/868 992/978/868 972/849/868
f 469/493/869 992/978/869 468/898/869
f 972/849/870 992/978/870 475/849/870
f 993/979/871 497/980/871 380/565/871 594/981/871
f 594/981/872 363/982/872 593/983/872 993/979/872
f 993/979/873 593/983/873 379/616/873 497/980/873
f 994/984/874 500/985/874 382/616/874 595/986/874
f 595/986/875 363/987/875 594/988/875 994/984/875
f 994/984/876 594/988/876 380/891/876 500/985/876
f 995/989/877 503/990/877 383/891/877 596/991/877
f 596/991/878 363/992/878 595/993/878 995/989/878
f 995/989/879 595/993/879 382/630/879 503/990/879
f 996/994/880 506/995/880 384/630/880 597/996/880
f 597/996/881 363/997/881 596/998/881 996/994/881
f 996/994/882 596/998/882 383/636/882 506/995/882
f 997/999/883 509/1000/883 385/636/883 598/1001/883
f 598/1001/884 363/1002/884 597/1003/884 997/999/884
f 997/999/885 597/1003/885 384/641/885 509/1000/885
f 998/1004/886 512/1005/886 386/641/886 599/1006/886
f 599/1006/887 363/1007/887 598/1008/887 998/1004/887
f 998/1004/888 598/1008/888 385/652/888 512/1005/888
f 999/1009/889 514/1010/889 387/652/889 600/1011/889
f 600/1011/890 363/1012/890 599/1013/890 999/1009/890
f 999/1009/891 599/1013/891 386/655/891 514/1010/891
f 1000/1014/892 517/1015/892 388/655/892 601/1016/892
f 601/1016/893 363/1017/893 600/1018/893 1000/1014/893
f 1000/1014/894 600/1018/894 387/662/894 517/1015/894
f 1001/1019/895 521/1020/895 389/662/895 602/1021/895
f 602/1021/896 363/1022/896 601/1023/896 1001/1019/896
f 1001/1019/897 601/1023/897 388/498/897 521/1020/897
f 589/507/898 588/509/898 373/1024/898 483/508/898
f 588/512/899 587/511/899 372/1025/899 373/1024/899
f 587/515/900 586/514/900 370/1026/900 372/1025/900
f 586/518/901 585/517/901 369/1027/901 370/1026/901
f 585/521/902 584/520/902 368/1028/902 369/1027/902
f 584/524/903 603/523/903 366/1029/903 368/1028/903
f 603/527/904 524/526/904 364/1030/904 366/1029/904
f 524/530/905 604/529/905 362/1031/905 364/1030/905
f 604/1032/906 363/1033/906 605/1034/906 1002/1035/906
f 362/1031/907 604/1032/907 1002/1035/907
f 1002/1035/908 605/1034/908 361/562/908 362/1031/908
f 1003/1036/909 529/560/909 361/562/909 605/1037/909
f 605/1037/910 363/1038/910 606/1039/910 1003/1036/910
f 1003/1036/911 606/1039/911 360/551/911 529/560/911
f 1004/1040/912 532/549/912 360/551/912 606/1041/912
f 606/1041/913 363/1042/913 607/1043/913 1004/1040/913
f 1004/1040/914 607/1043/914 359/539/914 532/549/914
f 1005/1044/915 535/537/915 359/539/915 607/1045/915
f 607/1045/916 363/1046/916 608/1047/916 1005/1044/916
f 1005/1044/917 608/1047/917 358/574/917 535/537/917
f 1006/1048/918 538/573/918 358/574/918 608/1049/918
f 608/1049/919 363/1050/919 609/1051/919 1006/1048/919
f 1006/1048/920 609/1051/920 357/569/920 538/573/920
f 1007/1052/921 539/567/921 357/569/921 609/1053/921
f 609/1053/922 363/1054/922 610/1055/922 1007/1052/922
f 1007/1052/923 610/1055/923 356/555/923 539/567/923
f 1008/1056/924 542/553/924 356/555/924 610/1057/924
f 610/1057/925 363/1058/925 611/1059/925 1008/1056/925
f 1008/1056/926 611/1059/926 355/544/926 542/553/926
f 1009/1060/927 545/542/927 355/544/927 611/1061/927
f 611/1061/928 363/1062/928 612/1063/928 1009/1060/928
f 1009/1060/929 612/1063/929 354/1064/929 545/542/929
f 1010/1065/930 548/1066/930 354/1064/930 612/1067/930
f 612/1067/931 363/1068/931 613/1069/931 1010/1065/931
f 1010/1065/932 613/1069/932 353/1070/932 548/1066/932
f 550/532/933 549/849/933 378/488/933 492/490/933
f 576/533/934 365/488/934 549/849/934 550/532/934
f 1011/1071/935 551/1072/935 353/1070/935 613/1073/935
f 613/1073/936 363/1074/936 614/1075/936 1011/1071/936
f 1011/1071/937 614/1075/937 390/1076/937 551/1072/937
f 1012/1077/938 554/1078/938 390/1076/938 614/1079/938
f 614/1079/939 363/1080/939 602/1081/939 1012/1077/939
f 1012/1077/940 602/1081/940 389/834/940 554/1078/940
f 374/599/941 581/1082/941 372/1025/941 370/1026/941
f 372/1025/942 581/1082/942 580/589/942
f 515/545/943 354/1064/943 548/1066/943 540/1083/943
f 556/546/944 515/545/944 540/1083/944 555/1084/944
f 548/1066/945 353/1070/945 540/1083/945
f 516/536/946 364/1030/946 362/1031/946 543/534/946
f 547/778/947 387/652/947 514/1010/947 518/1085/947
f 516/536/948 564/535/948 565/547/948
f 568/1086/949 567/652/949 547/778/949 518/1085/949
f 514/1010/950 386/655/950 518/1085/950
f 519/1087/951 550/722/951 492/498/951 489/500/951
f 577/579/952 367/498/952 550/722/952 519/1087/952
f 520/538/953 535/537/953 358/574/953 511/540/953
f 522/1088/954 513/676/954 382/616/954 500/985/954
f 520/538/955 560/541/955 561/552/955
f 573/1089/956 572/616/956 513/676/956 522/1088/956
f 500/985/957 380/891/957 522/1088/957
f 375/597/958 374/599/958 370/1026/958 369/1027/958
f 515/545/959 523/543/959 545/542/959 354/1064/959
f 525/548/960 366/1029/960 364/1030/960 516/536/960
f 523/543/961 556/546/961 557/556/961
f 518/775/962 386/641/962 512/1005/962 526/1090/962
f 525/548/963 565/547/963 377/603/963
f 569/1091/964 568/641/964 518/775/964 526/1090/964
f 512/1005/965 385/652/965 526/1090/965
f 527/557/966 519/1087/966 489/500/966 486/504/966
f 578/559/967 577/579/967 519/1087/967 527/557/967
f 530/550/968 532/549/968 359/539/968 520/538/968
f 531/1092/969 522/672/969 380/565/969 497/980/969
f 530/550/970 561/552/970 562/563/970
f 574/608/971 573/565/971 522/672/971 531/1092/971
f 497/980/972 379/616/972 531/1092/972
f 376/600/973 582/602/973 369/1027/973 368/1028/973
f 369/1027/974 582/602/974 375/597/974
f 523/543/975 534/554/975 542/553/975 355/544/975
f 583/604/976 368/1028/976 366/1029/976 525/548/976
f 534/554/977 557/556/977 558/570/977
f 368/1028/978 583/604/978 376/600/978
f 526/772/979 385/636/979 509/1000/979 536/1093/979
f 525/548/980 377/603/980 583/604/980
f 570/1094/981 569/636/981 526/772/981 536/1093/981
f 509/1000/982 384/641/982 536/1093/982
f 579/558/983 527/557/983 486/504/983 483/508/983
f 371/1095/984 579/558/984 483/508/984 373/1024/984
f 528/715/985 389/662/985 521/1020/985 546/1096/985
f 566/1097/986 552/662/986 528/715/986 546/1096/986
f 521/1020/987 388/498/987 546/1096/987
f 541/1098/988 390/1076/988 554/1078/988 528/1099/988
f 553/1100/989 541/1098/989 528/1099/989 552/1101/989
f 554/1078/990 389/834/990 528/1099/990
f 544/561/991 529/560/991 360/551/991 530/550/991
f 549/564/992 531/749/992 379/493/992 495/495/992
f 544/561/993 562/563/993 381/613/993
f 575/566/994 574/493/994 531/749/994 549/564/994
f 495/495/995 378/565/995 549/564/995
f 534/554/996 533/568/996 539/567/996 356/555/996
f 536/769/997 384/630/997 506/995/997 537/1102/997
f 533/568/998 558/570/998 559/575/998
f 571/1103/999 570/630/999 536/769/999 537/1102/999
f 506/995/1000 383/636/1000 537/1102/1000
f 540/1083/1001 353/1070/1001 551/1072/1001 541/1098/1001
f 373/1024/1002 580/589/1002 371/1095/1002
f 373/1024/1003 372/1025/1003 580/589/1003
f 555/1084/1004 540/1083/1004 541/1098/1004 553/1100/1004
f 551/1072/1005 390/1076/1005 541/1098/1005
f 543/534/1006 362/1031/1006 361/562/1006 544/561/1006
f 563/571/1007 543/534/1007 544/561/1007 381/613/1007
f 546/712/1008 388/655/1008 517/1015/1008 547/1104/1008
f 543/534/1009 563/571/1009 564/535/1009
f 567/1105/1010 566/655/1010 546/712/1010 547/1104/1010
f 517/1015/1011 387/662/1011 547/1104/1011
f 652/634/1012 563/571/1012 381/613/1012 398/612/1012
f 537/606/1013 383/891/1013 503/990/1013 513/1106/1013
f 563/571/1014 652/634/1014 397/572/1014
f 572/1107/1015 571/891/1015 537/606/1015 513/1106/1015
f 503/990/1016 382/630/1016 513/1106/1016
f 533/568/1017 511/540/1017 538/573/1017 357/569/1017
f 660/578/1018 502/1108/1018 504/1109/1018 659/576/1018
f 511/540/1019 559/575/1019 560/541/1019
f 478/581/1020 391/498/1020 367/498/1020 577/579/1020
f 659/576/1021 421/619/1021 420/577/1021
f 477/585/1022 619/580/1022 577/579/1022 578/559/1022
f 564/535/1023 494/583/1023 396/582/1023
f 621/588/1024 377/603/1024 565/547/1024 493/586/1024
f 477/585/1025 620/584/1025 392/643/1025
f 623/1110/1026 553/1100/1026 552/1101/1026 622/1111/1026
f 565/547/1027 396/582/1027 493/586/1027
f 508/1112/1028 623/1110/1028 622/1111/1028 510/1113/1028
f 624/591/1029 620/584/1029 579/558/1029 371/1095/1029
f 578/559/1030 579/558/1030 620/584/1030
f 670/593/1031 392/643/1031 620/584/1031 624/591/1031
f 625/1114/1032 622/715/1032 552/662/1032 566/1097/1032
f 491/1115/1033 510/662/1033 622/715/1033 625/1114/1033
f 626/1116/1034 555/1084/1034 553/1100/1034 623/1110/1034
f 507/1117/1035 626/1116/1035 623/1110/1035 508/1112/1035
f 393/1118/1036 476/592/1036 624/591/1036 627/590/1036
f 371/1095/1037 580/589/1037 624/591/1037
f 628/1119/1038 625/712/1038 566/655/1038 567/1105/1038
f 490/1120/1039 491/655/1039 625/712/1039 628/1119/1039
f 629/594/1040 627/590/1040 580/589/1040 581/1082/1040
f 615/596/1041 393/1118/1041 627/590/1041 629/594/1041
f 581/1082/1042 374/599/1042 629/594/1042
f 630/1121/1043 628/778/1043 567/652/1043 568/1086/1043
f 488/1122/1044 490/652/1044 628/778/1044 630/1121/1044
f 631/1123/1045 556/546/1045 555/1084/1045 626/1116/1045
f 505/1124/1046 631/1123/1046 626/1116/1046 507/1117/1046
f 661/595/1047 629/594/1047 632/598/1047 616/706/1047
f 374/599/1048 632/598/1048 629/594/1048
f 632/598/1049 394/622/1049 616/706/1049
f 633/1125/1050 630/775/1050 568/641/1050 569/1091/1050
f 487/1126/1051 488/641/1051 630/775/1051 633/1125/1051
f 634/1127/1052 557/556/1052 556/546/1052 631/1123/1052
f 504/1109/1053 634/1127/1053 631/1123/1053 505/1124/1053
f 632/598/1054 375/597/1054 582/602/1054 635/601/1054
f 394/622/1055 632/598/1055 635/601/1055 617/620/1055
f 635/601/1056 395/626/1056 617/620/1056
f 636/1128/1057 633/772/1057 569/636/1057 570/1094/1057
f 485/1129/1058 487/636/1058 633/772/1058 636/1128/1058
f 637/1130/1059 558/570/1059 557/556/1059 634/1127/1059
f 502/1108/1060 637/1130/1060 634/1127/1060 504/1109/1060
f 635/601/1061 376/600/1061 583/604/1061 621/588/1061
f 395/626/1062 635/601/1062 621/588/1062 618/587/1062
f 638/1131/1063 636/769/1063 570/630/1063 571/1103/1063
f 484/1132/1064 485/630/1064 636/769/1064 638/1131/1064
f 639/1133/1065 559/575/1065 558/570/1065 637/1130/1065
f 501/1134/1066 639/1133/1066 637/1130/1066 502/1108/1066
f 640/1135/1067 638/606/1067 571/891/1067 572/1107/1067
f 482/1136/1068 484/891/1068 638/606/1068 640/1135/1068
f 641/1137/1069 560/541/1069 559/575/1069 639/1133/1069
f 499/1138/1070 641/1137/1070 639/1133/1070 501/1134/1070
f 642/605/1071 640/676/1071 572/616/1071 573/1089/1071
f 481/607/1072 482/616/1072 640/676/1072 642/605/1072
f 643/1139/1073 561/552/1073 560/541/1073 641/1137/1073
f 400/539/1074 643/1139/1074 641/1137/1074 499/1138/1074
f 1013/610/1075 642/672/1075 573/565/1075 574/608/1075
f 480/610/1076 663/672/1076 642/672/1076 1013/610/1076
f 399/648/1077 562/563/1077 561/552/1077 643/1139/1077
f 479/566/1078 644/1140/1078 574/493/1078 575/566/1078
f 643/1139/1079 400/539/1079 498/646/1079
f 643/1139/1080 498/646/1080 399/648/1080
f 648/615/1081 410/488/1081 365/488/1081 576/533/1081
f 479/566/1082 365/565/1082 410/666/1082
f 562/563/1083 496/611/1083 381/613/1083
f 562/563/1084 399/648/1084 496/611/1084
f 576/533/1085 367/493/1085 391/614/1085
f 712/1141/1086 713/749/1086 662/493/1086 649/667/1086
f 685/755/1087 686/493/1087 713/749/1087 712/1141/1087
f 649/667/1088 410/666/1088 712/1141/1088
f 657/706/1089 616/706/1089 394/622/1089 415/621/1089
f 656/1142/1090 661/595/1090 616/706/1090 657/706/1090
f 659/576/1091 504/1109/1091 505/1124/1091 664/618/1091
f 480/610/1092 644/609/1092 662/616/1092
f 663/672/1093 480/610/1093 409/617/1093
f 415/621/1094 617/620/1094 395/626/1094 416/626/1094
f 664/618/1095 422/628/1095 421/619/1095
f 650/624/1096 396/582/1096 494/583/1096 651/583/1096
f 493/586/1097 650/624/1097 417/623/1097
f 618/587/1098 658/625/1098 395/626/1098
f 618/587/1099 417/623/1099 658/625/1099
f 397/572/1100 665/572/1100 494/583/1100
f 1014/607/1101 666/676/1101 482/616/1101 481/607/1101
f 409/891/1102 408/675/1102 1014/607/1102 663/606/1102
f 664/618/1103 505/1124/1103 507/1117/1103 667/627/1103
f 666/676/1104 1014/607/1104 408/675/1104
f 666/629/1105 668/606/1105 484/891/1105 482/1136/1105
f 667/627/1106 423/633/1106 422/628/1106
f 667/627/1107 507/1117/1107 508/1112/1107 669/632/1107
f 668/606/1108 666/629/1108 407/631/1108
f 645/1143/1109 414/593/1109 670/593/1109 476/592/1109
f 669/632/1110 424/639/1110 423/633/1110
f 476/592/1111 393/1118/1111 645/1143/1111
f 653/611/1112 496/611/1112 399/648/1112 671/647/1112
f 496/611/1113 653/611/1113 398/612/1113
f 668/635/1114 672/769/1114 485/630/1114 484/1132/1114
f 669/632/1115 508/1112/1115 510/1113/1115 673/638/1115
f 672/769/1116 668/635/1116 406/637/1116
f 672/640/1117 674/772/1117 487/636/1117 485/1129/1117
f 673/638/1118 401/834/1118 424/639/1118
f 654/649/1119 400/539/1119 675/659/1119 655/674/1119
f 674/772/1120 672/640/1120 405/642/1120
f 646/644/1121 670/593/1121 414/593/1121
f 498/646/1122 654/649/1122 671/647/1122
f 477/585/1123 392/643/1123 413/645/1123
f 619/580/1124 477/585/1124 412/650/1124
f 499/1138/1125 675/659/1125 400/539/1125
f 675/659/1126 418/658/1126 655/674/1126
f 674/651/1127 676/775/1127 488/641/1127 487/1126/1127
f 676/654/1128 677/778/1128 490/652/1128 488/1122/1128
f 676/775/1129 674/651/1129 404/653/1129
f 412/650/1130 647/1144/1130 478/581/1130 619/580/1130
f 677/778/1131 676/654/1131 403/656/1131
f 675/659/1132 499/1138/1132 501/1134/1132 678/657/1132
f 411/498/1133 478/581/1133 647/1144/1133
f 678/657/1134 501/1134/1134 502/1108/1134 660/578/1134
f 678/657/1135 419/660/1135 418/658/1135
f 648/615/1136 391/614/1136 411/614/1136
f 677/661/1137 679/712/1137 491/655/1137 490/1120/1137
f 660/578/1138 420/577/1138 419/660/1138
f 656/1142/1139 645/1143/1139 393/1118/1139 615/596/1139
f 679/712/1140 677/661/1140 402/663/1140
f 615/596/1141 661/595/1141 656/1142/1141
f 679/664/1142 673/715/1142 510/662/1142 491/1115/1142
f 649/667/1143 662/493/1143 644/1140/1143 479/566/1143
f 673/715/1144 679/664/1144 401/665/1144
f 446/1145/1145 445/1146/1145 755/669/1145 754/714/1145
f 705/668/1146 754/714/1146 755/669/1146
f 715/711/1147 671/647/1147 654/649/1147 714/1147/1147
f 698/1148/1148 715/711/1148 714/1147/1148 699/1149/1148
f 686/760/1149 687/565/1149 716/672/1149 713/671/1149
f 409/617/1150 662/616/1150 713/671/1150
f 714/1147/1151 654/649/1151 655/674/1151 717/673/1151
f 699/1149/1152 714/1147/1152 717/673/1152 700/767/1152
f 593/494/1153 592/496/1153 378/565/1153 495/495/1153
f 716/606/1154 1015/607/1154 408/675/1154 409/891/1154
f 687/763/1155 688/616/1155 718/676/1155 1015/607/1155
f 1015/607/1156 716/606/1156 687/763/1156
f 1016/679/1157 418/658/1157 419/660/1157 719/677/1157
f 418/658/1158 1016/679/1158 717/673/1158
f 700/767/1159 717/673/1159 1016/679/1159 701/678/1159
f 718/769/1160 1017/680/1160 407/631/1160 408/630/1160
f 688/768/1161 689/891/1161 720/606/1161 1017/680/1161
f 1017/680/1162 718/769/1162 688/768/1162
f 719/677/1163 419/660/1163 420/577/1163 721/681/1163
f 720/772/1164 722/683/1164 406/637/1164 407/636/1164
f 719/677/1165 702/682/1165 701/678/1165
f 721/681/1166 420/577/1166 421/619/1166 723/685/1166
f 722/683/1167 720/772/1167 689/684/1167
f 722/775/1168 724/687/1168 405/642/1168 406/641/1168
f 721/681/1169 703/686/1169 702/682/1169
f 723/685/1170 421/619/1170 422/628/1170 725/689/1170
f 724/687/1171 722/775/1171 690/688/1171
f 724/778/1172 726/690/1172 404/653/1172 405/652/1172
f 723/685/1173 704/670/1173 703/686/1173
f 725/689/1174 422/628/1174 423/633/1174 727/692/1174
f 726/690/1175 724/778/1175 691/691/1175
f 726/712/1176 728/693/1176 403/656/1176 404/655/1176
f 725/689/1177 705/668/1177 704/670/1177
f 727/692/1178 423/633/1178 424/639/1178 729/695/1178
f 728/693/1179 726/712/1179 692/694/1179
f 728/715/1180 730/697/1180 402/663/1180 403/662/1180
f 727/692/1181 706/696/1181 705/668/1181
f 731/1150/1182 732/1151/1182 414/593/1182 645/1143/1182
f 730/697/1183 728/715/1183 693/698/1183
f 680/717/1184 681/724/1184 732/1151/1184 731/1150/1184
f 729/695/1185 424/639/1185 401/834/1185 733/699/1185
f 730/722/1186 733/701/1186 401/665/1186 402/498/1186
f 729/695/1187 707/700/1187 706/696/1187
f 732/1151/1188 734/703/1188 413/645/1188 646/644/1188
f 733/701/1189 730/722/1189 694/702/1189
f 681/724/1190 682/733/1190 734/703/1190 732/1151/1190
f 646/644/1191 414/593/1191 732/1151/1191
f 735/1152/1192 731/1150/1192 645/1143/1192 656/1142/1192
f 708/727/1193 680/717/1193 731/1150/1193 735/1152/1193
f 737/710/1194 417/623/1194 650/624/1194 736/1153/1194
f 711/1154/1195 737/710/1195 736/1153/1195 695/1155/1195
f 682/733/1196 683/741/1196 738/704/1196 734/703/1196
f 412/650/1197 413/645/1197 734/703/1197
f 735/1152/1198 656/1142/1198 657/706/1198 739/705/1198
f 708/727/1199 735/1152/1199 739/705/1199 709/1156/1199
f 736/1153/1200 650/624/1200 651/583/1200 740/707/1200
f 695/1155/1201 736/1153/1201 740/707/1201 696/1157/1201
f 738/704/1202 741/722/1202 411/498/1202 647/1144/1202
f 683/741/1203 684/498/1203 741/722/1203 738/704/1203
f 647/1144/1204 412/650/1204 738/704/1204
f 709/1156/1205 739/705/1205 742/708/1205 710/1158/1205
f 415/621/1206 742/708/1206 739/705/1206
f 740/707/1207 665/572/1207 652/634/1207 743/709/1207
f 696/1157/1208 740/707/1208 743/709/1208 697/1159/1208
f 741/1160/1209 712/849/1209 410/488/1209 648/615/1209
f 684/748/1210 685/488/1210 712/849/1210 741/1160/1210
f 648/615/1211 411/614/1211 741/1160/1211
f 742/708/1212 416/626/1212 658/625/1212 737/710/1212
f 710/1158/1213 742/708/1213 737/710/1213 711/1154/1213
f 743/709/1214 398/612/1214 653/611/1214 715/711/1214
f 697/1159/1215 743/709/1215 715/711/1215 698/1148/1215
f 806/1161/1216 746/735/1216 745/726/1216 805/1162/1216
f 866/841/1217 806/1161/1217 805/1162/1217 787/838/1217
f 805/1162/1218 865/836/1218 787/838/1218
f 427/1163/1219 757/713/1219 756/712/1219 428/655/1219
f 693/652/1220 692/694/1220 757/713/1220
f 447/1164/1221 446/1145/1221 754/714/1221 758/721/1221
f 706/696/1222 758/721/1222 754/714/1222
f 426/1165/1223 759/716/1223 757/715/1223 427/662/1223
f 694/655/1224 693/698/1224 759/716/1224
f 425/834/1225 447/1164/1225 758/721/1225 762/699/1225
f 681/724/1226 680/717/1226 761/719/1226
f 761/719/1227 744/720/1227 745/726/1227
f 707/700/1228 762/699/1228 758/721/1228
f 425/1166/1229 762/723/1229 759/722/1229 426/498/1229
f 707/662/1230 694/702/1230 762/723/1230
f 766/752/1231 711/1154/1231 695/1155/1231 765/730/1231
f 682/733/1232 681/724/1232 763/725/1232
f 763/725/1233 745/726/1233 746/735/1233
f 680/717/1234 708/727/1234 760/718/1234
f 760/718/1235 752/729/1235 744/720/1235
f 764/728/1236 708/727/1236 709/1156/1236 768/736/1236
f 766/752/1237 765/730/1237 435/732/1237
f 683/741/1238 682/733/1238 767/734/1238
f 767/734/1239 746/735/1239 747/743/1239
f 753/738/1240 752/729/1240 764/728/1240 768/736/1240
f 765/730/1241 695/1155/1241 696/1157/1241 769/739/1241
f 768/736/1242 709/1156/1242 710/1158/1242 771/744/1242
f 765/730/1243 769/739/1243 436/731/1243
f 684/498/1244 683/741/1244 770/742/1244
f 770/742/1245 747/743/1245 748/498/1245
f 769/739/1246 696/1157/1246 697/1159/1246 772/746/1246
f 768/736/1247 771/744/1247 433/737/1247
f 771/744/1248 710/1158/1248 711/1154/1248 766/752/1248
f 769/739/1249 772/746/1249 437/740/1249
f 685/488/1250 684/748/1250 773/750/1250
f 773/750/1251 748/751/1251 749/488/1251
f 772/746/1252 697/1159/1252 698/1148/1252 774/753/1252
f 771/744/1253 766/752/1253 434/745/1253
f 774/753/1254 698/1148/1254 699/1149/1254 776/758/1254
f 772/746/1255 774/753/1255 438/747/1255
f 686/493/1256 685/755/1256 775/756/1256
f 775/756/1257 749/757/1257 750/493/1257
f 776/758/1258 699/1149/1258 700/767/1258 1018/674/1258
f 774/753/1259 776/758/1259 439/754/1259
f 687/565/1260 686/760/1260 777/761/1260
f 777/761/1261 750/762/1261 751/565/1261
f 441/1167/1262 440/759/1262 1018/674/1262 778/766/1262
f 700/767/1263 778/766/1263 1018/674/1263
f 442/1168/1264 441/1167/1264 778/766/1264 780/771/1264
f 776/758/1265 1018/674/1265 440/759/1265
f 688/616/1266 687/763/1266 779/764/1266
f 779/764/1267 751/765/1267 432/616/1267
f 701/678/1268 780/771/1268 778/766/1268
f 431/1169/1269 781/770/1269 779/769/1269 432/630/1269
f 689/891/1270 688/768/1270 781/770/1270
f 443/1170/1271 442/1168/1271 780/771/1271 782/774/1271
f 702/682/1272 782/774/1272 780/771/1272
f 430/1171/1273 783/773/1273 781/772/1273 431/636/1273
f 690/630/1274 689/684/1274 783/773/1274
f 444/1172/1275 443/1170/1275 782/774/1275 784/777/1275
f 703/686/1276 784/777/1276 782/774/1276
f 429/1173/1277 785/776/1277 783/775/1277 430/641/1277
f 691/636/1278 690/688/1278 785/776/1278
f 445/1146/1279 444/1172/1279 784/777/1279 755/669/1279
f 704/670/1280 755/669/1280 784/777/1280
f 428/1174/1281 756/779/1281 785/778/1281 429/652/1281
f 692/641/1282 691/691/1282 756/779/1282
f 808/1175/1283 744/720/1283 752/729/1283 807/786/1283
f 455/780/1284 456/824/1284 854/781/1284
f 786/1176/1285 808/1175/1285 807/786/1285 801/1177/1285
f 809/784/1286 810/783/1286 435/732/1286 436/731/1286
f 450/789/1287 747/743/1287 746/735/1287 806/1161/1287
f 802/793/1288 801/1177/1288 807/786/1288 753/738/1288
f 806/1161/1289 866/841/1289 870/843/1289
f 806/1161/1290 870/843/1290 450/789/1290
f 753/738/1291 433/737/1291 811/791/1291
f 753/738/1292 811/791/1292 802/793/1292
f 812/794/1293 798/787/1293 436/731/1293 437/740/1293
f 814/799/1294 811/791/1294 433/737/1294 434/745/1294
f 798/787/1295 812/794/1295 452/797/1295
f 747/743/1296 450/789/1296 813/788/1296
f 451/801/1297 803/792/1297 811/791/1297 814/799/1297
f 815/795/1298 812/794/1298 437/740/1298 438/747/1298
f 788/533/1299 816/798/1299 813/749/1299 872/749/1299
f 748/751/1300 813/749/1300 816/798/1300
f 810/783/1301 814/799/1301 434/745/1301 435/732/1301
f 816/798/1302 788/533/1302 874/849/1302
f 869/785/1303 804/800/1303 814/799/1303 810/783/1303
f 449/851/1304 818/803/1304 816/672/1304 874/672/1304
f 438/747/1305 439/754/1305 817/802/1305
f 815/795/1306 817/802/1306 799/1178/1306
f 749/757/1307 816/672/1307 818/803/1307
f 800/806/1308 799/1178/1308 817/802/1308 819/804/1308
f 439/754/1309 440/759/1309 819/804/1309
f 789/610/1310 820/807/1310 818/676/1310 449/616/1310
f 750/762/1311 818/676/1311 820/807/1311
f 821/1179/1312 1019/674/1312 440/759/1312 441/1167/1312
f 820/807/1313 789/610/1313 790/565/1313
f 454/856/1314 453/805/1314 1019/674/1314 821/1179/1314
f 823/1180/1315 821/1179/1315 441/1167/1315 442/1168/1315
f 819/804/1316 1019/674/1316 453/805/1316
f 751/765/1317 820/606/1317 822/808/1317
f 822/808/1318 790/809/1318 791/616/1318
f 455/780/1319 454/856/1319 821/1179/1319 823/1180/1319
f 824/811/1320 431/1169/1320 432/630/1320 822/769/1320
f 825/1181/1321 823/1180/1321 442/1168/1321 443/1170/1321
f 824/811/1322 791/810/1322 792/891/1322
f 456/824/1323 455/780/1323 823/1180/1323 825/1181/1323
f 826/813/1324 430/1171/1324 431/636/1324 824/772/1324
f 827/1182/1325 825/1181/1325 443/1170/1325 444/1172/1325
f 826/813/1326 792/812/1326 793/630/1326
f 457/826/1327 456/824/1327 825/1181/1327 827/1182/1327
f 828/815/1328 429/1173/1328 430/641/1328 826/775/1328
f 829/1183/1329 827/1182/1329 444/1172/1329 445/1146/1329
f 828/815/1330 793/814/1330 794/636/1330
f 458/828/1331 457/826/1331 827/1182/1331 829/1183/1331
f 830/817/1332 428/1174/1332 429/652/1332 828/778/1332
f 831/1184/1333 829/1183/1333 445/1146/1333 446/1145/1333
f 830/817/1334 794/816/1334 795/641/1334
f 459/830/1335 458/828/1335 829/1183/1335 831/1184/1335
f 832/819/1336 427/1163/1336 428/655/1336 830/712/1336
f 833/1185/1337 831/1184/1337 446/1145/1337 447/1164/1337
f 832/819/1338 795/818/1338 796/652/1338
f 460/832/1339 459/830/1339 831/1184/1339 833/1185/1339
f 834/821/1340 426/1165/1340 427/662/1340 832/715/1340
f 805/1162/1341 745/726/1341 744/720/1341 808/1175/1341
f 834/821/1342 796/820/1342 797/655/1342
f 865/836/1343 805/1162/1343 808/1175/1343 786/1176/1343
f 835/699/1344 833/1185/1344 447/1164/1344 425/834/1344
f 448/834/1345 460/832/1345 833/1185/1345 835/699/1345
f 835/823/1346 425/1166/1346 426/498/1346 834/722/1346
f 905/1186/1347 901/1187/1347 856/827/1347 857/829/1347
f 835/823/1348 797/822/1348 448/662/1348
f 842/630/1349 793/630/1349 792/812/1349 841/1188/1349
f 843/636/1350 794/636/1350 793/814/1350 842/1189/1350
f 456/824/1351 457/826/1351 855/825/1351
f 844/641/1352 795/641/1352 794/816/1352 843/1190/1352
f 457/826/1353 458/828/1353 856/827/1353
f 845/652/1354 796/652/1354 795/818/1354 844/1191/1354
f 458/828/1355 459/830/1355 857/829/1355
f 846/655/1356 797/655/1356 796/820/1356 845/1192/1356
f 459/830/1357 460/832/1357 858/831/1357
f 837/837/1358 865/836/1358 864/1193/1358 836/861/1358
f 786/1176/1359 864/1193/1359 865/836/1359
f 838/842/1360 866/841/1360 787/838/1360 837/837/1360
f 797/822/1361 846/835/1361 448/662/1361
f 864/1193/1362 786/1176/1362 801/1177/1362 867/1194/1362
f 836/861/1363 864/1193/1363 867/1194/1363 860/867/1363
f 871/847/1364 867/1194/1364 801/1177/1364 802/793/1364
f 869/785/1365 809/784/1365 868/844/1365
f 869/785/1366 868/844/1366 847/839/1366
f 870/843/1367 838/842/1367 839/846/1367
f 861/874/1368 860/867/1368 867/1194/1368 871/847/1368
f 862/878/1369 861/874/1369 871/847/1369 803/792/1369
f 809/784/1370 798/787/1370 868/844/1370
f 868/844/1371 452/797/1371 848/845/1371
f 450/789/1372 870/843/1372 872/790/1372
f 872/790/1373 839/846/1373 465/498/1373
f 803/792/1374 451/801/1374 862/878/1374
f 849/1195/1375 848/845/1375 452/797/1375 873/796/1375
f 464/848/1376 788/533/1376 872/749/1376 465/493/1376
f 863/840/1377 862/878/1377 451/801/1377 804/800/1377
f 804/800/1378 869/785/1378 863/840/1378
f 875/1196/1379 873/796/1379 815/795/1379 799/1178/1379
f 850/882/1380 849/1195/1380 873/796/1380 875/1196/1380
f 463/885/1381 876/850/1381 874/672/1381 464/565/1381
f 877/854/1382 875/1196/1382 799/1178/1382 800/806/1382
f 851/886/1383 850/882/1383 875/1196/1383 877/854/1383
f 800/806/1384 453/805/1384 877/854/1384
f 878/852/1385 789/610/1385 449/616/1385 876/676/1385
f 462/889/1386 878/852/1386 876/676/1386 463/616/1386
f 852/857/1387 851/886/1387 877/854/1387 879/853/1387
f 453/805/1388 454/856/1388 879/853/1388
f 461/893/1389 880/855/1389 878/606/1389 462/891/1389
f 790/809/1390 878/606/1390 880/855/1390
f 841/891/1391 792/891/1391 791/810/1391 840/680/1391
f 454/856/1392 455/780/1392 853/782/1392
f 894/652/1393 845/652/1393 844/1191/1393 893/923/1393
f 791/810/1394 880/769/1394 840/680/1394
f 880/769/1395 461/630/1395 840/680/1395
f 881/860/1396 938/859/1396 939/1197/1396
f 939/1197/1397 938/859/1397 471/962/1397
f 906/1198/1398 905/1186/1398 857/829/1398 858/831/1398
f 895/655/1399 846/655/1399 845/1192/1399 894/926/1399
f 902/1199/1400 906/1198/1400 858/831/1400 859/833/1400
f 836/861/1401 907/863/1401 908/862/1401
f 908/862/1402 881/860/1402 882/866/1402
f 881/860/1403 907/863/1403 910/876/1403 466/858/1403
f 846/835/1404 895/864/1404 859/662/1404
f 837/837/1405 908/862/1405 909/865/1405
f 909/865/1406 882/866/1406 883/873/1406
f 860/867/1407 910/876/1407 907/863/1407
f 885/1200/1408 465/498/1408 839/846/1408 884/1201/1408
f 863/840/1409 847/839/1409 912/869/1409
f 912/869/1410 911/868/1410 896/870/1410
f 838/842/1411 909/865/1411 913/872/1411
f 913/872/1412 883/873/1412 884/1201/1412
f 860/867/1413 861/874/1413 910/876/1413
f 910/876/1414 914/875/1414 466/858/1414
f 847/839/1415 848/845/1415 911/868/1415
f 917/1202/1416 915/877/1416 848/845/1416 849/1195/1416
f 839/846/1417 913/872/1417 884/1201/1417
f 861/874/1418 862/878/1418 914/875/1418
f 914/875/1419 916/879/1419 903/880/1419
f 897/611/1420 917/1202/1420 849/1195/1420 850/882/1420
f 464/848/1421 885/881/1421 886/488/1421
f 862/878/1422 863/840/1422 916/879/1422
f 916/879/1423 912/869/1423 904/871/1423
f 890/891/1424 841/891/1424 840/680/1424 889/894/1424
f 463/885/1425 886/884/1425 887/614/1425
f 850/882/1426 851/886/1426 898/883/1426
f 462/889/1427 887/888/1427 888/565/1427
f 851/886/1428 852/857/1428 899/887/1428
f 461/893/1429 888/892/1429 889/616/1429
f 852/857/1430 853/782/1430 900/890/1430
f 900/890/1431 853/782/1431 467/911/1431
f 891/630/1432 842/630/1432 841/1188/1432 890/913/1432
f 853/782/1433 854/781/1433 467/911/1433
f 918/1203/1434 467/911/1434 854/781/1434 855/825/1434
f 892/918/1435 843/636/1435 842/1189/1435 891/916/1435
f 901/1187/1436 918/1203/1436 855/825/1436 856/827/1436
f 893/641/1437 844/641/1437 843/1190/1437 892/920/1437
f 991/895/1438 970/801/1438 472/974/1438 937/969/1438
f 940/1204/1439 941/1205/1439 904/871/1439 896/870/1439
f 943/1206/1440 884/1201/1440 883/873/1440 942/1207/1440
f 940/1204/1441 473/967/1441 937/969/1441
f 941/1205/1442 940/1204/1442 937/969/1442
f 945/1208/1443 940/1204/1443 896/870/1443 915/877/1443
f 942/1207/1444 470/960/1444 469/970/1444
f 943/1206/1445 942/1207/1445 469/970/1445
f 944/896/1446 472/974/1446 471/962/1446
f 938/859/1447 944/896/1447 471/962/1447
f 946/722/1448 885/1200/1448 884/1201/1448 943/1206/1448
f 945/1208/1449 474/977/1449 473/967/1449
f 940/1204/1450 945/1208/1450 473/967/1450
f 947/1209/1451 944/896/1451 466/858/1451 903/880/1451
f 946/722/1452 943/1206/1452 469/970/1452
f 948/1210/1453 945/1208/1453 915/877/1453 917/1202/1453
f 944/896/1454 947/1209/1454 472/974/1454
f 949/849/1455 886/488/1455 885/881/1455 946/897/1455
f 945/1208/1456 948/1210/1456 474/977/1456
f 941/1205/1457 947/1209/1457 903/880/1457 904/871/1457
f 946/897/1458 469/493/1458 468/898/1458
f 937/969/1459 472/974/1459 947/1209/1459 941/1205/1459
f 950/902/1460 948/1210/1460 917/1202/1460 897/611/1460
f 927/1211/1461 474/977/1461 948/1210/1461 950/902/1461
f 897/611/1462 898/883/1462 950/902/1462
f 951/749/1463 887/614/1463 886/884/1463 949/899/1463
f 928/1212/1464 927/1211/1464 950/902/1464 952/901/1464
f 898/883/1465 899/887/1465 952/901/1465
f 954/672/1466 888/565/1466 887/888/1466 951/903/1466
f 929/1213/1467 928/1212/1467 952/901/1467 953/905/1467
f 951/903/1468 468/616/1468 919/904/1468
f 899/887/1469 900/890/1469 953/905/1469
f 930/1214/1470 929/1213/1470 953/905/1470 955/908/1470
f 900/890/1471 467/911/1471 955/908/1471
f 931/1215/1472 930/1214/1472 955/908/1472 957/912/1472
f 889/894/1473 954/769/1473 956/909/1473
f 959/1216/1474 957/912/1474 467/911/1474 918/1203/1474
f 890/913/1475 956/772/1475 958/914/1475
f 932/1217/1476 931/1215/1476 957/912/1476 959/1216/1476
f 961/1218/1477 959/1216/1477 918/1203/1477 901/1187/1477
f 891/916/1478 958/775/1478 960/917/1478
f 933/1219/1479 932/1217/1479 959/1216/1479 961/1218/1479
f 963/1220/1480 961/1218/1480 901/1187/1480 905/1186/1480
f 892/920/1481 960/778/1481 962/921/1481
f 934/1221/1482 933/1219/1482 961/1218/1482 963/1220/1482
f 965/1222/1483 963/1220/1483 905/1186/1483 906/1198/1483
f 893/923/1484 962/712/1484 964/924/1484
f 935/1223/1485 934/1221/1485 963/1220/1485 965/1222/1485
f 967/1224/1486 882/866/1486 881/860/1486 939/1197/1486
f 894/926/1487 964/715/1487 966/927/1487
f 968/1225/1488 965/1222/1488 906/1198/1488 902/1199/1488
f 939/1197/1489 471/962/1489 470/960/1489
f 967/1224/1490 939/1197/1490 470/960/1490
f 936/1226/1491 935/1223/1491 965/1222/1491 968/1225/1491
f 942/1207/1492 883/873/1492 882/866/1492 967/1224/1492
f 902/662/1493 895/864/1493 968/930/1493
f 895/864/1494 966/722/1494 968/930/1494
f 973/932/1495 971/931/1495 474/977/1495 927/1211/1495
f 942/1207/1496 967/1224/1496 470/960/1496
f 975/936/1497 973/935/1497 928/1212/1497 929/1213/1497
f 927/1211/1498 928/1212/1498 973/1227/1498
f 974/937/1499 976/676/1499 920/616/1499 919/907/1499
f 977/939/1500 975/938/1500 929/1213/1500 930/1214/1500
f 976/940/1501 978/606/1501 921/891/1501 920/910/1501
f 979/942/1502 977/941/1502 930/1214/1502 931/1215/1502
f 978/944/1503 980/769/1503 922/630/1503 921/915/1503
f 981/947/1504 979/946/1504 931/1215/1504 932/1217/1504
f 980/948/1505 982/772/1505 923/636/1505 922/919/1505
f 969/950/1506 981/949/1506 932/1217/1506 933/1219/1506
f 982/951/1507 983/775/1507 924/641/1507 923/922/1507
f 984/953/1508 969/952/1508 933/1219/1508 934/1221/1508
f 983/955/1509 985/778/1509 925/652/1509 924/925/1509
f 986/958/1510 984/957/1510 934/1221/1510 935/1223/1510
f 985/959/1511 987/712/1511 926/655/1511 925/928/1511
f 989/964/1512 986/963/1512 935/1223/1512 936/1226/1512
f 987/965/1513 989/715/1513 936/662/1513 926/929/1513
