# Blender 4.2.23 LTS
# www.blender.org
mtllib shmidleystatue2.mtl
o Smidley
v 1.556998 16.020643 1.476771
v 4.721465 18.441275 -2.501644
v -2.856220 19.484709 2.896233
v -2.485870 16.961676 -2.322290
v -1.097890 24.333929 -2.140738
v 4.285461 20.978046 2.687851
v 0.827367 23.485701 -2.866653
v -0.984060 23.065783 -2.816337
v 0.663967 24.167334 -1.454540
v 0.013125 24.483957 -2.949244
v -0.939697 23.978201 -2.943706
v -0.185591 24.818184 -2.146042
v -1.062660 23.767046 -1.406572
v -2.491688 24.119555 -3.367150
v -3.119038 29.099180 -3.189244
v -2.340678 23.549334 -3.252442
v 0.687109 25.838417 -3.507157
v -2.505992 24.126608 -3.606331
v 0.672848 25.845373 -3.746585
v 1.088861 25.404089 -3.402841
v -1.401261 26.026037 1.383054
v 1.129110 25.544180 -3.702163
v 1.707106 24.520391 -3.073998
v -1.913515 22.520109 -3.002886
v -2.491795 23.544504 -3.629451
v -0.297245 23.844133 -3.803346
v -1.373781 25.970135 1.236380
v 0.865180 25.611013 -3.267014
v -2.383366 23.467512 -3.699188
v -2.394833 23.809710 -3.203496
v 1.133914 25.410971 -3.767720
v 2.047924 13.246040 1.852105
v -0.242524 13.430924 -0.857627
v 4.092103 15.573653 4.260757
v 4.889919 14.513242 0.151054
v -1.473981 14.398792 3.162930
v 1.274487 17.583870 1.107556
v 1.799332 12.327029 3.875427
v 2.569911 12.374162 8.917578
v 1.725620 15.668704 5.069471
v 3.893786 14.993419 0.928181
v 5.110706 11.893410 4.171479
v 5.008485 15.682006 5.506681
v 3.738186 11.995702 11.137757
v 2.418000 7.978580 13.340613
v 1.639388 12.056973 11.066039
v 3.702614 9.738630 9.168999
v 2.723188 13.370440 7.283266
v 2.410364 8.001957 13.325252
v 1.668951 9.802996 9.099474
v -1.714262 8.632723 -3.934541
v -1.592264 7.299611 -8.394474
v 0.163164 6.926078 -0.572433
v -1.617912 7.396445 -8.474662
v -1.834449 5.620339 -3.988858
v 0.275043 8.583055 -4.365673
v 0.224045 5.557981 -4.396838
v 3.472355 20.241423 -8.790271
v 3.097597 20.818420 -8.898529
v 4.004115 20.518909 -8.954874
v 3.539860 20.201986 -9.979695
v 2.797127 16.257431 -14.769183
v 3.486706 20.140860 -8.448531
v 5.100477 17.582083 -15.434137
v 3.243455 17.586517 -16.202505
v 1.428329 18.292959 -15.455238
v 3.731737 19.617615 -16.120335
v 3.110810 20.903780 -8.748885
v 3.709527 21.337055 -8.965901
v 2.959679 20.906118 -8.749638
v 4.227890 20.615482 -8.662223
v 3.366281 20.186829 -10.611148
v 3.721367 21.725693 -6.301467
v 3.740928 21.238657 -9.107589
v -5.114553 21.605236 -5.047955
v -6.431887 22.305651 -7.288070
v -5.551697 21.400957 -7.683438
v -5.592806 22.371674 -7.583215
v -6.397954 21.370014 -7.362225
v -9.704232 21.156210 -14.059273
v -6.668485 22.294130 -9.310879
v -6.457037 21.970341 -8.782161
v -6.498075 22.268227 -7.446025
v -5.764978 21.605581 -7.882800
v -5.686758 22.283092 -7.544337
v -5.745407 22.280661 -7.712265
v -6.355863 21.542707 -7.699051
v -7.199216 23.879818 -14.603536
v -8.730202 22.555851 -15.113535
v -9.775935 23.676992 -13.697104
v -7.127551 21.360064 -14.966134
v -1.394429 20.112846 -3.257216
v -1.537229 21.003599 -1.142814
v -5.458450 21.557838 -7.139292
v -1.191933 22.227167 -3.021945
v -3.609640 20.145782 -1.646611
v -3.407139 22.260107 -1.411341
v -6.023387 21.559408 -6.754059
v -5.978414 22.116802 -6.698852
v -5.417240 22.096031 -7.091254
v 2.571384 22.355860 -1.146938
v 3.136833 23.755020 -2.841076
v 1.047150 21.985142 -2.786074
v 4.494088 22.166460 -2.392685
v 2.404403 20.396578 -2.337680
v 3.476898 20.533867 -8.039059
v 3.135795 20.934753 -8.167890
v 4.005779 20.963581 -8.068805
v 3.653289 21.382666 -8.197848
v 1.566604 18.734188 -15.656623
v 0.979912 18.372599 -15.138612
v 0.165249 17.785351 -17.188639
v 1.902007 17.956814 -15.819380
v 2.632717 18.161726 -14.131312
v 1.315315 17.595224 -15.301365
v 2.608490 15.254638 -15.527104
v 2.274643 15.998354 -15.869217
v 3.185633 16.809088 -14.414956
v 3.400360 15.454324 -15.865746
v 2.252116 14.783574 -17.792250
v 3.066512 16.198038 -16.207857
v -7.842143 24.065056 -14.271900
v -8.327706 24.868731 -16.352646
v -7.891630 23.368671 -14.777761
v -7.050580 24.227228 -14.572598
v -6.782796 22.628607 -13.493902
v -7.100063 23.530848 -15.078455
v 4.970478 17.369263 -14.710049
v 3.969621 17.411657 -16.340609
v 4.367744 16.626890 -16.462730
v 4.722345 17.778732 -16.501387
v 5.110382 17.056095 -16.676937
v 3.812722 17.437283 -18.587582
v -6.892787 20.489019 -15.520915
v -7.722517 20.271675 -15.306621
v -7.634549 19.542446 -17.529291
v -7.435719 21.970215 -14.297157
v -7.194408 21.167959 -16.000164
v -8.024136 20.950617 -15.785871
v -9.277909 21.587315 -15.716866
v -9.385499 21.316252 -13.825521
v -9.967112 21.219135 -17.829596
v -9.112382 20.714487 -15.709556
v -10.090266 21.398949 -15.538585
v -9.974885 20.569189 -15.580750
v -2.977514 28.774778 -3.205486
v -2.481574 28.335474 -3.242571
v -2.863858 28.903513 -3.210578
v -2.711384 28.566954 -2.501900
v -2.367920 28.464212 -3.247664
v -2.172249 28.088720 -2.559204
v -1.828597 27.986118 -3.297212
v -1.690695 27.661192 -2.619821
v -1.357405 27.569618 -3.310389
v -1.942252 27.857384 -3.292111
v -1.471058 27.440876 -3.305288
v -0.989506 27.013350 -3.365911
v -1.220806 27.243687 -2.687313
v -0.875851 27.142084 -3.371006
v -0.755725 26.831976 -2.715566
v -0.422062 26.740688 -3.390615
v -0.353964 26.476061 -2.746680
v -0.060291 26.420507 -3.410859
v -0.535716 26.611952 -3.385514
v -0.173946 26.291769 -3.405764
v 0.175789 25.981323 -3.448400
v 0.007993 26.156019 -2.759176
v 0.289443 26.110060 -3.453496
v 0.317696 25.871809 -3.031896
v 0.610479 25.825043 -3.493903
v 0.496825 25.696301 -3.488813
v 0.739365 25.595398 -3.006130
v 0.450589 25.645678 -2.420514
v 0.600469 25.497091 -3.058060
v 0.276261 26.202559 -2.958384
v 0.311692 25.547375 -2.472441
v -0.030426 26.243607 -2.315488
v 0.001582 25.594671 -1.832192
v -0.300338 26.272707 -1.737774
v -0.282185 25.660114 -1.283942
v 0.140478 25.692976 -1.780264
v -0.143291 25.758425 -1.232010
v -0.413201 25.787527 -0.654299
v -0.560155 26.294416 -1.170971
v -0.552096 25.689219 -0.706222
v -0.833747 26.346807 -0.624198
v -0.822434 25.746706 -0.175667
v -1.067224 26.386671 -0.149391
v -1.035987 25.788839 0.249008
v -0.683541 25.845022 -0.123737
v -0.897094 25.887152 0.300939
v -1.093712 25.909399 0.719996
v -1.284199 26.435049 0.272635
v -1.232604 25.811087 0.668070
v -1.358164 26.266445 0.730467
v -1.412551 25.830492 1.053213
v -1.273651 25.928797 1.105146
v 1.656451 9.548537 1.838256
v 1.597845 11.152103 -1.400672
v -1.648115 9.899482 2.033386
v -0.183839 6.393608 -1.757457
v 0.346853 14.125165 1.761588
v -1.724795 11.581140 -1.591637
v -2.926266 28.802485 -3.207747
v -2.832169 28.145914 -3.227101
v -3.096144 28.777918 -3.200327
v -2.849770 28.492134 -2.495793
v -3.002046 28.121347 -3.219687
v -2.748074 27.777380 -2.533796
v -2.900043 27.406801 -3.249937
v -2.657572 27.138414 -2.577163
v -2.809868 26.784286 -3.246305
v -2.730165 27.431368 -3.257345
v -2.639988 26.808846 -3.253715
v -2.549487 26.169886 -3.297081
v -2.569553 26.514433 -2.627804
v -2.719364 26.145315 -3.289667
v -2.481082 25.899096 -2.639440
v -2.632761 25.545387 -3.293075
v -2.404892 25.367144 -2.656192
v -2.563883 25.066839 -3.300396
v -2.462883 25.569952 -3.300485
v -2.394005 25.091404 -3.307808
v -2.328228 24.627428 -3.337918
v -2.335706 24.888805 -2.655767
v -2.498106 24.602861 -3.330503
v -2.285706 24.464174 -2.917030
v -2.437770 24.176886 -3.359410
v -2.267892 24.201448 -3.366829
v -2.306927 23.912188 -2.946776
v -2.178446 24.193018 -2.369290
v -2.151413 23.976553 -3.004442
v -2.573122 24.628149 -2.902866
v -2.022934 24.257387 -2.426950
v -2.425591 24.920168 -2.268819
v -1.878950 24.555593 -1.795552
v -2.289451 25.173634 -1.699017
v -1.767083 24.839643 -1.255010
v -2.034463 24.491224 -1.737887
v -1.922598 24.775280 -1.197341
v -1.786457 25.028742 -0.627544
v -2.152747 25.414438 -1.139940
v -1.630943 25.093107 -0.685203
v -2.035282 25.682901 -0.600788
v -1.520010 25.361265 -0.162076
v -1.930700 25.909561 -0.132567
v -1.429435 25.571444 0.256674
v -1.675526 25.296902 -0.104409
v -1.584951 25.507082 0.314343
v -1.486719 25.692244 0.727653
v -1.843674 26.125917 0.283537
v -1.331203 25.756605 0.669991
v -1.647973 26.106312 0.736116
v -1.240443 25.925587 1.049860
v -1.395958 25.861216 1.107529
v -2.895144 25.989927 -3.824224
v -2.887026 25.181831 -4.992142
v -2.819650 24.666103 -4.195436
v -2.738194 24.674160 -4.198515
v -2.835143 25.232111 -5.063177
v -2.748307 23.974648 -5.209482
v -2.888298 25.865011 -3.893886
v -2.907918 25.151899 -4.883972
v -2.832299 24.712439 -4.190441
v -2.742928 24.765594 -4.262783
v -2.803696 25.118736 -4.820080
v -2.756410 24.060490 -5.143753
v -0.686626 27.184052 -3.921668
v -0.095516 26.691172 -5.115308
v 0.352956 26.381498 -4.335418
v 0.301601 26.317747 -4.332635
v -0.170655 26.672770 -5.180739
v 0.822632 25.905416 -5.367038
v -0.590740 27.107277 -3.995255
v -0.051741 26.696205 -5.009992
v 0.321479 26.417654 -4.329592
v 0.223407 26.369463 -4.393661
v -0.076504 26.593300 -4.940406
v 0.759809 25.961674 -5.298895
v -2.798569 23.930241 -5.806394
v -2.466148 23.550415 -3.258018
v 1.020826 25.745661 -6.089335
v -2.769956 23.686281 -5.912971
v -2.846947 24.516731 -5.518242
v 0.549304 26.146502 -5.762603
v 0.242559 26.400890 -5.555424
v 1.179120 25.575483 -5.228308
v 0.238122 24.622231 -5.206500
v 1.280818 25.460924 -4.643484
v 1.227725 25.522043 -4.948536
v 0.096029 26.426300 -3.363918
v 0.477796 24.443026 -4.085782
v 1.343153 25.370874 -4.240679
v 0.956709 24.809134 -3.778409
v 1.449979 25.245729 -3.640906
v -1.364078 23.468430 -3.933702
v 1.481767 25.218622 -3.434547
v -0.329823 23.825153 -4.586499
v 0.835718 24.716442 -3.855900
v -0.354528 23.825079 -4.613687
v -2.726867 23.674498 -5.847034
v -2.578558 23.379766 -4.497747
v -2.641232 23.469875 -4.919683
v -2.517145 23.292976 -4.093643
v -2.408302 23.112549 -3.271812
v 1.022038 25.623802 -3.413967
v 0.823987 25.795294 -3.397855
v 0.499829 26.074289 -3.384207
v -2.553455 24.230032 -3.249580
v -2.937923 25.700624 -4.940657
v -2.536430 24.060442 -3.256672
v -2.599528 24.573332 -3.246037
v -2.650754 24.941145 -3.242725
v -2.684683 25.207281 -3.238021
v -2.752700 25.708090 -3.231421
v -0.398422 26.849968 -3.337582
v -2.811654 26.165504 -3.320488
v -0.587155 27.093798 -4.985606
v -2.721964 25.785837 -3.227279
v -0.844496 27.229128 -3.407281
v -1.231460 27.577772 -3.295298
v -1.692902 27.973633 -3.341259
v -2.966595 27.284960 -3.285062
v -2.884322 26.684088 -3.222370
v -1.306161 27.696653 -4.496002
v -3.036043 26.867365 -4.371370
v -3.003340 26.509052 -4.546467
v -1.011473 27.449266 -4.703626
v -3.077714 27.411697 -4.104100
v -1.774278 28.087519 -4.177742
v -2.152708 28.407251 -3.917102
v -1.995663 28.240107 -3.256839
v -2.121406 28.350462 -3.245397
v -3.059073 27.993731 -3.254558
v -2.229280 28.438780 -3.240593
v -2.473982 28.650478 -3.229416
v -3.114791 28.440931 -3.198548
v -2.444427 28.649080 -3.715780
v -3.146699 28.269369 -3.684797
v -3.175673 28.659334 -3.495132
v -2.949075 29.068575 -3.374004
v -2.689195 28.847994 -3.553831
v -3.198728 28.933592 -3.362992
v -3.196809 29.243433 -3.184258
v -2.871466 28.995382 -3.210113
v -2.775809 28.891193 -3.207810
v -3.110678 27.788939 -3.923489
v -3.001933 27.568079 -3.208469
v -3.027855 27.765177 -3.207477
v -2.912165 25.344484 -5.116787
v -0.139938 26.724024 -5.294814
v -2.891297 25.072451 -5.249207
v 1.328928 16.586777 0.298102
v 1.108982 16.486443 0.235869
v 0.913510 16.344040 0.176737
v 0.750231 16.165318 0.122834
v 0.625925 15.957855 0.076195
v 0.545384 15.729659 0.038734
v 0.511797 15.489634 0.012015
v 0.527172 15.248041 -0.002567
v 0.590219 15.013167 -0.004578
v 0.654930 14.847674 -0.001839
v 1.437306 15.148973 1.504742
v 0.792092 14.645921 0.017453
v 3.844242 15.059314 -0.820409
v 0.963883 14.468557 0.046093
v 3.576755 14.737603 -0.687072
v 1.173866 14.339831 0.090502
v 1.387580 14.241169 0.134752
v 1.622287 14.178155 0.186598
v 2.484269 14.166820 -0.150912
v 1.872445 14.175815 0.247357
v 2.114264 14.214044 0.308285
v 1.825355 14.131135 -0.263340
v 1.591680 14.138738 -0.333925
v 1.311654 14.241603 -0.409529
v 1.152916 14.344069 -1.051059
v 2.892280 14.862254 0.547651
v 2.969795 15.086205 0.585486
v 3.002290 15.324740 0.612990
v 0.728949 15.244258 -1.318039
v 2.988072 15.568044 0.628790
v 2.926902 15.805661 0.632357
v 2.821023 16.028309 0.623504
v 2.674472 16.227381 0.602535
v 2.492784 16.395090 0.570290
v 2.282760 16.524752 0.528140
v 2.052343 16.611202 0.477801
v 1.810388 16.651125 0.421211
v 1.566037 16.642765 0.360592
v 4.162743 14.425056 -2.372686
v 3.570079 13.966776 -2.187767
v 2.932799 13.736474 -2.203640
v 2.182255 13.775810 -2.250268
v 1.858194 13.918626 -2.272661
v 1.199262 14.375226 -2.359119
v 1.012657 14.603232 -2.614072
v 0.848728 14.077630 -4.324263
v 0.742432 15.422734 -2.289308
v 0.725971 15.294616 -3.564209
v 2.825719 16.012869 -6.078243
v 3.227643 15.976805 -5.999444
v 3.606463 15.845644 -5.937944
v 3.951668 15.658704 -5.835275
v 4.249328 15.423109 -5.694654
v 4.488631 15.147536 -5.523534
v 4.669425 14.838717 -5.350356
v 4.766080 14.518944 -5.131728
v 4.784365 14.208261 -4.886008
v 4.626579 13.864232 -4.255243
v 4.414387 13.450475 -4.215645
v 4.095889 13.092261 -4.098332
v 3.833118 12.939723 -4.002481
v 3.480282 12.801347 -3.860415
v 2.207561 12.807654 -3.780902
v 1.911393 12.893228 -3.812255
v 1.547069 13.067710 -3.974683
v 0.741357 14.920175 -5.051558
v 0.864425 15.212964 -5.274149
v 1.071682 15.479501 -5.475126
v 1.343363 15.704844 -5.653292
v 1.667875 15.879828 -5.801689
v 2.032949 15.997762 -5.914366
v 2.425205 16.054131 -5.987390
v 1.797638 13.188815 -9.058191
v 2.130213 13.069818 -9.173552
v 2.459276 12.912867 -9.231973
v 2.766152 12.710784 -9.240730
v 3.038959 12.470935 -9.199183
v 3.267141 12.202184 -9.109186
v 3.441857 11.914594 -8.974537
v 3.531756 11.695331 -8.845834
v 1.632976 10.181568 -6.779008
v 1.307347 10.377952 -6.692631
v 1.002380 10.617332 -6.658359
v 0.734567 10.825313 -6.680474
v 0.503725 11.176326 -6.756483
v 0.333145 11.440454 -6.868976
v 0.214845 11.773254 -7.038825
v 0.162210 12.084983 -7.246959
v 0.171452 12.388943 -7.490880
v 0.250411 12.646276 -7.746170
v 0.392853 12.863963 -8.008092
v 0.592899 13.035944 -8.266477
v 0.842858 13.156527 -8.511209
v 1.133129 13.221721 -8.732876
v 1.452291 13.229690 -8.923516
v 1.052084 11.678875 -9.514003
v 2.254178 9.943411 -9.884702
v 2.605858 9.640999 -8.662627
v 0.256451 9.074030 -9.423598
v -0.306975 9.534145 -9.308015
v -0.273439 10.578678 -8.540609
v -0.213777 10.769454 -8.617092
v -0.114129 10.976074 -8.715080
v 0.008716 11.204223 -8.828347
v 0.175323 11.390272 -8.961693
v 0.375311 11.536122 -9.107272
v 0.601534 11.635211 -9.259526
v 0.853328 11.667334 -9.415260
v 1.111550 9.931312 -11.517080
v 1.103777 9.735977 -11.550530
v 1.061623 9.551332 -11.545094
v 0.992459 9.394457 -11.438905
v 0.920779 9.302325 -11.355352
v -0.802375 9.016911 -12.327455
v -1.028262 9.900435 -11.536948
v -1.079116 9.998347 -13.108012
v -1.184130 9.851192 -13.112959
v -1.313055 9.737494 -13.059489
v -1.442421 9.669575 -12.955432
v -1.531635 9.647247 -12.831017
v -1.627992 9.706326 -12.594914
v -1.647639 9.768669 -12.517766
v -1.923375 10.274344 -13.173141
v 3.119060 13.772784 -2.205203
v 3.745548 14.172736 -2.048150
v 4.041155 14.375819 -2.187330
v 4.248952 15.106555 -1.772755
v 4.632611 14.914737 -3.359632
v 4.532026 15.477104 -2.924516
v 4.495198 15.724481 -3.027427
v 2.310974 14.269485 0.347325
v 4.389342 16.036470 -3.207609
v 4.214299 16.323193 -3.382782
v 2.513261 14.382070 0.404768
v 3.976345 16.572470 -3.546500
v 3.684522 16.774378 -3.691061
v 2.696249 14.545791 0.462543
v 3.350944 16.923046 -3.798933
v 2.989879 17.014469 -3.864899
v 2.843695 14.742496 0.513229
v 1.362323 14.297812 -2.225722
v 1.132187 14.441688 -2.562742
v 2.953274 14.972047 0.557901
v 0.791631 15.296657 -2.155097
v 3.008017 15.205351 0.591526
v 0.737902 15.109140 -3.555093
v 0.758353 15.746538 -3.213728
v 3.017182 15.449859 0.613760
v 0.862577 16.052738 -3.371180
v 1.037365 16.336363 -3.506219
v 2.978861 15.693976 0.623802
v 1.272744 16.583231 -3.626229
v 1.559200 16.783199 -3.729085
v 2.893906 15.927460 0.621376
v 1.885913 16.928728 -3.812567
v 2.242263 17.017090 -3.868196
v 2.765630 16.141396 0.606472
v 2.616088 17.036728 -3.912663
v 0.528163 16.013687 -0.711228
v 2.598914 16.327492 0.579648
v 3.439517 15.804502 -0.028660
v 2.400063 16.478458 0.541989
v 1.211784 16.829687 -0.615845
v 0.789970 14.661838 -0.537029
v 2.176539 16.588251 0.495072
v 2.813445 16.769827 -0.241833
v 3.036911 14.498698 -0.035243
v 0.462628 15.732780 -0.704111
v 1.936808 16.652477 0.440800
v 3.465396 15.520885 -0.001925
v 1.050657 16.728525 -0.645457
v 0.932956 14.779651 0.568381
v 0.986425 14.436658 -0.481641
v 3.037578 16.577221 -0.173591
v 2.800491 14.304360 -0.073784
v 1.976509 17.033487 -0.456493
v 0.544391 15.130193 -0.020193
v 0.457764 15.446530 -0.682454
v 3.439729 15.237180 0.007341
v 0.503988 15.371270 -0.011847
v 0.651355 16.281496 -0.701168
v 0.828061 16.523458 -0.679156
v 0.513111 15.615647 0.009292
v 3.220831 16.345541 -0.113537
v 3.356357 16.084116 -0.064136
v 0.570965 15.853286 0.042055
v 0.674776 16.074259 0.084926
v 1.389067 16.915951 -0.578478
v 1.674039 17.002419 -0.519415
v 0.820595 16.270128 0.136154
v 0.642647 14.924021 -0.586142
v 0.519741 15.174220 -0.642900
v 1.002782 16.433302 0.193655
v 2.273076 17.002449 -0.386058
v 2.555317 16.913506 -0.313700
v 1.213373 16.556177 0.255449
v 3.374716 14.988391 -0.000617
v 3.250723 14.755280 -0.014200
v 1.445731 16.636047 0.318714
v 2.305088 17.291693 -1.565373
v 1.969785 17.257957 -1.594016
v 1.690093 16.668682 0.381240
v 1.642271 17.157022 -1.616195
v 1.325350 16.981926 -1.618470
v 1.055890 16.773109 -1.620342
v 0.834105 16.525110 -1.609076
v 0.667230 16.245951 -1.581541
v 0.561436 15.946182 -1.536265
v 0.525796 15.643952 -1.469863
v 0.583313 15.378140 -1.366329
v 0.806769 15.138098 -1.213237
v 0.866350 14.876073 -1.092119
v 1.030549 14.580400 -1.062231
v 2.624426 17.257643 -1.486466
v 2.933309 17.157125 -1.401762
v 3.209964 16.992508 -1.298762
v 3.443512 16.770250 -1.183550
v 3.632049 16.508356 -1.073494
v 3.769517 16.218708 -0.974381
v 3.850321 15.912154 -0.887781
v 3.876723 15.607526 -0.818488
v 3.861317 15.333455 -0.770631
v 3.791805 15.108081 -0.741683
v 3.773518 14.962958 -0.756072
v 3.421267 14.595043 -0.638821
v 3.112031 14.347499 -0.616760
v 2.623684 14.227988 -0.119789
v 2.278196 14.124511 -0.175311
v 2.036530 14.093352 -0.219968
v 1.449851 14.182753 -0.361231
v 1.190193 14.318534 -0.437504
v 1.197391 14.549153 0.603006
v 1.356381 14.475797 0.632902
v 1.524659 14.433711 0.669580
v 1.697305 14.426659 0.712094
v 1.866271 14.452655 0.758382
v 2.026256 14.512111 0.806927
v 2.170511 14.601632 0.855738
v 2.293713 14.718023 0.903058
v 2.391037 14.856828 0.947169
v 2.458513 15.012668 0.986474
v 2.417236 15.236266 1.073166
v 2.405831 15.396716 1.094536
v 2.363584 15.553153 1.107419
v 2.292077 15.699512 1.111323
v 2.194054 15.830157 1.106094
v 2.073275 15.940059 1.091937
v 1.934370 16.024977 1.069401
v 1.782665 16.081636 1.039356
v 1.623989 16.107859 1.002956
v 1.054095 14.651344 0.581109
v 0.912180 14.881976 0.636802
v 0.840749 15.028438 0.640676
v 0.797908 15.184024 0.653360
v 0.786152 15.343972 0.674608
v 0.806086 15.502349 0.703599
v 0.856653 15.652650 0.739150
v 0.935869 15.789048 0.779885
v 1.040690 15.906295 0.824234
v 1.167069 15.999864 0.870488
v 1.310149 16.066149 0.916871
v 1.464435 16.102619 0.961599
v 2.744592 13.719132 -2.204771
v 2.365565 13.740581 -2.228306
v 2.005063 13.829665 -2.273729
v 1.611935 14.064946 -2.291091
v 3.878434 14.258595 -2.101516
v 3.248115 14.150537 -1.388630
v 1.403894 14.250533 -1.663567
v 2.544201 17.327459 -2.771988
v 2.184817 17.296818 -2.755742
v 2.912686 14.015950 -1.403046
v 2.895398 17.297976 -2.713130
v 1.836130 17.196337 -2.724944
v 2.646056 13.951417 -1.440297
v 3.229168 17.199030 -2.629690
v 2.394167 13.924245 -1.513174
v 3.528895 17.034979 -2.503274
v 1.509390 17.032423 -2.675364
v 2.035302 13.978529 -1.516221
v 3.782090 16.810621 -2.344560
v 1.221806 16.817249 -2.621073
v 1.703991 14.081819 -1.587689
v 3.985386 16.541996 -2.185995
v 0.984576 16.559740 -2.557415
v 4.133152 16.242373 -2.038847
v 0.805907 16.269089 -2.478805
v 4.221413 15.925877 -1.906694
v 0.695910 15.960683 -2.378829
v 4.269834 15.631395 -1.812100
v 0.688952 15.681062 -2.222037
v 4.303275 15.229955 -1.891639
v 3.182320 12.743558 -3.817436
v 3.652279 12.851840 -3.941997
v 4.293535 13.250603 -4.212837
v 4.532775 13.650171 -4.254998
v 4.687233 13.962261 -4.391349
v 1.321485 13.251842 -4.072904
v 1.116719 13.430989 -4.131769
v 0.917934 13.853402 -4.297090
v 0.775617 14.184136 -4.359594
v 0.662999 14.445118 -4.765932
v 0.677221 14.671418 -4.889036
v 2.782644 12.756690 -3.721097
v 2.492705 12.740016 -3.758121
v 1.715868 12.959695 -3.908223
v 1.244690 16.119425 -4.617605
v 1.008215 15.875734 -4.452535
v 2.551159 13.728498 -2.196409
v 4.730617 14.142811 -4.444515
v 4.632957 15.106084 -3.379371
v 1.537444 16.318199 -4.758250
v 0.996568 13.638814 -4.192400
v 4.654035 15.259835 -4.164025
v 1.874990 16.464100 -4.868766
v 4.527070 15.566310 -4.362923
v 2.245428 16.552549 -4.944247
v 3.328135 13.845298 -2.202343
v 0.722682 14.363523 -4.420434
v 4.329362 15.849547 -4.543115
v 2.633945 16.559805 -5.022583
v 4.070257 16.097723 -4.701689
v 0.740022 15.297477 -4.083707
v 3.757963 16.300995 -4.829865
v 3.405241 16.452560 -4.921191
v 0.839463 15.598144 -4.270089
v 3.026721 16.546892 -4.972883
v 3.304857 11.627791 -5.428728
v 3.656216 11.678082 -5.619662
v 3.970052 11.789249 -5.846645
v 4.233806 11.957685 -6.101340
v 4.437280 12.176088 -6.374263
v 4.572865 12.434522 -6.656095
v 4.634970 12.723878 -6.933668
v 4.622839 13.047488 -7.165001
v 4.536649 13.366649 -7.405279
v 4.377361 13.679473 -7.619005
v 4.151534 13.974907 -7.793089
v 3.868475 14.244184 -7.918065
v 3.538677 14.476077 -7.991606
v 3.174792 14.661682 -8.011048
v 2.790524 14.793664 -7.976167
v 1.439323 12.281911 -5.244039
v 1.153745 12.552814 -5.369770
v 0.927475 12.853238 -5.540379
v 0.768132 13.169447 -5.750619
v 0.684205 13.490953 -5.987046
v 0.682685 13.806182 -6.229754
v 0.733669 14.083401 -6.541294
v 0.872883 14.340789 -6.820597
v 1.080365 14.556106 -7.090991
v 1.348157 14.721508 -7.341920
v 1.665989 14.830909 -7.563611
v 2.021604 14.880223 -7.747557
v 2.394569 14.852054 -7.903811
v 2.936147 11.661691 -5.256705
v 2.518309 11.720643 -5.197325
v 2.132704 11.857522 -5.159142
v 1.768165 12.045505 -5.175062
v 4.687768 13.131478 -5.554928
v 4.777411 13.431549 -5.804919
v 0.694910 13.958857 -5.451014
v 0.735771 13.617283 -5.252989
v 4.802062 13.662969 -6.027131
v 0.688699 14.267662 -5.707317
v 4.754416 13.985929 -6.274011
v 0.906316 14.753652 -6.041899
v 4.629895 14.305076 -6.500695
v 1.102812 15.009461 -6.285640
v 4.500931 14.524875 -6.698866
v 1.361422 15.219398 -6.511750
v 4.252199 14.806396 -6.866996
v 1.674708 15.377147 -6.709888
v 3.946158 15.052555 -6.989105
v 2.030788 15.476751 -6.872281
v 3.595506 15.253084 -7.064611
v 2.416403 15.514365 -6.993271
v 3.214011 15.400157 -7.091444
v 3.299169 12.201982 -4.624340
v 3.647767 12.267583 -4.745009
v 2.810120 15.467745 -7.097281
v 3.989314 12.406353 -4.907847
v 2.905744 12.213875 -4.509092
v 1.400832 12.752563 -4.676711
v 1.701216 12.512844 -4.589877
v 4.282582 12.598910 -5.101125
v 2.465662 12.229711 -4.510846
v 1.091185 12.997549 -4.849281
v 4.519006 12.847804 -5.319678
v 2.069486 12.341030 -4.524997
v 0.880851 13.304130 -5.056653
v 2.462993 10.073912 -7.132686
v 2.768898 10.137151 -7.325934
v 3.041632 10.267112 -7.535759
v 3.267041 10.416742 -7.774825
v 3.442672 10.642179 -8.010002
v 3.558132 10.898365 -8.249331
v 3.608548 11.178001 -8.482923
v 3.592590 11.466232 -8.699837
v 2.114867 10.030949 -7.010536
v 1.783600 9.784096 -7.114313
v 1.517820 14.112866 -8.307030
v 1.199740 14.048321 -8.084486
v 3.264611 13.591924 -8.725718
v 2.928768 13.800910 -8.744720
v 1.866230 14.117470 -8.490555
v 2.569237 13.962319 -8.708346
v 2.794339 10.867234 -6.166805
v 3.138096 10.893779 -6.354438
v 2.215804 14.065907 -8.622826
v 3.450689 10.981037 -6.576595
v 2.508272 10.906510 -6.039288
v 1.197891 11.547108 -5.875565
v 1.512281 11.297112 -5.843128
v 3.720020 11.123941 -6.825909
v 2.222171 10.900212 -5.952796
v 0.925462 11.835782 -5.964299
v 3.935464 11.318871 -7.093339
v 1.857742 11.085707 -5.867544
v 0.706075 12.145991 -6.106294
v 4.088550 11.558030 -7.369719
v 0.548645 12.463861 -6.294678
v 4.173349 11.829423 -7.645444
v 0.457487 12.786866 -6.526495
v 4.187757 12.124689 -7.908150
v 0.451582 13.266283 -6.985652
v 4.130429 12.434066 -8.148298
v 0.543401 13.527837 -7.273604
v 4.008321 12.763982 -8.354796
v 0.702935 13.750517 -7.557537
v 3.815220 13.064266 -8.526677
v 0.924554 13.926091 -7.831385
v 3.563931 13.343276 -8.652061
v 1.326562 9.014218 -9.255369
v 1.218814 9.075114 -10.022068
v 1.589316 9.501791 -10.430074
v 2.333500 10.154361 -9.888945
v 2.314409 10.334973 -9.963651
v 2.280595 10.581515 -10.025636
v 2.194124 10.822686 -10.043383
v 2.058338 11.057534 -10.031865
v 1.882456 11.266753 -9.989964
v 1.673690 11.441625 -9.919249
v 1.440272 11.575176 -9.822593
v 1.190164 11.667768 -9.699167
v 0.361839 10.006065 -7.571688
v -0.236709 10.196549 -8.486711
v -0.255492 10.396482 -8.467706
v 1.145477 9.005794 -8.980370
v 0.843585 9.055246 -8.891292
v 0.369582 9.032518 -9.456633
v 0.145917 9.130381 -9.390477
v 2.161997 9.305341 -8.454106
v 2.415979 9.463363 -8.595935
v 1.562269 9.299555 -8.109078
v 1.892563 9.284048 -8.234392
v 0.479132 9.874226 -7.565787
v 0.639024 9.719610 -7.628356
v 1.170350 9.358113 -7.859128
v 0.225732 10.207761 -7.570196
v 2.739157 9.875986 -8.720706
v 0.892418 9.443629 -7.767524
v 0.076739 10.419325 -7.682866
v 2.875578 10.078177 -8.922901
v 0.013185 10.812071 -7.654346
v 2.964070 10.381676 -9.053392
v -0.049663 11.076016 -7.767610
v 2.985562 10.631584 -9.228817
v -0.044970 11.503130 -8.012262
v 2.950215 10.907459 -9.367204
v 0.033485 11.749267 -8.202817
v 2.857452 11.173251 -9.465154
v 0.165810 11.964326 -8.407246
v 2.711850 11.444034 -9.527998
v 0.348273 12.138196 -8.616403
v 2.518072 11.694094 -9.553216
v 0.573883 12.265013 -8.821952
v 2.283545 11.913845 -9.539322
v 0.833954 12.340424 -9.015989
v 2.017375 12.094860 -9.486718
v 1.120198 12.359920 -9.185388
v 1.729748 12.230455 -9.397974
v 1.442047 12.325984 -9.261759
v 0.370752 8.934177 -10.942895
v 0.542700 9.001787 -11.021616
v 0.697715 9.094253 -11.132501
v 0.832910 9.193353 -11.279130
v 1.142117 10.156789 -11.299264
v 1.096594 10.256744 -11.303085
v 1.004779 10.417106 -11.249951
v 0.888190 10.556820 -11.172191
v 0.750409 10.668508 -11.076499
v 0.593959 10.748977 -10.967006
v 0.404826 10.817979 -10.844214
v -0.432969 9.152413 -10.378139
v -0.527279 9.242257 -10.340024
v -0.594830 9.371226 -10.302681
v -0.599432 9.446041 -10.319326
v -0.601879 9.621157 -10.283840
v -0.578628 9.817384 -10.265138
v -0.545339 10.122115 -10.174631
v -0.499844 10.357079 -10.214683
v -0.393991 10.512108 -10.297854
v -0.262335 10.642545 -10.393200
v -0.110628 10.743422 -10.498694
v 0.059919 10.801685 -10.612238
v 0.259037 10.739656 -10.771047
v 0.215962 8.904249 -10.792139
v 0.020594 8.914322 -10.710265
v -0.145899 8.970312 -10.562840
v -0.299768 9.048149 -10.460313
v 0.849754 8.980180 -10.052604
v 1.132982 9.032862 -9.933808
v 1.296119 9.128951 -10.097990
v 0.659883 8.952364 -9.891303
v -0.205890 9.375960 -9.375860
v -0.013872 9.225557 -9.360481
v 1.381943 9.206280 -10.219296
v 0.424021 8.974265 -9.794028
v 1.469296 9.357685 -10.397567
v -0.371578 9.672710 -9.266951
v 1.709590 9.618690 -10.381636
v -0.469567 9.880095 -9.359471
v 1.629840 9.783387 -10.625053
v -0.508851 10.112410 -9.377371
v 1.650539 10.001365 -10.663427
v -0.491123 10.299304 -9.450138
v 1.622729 10.214001 -10.726375
v -0.629223 9.055702 -12.468883
v -0.483573 9.137662 -12.549174
v -0.379332 9.226155 -12.617507
v -0.241584 9.327403 -12.618815
v -0.153728 9.434440 -12.617109
v -0.094225 9.568046 -12.635405
v -0.053436 9.707165 -12.629497
v -0.031707 9.844045 -12.597216
v -0.032243 9.969118 -12.553425
v -0.051387 10.080938 -12.492899
v -0.085358 10.178656 -12.394326
v -0.137951 10.256603 -12.283762
v -0.207487 10.311521 -12.167091
v -0.292465 10.343069 -12.049592
v -0.396268 10.362607 -11.940993
v -1.071979 9.113918 -11.944470
v -1.152304 9.356151 -11.673017
v -1.158271 9.460932 -11.617364
v -1.140749 9.592833 -11.568736
v -1.102335 9.727027 -11.537935
v -0.818404 10.134993 -11.596990
v -0.495306 10.336525 -11.832010
v -0.911113 9.022156 -12.156426
v -0.999395 9.056613 -12.048723
v -0.714244 10.224223 -11.660480
v -0.605804 10.292304 -11.741145
v -0.184516 8.930848 -11.682229
v -0.049679 8.954681 -11.845963
v 0.079660 9.028325 -11.955992
v -0.356729 8.924277 -11.617212
v -0.793484 9.082582 -11.257318
v -0.702905 8.998028 -11.335450
v 0.195194 9.129670 -12.053144
v -0.464770 8.899272 -11.521710
v -1.115718 9.200346 -11.796916
v -0.591794 8.937522 -11.421268
v -1.140767 9.275623 -11.724359
v -0.915482 10.029836 -11.553587
v -1.013501 10.137019 -13.049964
v -0.999086 10.236925 -12.979345
v -0.997576 10.298989 -12.915229
v -1.008376 10.351227 -12.843363
v -1.031138 10.391658 -12.766395
v -1.065018 10.418701 -12.687192
v -1.108781 10.431247 -12.608764
v -1.160781 10.428740 -12.534101
v -1.648390 9.837638 -12.449203
v -1.634674 9.908019 -12.393378
v -1.607757 9.982549 -12.347995
v -1.570618 10.060552 -12.319022
v -1.523861 10.137812 -12.305436
v -1.469294 10.210959 -12.308042
v -1.409144 10.277275 -12.326472
v -1.345791 10.334176 -12.359920
v -1.281624 10.379503 -12.406950
v -1.219189 10.411426 -12.465793
v -1.586706 9.654612 -12.705104
v -1.116930 9.343120 -12.768280
v -1.038313 9.386753 -12.856712
v -1.381862 9.381389 -12.387287
v -1.331650 9.341807 -12.487001
v -0.867868 9.522065 -12.969138
v -0.784800 9.607369 -12.992205
v -1.199851 9.325570 -12.691572
v -1.415460 9.437982 -12.286537
v -0.717186 9.715708 -13.006079
v -1.269630 9.322389 -12.588781
v -1.431803 9.509822 -12.190484
v -0.651198 9.820303 -12.989565
v -1.433092 9.596745 -12.107393
v -0.607466 9.930239 -12.958559
v -1.417992 9.693282 -12.039886
v -1.388904 9.796441 -11.991559
v -0.569438 10.045620 -12.893409
v -1.342583 9.901373 -11.957984
v -0.559435 10.158830 -12.807477
v -1.281101 10.003134 -11.940546
v -0.567121 10.240927 -12.720761
v -1.209968 10.100840 -11.945040
v -0.590264 10.307595 -12.623995
v -1.131310 10.189973 -11.970788
v -0.628811 10.357364 -12.521298
v -1.047587 10.266623 -12.015906
v -0.681399 10.388282 -12.416656
v -0.962034 10.327868 -12.078844
v -0.746357 10.398934 -12.315055
v -0.949541 9.443846 -12.917001
v -0.843516 10.381408 -12.181720
v -1.634951 10.300976 -12.644049
v -1.708539 9.897079 -12.997973
v -1.791057 9.964545 -12.794436
v -1.406540 10.159522 -13.154903
v -1.787329 10.044618 -12.709669
v -1.372133 10.237760 -13.112041
v -1.763783 10.109448 -12.664210
v -1.362568 10.283924 -13.074937
v -1.739844 10.159430 -12.644003
v -1.361402 10.324781 -13.031089
v -1.709601 10.209320 -12.633644
v -1.368689 10.358770 -12.982261
v -1.674199 10.257148 -12.633669
v -1.384033 10.384613 -12.930301
v -1.406847 10.401324 -12.877256
v -1.593399 10.339069 -12.664454
v -1.436206 10.408278 -12.825146
v -1.551129 10.369900 -12.694072
v -1.470964 10.405208 -12.776012
v -1.549957 9.975608 -13.147161
v -1.509780 10.392242 -12.731746
v -1.633823 9.918865 -13.086108
v -1.763510 9.912991 -12.895676
v -1.469838 10.059994 -13.171604
v 2.556363 15.162612 0.971508
v 2.561130 15.345035 0.999581
v 2.530570 15.526840 1.018338
v 2.465478 15.700517 1.027135
v 2.368369 15.859405 1.025627
v 2.242970 15.997392 1.013866
v 2.094088 16.109156 0.992310
v 1.927430 16.190390 0.961794
v 1.749388 16.237947 0.923499
v 0.798916 14.930582 0.491666
v 0.733827 15.104255 0.500366
v 0.702442 15.284883 0.518829
v 0.707313 15.467439 0.546723
v 0.747986 15.644528 0.582851
v 0.822634 15.808969 0.625770
v 0.928397 15.954453 0.673820
v 1.061208 16.075384 0.725151
v 1.215959 16.167110 0.777781
v 1.386676 16.226072 0.829693
v 1.566799 16.249998 0.878894
v 4.245364 15.384350 -1.738735
v 4.687820 15.019342 -3.995204
v 4.788391 13.822885 -6.155109
v 0.774694 14.514867 -5.877318
v 4.700909 14.147122 -6.388144
v 0.434583 13.026336 -6.733365
v -0.062583 11.308115 -7.879824
vn 0.0867 -0.2812 0.9557
vn 0.7953 -0.5156 0.3189
vn 0.1739 -0.8966 -0.4072
vn -0.5082 -0.7890 0.3454
vn -0.0088 -0.0787 -0.9969
vn -0.9590 0.2239 -0.1739
vn -0.9954 -0.0437 -0.0856
vn -0.4241 0.7941 -0.4354
vn -0.2118 0.6743 0.7074
vn 0.7772 0.5905 -0.2173
vn 0.0145 -0.1034 -0.9945
vn 0.7335 0.6553 -0.1806
vn -0.1358 0.7272 0.6728
vn -0.9904 -0.1268 0.0555
vn -0.8559 -0.1258 0.5016
vn 0.0559 -0.1832 -0.9815
vn 0.4731 -0.8794 -0.0540
vn -0.0834 0.0731 -0.9938
vn 0.6497 0.7600 -0.0166
vn 0.6065 0.6655 0.4351
vn 0.0464 -0.0049 0.9989
vn 0.7348 0.6041 0.3084
vn -0.4644 0.8297 -0.3097
vn 0.4158 -0.7335 0.5377
vn -0.8926 -0.2956 0.3405
vn -0.0972 0.1402 -0.9853
vn 0.0034 -0.5204 -0.8539
vn 0.4131 -0.2953 -0.8615
vn 0.4270 -0.7887 -0.4423
vn -0.4661 0.8330 -0.2981
vn 0.8934 0.1105 0.4354
vn -0.5556 -0.6902 0.4636
vn 0.4624 -0.8254 0.3239
vn -0.4203 0.7422 -0.5221
vn 0.2498 -0.9286 -0.2745
vn -0.2561 -0.9547 0.1514
vn 0.5348 -0.7873 0.3070
vn 0.0179 -0.7265 0.6869
vn -0.2774 0.6784 0.6803
vn -0.8086 0.4656 -0.3597
vn 0.0957 0.3970 -0.9128
vn 0.6338 0.7698 -0.0756
vn -0.1324 -0.9908 0.0295
vn -0.9856 -0.0758 0.1513
vn -0.8653 0.1516 -0.4778
vn -0.0343 -0.7289 -0.6838
vn 0.9611 0.1145 -0.2512
vn 0.8661 -0.1452 0.4784
vn 0.0163 0.9882 -0.1526
vn -0.0908 0.7466 0.6591
vn -0.0157 0.4847 0.8745
vn 0.9571 -0.1989 0.2108
vn 0.0162 0.9431 0.3321
vn -0.0158 0.4844 0.8747
vn 0.9673 0.1578 -0.1984
vn 0.9561 -0.2011 0.2132
vn -0.0158 -0.9208 -0.3897
vn -0.9853 -0.1194 0.1220
vn 0.0159 -0.4574 -0.8891
vn -0.0157 -0.9195 -0.3928
vn -0.9609 0.1747 -0.2147
vn -0.9852 -0.1198 0.1225
vn -0.0383 0.9571 -0.2871
vn -0.9984 0.0405 -0.0394
vn 0.1095 0.9097 0.4006
vn -0.8672 0.0256 0.4973
vn -0.0330 0.9642 -0.2632
vn -0.9987 0.0404 -0.0322
vn 0.9086 -0.0110 -0.4176
vn 0.9094 -0.0110 -0.4158
vn 0.9996 -0.0171 0.0220
vn -0.0993 -0.9280 -0.3592
vn 0.0383 -0.9407 0.3371
vn -0.1014 -0.9233 -0.3705
vn -0.8358 -0.5483 -0.0293
vn -0.8191 -0.4319 0.3775
vn 0.1465 0.2639 0.9534
vn 0.4755 -0.8779 0.0561
vn 0.5364 -0.7299 0.4236
vn -0.8445 -0.4017 0.3541
vn 0.5492 -0.7357 0.3964
vn 0.2525 -0.7474 -0.6145
vn 0.0638 0.3570 0.9319
vn -0.4922 -0.5566 -0.6693
vn -0.3380 0.1190 -0.9336
vn -0.5407 0.8209 -0.1840
vn -0.5501 0.8136 -0.1883
vn -0.8882 -0.4569 -0.0491
vn 0.0299 0.3921 0.9194
vn -0.6128 0.5754 -0.5417
vn 0.7832 0.3449 -0.5173
vn -0.5206 0.8452 -0.1210
vn 0.0266 0.3927 0.9193
vn -0.5406 0.7383 -0.4034
vn 0.8258 0.5575 -0.0850
vn 0.8392 0.5289 -0.1266
vn 0.8061 0.3927 -0.4427
vn 0.5703 -0.6895 0.4466
vn -0.8221 -0.4114 0.3935
vn 0.5289 -0.8473 -0.0475
vn -0.8294 -0.5577 0.0343
vn 0.5361 -0.8440 -0.0151
vn 0.8689 0.4860 -0.0942
vn 0.3817 -0.0544 -0.9227
vn -0.5710 0.5905 -0.5703
vn 0.8619 0.2180 -0.4579
vn 0.0249 0.9582 0.2850
vn -0.8693 -0.0703 0.4892
vn 0.9841 0.0590 -0.1678
vn 0.0618 -0.9958 0.0669
vn 0.0666 -0.9978 -0.0051
vn -0.8916 -0.0834 0.4451
vn -0.1231 -0.9032 -0.4112
vn -0.1119 -0.9169 -0.3830
vn 0.3462 -0.0719 0.9354
vn 0.3404 -0.0783 0.9370
vn -0.9922 -0.0452 0.1163
vn -0.9989 -0.0382 0.0254
vn -0.0936 0.9711 -0.2194
vn -0.9803 -0.1970 0.0138
vn -0.0455 0.9749 -0.2180
vn -0.0148 -0.9305 -0.3660
vn 0.8099 0.1215 -0.5739
vn 0.8052 0.2107 -0.5543
vn -0.8808 -0.1435 0.4512
vn 0.0892 -0.9959 0.0156
vn 0.3201 -0.2484 0.9142
vn 0.9800 0.0482 -0.1928
vn 0.0138 0.9758 0.2184
vn 0.1975 0.1451 -0.9695
vn -0.3021 0.6262 -0.7187
vn 0.0199 0.9779 0.2083
vn 0.3381 -0.1245 0.9329
vn 0.9757 0.0889 -0.2005
vn -0.2629 -0.4571 -0.8497
vn -0.7762 0.0680 -0.6268
vn 0.8436 0.0904 -0.5293
vn -0.0773 0.9970 0.0034
vn 0.2699 -0.8807 0.3892
vn 0.9879 -0.1071 0.1118
vn -0.1536 -0.9683 -0.1972
vn 0.6933 0.0133 -0.7205
vn -0.5805 0.1448 -0.8013
vn -0.2002 -0.0894 0.9757
vn -0.8994 0.0359 0.4357
vn -0.5624 0.1213 -0.8179
vn -0.0012 0.9996 -0.0285
vn 0.4103 0.7279 0.5494
vn 0.4785 0.5919 0.6486
vn -0.5897 0.7083 0.3881
vn -0.6423 -0.3574 0.6781
vn 0.4380 -0.4938 0.7512
vn -0.7292 -0.6669 -0.1530
vn 0.1207 -0.1728 -0.9775
vn 0.6417 -0.7599 0.1041
vn 0.1175 -0.2061 -0.9714
vn 0.7737 0.6033 -0.1935
vn -0.6086 0.7013 -0.3712
vn -0.5409 0.8407 -0.0259
vn -0.1558 0.8841 0.4407
vn 0.5458 0.3907 -0.7412
vn 0.8072 0.4324 -0.4019
vn -0.5159 -0.3830 0.7663
vn 0.4617 -0.8821 -0.0928
vn -0.7889 -0.4319 0.4372
vn 0.3113 -0.9078 -0.2811
vn -0.8156 -0.1043 0.5691
vn -0.9243 -0.3176 0.2115
vn 0.4348 -0.6252 0.6481
vn 0.3011 -0.9420 0.1485
vn -0.4032 0.7758 -0.4854
vn 0.8324 0.1254 -0.5398
vn 0.9258 0.3348 -0.1756
vn -0.3462 0.8948 -0.2820
vn -0.0496 0.9277 0.3699
vn -0.9771 -0.0751 0.1990
vn -0.8006 -0.3139 0.5105
vn 0.1868 0.5708 0.7996
vn -0.0092 -0.8698 -0.4934
vn 0.9845 0.0518 -0.1676
vn 0.8236 0.2938 -0.4851
vn -0.1043 -0.7344 -0.6706
vn -0.7629 -0.4580 0.4563
vn -0.3791 0.8893 0.2558
vn 0.5294 -0.8312 0.1700
vn 0.8796 0.4755 -0.0131
vn 0.7568 0.5067 -0.4129
vn 0.3633 -0.8349 -0.4133
vn -0.4310 0.9015 0.0404
vn -0.8868 -0.4587 0.0567
vn 0.3389 -0.5223 0.7825
vn 0.3146 -0.8982 0.3071
vn 0.9100 0.1253 -0.3952
vn 0.9247 0.3777 -0.0469
vn -0.3322 0.8343 -0.4401
vn -0.3451 0.6910 -0.6352
vn -0.8999 -0.1002 0.4244
vn -0.9307 -0.3568 0.0802
vn -0.1973 0.9719 0.1281
vn 0.9790 0.1864 0.0824
vn 0.9271 0.1730 -0.3326
vn -0.2435 0.9658 -0.0889
vn -0.9173 -0.1464 0.3703
vn -0.9899 -0.1355 -0.0426
vn 0.2041 -0.9236 0.3246
vn 0.1196 -0.9539 -0.2753
vn 0.0615 -0.0148 0.9980
vn 0.6616 0.7493 -0.0294
vn 0.6616 0.7493 -0.0289
vn 0.6677 -0.6065 -0.4317
vn -0.6943 0.5970 -0.4020
vn -0.6577 -0.7254 -0.2030
vn -0.6392 0.5841 0.5002
vn 0.6596 0.7226 0.2067
vn -0.0710 0.0232 -0.9972
vn 0.6931 -0.5959 0.4056
vn -0.6691 0.6077 0.4277
vn 0.6499 0.7284 0.2171
vn -0.0354 -0.0084 -0.9993
vn -0.6616 -0.7493 0.0298
vn -0.6616 -0.7493 0.0289
vn 0.0898 -0.0399 0.9952
vn 0.6616 0.7493 -0.0288
vn 0.6615 0.7493 -0.0297
vn 0.6615 0.7493 -0.0296
vn 0.6910 -0.5937 0.4122
vn 0.6576 -0.5987 -0.4573
vn -0.6623 -0.7137 -0.2281
vn -0.6843 0.5870 -0.4325
vn -0.6745 0.6118 0.4131
vn 0.6512 0.7252 0.2238
vn -0.0439 -0.0008 -0.9990
vn 0.6884 -0.5911 0.4202
vn 0.7001 -0.6313 -0.3335
vn -0.6524 -0.7227 -0.2280
vn 0.0510 -0.0055 0.9987
vn 0.6616 0.7493 -0.0297
vn 0.6615 0.7493 -0.0299
vn 0.6615 0.7493 -0.0298
vn -0.6616 -0.7493 0.0288
vn -0.0876 0.0380 -0.9954
vn -0.6616 -0.7493 0.0296
vn -0.6616 -0.7493 0.0297
vn -0.7056 0.6086 -0.3629
vn -0.7012 0.6321 0.3300
vn 0.6624 0.7158 0.2211
vn 0.7140 -0.6173 0.3303
vn -0.6811 0.6169 0.3943
vn 0.6477 0.6811 0.3415
vn -0.0898 0.0399 -0.9952
vn 0.6669 -0.5697 0.4803
vn -0.6616 -0.7493 0.0299
vn 0.4721 -0.8275 0.3038
vn 0.7635 0.5559 0.3288
vn 0.7636 0.5556 0.3289
vn 0.7635 0.5558 0.3288
vn 0.1972 0.2254 -0.9541
vn -0.5794 0.4651 0.6693
vn -0.8554 -0.3376 -0.3928
vn -0.1504 -0.2872 0.9460
vn 0.8579 0.3334 0.3909
vn -0.4772 0.8287 -0.2924
vn 0.5803 -0.4678 -0.6666
vn -0.1998 -0.2219 0.9544
vn 0.8553 0.3246 0.4039
vn -0.4576 0.8236 -0.3352
vn -0.7633 -0.5563 -0.3286
vn -0.7635 -0.5559 -0.3288
vn -0.7635 -0.5559 -0.3287
vn 0.4872 -0.8307 0.2695
vn 0.7635 0.5558 0.3287
vn 0.7635 0.5560 0.3287
vn 0.7633 0.5562 0.3286
vn 0.5821 -0.4728 -0.6615
vn 0.1800 0.2484 -0.9518
vn -0.8671 -0.3106 -0.3895
vn -0.5870 0.4882 0.6459
vn -0.2093 -0.2088 0.9553
vn 0.8584 0.3174 0.4030
vn -0.4624 0.8250 -0.3250
vn 0.5840 -0.4789 -0.6554
vn 0.2594 0.1385 -0.9558
vn -0.8607 -0.3127 -0.4018
vn 0.4664 -0.8260 0.3165
vn 0.7637 0.5555 0.3289
vn 0.7634 0.5560 0.3288
vn -0.7636 -0.5557 -0.3289
vn -0.7633 -0.5562 -0.3286
vn -0.7634 -0.5560 -0.3288
vn -0.4861 0.8305 -0.2721
vn -0.7636 -0.5558 -0.3288
vn -0.7637 -0.5555 -0.3289
vn -0.5689 0.4353 0.6977
vn -0.2615 -0.1354 0.9557
vn 0.8647 0.3179 0.3888
vn 0.5595 -0.4102 -0.7202
vn -0.2215 -0.1921 0.9561
vn 0.8931 0.1904 0.4077
vn -0.4872 0.8307 -0.2695
vn 0.5977 -0.5239 -0.6069
vn -0.7637 -0.5556 -0.3288
vn -0.7641 -0.5548 -0.3291
vn -0.7638 -0.5554 -0.3289
vn 0.9541 0.2750 0.1189
vn 0.9253 -0.3329 -0.1815
vn 0.0626 0.0346 0.9974
vn -0.0391 -0.7411 0.6703
vn -0.8772 0.4281 0.2172
vn 0.1339 0.7479 -0.6502
vn -0.9538 -0.2798 -0.1096
vn 0.0638 0.0508 -0.9967
vn 0.0469 -0.0227 0.9986
vn -0.9887 -0.1430 0.0439
vn -0.9888 -0.1430 0.0432
vn -0.9888 -0.1430 0.0430
vn 0.1133 -0.9063 -0.4072
vn -0.1477 0.8925 -0.4261
vn 0.9508 0.1444 -0.2740
vn -0.1054 0.8727 0.4767
vn -0.9493 -0.1473 0.2777
vn -0.0487 0.0353 -0.9982
vn 0.1476 -0.8908 0.4297
vn -0.1137 0.9080 0.4032
vn -0.9481 -0.1357 0.2876
vn -0.0419 -0.0119 -0.9991
vn 0.9888 0.1430 -0.0429
vn 0.9888 0.1430 -0.0428
vn 0.9888 0.1430 -0.0431
vn 0.9887 0.1430 -0.0439
vn 0.9888 0.1430 -0.0430
vn 0.0522 -0.0603 0.9968
vn -0.9888 -0.1430 0.0434
vn -0.9888 -0.1430 0.0431
vn 0.1474 -0.8877 0.4362
vn 0.1104 -0.8945 -0.4332
vn 0.9418 0.1537 -0.2989
vn -0.1468 0.8777 -0.4562
vn -0.1153 0.9142 0.3884
vn -0.9457 -0.1382 0.2942
vn -0.0435 -0.0006 -0.9991
vn 0.1472 -0.8838 0.4441
vn 0.1230 -0.9434 -0.3080
vn 0.9440 0.1404 -0.2985
vn 0.0449 -0.0088 0.9990
vn -0.9888 -0.1430 0.0427
vn -0.9888 -0.1430 0.0428
vn 0.9888 0.1430 -0.0432
vn 0.9888 0.1430 -0.0435
vn 0.9887 0.1430 -0.0440
vn -0.0518 0.0574 -0.9970
vn -0.1485 0.9098 -0.3875
vn -0.1233 0.9445 0.3045
vn -0.9441 -0.1528 0.2920
vn 0.1490 -0.9228 0.3552
vn -0.1172 0.9219 0.3694
vn -0.8989 -0.1551 0.4097
vn -0.0522 0.0602 -0.9968
vn 0.1452 -0.8518 0.5033
vn 0.4584 -0.8351 0.3041
vn -0.8669 -0.3444 0.3604
vn -0.8665 -0.3451 0.3606
vn -0.3241 -0.0626 -0.9439
vn -0.0656 0.7490 0.6593
vn 0.7289 0.5378 -0.4237
vn 0.3513 -0.0100 0.9362
vn -0.7268 -0.5422 0.4218
vn -0.4564 0.8403 -0.2928
vn 0.0675 -0.7512 -0.6566
vn 0.3225 0.0667 0.9442
vn -0.7175 -0.5444 0.4346
vn -0.4637 0.8202 -0.3350
vn 0.8666 0.3449 -0.3606
vn 0.8666 0.3448 -0.3606
vn 0.8667 0.3447 -0.3605
vn 0.8669 0.3444 -0.3604
vn 0.8665 0.3451 -0.3606
vn 0.4520 -0.8501 0.2702
vn -0.8669 -0.3445 0.3604
vn -0.8667 -0.3448 0.3605
vn 0.0710 -0.7552 -0.6516
vn -0.3344 -0.0358 -0.9418
vn 0.7124 0.5621 -0.4202
vn -0.0818 0.7673 0.6360
vn 0.3165 0.0818 0.9450
vn -0.7131 -0.5509 0.4336
vn -0.4620 0.8252 -0.3250
vn 0.0752 -0.7600 -0.6455
vn -0.2836 -0.1616 -0.9452
vn 0.7104 0.5554 -0.4324
vn 0.4606 -0.8292 0.3166
vn -0.8663 -0.3454 0.3608
vn -0.8664 -0.3453 0.3607
vn 0.8669 0.3445 -0.3604
vn -0.4525 0.8490 -0.2728
vn 0.8665 0.3452 -0.3606
vn -0.0450 0.7248 0.6875
vn 0.2822 0.1650 0.9451
vn -0.7173 -0.5562 0.4197
vn 0.0281 -0.7038 -0.7098
vn 0.3089 0.1010 0.9457
vn -0.6239 -0.6478 0.4372
vn -0.4520 0.8501 -0.2702
vn 0.1075 -0.7947 -0.5974
vn 0.8664 0.3453 -0.3606
vn 0.8661 0.3459 -0.3608
vn -0.9969 -0.0681 0.0402
vn -0.8451 0.4368 -0.3081
vn 0.0627 -0.2662 0.9619
vn 0.9915 0.1266 -0.0294
vn -0.0620 0.8355 0.5461
vn -0.8115 0.0119 -0.5842
vn 0.9951 0.0760 -0.0625
vn -0.9932 -0.1158 0.0091
vn 0.1023 -0.8185 0.5653
vn -0.9956 -0.0656 0.0670
vn 0.5267 0.6848 -0.5037
vn 0.6751 -0.1529 0.7217
vn 0.9902 0.1379 -0.0206
vn -0.0632 0.8399 0.5391
vn 0.5638 0.2645 -0.7824
vn 0.9956 0.0651 -0.0673
vn -0.9897 -0.1417 0.0181
vn 0.6952 -0.5664 0.4427
vn 0.6032 0.7970 -0.0304
vn 0.0748 0.9342 -0.3487
vn 0.2538 -0.1628 0.9535
vn -0.6484 -0.7601 0.0429
vn -0.6270 0.5300 0.5710
vn 0.3927 0.6630 -0.6374
vn -0.6104 -0.7921 0.0083
vn 0.6389 0.7667 -0.0630
vn 0.6666 -0.5134 0.5404
vn 0.6022 0.7983 -0.0035
vn -0.8937 -0.0832 -0.4410
vn -0.1912 -0.6213 0.7599
vn -0.6565 -0.7525 0.0520
vn -0.6305 0.5331 0.5641
vn -0.5818 -0.3549 -0.7319
vn -0.6018 -0.7986 0.0032
vn 0.6593 0.7499 -0.0546
vn 0.1243 -0.8750 0.4678
vn -0.9815 -0.1606 0.1041
vn -0.9850 -0.1345 0.1084
vn -0.2591 0.4086 -0.8752
vn -0.2401 0.3649 -0.8996
vn 0.6585 0.7521 0.0276
vn 0.6531 0.7563 0.0384
vn -0.2573 0.4045 -0.8776
vn 0.6841 -0.6813 -0.2604
vn 0.6851 -0.6821 -0.2556
vn 0.6539 0.7558 0.0350
vn 0.9857 0.0331 -0.1650
vn 0.6874 -0.6808 -0.2529
vn 0.6508 0.7586 0.0319
vn 0.6831 -0.6811 -0.2638
vn 0.6846 -0.6816 -0.2583
vn 0.6802 -0.6957 -0.2312
vn 0.6970 -0.4554 -0.5539
vn 0.4670 -0.8390 0.2793
vn 0.4668 -0.8383 0.2815
vn -0.0613 -0.5939 0.8022
vn 0.6824 -0.6849 -0.2555
vn 0.1108 -0.7192 0.6859
vn 0.2113 -0.9589 -0.1894
vn 0.5113 -0.7242 -0.4627
vn 0.1790 -0.9553 -0.2353
vn 0.1791 -0.9571 -0.2277
vn 0.3582 -0.7138 -0.6018
vn 0.1794 -0.9563 -0.2309
vn -0.9806 -0.1616 0.1112
vn -0.9900 -0.0901 0.1087
vn 0.0727 -0.9725 -0.2213
vn -0.9790 -0.1703 0.1122
vn 0.1777 -0.9562 -0.2324
vn 0.1778 -0.9560 -0.2334
vn -0.9859 -0.1334 0.1013
vn 0.4657 -0.8382 0.2840
vn 0.0549 -0.0242 0.9982
vn 0.4186 -0.8064 -0.4177
vn 0.3584 -0.7183 -0.5963
vn 0.6800 -0.7061 -0.1975
vn 0.6611 0.7503 -0.0033
vn 0.0483 -0.0085 0.9988
vn 0.6386 0.7090 0.2992
vn 0.6529 0.7568 -0.0296
vn -0.4304 -0.5357 0.7265
vn 0.6541 0.7560 -0.0245
vn 0.0432 0.0014 0.9991
vn 0.0468 -0.0064 0.9989
vn -0.7197 -0.1010 0.6869
vn -0.9852 -0.1333 0.1080
vn -0.9856 -0.1045 0.1332
vn 0.0465 -0.0041 0.9989
vn 0.0458 -0.0026 0.9989
vn -0.9849 -0.1381 0.1048
vn 0.0464 -0.0043 0.9989
vn 0.0502 -0.0112 0.9987
vn -0.9857 -0.1276 0.1096
vn -0.9850 -0.1352 0.1073
vn 0.0482 -0.0066 0.9988
vn 0.0479 -0.0062 0.9988
vn -0.0570 0.2253 0.9726
vn -0.0334 0.1425 0.9892
vn 0.6514 0.7578 0.0375
vn 0.6436 0.7644 0.0394
vn 0.0871 -0.0873 0.9924
vn 0.1330 -0.1662 0.9771
vn 0.6761 0.7353 0.0472
vn -0.0114 0.1022 0.9947
vn 0.6487 0.7602 0.0349
vn 0.6556 0.7544 0.0339
vn -0.2594 0.4096 -0.8746
vn -0.2574 0.4052 -0.8772
vn -0.2647 0.4152 -0.8704
vn 0.6284 0.7772 -0.0336
vn -0.2591 0.4041 -0.8773
vn 0.6559 0.7539 0.0388
vn 0.6660 0.7451 0.0367
vn 0.6585 0.7519 0.0337
vn -0.2601 0.4062 -0.8760
vn 0.0579 -0.2411 0.9688
vn -0.4270 -0.5603 0.7097
vn 0.6610 0.7497 0.0326
vn 0.0165 -0.0622 0.9979
vn 0.6548 0.7549 0.0376
vn 0.0474 0.0021 0.9989
vn 0.0468 -0.1184 0.9919
vn 0.6534 0.7560 0.0387
vn 0.6340 0.7725 0.0358
vn -0.2612 0.4118 -0.8731
vn -0.2586 0.4069 -0.8761
vn -0.2601 0.3967 -0.8803
vn 0.6537 0.7558 0.0376
vn 0.0159 0.6431 -0.7656
vn -0.2626 0.4047 -0.8759
vn -0.2561 0.4020 -0.8791
vn 0.6559 0.7544 0.0263
vn -0.2953 0.4788 -0.8268
vn 0.6083 0.7910 0.0652
vn 0.2927 0.2888 0.9116
vn 0.3018 0.2971 0.9059
vn 0.0448 -0.0132 0.9989
vn 0.0549 -0.0208 0.9983
vn -0.9765 -0.1032 0.1893
vn -0.9856 -0.1331 0.1043
vn -0.9859 -0.1264 0.1093
vn -0.2612 0.4137 -0.8721
vn -0.9856 -0.1286 0.1102
vn -0.9856 -0.1302 0.1079
vn -0.9854 -0.1074 0.1319
vn -0.9842 -0.1367 0.1128
vn 0.9912 0.1305 -0.0238
vn 0.1706 -0.2374 0.9563
vn -0.9822 -0.1523 0.1097
vn -0.9847 -0.1374 0.1073
vn 0.0646 0.1160 0.9911
vn -0.2522 0.3999 -0.8812
vn -0.9849 -0.1310 0.1133
vn -0.2559 0.3946 -0.8825
vn -0.2577 0.4065 -0.8765
vn -0.9840 -0.1422 0.1072
vn -0.9814 -0.1582 0.1091
vn -0.9839 -0.1360 0.1157
vn -0.9862 -0.1235 0.1105
vn -0.4246 0.1200 0.8974
vn -0.2612 0.4127 -0.8726
vn -0.2616 0.4131 -0.8723
vn 0.6519 0.7574 0.0371
vn 0.6589 0.7514 0.0353
vn -0.2586 0.4067 -0.8762
vn -0.2570 0.4039 -0.8780
vn -0.9853 -0.1297 0.1112
vn -0.2572 0.4044 -0.8777
vn -0.9852 -0.1317 0.1097
vn -0.9853 -0.1274 0.1135
vn -0.9885 -0.1065 0.1076
vn -0.9854 -0.1361 0.1024
vn 0.6621 0.7478 0.0488
vn 0.5190 -0.8135 -0.2622
vn 0.6551 0.7547 0.0372
vn 0.5652 -0.4314 0.7032
vn 0.3254 -0.4859 0.8112
vn 0.4959 -0.5589 0.6646
vn 0.6181 -0.2680 0.7390
vn 0.3786 -0.3771 0.8452
vn 0.4999 -0.5476 0.6709
vn 0.2515 -0.5810 0.7741
vn 0.3958 -0.6730 0.6248
vn 0.3990 -0.6678 0.6284
vn 0.1597 -0.6583 0.7356
vn 0.2770 -0.7641 0.5826
vn 0.2676 -0.7737 0.5742
vn 0.0539 -0.7145 0.6976
vn -0.0658 -0.7482 0.6602
vn -0.1855 -0.7558 0.6279
vn -0.3147 -0.7369 0.5982
vn -0.4292 -0.6952 0.5766
vn -0.5355 -0.6305 0.5619
vn -0.6320 -0.5418 0.5541
vn -0.6606 -0.5053 0.5552
vn 0.7516 -0.5404 0.3784
vn -0.8039 -0.5093 -0.3072
vn -0.9973 0.0120 0.0725
vn -0.9726 0.2254 -0.0577
vn -0.7117 0.6744 0.1967
vn -0.5393 0.8395 0.0664
vn -0.7076 -0.6715 -0.2200
vn -0.9823 -0.1812 0.0474
vn -0.9965 0.0106 -0.0834
vn -0.8289 0.5363 0.1590
vn -0.6797 0.7329 0.0299
vn 0.3631 -0.9219 0.1351
vn -0.9316 -0.3633 0.0112
vn -0.9587 -0.2403 -0.1520
vn 0.8579 0.1134 0.5012
vn -0.9180 0.3758 0.1264
vn -0.8074 0.5900 -0.0042
vn -0.9687 -0.2432 -0.0495
vn -0.9751 0.1991 0.0978
vn -0.9075 0.4187 -0.0333
vn -0.7759 0.5705 -0.2692
vn 0.6627 -0.6576 0.3584
vn -0.8721 -0.4880 -0.0363
vn -0.8078 -0.5888 0.0279
vn 0.4274 -0.8551 0.2935
vn -0.6836 -0.7297 -0.0108
vn 0.2056 -0.9598 0.1911
vn 0.3031 -0.8875 0.3470
vn -0.0350 -0.9628 0.2678
vn -0.0654 -0.9918 0.1098
vn -0.3903 -0.9207 -0.0051
vn -0.3817 -0.9242 -0.0153
vn 0.9725 -0.0198 0.2320
vn 0.9297 -0.0157 0.3680
vn 0.9663 0.1876 0.1765
vn 0.8684 0.3130 0.3846
vn -0.9946 0.0773 -0.0696
vn -0.8177 0.4577 -0.3492
vn 0.9926 -0.0363 0.1155
vn -0.6345 0.6949 -0.3386
vn -0.3116 -0.8054 0.5043
vn -0.5473 -0.7107 0.4421
vn -0.6358 -0.6656 0.3909
vn -0.4829 -0.7364 0.4738
vn -0.8645 -0.4186 0.2782
vn 0.9794 0.1927 0.0601
vn -0.4701 0.7912 -0.3912
vn 0.9674 0.2422 -0.0734
vn -0.2913 0.8565 -0.4260
vn -0.9491 -0.2643 0.1712
vn 0.8896 0.4194 -0.1808
vn -0.1060 0.8900 -0.4435
vn 0.8029 0.5387 -0.2553
vn 0.5081 -0.7159 0.4788
vn 0.3605 -0.7795 0.5123
vn -0.9997 0.0228 -0.0021
vn -0.9938 -0.0593 0.0940
vn 0.5653 -0.6860 0.4581
vn 0.6766 0.6600 -0.3264
vn 0.5254 0.7593 -0.3839
vn 0.7761 -0.5074 0.3743
vn -0.9615 0.2555 -0.1009
vn -0.8889 0.4199 -0.1832
vn 0.3570 0.8315 -0.4257
vn 0.1674 0.8754 -0.4534
vn 0.9399 -0.2260 0.2561
vn -0.5682 0.6630 -0.4875
vn 0.9970 -0.0626 0.0454
vn -0.9774 0.1838 -0.1044
vn 0.9859 0.1478 -0.0790
vn -0.9091 0.3728 -0.1861
vn 0.9385 0.2998 -0.1713
vn -0.8615 0.4630 -0.2085
vn 0.8186 0.3639 -0.4443
vn -0.7477 0.5874 -0.3098
vn 0.6983 0.4932 -0.5188
vn -0.6021 0.6889 -0.4036
vn 0.5531 0.6050 -0.5727
vn -0.4331 0.7613 -0.4827
vn 0.3868 0.6949 -0.6062
vn -0.2488 0.8016 -0.5437
vn 0.2046 0.7589 -0.6182
vn -0.0592 0.8079 -0.5863
vn 0.0058 0.7934 -0.6087
vn 0.6754 -0.6041 0.4229
vn -0.2340 -0.8008 0.5513
vn -0.8639 -0.4170 0.2826
vn -0.2853 -0.7873 0.5466
vn -0.9366 -0.2607 0.2342
vn -0.6003 -0.6629 0.4474
vn -0.9581 -0.2207 0.1828
vn 0.3691 0.5233 -0.7681
vn -0.4033 0.6970 -0.5929
vn 0.1929 0.6040 -0.7733
vn 0.3542 -0.7628 0.5410
vn 0.3452 -0.7799 0.5221
vn -0.2291 0.7028 -0.6735
vn 0.0113 0.6592 -0.7519
vn 0.5132 -0.7424 0.4306
vn 0.5013 -0.7646 0.4050
vn 0.1778 -0.7549 0.6313
vn 0.1715 -0.7653 0.6204
vn -0.4589 -0.5138 0.7249
vn 0.6514 -0.6945 0.3056
vn 0.6339 -0.7250 0.2693
vn -0.1829 -0.6735 0.7162
vn -0.6987 -0.3211 0.6393
vn 0.7676 -0.6186 0.1675
vn 0.7481 -0.6511 0.1281
vn -0.2128 -0.6669 0.7141
vn -0.7656 -0.2403 0.5967
vn 0.8541 -0.5196 0.0234
vn 0.8263 -0.5625 -0.0290
vn -0.3761 -0.5823 0.7208
vn -0.8817 -0.0757 0.4657
vn 0.9069 -0.4042 -0.1190
vn 0.8706 -0.4571 -0.1822
vn -0.9428 0.0599 0.3281
vn 0.9268 -0.2738 -0.2570
vn 0.8810 -0.3378 -0.3314
vn 0.9162 -0.1256 -0.3805
vn 0.8570 -0.2074 -0.4718
vn -0.9556 0.2796 0.0924
vn 0.8701 0.0136 -0.4928
vn -0.9089 0.4102 -0.0750
vn 0.7854 0.1633 -0.5971
vn -0.8267 0.5165 -0.2231
vn 0.6707 0.2991 -0.6787
vn -0.7115 0.6020 -0.3625
vn 0.5304 0.4204 -0.7361
vn -0.9637 0.2138 0.1596
vn -0.5442 -0.7301 0.4134
vn 0.5158 -0.8098 0.2797
vn -0.5671 -0.4744 0.6733
vn 0.7598 -0.6479 -0.0536
vn 0.7488 -0.5248 -0.4048
vn -0.4050 -0.8347 0.3732
vn -0.8341 -0.3691 0.4100
vn -0.7672 -0.4828 0.4223
vn 0.8235 -0.5383 -0.1790
vn -0.3485 -0.8774 0.3297
vn -0.8556 -0.1739 0.4877
vn 0.8352 -0.4334 -0.3386
vn -0.9210 -0.0538 0.3857
vn -0.9627 0.0133 0.2702
vn 0.8290 -0.3063 -0.4680
vn -0.9641 0.0702 0.2562
vn 0.7789 -0.1767 -0.6018
vn 0.7626 -0.2093 -0.6120
vn 0.7048 -0.0154 -0.7092
vn 0.6058 0.1442 -0.7824
vn 0.4746 0.2838 -0.8332
vn 0.3223 0.3983 -0.8588
vn 0.1600 0.4851 -0.8597
vn -0.0021 0.5445 -0.8388
vn -0.1766 0.5908 -0.7873
vn -0.8333 0.5520 -0.0316
vn -0.7409 0.6610 -0.1188
vn -0.6359 0.7448 -0.2022
vn -0.4854 0.8177 -0.3095
vn -0.1467 0.8452 -0.5140
vn -0.2763 0.8453 -0.4573
vn -0.5519 0.7965 -0.2470
vn 0.3142 -0.9384 -0.1437
vn -0.4897 -0.8317 0.2615
vn 0.4501 -0.8625 -0.2314
vn -0.6698 -0.6098 0.4237
vn -0.5913 -0.7483 0.3009
vn 0.6175 -0.7225 -0.3111
vn -0.1299 -0.9804 0.1483
vn 0.7205 -0.5907 -0.3634
vn 0.7353 -0.4247 -0.5282
vn 0.7551 -0.1808 -0.6302
vn -0.9697 0.1629 0.1821
vn 0.7443 -0.0650 -0.6647
vn -0.7747 0.6252 -0.0949
vn -0.9943 0.0933 0.0516
vn -0.2045 -0.8510 -0.4838
vn 0.2971 -0.9414 -0.1597
vn -0.0094 -0.9884 -0.1516
vn -0.3553 0.9293 -0.1005
vn 0.3823 -0.8987 -0.2150
vn 0.2072 -0.9080 -0.3641
vn 0.1131 -0.9903 -0.0805
vn -0.5174 -0.8098 0.2765
vn -0.4897 -0.8617 0.1328
vn 0.3862 -0.8893 -0.2450
vn 0.3243 -0.8207 -0.4704
vn 0.1596 -0.9842 -0.0772
vn -0.7466 -0.5842 0.3184
vn -0.6508 -0.7233 0.2308
vn -0.1869 -0.9732 0.1343
vn -0.1647 -0.9835 -0.0746
vn 0.4473 -0.7663 -0.4612
vn -0.3386 -0.9175 0.2085
vn -0.3276 -0.9442 0.0336
vn -0.8898 -0.2526 0.3802
vn 0.5320 -0.6228 -0.5736
vn -0.9218 -0.0202 0.3871
vn 0.6738 -0.1750 -0.7179
vn -0.9143 0.1783 0.3636
vn 0.6795 0.0975 -0.7271
vn 0.5817 0.5229 -0.6230
vn -0.7541 -0.5760 -0.3156
vn -0.2435 -0.8546 -0.4587
vn 0.2618 -0.0128 -0.9650
vn 0.3173 0.1384 -0.9382
vn -0.8787 -0.1735 0.4447
vn 0.3752 0.3589 -0.8546
vn -0.8614 0.0049 0.5079
vn 0.5416 0.2799 -0.7927
vn 0.3777 0.4975 -0.7809
vn -0.8175 0.1865 0.5450
vn 0.5148 0.4746 -0.7139
vn 0.3883 0.5351 -0.7502
vn 0.3719 0.6626 -0.6502
vn -0.7484 0.3563 0.5595
vn 0.4579 0.7052 -0.5413
vn 0.3732 0.6900 -0.6202
vn 0.3402 0.7842 -0.5189
vn 0.3927 0.8292 -0.3978
vn 0.3358 0.8113 -0.4786
vn 0.2894 0.8800 -0.3766
vn 0.3086 0.9182 -0.2483
vn 0.2790 0.9011 -0.3320
vn 0.2205 0.9480 -0.2294
vn 0.2134 0.9712 -0.1064
vn 0.2043 0.9619 -0.1815
vn 0.1361 0.9873 -0.0820
vn 0.1448 0.9887 -0.0395
vn 0.1139 0.9930 -0.0313
vn 0.0395 0.9974 0.0610
vn 0.0017 0.9913 0.1316
vn -0.0665 0.9793 0.1914
vn -0.9653 -0.1673 0.2005
vn 0.2592 0.3739 -0.8905
vn 0.2629 0.2641 -0.9280
vn 0.1276 0.4327 -0.8924
vn -0.9378 0.1095 0.3296
vn 0.1273 0.6053 -0.7858
vn -0.8878 0.2765 0.3680
vn 0.1066 0.7260 -0.6794
vn -0.8245 0.4214 0.3775
vn 0.0684 0.8236 -0.5631
vn -0.7487 0.5544 0.3635
vn 0.0154 0.8971 -0.4416
vn -0.6638 0.6721 0.3280
vn -0.0496 0.9463 -0.3195
vn -0.5734 0.7722 0.2738
vn -0.1245 0.9719 -0.1999
vn -0.4802 0.8534 0.2029
vn -0.2069 0.9746 -0.0854
vn -0.2330 -0.5317 -0.8143
vn -0.2807 -0.6058 -0.7444
vn -0.3039 -0.4528 -0.8382
vn -0.3867 0.9146 0.1180
vn -0.2949 0.9553 0.0211
vn -0.8136 -0.5806 -0.0324
vn -0.0036 -0.2750 -0.9614
vn -0.0442 -0.3836 -0.9224
vn -0.0900 -0.1973 -0.9762
vn -0.4789 -0.6669 -0.5708
vn -0.5171 -0.6976 -0.4960
vn -0.5399 -0.5874 -0.6029
vn -0.8556 -0.5168 0.0304
vn -0.8822 -0.4498 0.1389
vn -0.9052 -0.4239 -0.0305
vn 0.1692 0.0575 -0.9839
vn 0.1490 -0.0731 -0.9861
vn 0.0629 0.1261 -0.9900
vn 0.6311 -0.0210 0.7754
vn 0.4179 -0.2603 0.8704
vn 0.6236 -0.2913 0.7255
vn 0.6034 0.1477 0.7836
vn 0.4214 -0.0902 0.9024
vn 0.6399 -0.2038 0.7409
vn 0.5430 0.3091 0.7808
vn 0.3971 0.0317 0.9172
vn 0.6501 -0.0530 0.7580
vn 0.4529 0.4537 0.7675
vn 0.3509 0.1468 0.9248
vn 0.6340 0.0978 0.7671
vn 0.3377 0.5755 0.7448
vn 0.2848 0.2507 0.9252
vn 0.5916 0.2439 0.7684
vn 0.2029 0.6695 0.7145
vn 0.2017 0.3400 0.9186
vn 0.5238 0.3804 0.7622
vn 0.0546 0.7328 0.6783
vn 0.1047 0.4115 0.9054
vn 0.4322 0.5025 0.7488
vn -0.1006 0.7635 0.6379
vn -0.0025 0.4632 0.8862
vn 0.3194 0.6057 0.7288
vn -0.2560 0.7616 0.5954
vn -0.1162 0.4934 0.8620
vn 0.1888 0.6859 0.7028
vn 0.1409 -0.8386 0.5262
vn 0.0131 -0.8791 0.4764
vn -0.1269 -0.8896 0.4388
vn -0.3118 -0.8657 0.3916
vn -0.4491 -0.8193 0.3565
vn -0.5582 -0.7554 0.3434
vn -0.7029 -0.6286 0.3328
vn -0.8114 -0.4762 0.3388
vn -0.7445 -0.3777 0.5506
vn -0.6818 -0.6625 0.3102
vn -0.9038 -0.2651 0.3360
vn -0.8513 -0.4177 0.3175
vn -0.7850 -0.2619 0.5615
vn -0.9300 -0.0877 0.3570
vn -0.9062 -0.2720 0.3238
vn -0.8032 -0.1361 0.5799
vn -0.9201 0.0881 0.3817
vn -0.9346 -0.1140 0.3370
vn -0.7970 -0.0102 0.6039
vn -0.8750 0.2558 0.4110
vn -0.9341 0.0423 0.3544
vn -0.7672 0.1086 0.6321
vn -0.7978 0.4076 0.4443
vn -0.9058 0.1938 0.3767
vn -0.7157 0.2174 0.6637
vn -0.6923 0.5381 0.4809
vn -0.8506 0.3366 0.4039
vn -0.6447 0.3124 0.6977
vn -0.5642 0.6415 0.5197
vn -0.7702 0.4658 0.4356
vn -0.5573 0.3904 0.7328
vn -0.4195 0.7148 0.5596
vn -0.6669 0.5769 0.4716
vn -0.4569 0.4489 0.7679
vn -0.2653 0.7558 0.5987
vn 0.7230 -0.4275 0.5427
vn 0.8022 -0.4067 0.4372
vn -0.5443 0.6655 0.5107
vn -0.3474 0.4862 0.8018
vn -0.1086 0.7635 0.6366
vn -0.4059 0.7281 0.5524
vn -0.2325 0.5011 0.8335
vn 0.0445 0.7394 0.6718
vn -0.1078 -0.9895 0.0965
vn 0.0882 -0.9752 0.2031
vn -0.5075 0.8218 0.2589
vn -0.4711 0.8780 0.0846
vn -0.3483 0.8852 0.3085
vn -0.8500 -0.5259 -0.0319
vn 0.3086 0.8241 0.4750
vn -0.8206 -0.4861 -0.3005
vn 0.3892 0.8609 0.3277
vn 0.4799 0.7091 0.5167
vn 0.6430 -0.5898 0.4887
vn 0.6992 -0.6230 0.3507
vn -0.9663 0.2332 0.1086
vn 0.7955 0.1261 0.5926
vn -0.9910 0.0964 -0.0929
vn 0.8803 0.1516 0.4495
vn 0.8099 -0.1000 0.5780
vn -0.1701 -0.9818 0.0844
vn -0.5340 0.8056 0.2566
vn -0.7374 -0.6754 -0.0039
vn -0.6124 0.7899 0.0328
vn 0.4545 0.7293 0.5114
vn -0.8701 -0.4590 -0.1798
vn 0.5418 0.7582 0.3628
vn 0.6047 0.5810 0.5448
vn 0.5261 -0.7325 0.4320
vn 0.6004 -0.7516 0.2730
vn -0.9967 0.0308 0.0756
vn 0.8053 -0.0577 0.5900
vn -0.9530 -0.2641 -0.1485
vn 0.8871 -0.0181 0.4613
vn 0.7796 -0.2785 0.5609
vn -0.4205 -0.9054 0.0579
vn -0.3084 -0.9485 0.0730
vn -0.6748 0.7059 0.2153
vn -0.5160 -0.8562 0.0241
vn -0.7455 0.6665 -0.0037
vn -0.5379 -0.8429 0.0174
vn 0.5788 0.6092 0.5421
vn -0.5006 -0.8657 -0.0056
vn 0.6654 0.6359 0.3909
vn 0.7032 0.4298 0.5664
vn 0.3471 -0.8775 0.3308
vn 0.2616 -0.9233 0.2812
vn -0.0184 0.9206 0.3901
vn 0.0445 0.9700 0.2391
vn 0.1726 0.8799 0.4426
vn -0.1903 0.9195 0.3441
vn -0.1265 0.9731 0.1928
vn 0.0010 0.9167 0.3996
vn -0.9798 -0.1970 0.0341
vn 0.7817 -0.2323 0.5788
vn -0.6035 -0.7520 -0.2650
vn 0.8660 -0.2260 0.4460
vn 0.7195 -0.4491 0.5298
vn -0.7997 0.5737 0.1769
vn 0.6799 0.4651 0.5670
vn -0.8593 0.5101 -0.0361
vn 0.7655 0.4912 0.4156
vn 0.7715 0.2613 0.5801
vn -0.3581 0.8846 0.2986
vn 0.1688 -0.9574 0.2345
vn 0.0998 -0.9718 0.2137
vn -0.3068 0.9412 0.1416
vn -0.1746 0.9188 0.3541
vn -0.9103 -0.4135 -0.0187
vn -0.7457 -0.5737 -0.3389
vn 0.1489 0.8885 0.4340
vn -0.8660 -0.3582 -0.3489
vn 0.2225 0.9319 0.2866
vn 0.3340 0.8099 0.4822
vn -0.9237 -0.3662 0.1124
vn 0.7539 0.3005 0.5842
vn 0.2769 -0.8834 0.3780
vn 0.8393 0.3255 0.4354
vn 0.8075 0.0822 0.5841
vn -0.8995 0.4136 0.1410
vn -0.7668 0.5878 -0.2578
vn -0.9441 0.3234 -0.0645
vn 0.7180 -0.5925 0.3652
vn -0.7198 0.6180 -0.3160
vn 0.6010 -0.7170 0.3531
vn -0.7722 -0.6336 0.0476
vn -0.7503 -0.6522 -0.1081
vn 0.5522 -0.7360 0.3917
vn -0.0925 0.9956 0.0136
vn -0.4779 -0.8751 0.0763
vn -0.0868 0.9646 -0.2492
vn 0.3521 -0.9075 0.2292
vn 0.5002 -0.8138 0.2959
vn 0.3634 -0.8600 0.3583
vn 0.0843 0.9952 0.0488
vn 0.1035 0.9666 -0.2346
vn -0.2856 0.9582 -0.0185
vn -0.2787 0.9287 -0.2446
vn 0.1806 -0.9272 0.3282
vn 0.1777 -0.9680 0.1774
vn 0.2723 0.9575 0.0950
vn 0.2983 0.9339 -0.1973
vn 0.0796 -0.9848 0.1543
vn 0.0467 -0.9541 0.2959
vn -0.1906 -0.9788 0.0753
vn 0.4465 0.8832 0.1435
vn 0.4797 0.8661 -0.1407
vn -0.4681 0.8825 -0.0451
vn -0.4543 0.8609 -0.2289
vn -0.1330 -0.9587 0.2515
vn -0.1497 -0.9842 0.0948
vn -0.2095 -0.9525 0.2211
vn 0.6016 0.7748 0.1943
vn 0.6375 0.7675 -0.0669
vn -0.6083 0.7909 -0.0671
vn -0.6100 0.7643 -0.2092
vn -0.3003 -0.9537 0.0164
vn -0.3226 -0.9262 0.1949
vn -0.5157 -0.8524 0.0870
vn 0.7188 0.6524 0.2400
vn 0.7582 0.6519 0.0096
vn -0.7439 0.6616 -0.0940
vn -0.7499 0.6342 -0.1883
vn -0.4952 -0.8678 -0.0426
vn -0.5089 -0.8564 0.0871
vn 0.8125 0.5107 0.2810
vn 0.8532 0.5151 0.0825
vn -0.8587 0.4986 -0.1189
vn -0.8662 0.4720 -0.1642
vn 0.8813 0.3505 0.3171
vn 0.9214 0.3588 0.1494
vn -0.9431 0.3008 -0.1416
vn -0.9519 0.2755 -0.1343
vn 0.9127 0.2099 0.3505
vn 0.9557 0.2211 0.1942
vn -0.9830 0.0016 -0.1834
vn -0.9954 0.0707 -0.0650
vn 0.9294 0.0147 0.3688
vn 0.9730 -0.0060 0.2309
vn -0.9568 -0.2161 -0.1946
vn 0.9083 -0.1584 0.3872
vn -0.9979 -0.0646 -0.0089
vn -0.9746 -0.2166 0.0572
vn 0.8604 -0.3871 0.3313
vn 0.8432 -0.4183 0.3376
vn -0.6562 -0.7484 -0.0960
vn -0.8432 -0.5100 -0.1700
vn 0.7540 -0.5470 0.3636
vn 0.9736 -0.1862 0.1320
vn 0.9740 -0.2247 0.0291
vn 0.9343 -0.2900 0.2075
vn -0.2304 -0.8236 0.5183
vn -0.0695 -0.8417 0.5354
vn -0.6243 0.7155 -0.3135
vn 0.9315 -0.2513 0.2629
vn 0.9954 0.0080 0.0952
vn -0.3463 -0.7918 0.5030
vn -0.5674 0.7315 -0.3782
vn -0.7862 -0.5295 0.3187
vn -0.6788 -0.6325 0.3732
vn -0.4754 -0.7403 0.4754
vn -0.6007 -0.6775 0.4245
vn -0.8083 -0.4987 0.3129
vn 0.9818 0.1785 0.0653
vn 0.9968 0.0561 0.0569
vn -0.4606 0.8134 -0.3554
vn 0.9897 0.1428 0.0053
vn 0.9393 0.3425 -0.0181
vn -0.3942 0.8157 -0.4234
vn -0.2830 0.8796 -0.3823
vn 0.9408 0.3232 -0.1025
vn 0.2502 -0.8102 0.5301
vn -0.2086 0.8680 -0.4507
vn 0.1659 -0.8282 0.5352
vn -0.9623 -0.2399 0.1281
vn -0.8347 -0.4891 0.2529
vn 0.8615 0.4960 -0.1081
vn -0.0958 0.9139 -0.3945
vn 0.8585 0.4727 -0.1990
vn 0.7533 0.6297 -0.1899
vn -0.0134 0.8868 -0.4619
vn -0.9952 0.0972 -0.0091
vn 0.7475 0.6043 -0.2757
vn 0.4547 -0.7343 0.5041
vn -0.9809 -0.1386 0.1367
vn 0.4761 -0.7340 0.4844
vn 0.6051 -0.6570 0.4497
vn -0.9954 0.0918 -0.0264
vn -0.9766 0.2000 -0.0793
vn 0.6163 0.7426 -0.2620
vn 0.4562 0.8301 -0.3207
vn 0.6071 0.7175 -0.3414
vn 0.6869 -0.5940 0.4186
vn 0.4470 0.8043 -0.3916
vn -0.9594 0.2596 -0.1101
vn 0.7989 -0.4779 0.3651
vn -0.8815 0.4324 -0.1895
vn -0.9460 0.2940 -0.1363
vn 0.8366 -0.4288 0.3410
vn 0.2809 0.8887 -0.3623
vn -0.8455 0.4782 -0.2378
vn 0.0924 -0.8406 0.5336
vn 0.2731 0.8627 -0.4256
vn -0.0177 -0.8444 0.5355
vn 0.0914 0.9170 -0.3883
vn 0.9562 -0.1742 0.2352
vn 0.0857 0.8909 -0.4460
vn -0.5696 0.5352 -0.6238
vn -0.5136 0.6660 -0.5409
vn -0.9879 -0.1333 0.0790
vn -0.9878 -0.1262 0.0911
vn 0.9919 -0.0930 -0.0865
vn 0.9866 -0.1284 0.1011
vn -0.9996 -0.0039 -0.0266
vn -0.9999 0.0001 0.0157
vn 0.5745 -0.4100 0.7084
vn 0.9983 0.0566 -0.0140
vn 0.9718 0.0758 -0.2233
vn 0.9897 -0.0280 -0.1407
vn -0.9325 0.2972 -0.2053
vn -0.9613 0.2301 -0.1517
vn -0.9808 0.1726 -0.0910
vn 0.9681 0.2220 -0.1159
vn 0.9185 0.2232 -0.3263
vn 0.9567 0.1349 -0.2580
vn -0.8606 0.4205 -0.2874
vn 0.9003 0.3855 -0.2022
vn -0.9273 0.3458 -0.1435
vn -0.7393 0.5748 -0.3509
vn 0.9127 0.2324 -0.3361
vn 0.8000 0.5327 -0.2761
vn -0.8353 0.4887 -0.2518
vn -0.5856 0.7039 -0.4020
vn 0.7836 0.4175 -0.4601
vn 0.6726 0.6547 -0.3449
vn -0.7088 0.6099 -0.3544
vn -0.4089 0.7997 -0.4397
vn 0.6499 0.5456 -0.5291
vn 0.5219 0.7535 -0.3998
vn -0.5529 0.7044 -0.4451
vn -0.2192 0.8590 -0.4628
vn 0.4958 0.6503 -0.5755
vn 0.3533 0.8260 -0.4392
vn -0.3751 0.7678 -0.5194
vn 0.2885 -0.7853 0.5477
vn 0.3240 0.7309 -0.6007
vn 0.3637 -0.7642 0.5327
vn -0.0183 0.8814 -0.4720
vn 0.1608 0.8706 -0.4649
vn -0.1810 0.7974 -0.5757
vn 0.5157 -0.6953 0.5006
vn 0.1400 0.7842 -0.6046
vn 0.5427 -0.7008 0.4630
vn 0.4585 -0.7198 0.5212
vn 0.1266 -0.8113 0.5707
vn 0.1713 -0.7955 0.5813
vn -0.6546 -0.6294 0.4189
vn -0.6038 -0.6444 0.4692
vn 0.6969 -0.6125 0.3730
vn 0.5644 -0.6650 0.4891
vn -0.0289 -0.8261 0.5628
vn -0.0303 -0.8043 0.5934
vn -0.6833 -0.6093 0.4023
vn -0.7056 -0.5731 0.4167
vn 0.8103 -0.4779 0.3390
vn 0.8256 -0.4978 0.2656
vn 0.7031 -0.5775 0.4150
vn -0.2324 -0.7872 0.5713
vn -0.2445 -0.8004 0.5473
vn -0.9023 -0.3474 0.2553
vn -0.8533 -0.4318 0.2923
vn 0.9002 -0.3567 0.2497
vn 0.9166 -0.3701 0.1514
vn 0.8417 -0.4364 0.3180
vn -0.4542 -0.7457 0.4875
vn -0.4202 -0.7368 0.5297
vn -0.9072 -0.3225 0.2702
vn -0.9264 -0.3118 0.2110
vn 0.5864 -0.7716 0.2464
vn 0.4613 -0.8746 -0.1491
vn 0.3680 -0.9259 -0.0854
vn 0.2507 0.3697 -0.8947
vn 0.3253 0.5578 -0.7635
vn -0.4191 0.5404 -0.7296
vn -0.3444 0.6901 -0.6365
vn 0.0794 0.4384 -0.8953
vn 0.1477 0.6312 -0.7614
vn -0.2456 0.5187 -0.8189
vn 0.3939 -0.7534 0.5265
vn 0.4405 -0.7817 0.4414
vn -0.1669 0.6858 -0.7084
vn -0.0957 0.4879 -0.8676
vn -0.0340 0.6787 -0.7336
vn -0.4798 -0.4817 0.7333
vn 0.5532 -0.7254 0.4096
vn 0.5904 -0.7474 0.3045
vn 0.2209 -0.7515 0.6216
vn 0.2888 -0.7861 0.5466
vn 0.0898 -0.7165 0.6918
vn -0.4762 -0.5056 0.7194
vn 0.6924 -0.6666 0.2761
vn 0.6805 -0.7048 0.2005
vn 0.2923 -0.7532 0.5893
vn -0.6325 -0.3700 0.6804
vn -0.1507 -0.6393 0.7541
vn -0.6197 -0.3725 0.6908
vn 0.8026 -0.5815 0.1331
vn 0.7972 -0.6035 0.0169
vn -0.7608 -0.2483 0.5996
vn -0.1771 -0.6765 0.7148
vn -0.3142 -0.5746 0.7557
vn -0.7513 -0.2522 0.6099
vn 0.8796 -0.4755 -0.0129
vn 0.8513 -0.5076 -0.1327
vn -0.8611 -0.1195 0.4942
vn -0.3181 -0.6042 0.7305
vn -0.9305 0.0132 0.3661
vn -0.8476 -0.1125 0.5185
vn 0.9231 -0.3502 -0.1586
vn 0.8744 -0.3941 -0.2831
vn -0.9620 0.1452 0.2314
vn -0.9196 0.0219 0.3922
vn 0.9314 -0.1880 -0.3118
vn 0.8641 -0.2712 -0.4240
vn -0.9655 0.1994 0.1676
vn -0.9661 0.2164 0.1408
vn -0.9505 0.3108 -0.0019
vn -0.9559 0.1341 0.2611
vn 0.9081 -0.0661 -0.4135
vn 0.8189 -0.1376 -0.5571
vn -0.9447 0.3279 -0.0033
vn 0.7875 -0.0698 -0.6124
vn 0.8499 0.0765 -0.5214
vn -0.8999 0.3989 -0.1761
vn -0.8843 0.4421 -0.1502
vn 0.6909 0.0564 -0.7208
vn 0.7576 0.2163 -0.6158
vn -0.8161 0.4655 -0.3425
vn -0.7894 0.5395 -0.2929
vn 0.5640 0.1765 -0.8067
vn 0.6351 0.3474 -0.6899
vn -0.7040 0.5107 -0.4935
vn -0.6641 0.6152 -0.4250
vn 0.4149 0.2819 -0.8651
vn 0.4898 0.4621 -0.7393
vn 0.2100 -0.8511 0.4812
vn -0.8749 0.4837 0.0254
vn 0.1506 -0.9661 0.2095
vn -0.4168 -0.5706 0.7076
vn 0.6749 -0.7243 0.1414
vn -0.1616 -0.8900 0.4265
vn 0.5006 -0.8457 -0.1849
vn 0.6064 -0.7487 -0.2677
vn -0.3272 -0.6787 0.6575
vn 0.4790 -0.8716 0.1041
vn -0.6773 -0.3634 0.6396
vn -0.1488 -0.7357 0.6607
vn -0.7483 -0.5081 0.4264
vn 0.8381 -0.5178 -0.1717
vn -0.2100 -0.9331 0.2921
vn -0.7815 -0.2556 0.5691
vn 0.6618 -0.6895 -0.2942
vn 0.7767 -0.6222 -0.0981
vn -0.3592 -0.6230 0.6949
vn 0.7175 -0.5757 -0.3922
vn -0.5174 -0.7575 0.3981
vn 0.7507 -0.5158 -0.4128
vn -0.8936 -0.0936 0.4390
vn -0.9000 -0.1746 0.3993
vn 0.8408 -0.4014 -0.3633
vn -0.9306 -0.0918 0.3543
vn -0.9515 0.0427 0.3045
vn 0.7881 -0.3655 -0.4953
vn 0.8284 -0.3678 -0.4225
vn -0.9767 0.1602 0.1426
vn 0.7613 -0.1775 -0.6237
vn -0.9752 0.2176 0.0410
vn -0.9644 0.2601 -0.0468
vn -0.9687 0.0623 0.2404
vn 0.7833 -0.1957 -0.5901
vn 0.7176 -0.0757 -0.6923
vn -0.9479 0.2925 -0.1261
vn 0.7024 -0.0666 -0.7086
vn -0.9143 0.3346 -0.2282
vn 0.6003 0.1575 -0.7841
vn -0.9057 0.3368 -0.2576
vn 0.5836 0.0481 -0.8106
vn -0.8333 0.3843 -0.3974
vn 0.4605 0.3071 -0.8328
vn -0.8178 0.3928 -0.4207
vn 0.4272 0.1494 -0.8917
vn -0.7304 0.4111 -0.5455
vn 0.3014 0.4244 -0.8539
vn -0.7223 0.4172 -0.5515
vn 0.2562 0.2263 -0.9397
vn -0.6128 0.4205 -0.6691
vn 0.1370 0.5075 -0.8507
vn -0.6211 0.4286 -0.6562
vn 0.0844 0.2794 -0.9565
vn -0.4792 0.4137 -0.7741
vn -0.0224 0.5601 -0.8281
vn -0.4964 0.4323 -0.7528
vn -0.0774 0.3130 -0.9466
vn 0.4018 -0.8284 0.3903
vn -0.1722 0.5881 -0.7902
vn 0.3402 -0.9403 -0.0131
vn -0.2483 0.3420 -0.9063
vn -0.2692 0.4402 -0.8566
vn -0.2504 0.3392 -0.9068
vn -0.6134 0.7887 -0.0416
vn -0.6353 0.5811 -0.5086
vn 0.5620 0.4384 -0.7014
vn 0.4204 0.5891 -0.6901
vn -0.7718 0.6301 -0.0852
vn 0.2634 0.7025 -0.6612
vn -0.6613 0.7286 -0.1784
vn 0.1006 0.7792 -0.6187
vn -0.5332 0.8016 -0.2705
vn -0.0247 0.8150 -0.5790
vn -0.3482 0.8539 -0.3868
vn 0.2627 -0.9592 -0.1046
vn 0.2181 -0.9719 -0.0889
vn 0.3997 -0.8939 -0.2030
vn -0.4028 0.8453 -0.3511
vn 0.0946 -0.9955 -0.0023
vn 0.1451 -0.9892 -0.0228
vn -0.0902 -0.9889 0.1183
vn -0.5818 -0.7006 0.4131
vn -0.6028 -0.7388 0.3014
vn 0.4217 -0.8826 -0.2077
vn -0.0413 -0.9961 0.0785
vn -0.1871 -0.9718 0.1437
vn -0.6864 -0.5918 0.4227
vn -0.7269 -0.6044 0.3261
vn 0.6324 -0.7152 -0.2975
vn 0.6200 -0.7192 -0.3135
vn -0.2896 -0.9386 0.1877
vn -0.8109 -0.4930 0.3154
vn 0.6513 -0.6869 -0.3225
vn -0.3534 -0.9110 0.2124
vn -0.4586 -0.8508 0.2565
vn -0.8425 -0.3685 0.3930
vn -0.9363 -0.2418 0.2548
vn 0.7990 -0.4304 -0.4201
vn -0.9451 -0.1277 0.3008
vn -0.9795 -0.1077 0.1704
vn -0.9642 0.0111 0.2651
vn 0.7592 -0.2373 -0.6061
vn 0.8583 -0.1860 -0.4783
vn -0.9929 0.1120 0.0408
vn -0.9330 0.3395 0.1190
vn 0.8454 0.0029 -0.5341
vn 0.7449 -0.0979 -0.6600
vn 0.6864 0.2218 -0.6926
vn -0.8989 0.4380 0.0093
vn 0.0687 0.9217 -0.3818
vn 0.7624 -0.1794 -0.6217
vn 0.6465 0.4829 -0.5906
vn -0.1530 -0.8255 -0.5433
vn -0.3311 -0.6956 -0.6376
vn -0.4798 0.8686 -0.1241
vn -0.0057 0.9315 -0.3637
vn -0.1726 0.9439 -0.2814
vn 0.0947 -0.9933 -0.0666
vn 0.2740 -0.8759 -0.3970
vn 0.0324 -0.9862 -0.1625
vn -0.4789 0.8777 -0.0146
vn 0.3509 -0.9148 -0.1999
vn 0.3577 -0.7971 -0.4866
vn 0.0229 -0.9989 -0.0402
vn 0.5603 -0.6380 -0.5282
vn -0.4842 -0.8320 0.2707
vn -0.5734 -0.7955 0.1961
vn 0.4791 -0.8273 -0.2933
vn 0.4732 -0.6514 -0.5931
vn -0.0478 -0.9988 0.0089
vn 0.0734 -0.9820 -0.1741
vn -0.5909 -0.7482 0.3017
vn -0.7788 -0.5319 0.3323
vn 0.7722 -0.0926 -0.6286
vn -0.2027 -0.9693 0.1392
vn -0.2802 -0.9599 0.0112
vn -0.9108 -0.1778 0.3725
vn 0.6561 -0.3814 -0.6512
vn -0.3289 -0.9216 0.2060
vn -0.4160 -0.9040 0.0987
vn 0.6435 0.3751 -0.6672
vn 0.6752 -0.1675 -0.7184
vn -0.9150 -0.0924 0.3928
vn 0.6797 0.0644 -0.7307
vn -0.9203 0.0724 0.3844
vn 0.6543 0.2524 -0.7129
vn -0.9244 -0.0122 0.3812
vn -0.8900 0.3787 0.2539
vn 0.5172 0.6069 -0.6036
vn -0.9285 0.2295 0.2918
vn -0.7747 0.6262 0.0875
vn 0.3775 0.7560 -0.5347
vn -0.7092 0.7045 0.0272
vn 0.2229 0.8607 -0.4577
vn -0.6933 -0.6697 -0.2660
vn -0.6378 -0.7700 -0.0182
vn 0.3118 -0.4764 -0.8221
vn -0.7935 -0.6085 -0.0117
vn -0.7343 -0.6709 -0.1035
vn -0.7494 -0.6472 0.1394
vn -0.0145 -0.4120 -0.9111
vn 0.0809 -0.3328 -0.9395
vn -0.4953 -0.7210 -0.4846
vn -0.3854 -0.7171 -0.5807
vn 0.4088 -0.3429 -0.8458
vn -0.8587 -0.4829 0.1716
vn -0.8125 -0.5803 0.0550
vn -0.4186 -0.8682 -0.2664
vn 0.1563 -0.2208 -0.9627
vn -0.8183 -0.5173 0.2505
vn -0.5484 -0.7370 -0.3951
vn 0.4523 -0.2447 -0.8576
vn -0.8623 -0.4649 0.2010
vn -0.5177 -0.8414 -0.1550
vn 0.1929 -0.1049 -0.9756
vn -0.6542 -0.7129 -0.2526
vn -0.8625 -0.3553 0.3603
vn -0.8865 -0.3286 0.3258
vn -0.8699 -0.2691 0.4133
vn 0.5091 -0.0454 -0.8595
vn -0.8832 -0.1704 0.4370
vn -0.8661 -0.0675 0.4953
vn 0.5421 0.1879 -0.8190
vn -0.8537 -0.0055 0.5207
vn 0.3240 0.2307 -0.9175
vn -0.8320 0.1135 0.5430
vn -0.7989 0.1669 0.5779
vn -0.7586 0.3208 0.5671
vn -0.7239 0.3330 0.6043
vn 0.5152 0.4889 -0.7040
vn -0.6231 0.5558 0.5504
vn 0.4649 0.6631 -0.5866
vn -0.6319 0.4899 0.6006
vn -0.5276 0.6652 0.5283
vn 0.4076 0.7946 -0.4500
vn -0.5273 0.6322 0.5677
vn -0.4147 0.7783 0.4714
vn 0.3319 0.8918 -0.3076
vn -0.4142 0.7551 0.5081
vn -0.2933 0.8729 0.3899
vn 0.2403 0.9571 -0.1620
vn -0.2969 0.8553 0.4246
vn 0.0383 -0.7416 -0.6697
vn 0.1330 0.9909 -0.0189
vn -0.1660 0.9453 0.2808
vn -0.2603 -0.6279 -0.7335
vn -0.1622 -0.5860 -0.7939
vn -0.1640 0.9361 0.3111
vn 0.1278 -0.6706 -0.7307
vn -0.0572 0.9815 0.1829
vn -0.0205 0.9931 0.1156
vn -0.9207 -0.2707 0.2810
vn -0.0685 -0.5029 -0.8617
vn -0.8931 0.0309 0.4487
vn -0.9137 -0.1279 0.3857
vn 0.2834 0.5386 -0.7934
vn -0.8405 0.2090 0.4999
vn 0.2640 0.6948 -0.6689
vn -0.7722 0.3704 0.5163
vn 0.2283 0.8081 -0.5431
vn -0.6874 0.5222 0.5047
vn 0.1743 0.8958 -0.4090
vn -0.5919 0.6565 0.4677
vn 0.1048 0.9567 -0.2716
vn -0.4891 0.7712 0.4076
vn 0.0225 0.9905 -0.1354
vn -0.3825 0.8640 0.3274
vn -0.0699 0.9975 -0.0040
vn -0.2747 0.9337 0.2296
vn -0.1688 0.9786 0.1174
vt 0.238219 0.564349
vt 0.238219 0.390984
vt 0.334553 0.477667
vt 0.366591 0.340402
vt 0.428419 0.224006
vt 0.503032 0.332894
vt 0.503032 0.175712
vt 0.366591 0.266082
vt 0.238219 0.216045
vt 0.324737 0.175712
vt 0.238219 -0.000000
vt 0.374068 0.065833
vt 0.374068 0.110132
vt 0.238219 0.175712
vt 0.273685 0.371531
vt 0.238839 0.357777
vt 0.238219 0.383251
vt 0.257947 0.390984
vt 0.082825 0.597613
vt 0.065020 0.596574
vt 0.065020 0.571198
vt 0.082825 0.573317
vt 0.496879 0.714737
vt 0.496879 0.739267
vt 0.477288 0.748116
vt 0.477288 0.705887
vt 0.504332 0.340402
vt 0.453509 0.478936
vt 0.416051 0.479470
vt 0.366591 0.340402
vt 0.398764 0.075187
vt 0.398764 0.100805
vt 0.445091 0.502621
vt 0.423903 0.502860
vt 0.398764 0.075895
vt 0.508617 0.000000
vt 0.508617 0.171717
vt 0.398764 0.117722
vt 0.229958 0.427229
vt 0.232803 0.539082
vt 0.224317 0.427570
vt 0.232803 0.413532
vt 0.074862 0.484116
vt 0.074862 0.569187
vt 0.065020 0.571198
vt 0.065020 0.479413
vt 0.074862 0.565314
vt 0.074862 0.479432
vt 0.080328 0.479413
vt 0.080328 0.565295
vt 0.879568 0.028750
vt 0.799502 0.104702
vt 0.799502 -0.000000
vt 0.503032 0.290656
vt 0.503032 0.175712
vt 0.507237 0.176731
vt 0.586312 0.715120
vt 0.553045 0.825791
vt 0.587219 0.702083
vt 0.504332 0.702083
vt 0.334553 0.515574
vt 0.356724 0.527349
vt 0.334553 0.636771
vt 0.626547 0.180429
vt 0.723864 0.180429
vt 0.674830 0.306692
vt 0.319020 0.700249
vt 0.319020 0.834240
vt 0.238219 0.734811
vt 0.365895 0.395340
vt 0.334553 0.515574
vt 0.334553 0.390984
vt 0.499907 0.502886
vt 0.499907 0.601130
vt 0.485396 0.551850
vt 0.468196 0.502860
vt 0.468196 0.601104
vt 0.158394 0.612800
vt 0.114382 0.724066
vt 0.070768 0.612800
vt 0.148985 0.737734
vt 0.089140 0.839347
vt 0.153177 0.724066
vt 0.235658 0.413532
vt 0.235658 0.536739
vt 0.232803 0.427067
vt 0.067800 0.724066
vt 0.067800 0.599389
vt 0.162342 0.599389
vt 0.691443 0.690083
vt 0.641024 0.623125
vt 0.691443 0.576580
vt 0.590066 0.578318
vt 0.590066 0.701396
vt 0.908575 0.478001
vt 0.908575 0.340402
vt 0.954284 0.409201
vt 0.799502 0.107129
vt 0.700478 0.013484
vt 0.799502 -0.000000
vt 0.680560 0.812497
vt 0.680560 0.904705
vt 0.590066 0.860248
vt 0.470114 0.640504
vt 0.470114 0.750922
vt 0.366591 0.713871
vt 0.590066 0.701396
vt 0.682764 0.744633
vt 0.590066 0.812497
vt 0.577569 0.622051
vt 0.504332 0.592464
vt 0.577569 0.522296
vt 0.162342 0.528075
vt 0.083653 0.496305
vt 0.159806 0.412607
vt 0.083653 0.599390
vt 0.506726 0.702083
vt 0.366591 0.792707
vt 0.451756 0.750922
vt 0.451756 0.858160
vt 0.866149 0.539181
vt 0.778972 0.575190
vt 0.778972 0.477452
vt 0.316138 0.922801
vt 0.238219 0.922801
vt 0.270595 0.834240
vt 0.831513 0.703593
vt 0.758164 0.675160
vt 0.831513 0.576580
vt 0.416515 0.967959
vt 0.366591 0.967959
vt 0.389966 0.858160
vt 0.561526 0.236741
vt 0.622488 0.272571
vt 0.561526 0.317838
vt 0.365197 0.962826
vt 0.319020 0.945136
vt 0.365197 0.880802
vt 0.389755 0.858815
vt 0.758164 0.826468
vt 0.829196 0.826468
vt 0.794603 0.912579
vt 0.561668 0.317813
vt 0.880778 0.796369
vt 0.833983 0.784223
vt 0.880778 0.704280
vt 0.758164 0.683915
vt 0.691443 0.659552
vt 0.758117 0.577210
vt 0.836484 0.883764
vt 0.880738 0.703593
vt 0.693972 0.757192
vt 0.758164 0.576580
vt 0.319020 0.792654
vt 0.319020 0.700935
vt 0.366004 0.781261
vt 0.649411 0.423042
vt 0.716063 0.341071
vt 0.716118 0.447443
vt 0.361683 0.880803
vt 0.651757 0.521309
vt 0.319071 0.700249
vt 0.716118 0.340401
vt 0.895359 0.327781
vt 0.895427 0.255005
vt 0.960108 0.299361
vt 0.895359 0.254521
vt 0.944998 -0.000000
vt 0.944998 0.088746
vt 0.879568 0.027648
vt 0.880778 0.950912
vt 0.907538 0.841767
vt 0.930702 0.950912
vt 0.831329 0.960359
vt 0.844760 0.883764
vt 0.880778 0.960359
vt 0.907327 0.841112
vt 0.183722 0.805105
vt 0.167535 0.807057
vt 0.177653 0.777455
vt 0.164749 0.649326
vt 0.224176 0.649326
vt 0.716175 0.154121
vt 0.713620 0.169707
vt 0.701317 0.171067
vt 0.700478 0.154121
vt 0.600439 0.167835
vt 0.585676 0.168343
vt 0.593208 0.142114
vt 0.561526 0.000000
vt 0.626547 0.000000
vt 0.188127 0.812331
vt 0.166778 0.811111
vt 0.604426 0.175317
vt 0.582976 0.174856
vt 0.841325 0.250433
vt 0.841325 0.314995
vt 0.816810 0.285731
vt 0.590066 0.919809
vt 0.642932 0.904705
vt 0.642932 0.960187
vt 0.590066 0.975290
vt 0.781889 0.316371
vt 0.781889 0.251809
vt 0.778972 0.340402
vt 0.844013 0.340402
vt 0.817840 0.474775
vt 0.798906 0.473953
vt 0.817787 0.477452
vt 0.799148 0.475897
vt 0.704632 0.308960
vt 0.706867 0.327641
vt 0.689278 0.332133
vt 0.689791 0.312075
vt 0.578596 0.336321
vt 0.578596 0.317838
vt 0.595830 0.333680
vt 0.640604 0.513569
vt 0.618886 0.514848
vt 0.624474 0.484677
vt 0.164749 0.948651
vt 0.185464 0.944232
vt 0.185464 0.997720
vt 0.706867 0.306692
vt 0.169532 0.917453
vt 0.631866 0.576580
vt 0.590066 0.340402
vt 0.649411 0.340402
vt 0.629670 0.470719
vt 0.593254 0.236741
vt 0.477288 0.649499
vt 0.499907 0.647119
vt 0.490466 0.705887
vt 0.593009 0.128058
vt 0.477288 0.601130
vt 0.639138 0.509688
vt 0.620644 0.508351
vt 0.595830 0.336066
vt 0.600331 0.317838
vt 0.612104 0.336066
vt 0.950791 0.750286
vt 0.931299 0.798725
vt 0.930501 0.744781
vt 0.195350 0.587658
vt 0.182239 0.649326
vt 0.173541 0.586388
vt 0.907636 0.520192
vt 0.894459 0.576580
vt 0.885018 0.517812
vt 0.048394 0.589026
vt 0.039675 0.634041
vt 0.026931 0.589445
vt 0.065020 0.454366
vt -0.000000 0.456044
vt 0.224317 0.413532
vt 0.164749 0.413532
vt 0.036355 0.540326
vt 0.036793 0.555659
vt 0.689075 0.306692
vt 0.689278 0.328744
vt 0.667784 0.329552
vt 0.667901 0.306692
vt 0.670460 0.308616
vt 0.184191 0.543860
vt 0.189440 0.557767
vt 0.716882 0.512974
vt 0.731190 0.485305
vt 0.734959 0.517606
vt 0.175009 0.582517
vt 0.193488 0.581245
vt 0.716118 0.516922
vt 0.733779 0.521568
vt 0.030587 0.581343
vt 0.045352 0.581125
vt 0.729726 0.297169
vt 0.741621 0.271482
vt 0.745108 0.302571
vt 0.723864 0.303273
vt 0.744973 0.306692
vt 0.562475 0.336767
vt 0.578596 0.322037
vt 0.578131 0.336767
vt 0.781889 0.149162
vt 0.723864 0.136329
vt 0.778972 0.377920
vt 0.716118 0.363169
vt 0.762085 0.117001
vt 0.757146 0.340402
vt 0.691443 0.889395
vt 0.750573 0.889776
vt 0.750573 0.954797
vt 0.691443 0.954416
vt 0.031910 0.423289
vt -0.000000 0.423845
vt 0.907636 0.471823
vt 0.950791 0.703593
vt 0.416515 0.858160
vt 0.447786 0.889753
vt 0.416515 0.923181
vt 0.895359 0.237571
vt 0.884119 0.282653
vt 0.846474 0.247319
vt 0.844013 0.470990
vt 0.863701 0.340402
vt 0.879858 0.340742
vt 0.908575 0.470990
vt 0.846474 0.119819
vt 0.858820 0.117001
vt 0.691443 0.859969
vt 0.756468 0.858486
vt 0.756467 0.887912
vt 0.642932 0.972457
vt 0.642932 0.921146
vt 0.678968 0.958572
vt 0.880778 0.841112
vt 0.901616 0.703593
vt 0.914713 0.703816
vt 0.930501 0.841112
vt 0.728191 0.764727
vt 0.711942 0.765229
vt 0.711919 0.758070
vt 0.728131 0.757192
vt 0.689980 0.904705
vt 0.694975 0.568402
vt 0.649411 0.568402
vt 0.675442 0.521309
vt -0.000000 0.763234
vt 0.063945 0.775012
vt 0.024900 0.803422
vt 0.451756 0.872391
vt 0.500423 0.882252
vt 0.462281 0.917007
vt -0.000000 0.895632
vt 0.062062 0.876173
vt 0.043856 0.927201
vt 0.488133 0.750922
vt 0.500423 0.753771
vt 0.807408 0.912579
vt 0.807408 0.977140
vt 0.758164 0.978642
vt 0.758164 0.914080
vt -0.000000 0.808740
vt 0.015344 0.803422
vt 0.237186 0.708827
vt 0.224176 0.708864
vt 0.224610 0.692699
vt 0.237186 0.692648
vt 0.945082 0.254521
vt 0.895359 0.254521
vt 0.911147 0.117224
vt 0.924244 0.117001
vt 0.048025 0.634041
vt 0.063945 0.637316
vt 0.807408 0.952105
vt 0.827376 0.912579
vt 0.827376 0.956626
vt 0.807425 0.998337
vt 0.975577 0.117001
vt 0.986209 0.164820
vt 0.965976 0.162308
vt 0.965976 0.206218
vt 0.995051 0.390482
vt 0.995051 0.428607
vt 0.974990 0.394231
vt 0.205310 0.962689
vt 0.185839 0.999712
vt 0.185464 0.957691
vt 0.979819 0.340402
vt 0.205310 0.917452
vt 0.951297 0.931987
vt 0.951297 0.893465
vt 0.972145 0.895612
vt 0.963455 0.841112
vt 0.492706 0.952375
vt 0.492706 0.999150
vt 0.472231 0.956984
vt 0.472817 0.917007
vt 0.960108 0.287856
vt 0.960108 0.238070
vt 0.980598 0.283285
vt 0.954284 0.475626
vt 0.974919 0.431327
vt 0.974919 0.479210
vt 0.962226 0.522344
vt 0.979648 0.327781
vt 0.719924 0.154121
vt 0.700478 0.148220
vt 0.719924 0.107129
vt 0.981830 0.703593
vt 0.991959 0.748679
vt 0.971686 0.751183
vt 0.991959 0.792569
vt 0.930501 0.798725
vt 0.950967 0.798725
vt 0.941522 0.835266
vt 0.965593 0.052600
vt 0.985678 0.048634
vt 0.983755 0.090684
vt 0.974919 0.481408
vt 0.994979 0.485157
vt 0.974919 0.519533
vt 0.990151 0.431327
vt 0.965593 0.000000
vt 0.945082 0.207860
vt 0.945082 0.168760
vt 0.965976 0.171511
vt 1.000000 0.283165
vt 0.998957 0.328030
vt 0.980598 0.288868
vt 0.472231 0.952375
vt 0.472231 0.999150
vt 0.451756 0.956984
vt 0.992759 0.589675
vt 0.982409 0.632356
vt 0.973269 0.585858
vt 0.992759 0.541044
vt 0.452342 0.917007
vt 0.980598 0.238070
vt 0.957354 0.117001
vt 0.944998 0.054868
vt 0.965593 0.050795
vt 0.963699 0.093649
vt 0.944998 -0.000000
vt 0.961111 0.541044
vt 0.973270 0.593396
vt 0.952421 0.595543
vt 0.973270 0.631918
vt 0.626547 0.306692
vt 0.647534 0.306692
vt 0.637958 0.337922
vt 0.772923 0.564853
vt 0.752084 0.564853
vt 0.757918 0.527419
vt 0.954284 0.388067
vt 0.974990 0.384728
vt 0.966521 0.431327
vt 0.954284 0.340402
vt 0.647534 0.306692
vt 0.667784 0.306692
vt 0.661249 0.337214
vt 0.971685 0.794452
vt 0.950791 0.758103
vt 0.971685 0.755351
vt 0.959413 0.703593
vt 0.880270 0.326971
vt 0.860265 0.330045
vt 0.860265 0.292425
vt 0.972145 0.889544
vt 0.991711 0.885953
vt 0.982052 0.932321
vt 0.972145 0.841112
vt 0.930702 0.895980
vt 0.951297 0.891907
vt 0.949403 0.934762
vt 0.930702 0.841112
vt 0.719924 0.148885
vt 0.719924 0.133615
vt 0.723682 0.134009
vt 0.723682 0.149278
vt 0.691133 0.701396
vt 0.691133 0.716655
vt 0.682764 0.709801
vt 0.691295 0.766508
vt 0.691295 0.778284
vt 0.687447 0.777869
vt 0.503979 0.530075
vt 0.502628 0.544435
vt 0.499907 0.529932
vt 0.757103 0.306692
vt 0.762508 0.319671
vt 0.750143 0.319671
vt 0.682764 0.779015
vt 0.682764 0.767426
vt 0.686573 0.778425
vt 0.356724 0.627022
vt 0.364684 0.619645
vt 0.364684 0.636317
vt 0.504003 0.515399
vt 0.499932 0.515256
vt 0.360925 0.619271
vt 0.736153 0.115623
vt 0.739877 0.107129
vt 0.739877 0.116619
vt 0.356724 0.597822
vt 0.363182 0.588829
vt 0.363398 0.603176
vt 0.503979 0.503003
vt 0.499907 0.502860
vt 0.677393 0.339946
vt 0.667784 0.339654
vt 0.677393 0.329552
vt 0.365813 0.680290
vt 0.364269 0.693657
vt 0.355399 0.680290
vt 0.359425 0.588439
vt 0.359640 0.573433
vt 0.363398 0.573823
vt 0.769023 0.327377
vt 0.773852 0.320205
vt 0.773852 0.334976
vt 0.653213 0.568401
vt 0.653213 0.576472
vt 0.649411 0.575747
vt 0.503745 0.729380
vt 0.496879 0.736803
vt 0.496879 0.722423
vt 0.366280 0.559571
vt 0.365837 0.570264
vt 0.362209 0.559423
vt 0.747888 0.115712
vt 0.747888 0.107129
vt 0.751699 0.115132
vt 0.468196 0.621478
vt 0.474587 0.612642
vt 0.474611 0.626510
vt 0.366280 0.547535
vt 0.362209 0.547387
vt 0.470833 0.612219
vt 0.692870 0.338914
vt 0.689278 0.340355
vt 0.728156 0.107129
vt 0.728156 0.116050
vt 0.719924 0.109174
vt 0.470857 0.601130
vt 0.474611 0.601553
vt 0.762508 0.312121
vt 0.767327 0.306692
vt 0.767327 0.317836
vt 0.477091 0.636641
vt 0.468196 0.636641
vt 0.477028 0.626510
vt 0.503979 0.585170
vt 0.503980 0.594836
vt 0.499908 0.594707
vt 0.499907 0.585041
vt 0.758904 0.571386
vt 0.752085 0.575291
vt 0.752085 0.564853
vt 0.503605 0.603925
vt 0.755509 0.114122
vt 0.759100 0.107129
vt 0.759100 0.115525
vt 0.470114 0.687413
vt 0.476541 0.679871
vt 0.476547 0.690761
vt 0.472778 0.679533
vt 0.472253 0.676027
vt 0.476547 0.669867
vt 0.503980 0.576279
vt 0.499908 0.576151
vt 0.472784 0.669528
vt 0.082646 0.472566
vt 0.081320 0.476122
vt 0.081320 0.466536
vt 0.067490 0.741189
vt 0.067490 0.756504
vt 0.063964 0.757078
vt 0.063964 0.741764
vt 0.577769 0.652759
vt 0.578299 0.639998
vt 0.590040 0.652759
vt 0.776944 0.570542
vt 0.772923 0.556179
vt 0.776944 0.556073
vt 0.688172 0.717010
vt 0.688172 0.735473
vt 0.684182 0.716655
vt 0.735857 0.306692
vt 0.728414 0.323813
vt 0.721172 0.306692
vt 0.682764 0.730365
vt 0.237235 0.724925
vt 0.224176 0.719178
vt 0.237235 0.708864
vt 0.499949 0.561344
vt 0.499907 0.544434
vt 0.504101 0.544571
vt 0.504144 0.561480
vt 0.503752 0.665447
vt 0.499907 0.647557
vt 0.503752 0.646376
vt 0.777856 0.320335
vt 0.773852 0.334093
vt 0.589741 0.667593
vt 0.577769 0.661090
vt 0.589741 0.652759
vt 0.499907 0.576014
vt 0.504101 0.576151
vt 0.224317 0.642624
vt 0.224317 0.625698
vt 0.237237 0.630834
vt 0.626172 0.336480
vt 0.612104 0.325447
vt 0.626172 0.317838
vt 0.067477 0.757078
vt 0.067477 0.771915
vt 0.063964 0.772564
vt 0.063964 0.757728
vt 0.164342 0.734898
vt 0.153177 0.736292
vt 0.153177 0.724066
vt 0.224176 0.772902
vt 0.224176 0.755756
vt 0.228183 0.755398
vt 0.228653 0.768007
vt 0.237053 0.625698
vt 0.224317 0.614960
vt 0.237053 0.608385
vt 0.687447 0.750363
vt 0.687447 0.767426
vt 0.683462 0.749957
vt 0.682764 0.763442
vt 0.747121 0.337738
vt 0.747121 0.324272
vt 0.759566 0.330762
vt 0.772923 0.555943
vt 0.772923 0.541791
vt 0.777118 0.541920
vt 0.777118 0.556073
vt 0.499907 0.699811
vt 0.499907 0.683014
vt 0.503912 0.682644
vt 0.503809 0.696218
vt 0.583588 0.610075
vt 0.578434 0.594667
vt 0.589129 0.594667
vt 0.781387 0.320205
vt 0.781387 0.331386
vt 0.777856 0.331934
vt 0.777856 0.320752
vt 0.477124 0.730654
vt 0.470114 0.722253
vt 0.477124 0.716039
vt 0.224176 0.741190
vt 0.224176 0.724925
vt 0.236764 0.729527
vt 0.499907 0.614926
vt 0.499909 0.603925
vt 0.504102 0.604083
vt 0.504101 0.615084
vt 0.581565 0.625433
vt 0.578434 0.610075
vt 0.588838 0.610075
vt 0.237971 0.755691
vt 0.237971 0.771949
vt 0.233976 0.755398
vt 0.234213 0.769169
vt 0.158147 0.763113
vt 0.153177 0.751054
vt 0.163954 0.751054
vt 0.723781 0.133615
vt 0.719924 0.117193
vt 0.723781 0.116050
vt 0.743883 0.107129
vt 0.741836 0.115813
vt 0.739877 0.107129
vt 0.351931 0.693292
vt 0.342863 0.698919
vt 0.342863 0.689028
vt 0.499909 0.625029
vt 0.504102 0.625187
vt 0.774942 0.319470
vt 0.771294 0.308388
vt 0.774942 0.306692
vt 0.680109 0.339523
vt 0.677393 0.329552
vt 0.686948 0.329552
vt 0.907636 0.614065
vt 0.831513 0.683071
vt 0.146613 0.923658
vt 0.067800 0.887475
vt 0.146613 0.839347
vt 0.504332 0.919550
vt 0.504332 0.825791
vt 0.577931 0.893967
vt 0.758164 0.805493
vt 0.833983 0.703593
vt 0.833983 0.826468
vt 0.590066 0.415980
vt 0.588998 0.522296
vt 0.504332 0.456608
vt 0.700478 0.070707
vt 0.695861 0.180429
vt 0.626547 0.099184
vt 0.504332 0.340402
vt 0.626547 -0.000000
vt 0.067581 0.741075
vt 0.063964 0.741189
vt 0.063964 0.725459
vt 0.067581 0.725344
vt 0.589418 0.625433
vt 0.589418 0.639792
vt 0.578434 0.635465
vt 0.774942 0.306692
vt 0.778755 0.318056
vt 0.774942 0.318477
vt 0.503032 0.320020
vt 0.506863 0.319437
vt 0.507213 0.333602
vt 0.365492 0.651774
vt 0.365492 0.666926
vt 0.355399 0.663027
vt 0.769288 0.576306
vt 0.765433 0.576306
vt 0.767515 0.564853
vt 0.162134 0.736292
vt 0.162134 0.751054
vt 0.153177 0.737568
vt 0.503088 0.304475
vt 0.506919 0.303892
vt 0.082837 0.506055
vt 0.082837 0.516019
vt 0.080328 0.513115
vt 0.713227 0.180342
vt 0.709417 0.179759
vt 0.713227 0.171067
vt 0.476852 0.736463
vt 0.470114 0.744772
vt 0.470114 0.730654
vt 0.503382 0.291239
vt 0.507213 0.290656
vt 0.228653 0.764295
vt 0.233976 0.755398
vt 0.233976 0.769660
vt 0.496879 0.713186
vt 0.503819 0.705887
vt 0.503819 0.722423
vt 0.626103 0.304657
vt 0.622488 0.304836
vt 0.622488 0.289543
vt 0.626103 0.289365
vt 0.689154 0.743471
vt 0.682764 0.749957
vt 0.682764 0.735473
vt 0.623048 0.312381
vt 0.654828 0.568401
vt 0.657050 0.576343
vt 0.653213 0.576343
vt 0.716175 0.162861
vt 0.723649 0.154121
vt 0.723649 0.168995
vt 0.622488 0.279066
vt 0.626308 0.278415
vt 0.624913 0.289365
vt 0.755509 0.115712
vt 0.751699 0.115132
vt 0.755509 0.107129
vt 0.503181 0.742695
vt 0.496879 0.750403
vt 0.496879 0.736803
vt 0.622488 0.266238
vt 0.626308 0.265587
vt 0.064512 0.691490
vt 0.063964 0.683931
vt 0.067582 0.683840
vt 0.657050 0.568401
vt 0.660863 0.575658
vt 0.657050 0.576088
vt 0.716175 0.175770
vt 0.723698 0.168995
vt 0.723698 0.180005
vt 0.063964 0.672461
vt 0.067582 0.672370
vt 0.736153 0.115844
vt 0.728156 0.115844
vt 0.734611 0.107129
vt 0.153177 0.771975
vt 0.158150 0.763113
vt 0.158150 0.776890
vt 0.622493 0.246682
vt 0.626327 0.246119
vt 0.626322 0.256320
vt 0.622488 0.256883
vt 0.577569 0.575063
vt 0.577744 0.565929
vt 0.583494 0.575063
vt 0.624569 0.265587
vt 0.762690 0.114122
vt 0.759100 0.115525
vt 0.759100 0.107129
vt 0.765433 0.569606
vt 0.758904 0.575370
vt 0.758904 0.564853
vt 0.064412 0.725345
vt 0.063964 0.719436
vt 0.067578 0.719258
vt 0.066971 0.715307
vt 0.063964 0.709241
vt 0.622488 0.237304
vt 0.626322 0.236741
vt 0.067578 0.709063
vt 0.082646 0.472945
vt 0.083626 0.466536
vt 0.083626 0.476452
vt 0.470830 0.640853
vt 0.474829 0.640504
vt 0.474113 0.653954
vt 0.470114 0.654303
vt 0.750143 0.306692
vt 0.742837 0.323408
vt 0.735857 0.306692
vt 0.158150 0.777556
vt 0.162139 0.763137
vt 0.063945 0.635216
vt 0.067775 0.634041
vt 0.067775 0.653277
vt 0.706867 0.312791
vt 0.721172 0.324272
vt 0.474829 0.669528
vt 0.224317 0.608385
vt 0.224317 0.589689
vt 0.237694 0.597610
vt 0.366441 0.532487
vt 0.362262 0.532644
vt 0.362209 0.515731
vt 0.366388 0.515574
vt 0.063964 0.672369
vt 0.063964 0.653277
vt 0.067775 0.654457
vt 0.500423 0.750922
vt 0.504316 0.751903
vt 0.500423 0.765221
vt 0.734180 0.340318
vt 0.721262 0.328401
vt 0.734180 0.324272
vt 0.366388 0.547231
vt 0.362209 0.547387
vt 0.747121 0.331363
vt 0.734180 0.339015
vt 0.734180 0.324272
vt 0.721262 0.340169
vt 0.706867 0.333180
vt 0.721262 0.324272
vt 0.767327 0.307312
vt 0.771294 0.306692
vt 0.771294 0.319544
vt 0.767327 0.320165
vt 0.577769 0.690963
vt 0.590066 0.684467
vt 0.764340 0.337738
vt 0.760368 0.320205
vt 0.764340 0.320577
vt 0.759566 0.332766
vt 0.238173 0.692648
vt 0.224176 0.682514
vt 0.238173 0.676719
vt 0.764340 0.320610
vt 0.768325 0.320205
vt 0.764340 0.337673
vt 0.769023 0.333690
vt 0.577769 0.684467
vt 0.577769 0.667593
vt 0.589276 0.673775
vt 0.777102 0.541626
vt 0.772923 0.541791
vt 0.772923 0.527584
vt 0.777102 0.527419
vt 0.504067 0.682644
vt 0.500097 0.665446
vt 0.504067 0.665832
vt 0.499907 0.678982
vt 0.578434 0.594667
vt 0.578434 0.578409
vt 0.588730 0.583145
vt 0.228653 0.770200
vt 0.232631 0.769660
vt 0.232631 0.779549
vt 0.228653 0.780088
vt 0.360245 0.651774
vt 0.355399 0.636771
vt 0.365816 0.636771
vt 0.236751 0.747635
vt 0.224176 0.755398
vt 0.224176 0.741190
vt 0.504086 0.636166
vt 0.499907 0.636296
vt 0.499909 0.625316
vt 0.504089 0.625187
vt 0.365833 0.680290
vt 0.355399 0.670408
vt 0.365833 0.666926
vt 0.687447 0.750250
vt 0.691442 0.749957
vt 0.687447 0.766508
vt 0.691205 0.763728
vt 0.356724 0.619271
vt 0.356724 0.603176
vt 0.366202 0.606660
vt 0.063964 0.709063
vt 0.063964 0.691490
vt 0.067788 0.692626
vt 0.743883 0.107129
vt 0.747888 0.107129
vt 0.745929 0.115813
vt 0.334553 0.699854
vt 0.334553 0.689028
vt 0.342863 0.693138
vt 0.504089 0.646246
vt 0.499909 0.646376
vt 0.500423 0.778024
vt 0.500423 0.765221
vt 0.504036 0.766913
vt 0.700478 0.180370
vt 0.705486 0.171067
vt 0.709417 0.180370
vt 0.714696 0.521309
vt 0.715117 0.553475
vt 0.694975 0.543739
vt 0.358710 0.543347
vt 0.362209 0.573433
vt 0.356724 0.543444
vt 0.164034 0.443993
vt 0.162342 0.412931
vt 0.164034 0.412607
vt 0.065020 0.446930
vt 0.081320 0.452283
vt 0.065020 0.479413
vt 0.081320 0.445367
vt 0.081320 0.423289
vt 0.083121 0.423472
vt 0.082596 0.447405
vt 0.362209 0.515574
vt 0.079199 0.423289
vt 0.694975 0.571999
vt 0.237223 0.494741
vt 0.235658 0.513671
vt 0.235658 0.493850
vt 0.751894 0.527419
vt 0.752084 0.554813
vt 0.734542 0.546422
vt 0.237789 0.565665
vt 0.224317 0.589689
vt 0.234848 0.565078
vt 0.583911 0.565929
vt 0.577569 0.539647
vt 0.580558 0.539772
vt 0.224317 0.562007
vt 0.235658 0.475826
vt 0.235658 0.456695
vt 0.237805 0.458758
vt 0.237805 0.474131
vt 0.236041 0.539082
vt 0.734542 0.573072
vt 0.583911 0.522296
vt 0.715117 0.571999
vt 0.715117 0.542808
vt 0.732219 0.554763
vt 0.734542 0.555342
vt 0.588730 0.578409
vt 0.583911 0.546076
vt 0.585716 0.545884
vt 0.334553 0.660287
vt 0.354524 0.636771
vt 0.355399 0.671085
vt 0.237459 0.435610
vt 0.236183 0.437648
vt 0.235658 0.413715
vt 0.237459 0.413532
vt 0.730885 0.527419
vt 0.334553 0.689028
vt 0.588730 0.522296
vt 0.147571 0.879451
vt 0.146613 0.854138
vt 0.161351 0.864318
vt 0.860265 0.320836
vt 0.857721 0.320434
vt 0.858913 0.292425
vt 0.163804 0.472218
vt 0.162342 0.444506
vt 0.163804 0.443993
vt 0.844013 0.314211
vt 0.083467 0.466536
vt 0.081320 0.464841
vt 0.081320 0.449468
vt 0.083467 0.447405
vt 0.844013 0.340401
vt 0.161351 0.839347
vt 0.080328 0.479413
vt 0.083189 0.480258
vt 0.080328 0.497030
vt 0.781889 0.117001
vt 0.844152 0.126594
vt 0.782873 0.122888
vt 0.786004 0.137007
vt 0.371965 0.518447
vt 0.366591 0.502860
vt 0.466039 0.508817
vt 0.468196 0.502860
vt 0.460566 0.523375
vt 0.952421 0.565786
vt 0.947306 0.579072
vt 0.937826 0.557646
vt 0.944148 0.587615
vt 0.375522 0.528403
vt 0.206235 0.886168
vt 0.229756 0.916051
vt 0.208639 0.916697
vt 0.178869 0.888194
vt 0.907707 0.583407
vt 0.933094 0.555077
vt 0.927966 0.552221
vt 0.194327 0.917026
vt 0.184434 0.916965
vt 0.169697 0.917268
vt 0.172183 0.902109
vt 0.173867 0.898591
vt 0.164749 0.917453
vt 0.177325 0.838623
vt 0.189744 0.864710
vt 0.365895 0.411414
vt 0.365895 0.390984
vt 0.365959 0.398233
vt 0.365978 0.400690
vt 0.190463 0.864218
vt 0.194733 0.812842
vt 0.205059 0.812912
vt 0.227568 0.814223
vt 0.816487 0.117047
vt 0.806170 0.117068
vt 0.229312 0.813517
vt 0.826373 0.117001
vt 0.184835 0.812799
vt 0.164749 0.812331
vt 0.846474 0.117003
vt 0.242033 0.574100
vt 0.238219 0.564349
vt 0.332163 0.564349
vt 0.911345 0.542652
vt 0.907733 0.555190
vt 0.907754 0.541043
vt 0.326789 0.583685
vt 0.328489 0.577889
vt 0.907636 0.561206
vt 0.366169 0.400422
vt 0.366200 0.390984
vt 0.366200 0.412277
vt 0.248142 0.589159
vt 0.324132 0.593090
vt 0.840254 0.141376
vt 0.841104 0.137710
vt 0.838265 0.148860
vt 0.792241 0.165412
vt 0.251202 0.596785
vt 0.254453 0.604974
vt 0.836120 0.156896
vt 0.320836 0.604910
vt 0.256835 0.610874
vt 0.834626 0.162691
vt 0.831756 0.173626
vt 0.261268 0.622012
vt 0.316699 0.619237
vt 0.266448 0.631798
vt 0.262644 0.623297
vt 0.313989 0.631752
vt 0.907757 0.598387
vt 0.935384 0.610781
vt 0.909449 0.612136
vt 0.309913 0.643658
vt 0.907710 0.623888
vt 0.306855 0.656776
vt 0.276073 0.656805
vt 0.908967 0.638096
vt 0.927833 0.630914
vt 0.269968 0.643696
vt 0.433362 0.595058
vt 0.393387 0.579050
vt 0.438506 0.581577
vt 0.441791 0.572667
vt 0.389977 0.569318
vt 0.931052 0.622679
vt 0.398790 0.594318
vt 0.922946 0.643993
vt 0.907736 0.647185
vt 0.918892 0.654625
vt 0.403122 0.606772
vt 0.303630 0.665948
vt 0.282175 0.672607
vt 0.366113 0.390984
vt 0.366169 0.394700
vt 0.366113 0.397745
vt 0.907636 0.651027
vt 0.301616 0.672701
vt 0.907745 0.661679
vt 0.907712 0.654222
vt 0.915815 0.662734
vt 0.285655 0.682684
vt 0.299613 0.679826
vt 0.425316 0.616305
vt 0.406522 0.616295
vt 0.421607 0.625931
vt 0.409401 0.624124
vt 0.910591 0.676804
vt 0.412366 0.632705
vt 0.419047 0.632708
vt 0.907766 0.673806
vt 0.415710 0.640504
vt 0.908017 0.683071
vt 0.296358 0.691426
vt 0.293190 0.700249
vt 0.296821 0.688222
vt 0.809262 0.243116
vt 0.816039 0.233181
vt 0.811569 0.250433
vt 0.807858 0.236524
vt 0.805816 0.227182
vt 0.429861 0.604376
vt 0.821068 0.214193
vt 0.803185 0.215640
vt 0.819903 0.218478
vt 0.817442 0.223176
vt 0.366591 0.390984
vt 0.366591 0.400510
vt 0.366200 0.395472
vt 0.277811 0.663339
vt 0.801282 0.206566
vt 0.821011 0.207616
vt 0.798375 0.193498
vt 0.385118 0.555544
vt 0.449371 0.552650
vt 0.826078 0.194905
vt 0.796489 0.184843
vt 0.826956 0.183019
vt 0.452762 0.543827
vt 0.379891 0.540953
vt 0.940099 0.598369
vt 0.455336 0.537104
vt 0.790307 0.156871
vt 0.788881 0.150346
vt 0.058098 0.393821
vt 0.049136 0.405331
vt 0.055881 0.392980
vt 0.951155 0.516949
vt 0.949935 0.520931
vt 0.931718 0.511112
vt 0.045600 0.404481
vt 0.083231 0.497329
vt 0.080328 0.506055
vt 0.080328 0.497030
vt 0.947958 0.524592
vt 0.050770 0.392057
vt 0.951576 0.512797
vt 0.041707 0.403722
vt 0.045149 0.391209
vt 0.037606 0.403082
vt 0.033277 0.423289
vt 0.039352 0.390548
vt 0.033448 0.402582
vt 0.029390 0.402242
vt 0.945420 0.497580
vt 0.948048 0.500877
vt 0.942207 0.494845
vt 0.938529 0.492778
vt 0.934528 0.491463
vt 0.930360 0.490951
vt 0.928210 0.492423
vt 0.060254 0.379263
vt 0.061768 0.362378
vt 0.065324 0.361648
vt 0.141310 0.378790
vt 0.143985 0.362896
vt 0.146576 0.378369
vt 0.124242 0.396522
vt 0.121617 0.380398
vt 0.127196 0.396197
vt 0.114666 0.380936
vt 0.115373 0.360899
vt 0.548200 0.315357
vt 0.551658 0.295169
vt 0.550543 0.316087
vt 0.547515 0.294389
vt 0.550460 0.271811
vt 0.149178 0.362292
vt 0.150825 0.378036
vt 0.129979 0.395309
vt 0.128582 0.379825
vt 0.132792 0.395013
vt 0.123132 0.361146
vt 0.107900 0.399901
vt 0.101520 0.382031
vt 0.110617 0.399630
vt 0.557096 0.273955
vt 0.557414 0.296850
vt 0.047129 0.378455
vt 0.041319 0.377715
vt 0.048688 0.363920
vt 0.135495 0.394130
vt 0.135232 0.379282
vt 0.138062 0.393884
vt 0.130670 0.361407
vt 0.065780 0.379643
vt 0.068565 0.360352
vt 0.071036 0.361768
vt 0.112987 0.398862
vt 0.107864 0.381523
vt 0.115891 0.398551
vt 0.100380 0.360479
vt 0.139067 0.360904
vt 0.143377 0.319260
vt 0.118505 0.397721
vt 0.121489 0.397391
vt 0.107692 0.360673
vt 0.088218 0.286205
vt 0.092561 0.260458
vt 0.096081 0.286894
vt 0.056316 0.363251
vt 0.057456 0.324441
vt 0.061610 0.323144
vt 0.149347 0.324085
vt 0.146949 0.317604
vt 0.046035 0.343230
vt 0.053198 0.325050
vt 0.151907 0.324645
vt 0.155788 0.318655
vt 0.154018 0.342933
vt 0.032590 0.377474
vt 0.031352 0.342774
vt 0.037578 0.343135
vt 0.035685 0.317396
vt 0.040137 0.317613
vt 0.025302 0.341410
vt 0.022800 0.317354
vt 0.027015 0.317046
vt 0.017611 0.376670
vt 0.017908 0.342554
vt 0.021987 0.377015
vt 0.012260 0.376328
vt 0.011447 0.342159
vt 0.014891 0.376748
vt 0.006514 0.361191
vt 0.006194 0.341782
vt 0.010053 0.376286
vt 0.188294 0.340435
vt 0.183001 0.303055
vt 0.187930 0.315500
vt 0.183950 0.362802
vt 0.180595 0.336815
vt 0.183724 0.340672
vt 0.179553 0.301844
vt 0.074425 0.338046
vt 0.131711 0.337438
vt 0.139364 0.271527
vt 0.135780 0.359829
vt 0.065843 0.319389
vt 0.071514 0.270451
vt 0.172674 0.272578
vt 0.176476 0.265086
vt 0.553712 0.202467
vt 0.558914 0.180781
vt 0.561526 0.205367
vt 0.011675 0.316455
vt 0.010797 0.267885
vt 0.015082 0.316575
vt 0.160134 0.266880
vt 0.156337 0.266848
vt 0.002642 0.266191
vt 0.005663 0.267218
vt 0.008579 0.316376
vt 0.147776 0.268196
vt 0.151649 0.266198
vt 0.185051 0.289850
vt 0.545036 0.200441
vt 0.550347 0.178222
vt 0.190956 0.289386
vt 0.183965 0.263954
vt 0.192463 0.262776
vt 0.535834 0.199364
vt 0.541058 0.176607
vt 0.143742 0.269424
vt 0.199533 0.288188
vt 0.201642 0.261597
vt 0.526455 0.198291
vt 0.531404 0.176001
vt 0.208607 0.287042
vt 0.211151 0.260463
vt 0.046724 0.319241
vt 0.044268 0.267891
vt 0.049139 0.267938
vt 0.124486 0.300280
vt 0.130816 0.270851
vt 0.127826 0.335243
vt 0.119984 0.301590
vt 0.124527 0.263425
vt 0.056210 0.267988
vt 0.217828 0.285974
vt 0.220625 0.259417
vt 0.226839 0.285015
vt 0.229698 0.258502
vt 0.067432 0.269289
vt 0.104713 0.287711
vt 0.110332 0.262058
vt 0.113780 0.288650
vt 0.101133 0.261212
vt 0.235293 0.284194
vt 0.238022 0.257751
vt 0.517261 0.200197
vt 0.512485 0.177868
vt 0.521754 0.174952
vt 0.075318 0.272467
vt 0.078611 0.270989
vt 0.546442 0.134242
vt 0.550358 0.114567
vt 0.555543 0.136332
vt 0.170424 0.240667
vt 0.175605 0.239820
vt 0.116331 0.237431
vt 0.117426 0.262625
vt 0.179427 0.239250
vt 0.183525 0.238664
vt 0.102129 0.236119
vt 0.108153 0.211668
vt 0.109132 0.236731
vt 0.187860 0.238069
vt 0.192391 0.237470
vt 0.093384 0.235353
vt 0.099066 0.210929
vt 0.199452 0.236580
vt 0.192689 0.212424
vt 0.202240 0.211318
vt 0.085616 0.234707
vt 0.090793 0.210290
vt 0.209148 0.235426
vt 0.211936 0.210268
vt 0.550938 0.156230
vt 0.559667 0.158841
vt 0.218806 0.234361
vt 0.221403 0.209314
vt 0.541475 0.154583
vt 0.228052 0.233426
vt 0.230277 0.208495
vt 0.531642 0.153963
vt 0.536793 0.133138
vt 0.236532 0.232658
vt 0.238219 0.207839
vt 0.521822 0.153642
vt 0.526975 0.132585
vt 0.517338 0.134010
vt 0.051348 0.243409
vt 0.060814 0.242768
vt 0.013786 0.243327
vt 0.016684 0.268201
vt 0.151946 0.241080
vt 0.006278 0.242653
vt 0.144156 0.240227
vt 0.000000 0.265939
vt 0.000158 0.241756
vt 0.135395 0.239311
vt 0.135335 0.270181
vt 0.214471 0.184827
vt 0.223348 0.184059
vt 0.541237 0.113124
vt 0.231467 0.183404
vt 0.031466 0.218576
vt 0.027230 0.191697
vt 0.036497 0.191765
vt 0.031443 0.165039
vt 0.531778 0.112631
vt 0.514080 0.114380
vt 0.522761 0.113079
vt 0.041204 0.218487
vt 0.045964 0.191618
vt 0.040214 0.165051
vt 0.022134 0.219235
vt 0.020266 0.191548
vt 0.023084 0.163735
vt 0.159861 0.189910
vt 0.156959 0.163326
vt 0.162156 0.163687
vt 0.050976 0.218145
vt 0.055265 0.191264
vt 0.049017 0.164902
vt 0.013776 0.191160
vt 0.011835 0.164269
vt 0.017309 0.159683
vt 0.153515 0.189363
vt 0.150502 0.162917
vt 0.060406 0.217561
vt 0.064043 0.190715
vt 0.057515 0.164599
vt 0.006616 0.190569
vt 0.005690 0.163693
vt 0.145955 0.188754
vt 0.143031 0.162476
vt 0.069131 0.216759
vt 0.071962 0.189993
vt 0.065381 0.164148
vt 0.000801 0.189809
vt 0.000902 0.163003
vt 0.137472 0.188106
vt 0.134834 0.162019
vt 0.076817 0.215769
vt 0.078716 0.189125
vt 0.072312 0.163565
vt 0.128391 0.187445
vt 0.126225 0.161566
vt 0.168461 0.215650
vt 0.164749 0.189987
vt 0.170925 0.189231
vt 0.167042 0.163761
vt 0.175468 0.214633
vt 0.178361 0.188389
vt 0.173372 0.163186
vt 0.114421 0.186483
vt 0.117705 0.212481
vt 0.183649 0.213543
vt 0.186768 0.187493
vt 0.105389 0.185898
vt 0.195823 0.186577
vt 0.096993 0.185384
vt 0.205178 0.185677
vt 0.083653 0.209777
vt 0.089554 0.184962
vt 0.118598 0.114324
vt 0.126204 0.075946
vt 0.130710 0.076425
vt 0.161054 0.138827
vt 0.157625 0.139623
vt 0.159140 0.098178
vt 0.024066 0.136954
vt 0.154940 0.138756
vt 0.058536 0.139634
vt 0.053168 0.140588
vt 0.051334 0.095688
vt 0.013920 0.138902
vt 0.016338 0.101376
vt 0.018848 0.116037
vt 0.150616 0.138452
vt 0.145561 0.135584
vt 0.149345 0.095762
vt 0.152513 0.095265
vt 0.065229 0.139298
vt 0.008374 0.138604
vt 0.012417 0.099820
vt 0.014245 0.100691
vt 0.140300 0.137981
vt 0.070956 0.138819
vt 0.078041 0.162869
vt 0.132725 0.137630
vt 0.131992 0.114712
vt 0.136939 0.115608
vt 0.169944 0.139122
vt 0.126830 0.137530
vt 0.176127 0.138632
vt 0.178866 0.162764
vt 0.172549 0.115889
vt 0.178305 0.115595
vt 0.183145 0.138078
vt 0.184681 0.115158
vt 0.190725 0.137487
vt 0.191428 0.114656
vt 0.198576 0.136884
vt 0.198286 0.114137
vt 0.206396 0.136296
vt 0.204991 0.113635
vt 0.213882 0.135744
vt 0.211282 0.113175
vt 0.220749 0.135254
vt 0.216918 0.112781
vt 0.226881 0.135315
vt 0.112449 0.114098
vt 0.122059 0.075392
vt 0.106985 0.113904
vt 0.118476 0.075004
vt 0.547396 0.061477
vt 0.542424 0.033929
vt 0.547128 0.035021
vt 0.540715 0.060451
vt 0.537446 0.033365
vt 0.533768 0.060096
vt 0.532355 0.032672
vt 0.528504 0.060680
vt 0.203742 0.073998
vt 0.206750 0.072805
vt 0.220741 0.113076
vt 0.035967 0.101659
vt 0.035780 0.077673
vt 0.038999 0.101011
vt 0.157516 0.076675
vt 0.160046 0.076906
vt 0.041971 0.100161
vt 0.040783 0.077559
vt 0.045935 0.098428
vt 0.155709 0.095567
vt 0.154214 0.076400
vt 0.045606 0.077341
vt 0.020340 0.096740
vt 0.055222 0.096847
vt 0.052104 0.076838
vt 0.058042 0.099201
vt 0.060382 0.094930
vt 0.065467 0.114901
vt 0.168832 0.116948
vt 0.169913 0.094604
vt 0.132731 0.092320
vt 0.138329 0.093322
vt 0.174421 0.093508
vt 0.125195 0.114552
vt 0.136158 0.075085
vt 0.024186 0.042333
vt 0.027190 0.029470
vt 0.029140 0.042877
vt 0.030790 0.077679
vt 0.032420 0.058797
vt 0.028252 0.058781
vt 0.192876 0.038994
vt 0.195345 0.038799
vt 0.036676 0.058672
vt 0.033634 0.042918
vt 0.025978 0.078455
vt 0.156497 0.057439
vt 0.158976 0.057822
vt 0.157840 0.042058
vt 0.159663 0.042261
vt 0.040850 0.058392
vt 0.037239 0.042802
vt 0.021588 0.077370
vt 0.020850 0.058410
vt 0.024395 0.057396
vt 0.155283 0.042530
vt 0.017749 0.077070
vt 0.017881 0.058056
vt 0.020667 0.042495
vt 0.049000 0.077278
vt 0.044018 0.043269
vt 0.014615 0.076684
vt 0.015569 0.057591
vt 0.018414 0.042188
vt 0.145826 0.075760
vt 0.147716 0.041669
vt 0.150299 0.042045
vt 0.046854 0.042727
vt 0.055701 0.076404
vt 0.141062 0.075420
vt 0.144193 0.041190
vt 0.166332 0.076824
vt 0.167221 0.042430
vt 0.169536 0.076446
vt 0.140649 0.040736
vt 0.169812 0.041885
vt 0.173416 0.076019
vt 0.172832 0.041332
vt 0.177041 0.077872
vt 0.026846 0.010484
vt 0.025124 0.010311
vt 0.030101 -0.000000
vt 0.024701 0.029412
vt 0.041228 0.029051
vt 0.039879 0.018571
vt 0.043586 0.028878
vt 0.045456 0.028566
vt 0.147644 0.028102
vt 0.150409 0.028320
vt 0.167956 0.028806
vt 0.169794 0.018545
vt 0.170408 0.028493
vt 0.144836 0.027802
vt 0.172261 0.018136
vt 0.142013 0.027594
vt 0.173403 0.028128
vt 0.176163 0.040793
vt 0.174245 0.017956
vt 0.136247 0.040016
vt 0.139318 0.027405
vt 0.176134 0.027833
vt 0.179675 0.040286
vt 0.176339 0.017772
vt 0.178977 0.027544
vt 0.183235 0.039827
vt 0.178464 0.017589
vt 0.181824 0.027270
vt 0.186707 0.039426
vt 0.180540 0.017417
vt 0.184568 0.027023
vt 0.189959 0.039096
vt 0.182489 0.017261
vt 0.187104 0.026812
vt 0.184235 0.017130
vt 0.224176 0.675309
vt 0.227925 0.668562
vt 0.227905 0.676654
vt 0.230040 0.669046
vt 0.153675 0.010267
vt 0.151183 0.010161
vt 0.152902 0.000000
vt 0.169313 0.010541
vt 0.170889 0.010498
vt 0.037029 0.010450
vt 0.042279 0.018336
vt 0.172091 0.000000
vt 0.149238 0.010174
vt 0.172108 0.010403
vt 0.147848 0.010125
vt 0.173448 0.010299
vt 0.146512 0.010079
vt 0.174854 0.010192
vt 0.237743 0.659449
vt 0.236749 0.660401
vt 0.233260 0.649326
vt 0.226505 0.659292
vt 0.225709 0.658139
vt 0.235573 0.661146
vt 0.227519 0.660275
vt 0.234261 0.661652
vt 0.228710 0.661054
vt 0.232864 0.661901
vt 0.230033 0.661596
vt 0.031948 0.018649
vt 0.029269 0.010604
vt 0.032052 0.010651
vt 0.027824 0.018396
vt 0.231436 0.661882
vt 0.155106 0.018455
vt 0.155528 0.010349
vt 0.156937 0.018646
vt 0.036180 0.018751
vt 0.034783 0.010602
vt 0.024784 0.018410
vt 0.153229 0.018114
vt 0.946436 0.528407
vt 0.951576 0.534493
vt 0.949231 0.536226
vt 0.943212 0.527540
vt 0.055646 0.405730
vt 0.052179 0.406239
vt 0.062082 0.394797
vt 0.064050 0.395007
vt 0.195496 0.407707
vt 0.193000 0.397106
vt 0.195576 0.397888
vt 0.198127 0.410730
vt 0.940018 0.529697
vt 0.943055 0.531219
vt 0.947049 0.538257
vt 0.199278 0.408739
vt 0.198119 0.398142
vt 0.200905 0.398858
vt 0.201611 0.411614
vt 0.936456 0.531181
vt 0.939181 0.533306
vt 0.944398 0.539483
vt 0.941856 0.541044
vt 0.203416 0.409673
vt 0.203717 0.399067
vt 0.206605 0.399701
vt 0.205338 0.412394
vt 0.932662 0.531935
vt 0.934962 0.534588
vt 0.162495 0.505732
vt 0.162495 0.490904
vt 0.164388 0.491508
vt 0.164321 0.509909
vt 0.928783 0.531929
vt 0.930562 0.535016
vt 0.207750 0.410474
vt 0.209580 0.399846
vt 0.235658 0.452529
vt 0.235658 0.437648
vt 0.237923 0.438383
vt 0.237681 0.456695
vt 0.924967 0.531165
vt 0.926149 0.534572
vt 0.212114 0.411111
vt 0.209164 0.413042
vt 0.212455 0.400384
vt 0.215481 0.400448
vt 0.519310 0.330765
vt 0.514032 0.316886
vt 0.516718 0.316691
vt 0.522768 0.333806
vt 0.921362 0.529671
vt 0.921892 0.533275
vt 0.216340 0.411560
vt 0.212943 0.413532
vt 0.218232 0.400880
vt 0.221195 0.400851
vt 0.523141 0.330116
vt 0.519204 0.315880
vt 0.522115 0.315826
vt 0.526304 0.333309
vt 0.918105 0.527504
vt 0.917955 0.531174
vt 0.527347 0.329623
vt 0.524884 0.315149
vt 0.527909 0.315249
vt 0.530098 0.332954
vt 0.915322 0.524749
vt 0.914490 0.528350
vt 0.034187 0.390378
vt 0.028376 0.389966
vt 0.025585 0.402076
vt 0.022946 0.389732
vt 0.022178 0.402090
vt 0.018100 0.389682
vt 0.019303 0.402283
vt 0.014189 0.389824
vt 0.936179 0.483342
vt 0.941754 0.485322
vt 0.930339 0.482493
vt 0.142645 0.404711
vt 0.140488 0.406702
vt 0.141577 0.393113
vt 0.145807 0.392194
vt 0.924416 0.493176
vt 0.925488 0.490120
vt 0.924499 0.482786
vt 0.139570 0.404098
vt 0.137402 0.407604
vt 0.135830 0.405161
vt 0.920854 0.494660
vt 0.921270 0.491402
vt 0.133973 0.408591
vt 0.131771 0.406299
vt 0.917660 0.496817
vt 0.917395 0.493489
vt 0.130331 0.409624
vt 0.127548 0.407467
vt 0.914957 0.499565
vt 0.914014 0.496301
vt 0.126617 0.410664
vt 0.123324 0.408620
vt 0.912849 0.502797
vt 0.911256 0.499730
vt 0.122973 0.411671
vt 0.119261 0.409714
vt 0.911416 0.506390
vt 0.909227 0.503645
vt 0.164388 0.486733
vt 0.162548 0.490904
vt 0.162342 0.472880
vt 0.164388 0.472218
vt 0.115516 0.410707
vt 0.119539 0.412607
vt 0.910715 0.510205
vt 0.908004 0.507894
vt 0.548194 0.329928
vt 0.544917 0.333145
vt 0.553053 0.316183
vt 0.235658 0.489725
vt 0.235714 0.475826
vt 0.237722 0.477209
vt 0.237722 0.493850
vt 0.910772 0.514096
vt 0.907636 0.512314
vt 0.544604 0.329494
vt 0.541560 0.332853
vt 0.545414 0.315409
vt 0.540563 0.329240
vt 0.542740 0.314827
vt 0.911584 0.517913
vt 0.908136 0.516736
vt 0.537876 0.332722
vt 0.539786 0.315036
vt 0.536229 0.329177
vt 0.536883 0.314612
vt 0.913120 0.521510
vt 0.909484 0.520989
vt 0.534006 0.332756
vt 0.533875 0.314982
vt 0.531766 0.329306
vt 0.530854 0.314720
vt 0.911630 0.524911
vt 0.027137 0.377385
vt 0.542955 0.293783
vt 0.543090 0.270334
vt 0.514670 0.295250
vt 0.508617 0.296901
vt 0.226785 0.359761
vt 0.234010 0.359257
vt 0.230789 0.382302
vt 0.224275 0.382429
vt 0.053957 0.378863
vt 0.190681 0.381520
vt 0.196574 0.381818
vt 0.189577 0.362377
vt 0.196169 0.361901
vt 0.190821 0.396827
vt 0.149240 0.391420
vt 0.217323 0.382446
vt 0.152257 0.362453
vt 0.219086 0.360297
vt 0.185504 0.381055
vt 0.188558 0.396000
vt 0.070319 0.379988
vt 0.010962 0.390112
vt 0.007167 0.376697
vt 0.093720 0.360322
vt 0.210200 0.382353
vt 0.211213 0.360844
vt 0.037837 0.377419
vt 0.528543 0.293406
vt 0.521389 0.294070
vt 0.519579 0.270395
vt 0.527295 0.269274
vt 0.535902 0.293367
vt 0.535271 0.269582
vt 0.060477 0.394012
vt 0.074693 0.361672
vt 0.203185 0.382153
vt 0.203475 0.361385
vt 0.512179 0.271902
vt 0.096122 0.312806
vt 0.088592 0.312175
vt 0.084946 0.259824
vt 0.535249 0.246232
vt 0.526719 0.245778
vt 0.535459 0.222962
vt 0.526480 0.222317
vt 0.518372 0.247009
vt 0.517687 0.223763
vt 0.543606 0.247168
vt 0.544265 0.223977
vt 0.031295 0.317210
vt 0.510517 0.248692
vt 0.509416 0.225550
vt 0.227974 0.335870
vt 0.235664 0.335178
vt 0.227931 0.311000
vt 0.236024 0.310237
vt 0.551483 0.248945
vt 0.552566 0.225894
vt 0.018765 0.316724
vt 0.219777 0.336667
vt 0.219303 0.311892
vt 0.558580 0.251497
vt 0.560045 0.228644
vt 0.211390 0.337544
vt 0.210474 0.312886
vt 0.097439 0.337454
vt 0.090293 0.336944
vt 0.004664 0.317576
vt 0.203137 0.338473
vt 0.201785 0.313964
vt 0.105285 0.338062
vt 0.104391 0.313579
vt 0.195337 0.339435
vt 0.193575 0.315136
vt 0.113531 0.338766
vt 0.113080 0.314559
vt 0.121860 0.339615
vt 0.077346 0.335693
vt 0.077283 0.240826
vt 0.083653 0.239599
vt 0.081660 0.271511
vt 0.083166 0.214628
vt 0.023134 0.270358
vt 0.032272 0.268765
vt 0.039461 0.268567
vt 0.062991 0.267302
vt 0.508617 0.202074
vt 0.541466 0.093873
vt 0.549968 0.095196
vt 0.126000 0.238368
vt 0.136734 0.214200
vt 0.127356 0.213336
vt 0.031761 0.243909
vt 0.041539 0.243794
vt 0.512380 0.155863
vt 0.022410 0.244706
vt 0.163464 0.242473
vt 0.158466 0.241838
vt 0.164749 0.217105
vt 0.159761 0.216520
vt 0.013563 0.217991
vt 0.153254 0.215822
vt 0.069571 0.241896
vt 0.006090 0.217342
vt 0.145479 0.215039
vt 0.000000 0.216483
vt 0.047256 0.139814
vt 0.039346 0.139717
vt 0.218948 0.159463
vt 0.210632 0.160099
vt 0.532629 0.093412
vt 0.226569 0.158902
vt 0.523771 0.094144
vt 0.233310 0.158846
vt 0.238219 0.182906
vt 0.164749 0.190374
vt 0.121813 0.187027
vt 0.117532 0.161133
vt 0.109089 0.160738
vt 0.184774 0.162199
vt 0.101219 0.160396
vt 0.193211 0.161494
vt 0.094224 0.160122
vt 0.201942 0.160785
vt 0.557807 0.097329
vt 0.558792 0.116906
vt 0.031481 0.139521
vt 0.031469 0.116307
vt 0.024789 0.119084
vt 0.004034 0.138218
vt 0.010263 0.097724
vt 0.142004 0.114345
vt 0.164833 0.139524
vt 0.165590 0.115508
vt 0.121043 0.137108
vt 0.113467 0.136791
vt 0.106404 0.136516
vt 0.100123 0.136298
vt 0.094869 0.136144
vt 0.088376 0.159925
vt 0.102414 0.113761
vt 0.541125 0.076283
vt 0.548782 0.077455
vt 0.533162 0.075879
vt 0.525164 0.076601
vt 0.541334 0.008774
vt 0.544696 0.009566
vt 0.185346 0.076149
vt 0.180472 0.077019
vt 0.190292 0.075427
vt 0.195127 0.074836
vt 0.199668 0.074361
vt 0.031200 0.097109
vt 0.025510 0.098042
vt 0.150267 0.076091
vt 0.143843 0.094131
vt 0.166156 0.095443
vt 0.029902 0.029622
vt 0.537777 0.008355
vt 0.534200 0.008374
vt 0.470114 0.716039
vt 0.470114 0.690761
vt 0.474795 0.714288
vt 0.041060 0.043372
vt 0.152662 0.042409
vt 0.049177 0.042127
vt 0.132572 0.039852
vt 0.129975 0.039601
vt 0.022707 0.018595
vt 0.157188 0.028852
vt 0.158645 0.029011
vt 0.038530 0.029384
vt 0.035714 0.029532
vt 0.155284 0.028667
vt 0.022480 0.029221
vt 0.152983 0.028532
vt 0.020667 0.028974
vt 0.151171 0.017928
vt 0.149094 0.017820
vt 0.146934 0.017765
vt 0.144795 0.017660
vt 0.142758 0.017564
vt 0.136857 0.027243
vt 0.140903 0.017482
vt 0.134722 0.027113
vt 0.139304 0.017418
vt 0.540849 0.000334
vt 0.543535 0.000953
vt 0.234347 0.668810
vt 0.236372 0.668095
vt 0.237378 0.675315
vt 0.234682 0.676276
vt 0.537992 -0.000000
vt 0.232209 0.669131
vt 0.231822 0.676719
vt 0.032800 0.029612
vt 0.534078 0.000142
vt 0.190123 0.026750
vt 0.145283 0.010038
vt 0.176273 0.010086
vt 0.238203 0.667009
vt 0.177649 0.009984
vt 0.225946 0.667700
vt 0.224176 0.666495
s 0
usemtl SkinSmid
f 6/1/1 3/2/1 1/3/1
f 6/4/2 1/5/2 2/6/2
f 4/7/3 2/6/3 1/5/3
f 3/8/4 4/9/4 1/10/4
f 4/11/5 8/12/5 7/13/5 2/14/5
f 4/9/6 3/8/6 13/15/6 8/16/6
f 11/17/7 8/16/7 13/15/7 5/18/7
f 12/19/8 10/20/8 11/21/8 5/22/8
f 12/23/9 5/24/9 13/25/9 9/26/9
f 2/27/10 7/28/10 9/29/10 6/30/10
f 7/13/11 8/12/11 11/31/11 10/32/11
f 10/33/12 12/34/12 9/29/12 7/28/12
f 13/35/13 3/36/13 6/37/13 9/38/13
f 23/61/22 22/62/22 21/63/22
f 22/64/23 25/65/23 21/66/23
f 23/67/24 21/68/24 24/69/24
f 24/70/25 21/71/25 25/72/25
f 25/73/26 22/74/26 26/75/26
f 25/73/27 26/75/27 24/76/27
f 22/74/28 23/77/28 26/75/28
f 24/76/29 26/75/29 23/77/29
f 35/90/35 32/91/35 33/92/35
f 33/92/36 32/91/36 36/93/36
f 35/90/37 34/94/37 32/91/37
f 34/95/38 36/96/38 32/97/38
f 36/98/39 34/99/39 37/100/39
f 36/101/40 37/102/40 33/103/40
f 33/104/41 37/105/41 35/106/41
f 34/107/42 35/108/42 37/109/42
f 38/110/43 42/111/43 39/112/43
f 40/113/44 38/114/44 39/115/44
f 38/114/45 40/113/45 41/116/45
f 42/111/46 38/110/46 41/117/46
f 43/118/47 42/119/47 41/120/47
f 42/121/48 43/122/48 39/123/48
f 40/124/49 43/125/49 41/126/49
f 43/127/50 40/128/50 39/129/50
f 44/130/51 46/131/51 45/132/51
f 47/133/52 44/134/52 45/135/52
f 46/136/53 44/137/53 48/138/53
f 44/130/54 46/131/54 49/139/54
f 44/140/55 47/141/55 48/142/55
f 47/133/56 44/134/56 49/143/56
f 50/144/57 47/145/57 49/146/57
f 46/147/58 50/148/58 49/149/58
f 47/145/59 50/144/59 48/150/59
f 50/144/60 47/145/60 45/151/60
f 50/148/61 46/147/61 48/152/61
f 46/147/62 50/148/62 45/153/62
f 56/154/63 52/155/63 51/156/63
f 51/157/64 52/158/64 55/159/64
f 51/156/65 53/160/65 56/154/65
f 55/159/66 53/161/66 51/157/66
f 56/154/67 54/162/67 51/156/67
f 51/157/68 54/163/68 55/159/68
f 57/164/69 52/165/69 56/166/69
f 57/164/70 54/167/70 56/166/70
f 56/168/71 53/169/71 57/170/71
f 55/171/72 52/172/72 57/173/72
f 57/174/73 53/175/73 55/176/73
f 55/171/74 54/177/74 57/173/74
f 58/178/75 59/179/75 61/180/75
f 66/181/76 62/182/76 58/178/76 59/179/76
f 59/183/77 58/184/77 60/185/77 74/186/77
f 60/187/78 58/188/78 61/189/78
f 62/190/79 64/191/79 60/187/79 58/188/79
f 66/181/80 62/182/80 63/192/80 68/193/80
f 62/190/81 64/191/81 71/194/81 63/195/81
f 64/196/82 62/197/82 65/198/82
f 67/199/83 66/200/83 62/201/83 64/202/83
f 62/197/84 66/203/84 65/198/84
f 66/203/85 67/204/85 65/198/85
f 67/205/86 66/206/86 59/207/86 74/208/86
f 67/205/87 66/206/87 68/209/87 69/210/87
f 63/192/88 68/193/88 61/180/88
f 68/211/89 63/212/89 71/213/89 69/214/89
f 68/215/90 69/216/90 61/217/90
f 69/218/91 71/219/91 61/220/91
f 69/221/92 70/222/92 73/223/92
f 69/214/93 70/224/93 63/212/93 71/213/93
f 70/222/94 69/221/94 72/225/94
f 71/219/95 69/218/95 73/226/95
f 64/227/96 67/228/96 69/218/96 71/219/96
f 69/218/97 71/219/97 72/229/97
f 63/195/98 71/194/98 73/230/98
f 70/231/99 63/232/99 73/233/99
f 71/194/100 63/195/100 72/234/100
f 63/232/101 70/231/101 72/235/101
f 71/194/102 63/195/102 61/189/102
f 64/227/103 67/228/103 74/236/103 60/237/103
f 67/204/104 64/196/104 65/198/104
f 59/238/105 74/239/105 61/240/105
f 74/236/106 60/237/106 61/220/106
f 76/241/107 75/242/107 78/243/107
f 79/244/108 75/245/108 76/246/108
f 78/247/109 75/248/109 77/249/109
f 77/250/110 75/251/110 79/252/110
f 91/253/111 77/250/111 79/252/111 80/254/111
f 80/255/112 79/244/112 76/246/112 90/256/112
f 79/252/113 81/257/113 77/250/113
f 79/252/114 82/258/114 77/250/114
f 76/259/115 79/260/115 77/261/115 78/262/115
f 85/263/116 76/259/116 79/260/116 77/261/116
f 76/246/117 81/264/117 79/244/117
f 76/246/118 82/265/118 79/244/118
f 86/266/119 82/267/119 83/268/119
f 83/269/120 82/265/120 87/270/120
f 85/271/121 82/267/121 76/272/121
f 87/273/122 82/258/122 84/274/122
f 84/275/123 82/276/123 86/277/123
f 77/278/124 82/276/124 85/279/124
f 80/255/125 87/270/125 83/269/125 90/256/125
f 91/253/126 84/274/126 87/273/126 80/254/126
f 86/280/127 83/135/127 87/281/127 84/282/127
f 88/283/128 86/277/128 84/275/128 91/284/128
f 90/285/129 83/268/129 86/266/129 88/286/129
f 91/284/130 89/287/130 88/283/130
f 88/286/131 89/288/131 90/285/131
f 90/285/132 76/272/132 85/271/132 88/286/132
f 90/289/133 80/290/133 91/291/133 88/292/133
f 88/283/134 85/279/134 77/278/134 91/284/134
f 80/254/135 89/293/135 91/253/135
f 90/294/136 89/293/136 80/254/136
f 77/249/137 81/295/137 78/247/137
f 78/243/138 81/296/138 76/241/138
f 92/297/139 93/298/139 96/299/139
f 95/300/140 93/301/140 92/302/140
f 96/303/141 98/304/141 94/305/141 92/306/141
f 92/302/142 94/307/142 100/308/142 95/300/142
f 95/289/143 92/309/143 96/310/143 97/311/143
f 96/312/144 93/313/144 97/314/144
f 97/315/145 99/316/145 98/317/145 96/318/145
f 99/319/146 100/320/146 94/321/146 98/322/146
f 95/289/147 100/320/147 99/319/147 97/311/147
f 97/314/148 93/313/148 95/323/148
f 104/324/149 102/325/149 101/326/149
f 102/327/150 103/328/150 101/329/150
f 103/330/151 105/331/151 101/332/151
f 105/333/152 104/334/152 101/335/152
f 105/331/153 103/330/153 107/336/153 106/337/153
f 103/338/154 102/339/154 104/340/154 105/341/154
f 104/334/155 105/333/155 106/342/155 108/343/155
f 109/344/156 108/345/156 106/346/156 107/347/156
f 102/348/157 104/349/157 108/350/157 109/351/157
f 103/328/158 102/327/158 109/352/158 107/353/158
f 110/354/159 112/355/159 111/356/159
f 111/356/160 114/357/160 110/354/160
f 112/358/161 110/359/161 113/360/161
f 114/361/162 113/360/162 110/359/162
f 115/362/163 114/363/163 111/364/163
f 113/365/164 114/366/164 115/367/164
f 111/364/165 112/368/165 115/362/165
f 115/367/166 112/369/166 113/365/166
f 118/370/167 117/371/167 116/372/167
f 120/373/168 116/372/168 117/371/168
f 119/374/169 118/375/169 116/376/169
f 116/376/170 120/377/170 119/374/170
f 121/378/171 120/379/171 117/380/171
f 119/381/172 120/382/172 121/383/172
f 121/383/173 118/384/173 119/381/173
f 117/380/174 118/385/174 121/378/174
f 122/386/175 125/387/175 123/388/175
f 123/389/176 124/390/176 122/391/176
f 126/392/177 122/391/177 124/390/177
f 125/393/178 122/394/178 126/395/178
f 124/396/179 127/397/179 126/398/179
f 127/399/180 125/400/180 126/401/180
f 125/400/181 127/399/181 123/402/181
f 127/397/182 124/396/182 123/403/182
f 128/404/183 129/405/183 130/406/183
f 129/407/184 128/408/184 131/409/184
f 132/410/185 128/411/185 130/412/185
f 131/413/186 128/414/186 132/415/186
f 132/415/187 133/416/187 131/413/187
f 130/412/188 133/417/188 132/410/188
f 131/409/189 133/418/189 129/407/189
f 133/419/190 130/406/190 129/405/190
f 135/420/191 134/421/191 137/422/191
f 134/421/192 135/420/192 136/423/192
f 136/424/193 138/425/193 134/426/193
f 137/427/194 134/426/194 138/425/194
f 138/428/195 139/429/195 137/430/195
f 139/431/196 138/432/196 136/433/196
f 139/434/197 135/435/197 137/436/197
f 135/435/198 139/434/198 136/437/198
f 140/438/199 144/439/199 141/440/199
f 141/441/200 143/442/200 140/443/200
f 142/444/201 140/443/201 143/442/201
f 144/445/202 140/446/202 142/447/202
f 144/448/203 145/449/203 141/450/203
f 145/449/204 144/448/204 142/451/204
f 145/452/205 143/453/205 141/454/205
f 143/453/206 145/452/206 142/455/206
f 199/668/304 202/669/304 198/129/304
f 198/670/305 201/671/305 199/672/305
f 198/673/306 202/674/306 200/675/306
f 200/676/307 201/677/307 198/678/307
f 200/679/308 202/680/308 203/681/308
f 203/682/309 202/683/309 199/684/309
f 203/681/310 201/685/310 200/679/310
f 199/684/311 201/686/311 203/682/311
f 283/981/442 281/982/442 280/983/442
f 284/984/443 280/983/443 281/982/443
f 285/985/444 282/986/444 280/987/444
f 283/988/445 280/987/445 282/986/445
f 284/989/444 285/985/444 280/987/444
f 282/990/446 285/991/446 287/992/446
f 286/993/447 287/992/447 285/991/447
f 286/994/448 285/985/448 284/989/448
f 288/995/449 282/996/449 287/997/449
f 287/997/450 292/998/450 288/995/450
f 291/999/451 287/992/451 286/993/451
f 290/1000/452 289/1001/452 287/992/452
f 289/1002/453 292/998/453 287/997/453
f 291/999/454 290/1000/454 287/992/454
f 293/1003/455 295/1004/455 292/998/455
f 293/1003/456 292/998/456 289/1002/456
f 295/1004/457 294/1005/457 292/998/457
f 294/1005/458 299/1006/458 292/998/458
f 297/1007/459 296/1008/459 292/998/459
f 296/1008/460 298/1009/460 292/998/460
f 297/1010/461 292/1011/461 299/1012/461
f 292/998/462 298/1009/462 288/995/462
f 294/1013/463 297/1010/463 299/1012/463
f 298/1009/464 296/1008/464 300/1014/464
f 300/1014/465 288/995/465 298/1009/465
f 296/1008/466 302/1015/466 300/1014/466
f 303/1016/467 301/1017/467 300/1014/467
f 300/1014/468 301/1017/468 288/995/468
f 302/1015/469 303/1016/469 300/1014/469
f 302/1018/470 281/982/470 303/1019/470
f 281/982/471 283/981/471 303/1019/471
f 301/1017/472 303/1016/472 283/1020/472
f 302/1018/473 304/1021/473 281/982/473
f 304/1022/474 302/1015/474 296/1008/474
f 305/1023/475 304/1022/475 296/1008/475
f 281/982/476 304/1021/476 305/1024/476
f 297/1007/477 305/1023/477 296/1008/477
f 281/1025/478 305/1026/478 297/1027/478
f 301/1017/479 283/1020/479 282/996/479
f 301/1017/480 282/996/480 288/995/480
f 294/1005/481 295/1004/481 297/1007/481
f 295/1028/482 306/1029/482 297/1030/482
f 307/1031/483 281/1025/483 297/1027/483
f 307/1031/484 297/1027/484 306/1032/484
f 295/1028/485 307/1033/485 306/1029/485
f 308/1034/486 307/1035/486 291/1036/486
f 291/999/487 307/1033/487 295/1028/487
f 309/1037/488 307/1031/488 308/1038/488
f 309/1037/489 281/1025/489 307/1031/489
f 309/1039/490 311/1040/490 281/982/490
f 309/1039/491 312/1041/491 310/1042/491
f 310/1042/492 311/1040/492 309/1039/492
f 309/1037/493 308/1038/493 312/1043/493
f 308/1038/494 313/1044/494 312/1043/494
f 312/1041/495 313/1045/495 310/1042/495
f 313/1044/496 308/1038/496 291/1046/496
f 314/1047/497 313/1044/497 291/1046/497
f 313/1045/498 314/1048/498 310/1042/498
f 310/1042/499 314/1048/499 315/1049/499
f 315/1050/500 314/1047/500 316/1051/500
f 291/1046/501 316/1051/501 314/1047/501
f 316/1051/502 317/1052/502 319/1053/502
f 317/1052/503 316/1051/503 320/1054/503
f 316/1055/504 291/999/504 318/1056/504
f 320/1057/505 316/1055/505 318/1056/505
f 315/1050/506 316/1051/506 319/1053/506
f 317/1052/507 320/1054/507 321/1058/507
f 318/1056/508 321/1059/508 320/1057/508
f 321/1058/509 322/1060/509 323/1061/509
f 322/1062/510 321/1059/510 325/1063/510
f 324/1064/509 321/1058/509 323/1061/509
f 324/1064/507 317/1052/507 321/1058/507
f 321/1059/511 318/1056/511 325/1063/511
f 329/1065/512 325/1066/512 326/1067/512
f 327/1068/513 326/1067/513 325/1066/513
f 328/1069/514 327/1068/514 325/1066/514
f 328/1070/515 325/1063/515 318/1056/515
f 330/1071/516 325/1066/516 329/1065/516
f 330/1072/517 322/1062/517 325/1063/517
f 332/1073/518 322/1062/518 330/1072/518
f 332/1073/519 330/1072/519 331/1074/519
f 329/1065/520 331/1075/520 330/1071/520
f 322/1060/521 332/1076/521 334/1077/521
f 332/1078/522 333/1079/522 335/1080/522
f 331/1074/523 333/1081/523 332/1073/523
f 332/1076/524 335/1082/524 334/1077/524
f 336/1083/525 335/1084/525 338/1085/525
f 337/1086/526 335/1082/526 336/1087/526
f 334/1077/527 335/1082/527 337/1086/527
f 338/1085/528 335/1084/528 331/1074/528
f 335/1084/529 333/1081/529 331/1074/529
f 331/1075/530 339/1088/530 338/1089/530
f 338/1089/531 339/1088/531 340/1090/531
f 342/1091/532 338/1089/532 340/1090/532
f 338/1085/533 341/1092/533 336/1083/533
f 338/1089/534 342/1091/534 341/1093/534
f 342/1091/535 340/1090/535 341/1093/535
f 340/1090/536 343/1094/536 341/1093/536
f 345/1095/537 336/1083/537 341/1092/537
f 344/1096/538 341/1093/538 343/1094/538
f 341/1092/539 344/1097/539 345/1095/539
f 345/1098/540 344/1099/540 346/1100/540
f 346/1100/541 336/1087/541 345/1098/541
f 344/1099/542 337/1086/542 346/1100/542
f 336/1087/543 346/1100/543 337/1086/543
f 343/1101/544 337/1102/544 344/1103/544
f 343/1101/545 340/1104/545 337/1102/545
f 339/1105/546 337/1102/546 340/1104/546
f 347/1106/547 339/1088/547 331/1075/547
f 348/1107/548 339/1105/548 347/1108/548
f 339/1105/549 348/1107/549 349/1109/549
f 339/1105/550 349/1109/550 334/1110/550
f 334/1110/551 337/1102/551 339/1105/551
f 348/1111/552 334/1112/552 349/1113/552
f 322/1060/553 348/1114/553 323/1061/553
f 329/1115/554 323/1116/554 348/1107/554
f 347/1108/555 329/1115/555 348/1107/555
f 334/1077/556 348/1114/556 322/1060/556
f 329/1065/557 347/1106/557 331/1075/557
f 326/1117/558 323/1116/558 329/1115/558
f 328/1069/559 318/1118/559 327/1068/559
f 318/1118/560 310/1119/560 327/1068/560
f 324/1120/561 326/1117/561 327/1121/561
f 324/1120/562 327/1121/562 317/1122/562
f 317/1122/563 327/1121/563 310/1042/563
f 323/1116/564 326/1117/564 324/1120/564
f 315/1050/565 319/1053/565 317/1052/565
f 318/1118/566 350/1123/566 310/1119/566
f 318/1118/567 351/1124/567 350/1123/567
f 291/999/568 351/1125/568 318/1056/568
f 291/999/569 286/993/569 351/1125/569
f 350/1123/570 351/1124/570 352/1126/570
f 351/1124/571 286/994/571 352/1126/571
f 350/1127/572 352/1128/572 281/982/572
f 352/1126/573 286/994/573 284/989/573
f 352/1128/574 284/984/574 281/982/574
f 281/982/575 310/1042/575 350/1127/575
f 315/1049/576 317/1122/576 310/1042/576
f 310/1042/577 281/982/577 311/1040/577
f 295/1028/578 289/1001/578 291/999/578
f 293/1003/579 289/1002/579 295/1004/579
f 291/999/580 289/1001/580 290/1000/580
f 378/1129/581 592/1130/581 492/1131/581
f 591/1132/582 592/1133/582 363/1134/582
f 492/1131/583 592/1130/583 591/1135/583
f 379/1136/584 593/1137/584 495/1138/584
f 592/1133/585 593/1139/585 363/1134/585
f 492/1131/586 591/1135/586 489/1140/586
f 590/1141/587 591/1132/587 363/1134/587
f 489/1140/588 591/1135/588 590/1142/588
f 489/1140/589 590/1142/589 486/1143/589
f 589/1144/590 590/1142/590 363/1145/590
f 486/1143/591 590/1142/591 589/1144/591
f 486/1143/592 589/1144/592 483/1146/592
f 588/1147/593 589/1144/593 363/1145/593
f 587/1148/594 588/1147/594 363/1145/594
f 586/1149/595 587/1150/595 363/1134/595
f 585/1151/596 586/1149/596 363/1134/596
f 584/1152/597 585/1151/597 363/1134/597
f 603/1153/598 584/1152/598 363/1134/598
f 524/1154/599 603/1153/599 363/1134/599
f 604/1155/600 524/1154/600 363/1134/600
f 550/1156/601 367/1157/601 576/1158/601
f 543/1159/602 564/1160/602 516/1161/602
f 535/1162/603 520/1163/603 359/1164/603
f 511/1165/604 560/1166/604 520/1163/604
f 545/1167/605 523/1168/605 355/1169/605
f 515/1170/606 556/1171/606 523/1168/606
f 516/1161/607 565/1172/607 525/1173/607
f 532/1174/608 530/1175/608 360/1176/608
f 520/1163/609 561/1177/609 530/1175/609
f 542/1178/610 534/1179/610 356/1180/610
f 523/1168/611 557/1181/611 534/1182/611
f 527/1183/612 579/1184/612 578/1185/612
f 529/1186/613 544/1187/613 361/1188/613
f 530/1175/614 562/1189/614 544/1187/614
f 549/1190/615 365/1191/615 575/1192/615
f 539/1193/616 533/1194/616 357/1195/616
f 534/1179/617 558/1196/617 533/1194/617
f 563/1197/618 397/1198/618 564/1160/618
f 538/1199/619 511/1165/619 358/1200/619
f 533/1194/620 559/1201/620 511/1165/620
f 659/1202/621 420/1203/621 660/1204/621
f 577/1205/622 619/1206/622 478/1207/622
f 564/1160/623 396/1208/623 565/1172/623
f 397/1198/624 494/1209/624 564/1160/624
f 578/1185/625 620/1210/625 477/1211/625
f 493/1212/626 618/1213/626 621/1214/626
f 580/1215/627 627/1216/627 624/1217/627
f 624/1217/628 476/1218/628 670/1219/628
f 629/1220/629 661/1221/629 615/1222/629
f 375/1223/630 632/1224/630 374/1225/630
f 376/1226/631 635/1227/631 582/1228/631
f 377/1229/632 621/1230/632 583/1231/632
f 642/1232/633 663/1233/633 481/1234/633
f 574/1235/634 644/1236/634 1013/1237/634
f 1013/1237/635 644/1236/635 480/1238/635
f 575/1192/636 365/1191/636 479/1239/636
f 496/1240/637 398/1241/637 381/1242/637
f 576/1158/638 391/1243/638 648/1244/638
f 480/1238/639 662/1245/639 409/1246/639
f 664/1247/640 421/1248/640 659/1249/640
f 617/1250/641 415/1251/641 394/1252/641
f 493/1212/642 417/1253/642 618/1213/642
f 396/1208/643 650/1254/643 493/1212/643
f 658/1255/644 416/1256/644 395/1257/644
f 665/1258/645 651/1259/645 494/1209/645
f 481/1234/646 663/1233/646 1014/1260/646
f 667/1261/647 422/1262/647 664/1247/647
f 666/1263/648 408/1264/648 407/1265/648
f 669/1266/649 423/1267/649 667/1261/649
f 652/1268/650 665/1258/650 397/1198/650
f 668/1269/651 407/1265/651 406/1270/651
f 673/1271/652 424/1272/652 669/1266/652
f 672/1273/653 406/1270/653 405/1274/653
f 392/1275/654 646/1276/654 413/1277/654
f 392/1275/655 670/1219/655 646/1276/655
f 498/1278/656 671/1279/656 399/1280/656
f 400/1281/657 654/1282/657 498/1278/657
f 477/1211/658 413/1277/658 412/1283/658
f 674/1284/659 405/1274/659 404/1285/659
f 676/1286/660 404/1285/660 403/1287/660
f 391/1243/661 478/1207/661 411/1288/661
f 678/1289/662 418/1290/662 675/1291/662
f 660/1204/663 419/1292/663 678/1289/663
f 677/1293/664 403/1287/664 402/1294/664
f 679/1295/665 402/1296/665 401/1297/665
f 479/1239/666 410/1298/666 649/1299/666
f 705/1300/667 755/1301/667 704/1302/667
f 409/1246/668 713/1303/668 716/1304/668
f 418/1290/669 717/1305/669 655/1306/669
f 408/1264/670 1015/1307/670 718/1308/670
f 719/1309/671 701/1310/671 1016/1311/671
f 407/1265/672 1017/1312/672 720/1313/672
f 721/1314/673 702/1315/673 719/1309/673
f 722/1316/674 689/1317/674 690/1318/674
f 723/1319/675 703/1320/675 721/1314/675
f 724/1321/676 690/1318/676 691/1322/676
f 725/1323/677 704/1302/677 723/1324/677
f 726/1325/678 691/1322/678 692/1326/678
f 727/1327/679 705/1300/679 725/1323/679
f 728/1328/680 692/1326/680 693/1329/680
f 729/1330/681 706/1331/681 727/1327/681
f 730/1332/682 693/1329/682 694/1333/682
f 733/1334/683 707/1335/683 729/1330/683
f 733/1334/684 694/1336/684 707/1335/684
f 412/1283/685 734/1337/685 738/1338/685
f 415/1251/686 739/1339/686 657/1340/686
f 665/1258/687 740/1341/687 651/1259/687
f 416/1256/688 742/1342/688 415/1251/688
f 398/1241/689 743/1343/689 652/1268/689
f 417/1344/690 737/1345/690 658/1255/690
f 671/1279/691 715/1346/691 653/1347/691
f 692/1326/692 756/1348/692 757/1349/692
f 706/1331/693 754/1350/693 705/1300/693
f 693/1329/694 757/1349/694 759/1351/694
f 680/1352/695 760/1353/695 761/1354/695
f 760/1353/696 744/1355/696 761/1354/696
f 707/1335/697 758/1356/697 706/1331/697
f 694/1336/698 759/1357/698 762/1358/698
f 681/1359/699 761/1354/699 763/1360/699
f 761/1354/700 745/1361/700 763/1360/700
f 708/1362/701 764/1363/701 760/1353/701
f 764/1363/702 752/1364/702 760/1353/702
f 765/1365/703 436/1366/703 435/1367/703
f 682/1368/704 763/1360/704 767/1369/704
f 763/1360/705 746/1370/705 767/1369/705
f 768/1371/706 433/1372/706 753/1373/706
f 769/1374/707 437/1375/707 436/1366/707
f 683/1376/708 767/1369/708 770/1377/708
f 767/1369/709 747/1378/709 770/1377/709
f 771/1379/710 434/1380/710 433/1372/710
f 772/1381/711 438/1382/711 437/1375/711
f 684/1383/712 770/1377/712 773/1384/712
f 770/1377/713 748/1385/713 773/1384/713
f 766/1386/714 435/1387/714 434/1380/714
f 774/1388/715 439/1389/715 438/1382/715
f 685/1390/716 773/1384/716 775/1391/716
f 773/1384/717 749/1392/717 775/1391/717
f 776/1393/718 440/1394/718 439/1389/718
f 686/1395/719 775/1396/719 777/1397/719
f 775/1396/720 750/1398/720 777/1397/720
f 687/1399/721 777/1397/721 779/1400/721
f 777/1397/722 751/1401/722 779/1400/722
f 701/1310/723 778/1402/723 700/1403/723
f 688/1404/724 779/1400/724 781/1405/724
f 702/1315/725 780/1406/725 701/1310/725
f 689/1317/726 781/1405/726 783/1407/726
f 703/1320/727 782/1408/727 702/1315/727
f 690/1318/728 783/1407/728 785/1409/728
f 704/1410/729 784/1411/729 703/1320/729
f 691/1322/730 785/1409/730 756/1348/730
f 455/1412/731 854/1413/731 853/1414/731
f 810/1415/732 809/1416/732 869/1417/732
f 752/1364/733 753/1373/733 807/1418/733
f 436/1366/734 798/1419/734 809/1416/734
f 747/1378/735 813/1420/735 748/1385/735
f 450/1421/736 872/1422/736 813/1420/736
f 811/1423/737 803/1424/737 802/1425/737
f 812/1426/738 815/1427/738 873/1428/738
f 812/1426/739 873/1428/739 452/1429/739
f 748/1385/740 816/1430/740 749/1392/740
f 814/1431/741 804/1432/741 451/1433/741
f 438/1382/742 817/1434/742 815/1427/742
f 749/1392/743 818/1435/743 750/1436/743
f 439/1389/744 819/1437/744 817/1434/744
f 819/1437/745 453/1438/745 800/1439/745
f 750/1398/746 820/1440/746 751/1401/746
f 440/1394/747 1019/1441/747 819/1437/747
f 751/1401/748 822/1442/748 432/1443/748
f 820/1440/749 790/1444/749 822/1442/749
f 822/1442/750 791/1445/750 824/1446/750
f 824/1446/751 792/1447/751 826/1448/751
f 826/1448/752 793/1449/752 828/1450/752
f 828/1450/753 794/1451/753 830/1452/753
f 830/1452/754 795/1453/754 832/1454/754
f 832/1454/755 796/1455/755 834/1456/755
f 834/1456/756 797/1457/756 835/1458/756
f 456/1459/757 855/1460/757 854/1413/757
f 457/1461/758 856/1462/758 855/1460/758
f 458/1463/759 857/1464/759 856/1465/759
f 459/1466/760 858/1467/760 857/1464/760
f 460/1468/761 859/1469/761 858/1467/761
f 460/1468/762 448/1470/762 859/1469/762
f 846/1471/763 859/1472/763 448/1473/763
f 865/1474/764 837/1475/764 787/1476/764
f 869/1417/765 847/1477/765 863/1478/765
f 866/1479/766 838/1480/766 870/1481/766
f 798/1419/767 452/1429/767 868/1482/767
f 868/1482/768 848/1483/768 847/1477/768
f 870/1481/769 839/1484/769 872/1422/769
f 802/1425/770 803/1424/770 871/1485/770
f 788/1486/771 464/1487/771 874/1488/771
f 874/1488/772 876/1489/772 449/1490/772
f 789/1491/773 878/1492/773 790/1444/773
f 453/1438/774 879/1493/774 877/1494/774
f 790/1444/775 880/1495/775 791/1445/775
f 454/1496/776 853/1414/776 879/1493/776
f 879/1493/777 853/1414/777 852/1497/777
f 466/1498/778 938/1499/778 881/1500/778
f 836/1501/779 908/1502/779 837/1475/779
f 907/1503/780 881/1500/780 908/1502/780
f 895/1504/781 902/1505/781 859/1472/781
f 837/1475/782 909/1506/782 838/1480/782
f 908/1502/783 882/1507/783 909/1506/783
f 860/1508/784 907/1503/784 836/1501/784
f 847/1477/785 911/1509/785 912/1510/785
f 912/1510/786 896/1511/786 904/1512/786
f 838/1480/787 913/1513/787 839/1484/787
f 909/1506/788 883/1514/788 913/1513/788
f 861/1515/789 914/1516/789 910/1517/789
f 848/1483/790 915/1518/790 911/1509/790
f 911/1509/791 915/1518/791 896/1511/791
f 862/1519/792 916/1520/792 914/1516/792
f 914/1516/793 903/1521/793 466/1498/793
f 465/1522/794 885/1523/794 464/1487/794
f 863/1524/795 912/1525/795 916/1520/795
f 916/1520/796 904/1526/796 903/1521/796
f 850/1527/797 898/1528/797 897/1529/797
f 464/1487/798 886/1530/798 463/1531/798
f 851/1532/799 899/1533/799 898/1528/799
f 463/1534/800 887/1535/800 462/1536/800
f 852/1497/801 900/1537/801 899/1533/801
f 462/1536/802 888/1538/802 461/1539/802
f 461/1539/803 889/1540/803 840/1541/803
f 970/1542/804 991/1543/804 475/1544/804
f 466/1498/805 944/1545/805 938/1499/805
f 946/1546/806 468/1547/806 949/1548/806
f 949/1548/807 468/1547/807 951/1549/807
f 898/1528/808 952/1550/808 950/1551/808
f 951/1552/809 919/1553/809 954/1554/809
f 899/1533/810 953/1555/810 952/1550/810
f 888/1538/811 954/1554/811 889/1540/811
f 954/1554/812 919/1553/812 920/1556/812
f 900/1537/813 955/1557/813 953/1555/813
f 889/1540/814 956/1558/814 890/1559/814
f 954/1554/815 920/1556/815 956/1558/815
f 956/1558/816 920/1556/816 921/1560/816
f 467/1561/817 957/1562/817 955/1557/817
f 890/1559/818 958/1563/818 891/1564/818
f 956/1558/819 921/1560/819 958/1563/819
f 958/1563/820 921/1560/820 922/1565/820
f 891/1564/821 960/1566/821 892/1567/821
f 958/1563/822 922/1565/822 960/1566/822
f 960/1566/823 922/1565/823 923/1568/823
f 892/1567/824 962/1569/824 893/1570/824
f 960/1566/825 923/1568/825 962/1569/825
f 962/1569/826 923/1568/826 924/1571/826
f 893/1570/827 964/1572/827 894/1573/827
f 962/1569/828 924/1571/828 964/1572/828
f 964/1572/829 924/1571/829 925/1574/829
f 894/1573/830 966/1575/830 895/1504/830
f 964/1572/831 925/1574/831 966/1575/831
f 966/1575/832 925/1574/832 926/1576/832
f 966/1577/833 926/1578/833 968/1579/833
f 968/1579/834 926/1578/834 936/1580/834
f 971/1581/835 973/1582/835 475/1583/835
f 919/1553/836 972/1584/836 974/1585/836
f 468/1547/837 972/1586/837 919/1587/837
f 974/1585/838 972/1584/838 475/1588/838
f 973/1582/839 975/1589/839 475/1583/839
f 976/1590/840 974/1585/840 475/1588/840
f 975/1589/841 977/1591/841 475/1583/841
f 978/1592/842 976/1590/842 475/1588/842
f 977/1591/843 979/1593/843 475/1583/843
f 980/1594/844 978/1592/844 475/1588/844
f 979/1595/845 981/1596/845 475/1597/845
f 982/1598/846 980/1599/846 475/1597/846
f 981/1596/847 969/1600/847 475/1597/847
f 983/1601/848 982/1598/848 475/1597/848
f 969/1600/849 984/1602/849 475/1597/849
f 985/1603/850 983/1601/850 475/1597/850
f 984/1602/851 986/1604/851 475/1597/851
f 987/1605/852 985/1603/852 475/1597/852
f 470/1606/853 990/1607/853 988/1608/853
f 471/1609/854 990/1607/854 470/1606/854
f 988/1608/855 990/1607/855 475/1544/855
f 986/1604/856 989/1610/856 475/1597/856
f 989/1610/857 987/1605/857 475/1597/857
f 473/1611/858 991/1612/858 937/1613/858
f 469/1614/859 988/1608/859 992/1615/859
f 470/1606/860 988/1608/860 469/1614/860
f 992/1615/861 988/1608/861 475/1544/861
f 471/1609/862 970/1542/862 990/1607/862
f 472/1616/863 970/1542/863 471/1609/863
f 990/1607/864 970/1542/864 475/1544/864
f 473/1611/865 971/1581/865 991/1612/865
f 474/1617/866 971/1581/866 473/1611/866
f 991/1612/867 971/1581/867 475/1583/867
f 468/1547/868 992/1615/868 972/1586/868
f 469/1614/869 992/1615/869 468/1547/869
f 972/1586/870 992/1615/870 475/1544/870
f 993/1618/871 497/1619/871 380/1620/871 594/1621/871
f 594/1621/872 363/1134/872 593/1139/872 993/1618/872
f 993/1622/873 593/1623/873 379/1624/873 497/1625/873
f 994/1626/874 500/1627/874 382/1628/874 595/1629/874
f 595/1630/875 363/1134/875 594/1621/875 994/1631/875
f 994/1631/876 594/1621/876 380/1620/876 500/1632/876
f 995/1633/877 503/1634/877 383/1635/877 596/1636/877
f 596/1637/878 363/1134/878 595/1630/878 995/1638/878
f 995/1638/879 595/1630/879 382/1639/879 503/1640/879
f 996/1641/880 506/1642/880 384/1643/880 597/1644/880
f 597/1645/881 363/1134/881 596/1637/881 996/1646/881
f 996/1641/882 596/1636/882 383/1635/882 506/1642/882
f 997/1647/883 509/1648/883 385/1649/883 598/1650/883
f 598/1651/884 363/1134/884 597/1645/884 997/1652/884
f 997/1653/885 597/1644/885 384/1643/885 509/1654/885
f 998/1655/886 512/1656/886 386/1657/886 599/1658/886
f 599/1659/887 363/1134/887 598/1651/887 998/1660/887
f 998/1661/888 598/1662/888 385/1663/888 512/1664/888
f 999/1665/889 514/1666/889 387/1667/889 600/1668/889
f 600/1669/890 363/1134/890 599/1659/890 999/1670/890
f 999/1671/891 599/1672/891 386/1673/891 514/1674/891
f 1000/1675/892 517/1676/892 388/1677/892 601/1678/892
f 601/1679/893 363/1134/893 600/1669/893 1000/1680/893
f 1000/1675/894 600/1668/894 387/1667/894 517/1676/894
f 1001/1681/895 521/1682/895 389/1683/895 602/1684/895
f 602/1685/896 363/1134/896 601/1679/896 1001/1686/896
f 1001/1681/897 601/1678/897 388/1677/897 521/1682/897
f 589/1144/898 588/1147/898 373/1687/898 483/1146/898
f 588/1147/899 587/1148/899 372/1688/899 373/1687/899
f 587/1148/900 586/1689/900 370/1690/900 372/1688/900
f 586/1689/901 585/1691/901 369/1692/901 370/1690/901
f 585/1691/902 584/1693/902 368/1694/902 369/1692/902
f 584/1152/903 603/1153/903 366/1695/903 368/1696/903
f 603/1153/904 524/1154/904 364/1697/904 366/1695/904
f 524/1698/905 604/1699/905 362/1700/905 364/1701/905
f 604/1155/906 363/1134/906 605/1702/906 1002/1703/906
f 362/1704/907 604/1155/907 1002/1703/907
f 1002/1705/908 605/1706/908 361/1188/908 362/1700/908
f 1003/1707/909 529/1186/909 361/1188/909 605/1706/909
f 605/1702/910 363/1134/910 606/1708/910 1003/1709/910
f 1003/1707/911 606/1710/911 360/1176/911 529/1186/911
f 1004/1711/912 532/1174/912 360/1176/912 606/1710/912
f 606/1708/913 363/1134/913 607/1712/913 1004/1713/913
f 1004/1711/914 607/1714/914 359/1164/914 532/1174/914
f 1005/1715/915 535/1162/915 359/1164/915 607/1714/915
f 607/1712/916 363/1134/916 608/1716/916 1005/1717/916
f 1005/1715/917 608/1718/917 358/1200/917 535/1162/917
f 1006/1719/918 538/1199/918 358/1200/918 608/1718/918
f 608/1716/919 363/1134/919 609/1720/919 1006/1721/919
f 1006/1719/920 609/1722/920 357/1195/920 538/1199/920
f 1007/1723/921 539/1193/921 357/1195/921 609/1722/921
f 609/1720/922 363/1134/922 610/1724/922 1007/1725/922
f 1007/1726/923 610/1727/923 356/1728/923 539/1729/923
f 1008/1730/924 542/1178/924 356/1180/924 610/1731/924
f 610/1724/925 363/1134/925 611/1732/925 1008/1733/925
f 1008/1734/926 611/1735/926 355/1169/926 542/1736/926
f 1009/1737/927 545/1738/927 355/1739/927 611/1740/927
f 611/1732/928 363/1134/928 612/1741/928 1009/1742/928
f 1009/1743/929 612/1744/929 354/1745/929 545/1167/929
f 1010/1746/930 548/1747/930 354/1745/930 612/1744/930
f 612/1741/931 363/1134/931 613/1748/931 1010/1749/931
f 1010/1746/932 613/1750/932 353/1751/932 548/1747/932
f 550/1156/933 549/1190/933 378/1129/933 492/1131/933
f 576/1158/934 365/1191/934 549/1190/934 550/1156/934
f 1011/1752/935 551/1753/935 353/1751/935 613/1750/935
f 613/1748/936 363/1134/936 614/1754/936 1011/1755/936
f 1011/1752/937 614/1756/937 390/1757/937 551/1753/937
f 1012/1758/938 554/1759/938 390/1757/938 614/1756/938
f 614/1754/939 363/1134/939 602/1685/939 1012/1760/939
f 1012/1758/940 602/1684/940 389/1683/940 554/1759/940
f 374/1225/941 581/1761/941 372/1688/941 370/1690/941
f 372/1688/942 581/1761/942 580/1215/942
f 515/1170/943 354/1745/943 548/1747/943 540/1762/943
f 556/1171/944 515/1170/944 540/1762/944 555/1763/944
f 548/1747/945 353/1751/945 540/1762/945
f 516/1161/946 364/1701/946 362/1700/946 543/1159/946
f 547/1764/947 387/1667/947 514/1666/947 518/1765/947
f 516/1161/948 564/1160/948 565/1172/948
f 568/1766/949 567/1767/949 547/1768/949 518/1769/949
f 514/1674/950 386/1673/950 518/1769/950
f 519/1770/951 550/1156/951 492/1131/951 489/1140/951
f 577/1205/952 367/1157/952 550/1156/952 519/1770/952
f 520/1163/953 535/1162/953 358/1200/953 511/1165/953
f 522/1771/954 513/1772/954 382/1628/954 500/1627/954
f 520/1163/955 560/1166/955 561/1177/955
f 573/1773/956 572/1774/956 513/1772/956 522/1771/956
f 500/1627/957 380/1775/957 522/1771/957
f 375/1223/958 374/1225/958 370/1690/958 369/1692/958
f 515/1170/959 523/1168/959 545/1167/959 354/1745/959
f 525/1173/960 366/1776/960 364/1701/960 516/1161/960
f 523/1168/961 556/1171/961 557/1181/961
f 518/1769/962 386/1673/962 512/1664/962 526/1777/962
f 525/1173/963 565/1172/963 377/1778/963
f 569/1779/964 568/1766/964 518/1769/964 526/1777/964
f 512/1664/965 385/1663/965 526/1777/965
f 527/1183/966 519/1770/966 489/1140/966 486/1143/966
f 578/1185/967 577/1205/967 519/1770/967 527/1183/967
f 530/1175/968 532/1174/968 359/1164/968 520/1163/968
f 531/1780/969 522/1771/969 380/1775/969 497/1781/969
f 530/1175/970 561/1177/970 562/1189/970
f 574/1235/971 573/1773/971 522/1771/971 531/1780/971
f 497/1625/972 379/1624/972 531/1782/972
f 376/1226/973 582/1228/973 369/1692/973 368/1694/973
f 369/1692/974 582/1228/974 375/1223/974
f 523/1168/975 534/1182/975 542/1736/975 355/1169/975
f 583/1231/976 368/1694/976 366/1783/976 525/1784/976
f 534/1179/977 557/1785/977 558/1196/977
f 368/1694/978 583/1231/978 376/1226/978
f 526/1777/979 385/1663/979 509/1654/979 536/1786/979
f 525/1784/980 377/1229/980 583/1231/980
f 570/1787/981 569/1779/981 526/1777/981 536/1786/981
f 509/1654/982 384/1643/982 536/1786/982
f 579/1184/983 527/1183/983 486/1143/983 483/1146/983
f 371/1788/984 579/1184/984 483/1146/984 373/1687/984
f 528/1789/985 389/1683/985 521/1682/985 546/1790/985
f 566/1791/986 552/1792/986 528/1789/986 546/1790/986
f 521/1682/987 388/1677/987 546/1790/987
f 541/1793/988 390/1757/988 554/1759/988 528/1789/988
f 553/1794/989 541/1793/989 528/1789/989 552/1792/989
f 554/1759/990 389/1683/990 528/1789/990
f 544/1187/991 529/1186/991 360/1176/991 530/1175/991
f 549/1190/992 531/1782/992 379/1624/992 495/1795/992
f 544/1187/993 562/1189/993 381/1242/993
f 575/1192/994 574/1796/994 531/1782/994 549/1190/994
f 495/1795/995 378/1129/995 549/1190/995
f 534/1179/996 533/1194/996 539/1193/996 356/1180/996
f 536/1786/997 384/1643/997 506/1642/997 537/1797/997
f 533/1194/998 558/1196/998 559/1201/998
f 571/1798/999 570/1787/999 536/1786/999 537/1797/999
f 506/1642/1000 383/1635/1000 537/1797/1000
f 540/1762/1001 353/1751/1001 551/1753/1001 541/1793/1001
f 373/1687/1002 580/1215/1002 371/1788/1002
f 373/1687/1003 372/1688/1003 580/1215/1003
f 555/1763/1004 540/1762/1004 541/1793/1004 553/1794/1004
f 551/1753/1005 390/1757/1005 541/1793/1005
f 543/1159/1006 362/1700/1006 361/1188/1006 544/1187/1006
f 563/1197/1007 543/1159/1007 544/1187/1007 381/1242/1007
f 546/1790/1008 388/1677/1008 517/1676/1008 547/1764/1008
f 543/1159/1009 563/1197/1009 564/1160/1009
f 567/1799/1010 566/1791/1010 546/1790/1010 547/1764/1010
f 517/1676/1011 387/1667/1011 547/1764/1011
f 652/1268/1012 563/1197/1012 381/1242/1012 398/1241/1012
f 537/1797/1013 383/1635/1013 503/1634/1013 513/1772/1013
f 563/1197/1014 652/1268/1014 397/1198/1014
f 572/1774/1015 571/1798/1015 537/1797/1015 513/1772/1015
f 503/1634/1016 382/1628/1016 513/1772/1016
f 533/1194/1017 511/1165/1017 538/1199/1017 357/1195/1017
f 660/1204/1018 502/1800/1018 504/1801/1018 659/1202/1018
f 511/1165/1019 559/1201/1019 560/1166/1019
f 478/1207/1020 391/1243/1020 367/1157/1020 577/1205/1020
f 659/1202/1021 421/1802/1021 420/1203/1021
f 477/1211/1022 619/1206/1022 577/1205/1022 578/1185/1022
f 564/1160/1023 494/1209/1023 396/1208/1023
f 621/1214/1024 377/1778/1024 565/1172/1024 493/1212/1024
f 477/1211/1025 620/1210/1025 392/1275/1025
f 623/1803/1026 553/1794/1026 552/1792/1026 622/1804/1026
f 565/1172/1027 396/1208/1027 493/1212/1027
f 508/1805/1028 623/1803/1028 622/1804/1028 510/1806/1028
f 624/1217/1029 620/1210/1029 579/1184/1029 371/1788/1029
f 578/1185/1030 579/1184/1030 620/1210/1030
f 670/1219/1031 392/1275/1031 620/1210/1031 624/1217/1031
f 625/1807/1032 622/1804/1032 552/1792/1032 566/1791/1032
f 491/1808/1033 510/1806/1033 622/1804/1033 625/1807/1033
f 626/1809/1034 555/1763/1034 553/1794/1034 623/1803/1034
f 507/1810/1035 626/1809/1035 623/1803/1035 508/1805/1035
f 393/1811/1036 476/1218/1036 624/1217/1036 627/1216/1036
f 371/1788/1037 580/1215/1037 624/1217/1037
f 628/1812/1038 625/1807/1038 566/1791/1038 567/1799/1038
f 490/1813/1039 491/1808/1039 625/1807/1039 628/1812/1039
f 629/1220/1040 627/1216/1040 580/1215/1040 581/1761/1040
f 615/1222/1041 393/1811/1041 627/1216/1041 629/1220/1041
f 581/1761/1042 374/1225/1042 629/1220/1042
f 630/1814/1043 628/1815/1043 567/1767/1043 568/1766/1043
f 488/1816/1044 490/1817/1044 628/1815/1044 630/1814/1044
f 631/1818/1045 556/1171/1045 555/1763/1045 626/1809/1045
f 505/1819/1046 631/1818/1046 626/1809/1046 507/1810/1046
f 661/1221/1047 629/1220/1047 632/1224/1047 616/1820/1047
f 374/1225/1048 632/1224/1048 629/1220/1048
f 632/1224/1049 394/1252/1049 616/1820/1049
f 633/1821/1050 630/1814/1050 568/1766/1050 569/1779/1050
f 487/1822/1051 488/1816/1051 630/1814/1051 633/1821/1051
f 634/1823/1052 557/1181/1052 556/1171/1052 631/1818/1052
f 504/1824/1053 634/1823/1053 631/1818/1053 505/1819/1053
f 632/1224/1054 375/1223/1054 582/1228/1054 635/1227/1054
f 394/1252/1055 632/1224/1055 635/1227/1055 617/1250/1055
f 635/1227/1056 395/1257/1056 617/1250/1056
f 636/1825/1057 633/1821/1057 569/1779/1057 570/1787/1057
f 485/1826/1058 487/1822/1058 633/1821/1058 636/1825/1058
f 637/1827/1059 558/1196/1059 557/1785/1059 634/1828/1059
f 502/1800/1060 637/1827/1060 634/1828/1060 504/1801/1060
f 635/1227/1061 376/1226/1061 583/1231/1061 621/1230/1061
f 395/1257/1062 635/1227/1062 621/1230/1062 618/1829/1062
f 638/1830/1063 636/1825/1063 570/1787/1063 571/1798/1063
f 484/1831/1064 485/1826/1064 636/1825/1064 638/1830/1064
f 639/1832/1065 559/1201/1065 558/1196/1065 637/1827/1065
f 501/1833/1066 639/1832/1066 637/1827/1066 502/1800/1066
f 640/1834/1067 638/1830/1067 571/1798/1067 572/1774/1067
f 482/1835/1068 484/1831/1068 638/1830/1068 640/1834/1068
f 641/1836/1069 560/1166/1069 559/1201/1069 639/1832/1069
f 499/1837/1070 641/1836/1070 639/1832/1070 501/1833/1070
f 642/1232/1071 640/1834/1071 572/1774/1071 573/1773/1071
f 481/1234/1072 482/1835/1072 640/1834/1072 642/1232/1072
f 643/1838/1073 561/1177/1073 560/1166/1073 641/1836/1073
f 400/1281/1074 643/1838/1074 641/1836/1074 499/1837/1074
f 1013/1237/1075 642/1232/1075 573/1773/1075 574/1235/1075
f 480/1238/1076 663/1233/1076 642/1232/1076 1013/1237/1076
f 399/1280/1077 562/1189/1077 561/1177/1077 643/1838/1077
f 479/1239/1078 644/1839/1078 574/1796/1078 575/1192/1078
f 643/1838/1079 400/1281/1079 498/1278/1079
f 643/1838/1080 498/1278/1080 399/1280/1080
f 648/1244/1081 410/1298/1081 365/1191/1081 576/1158/1081
f 479/1239/1082 365/1191/1082 410/1298/1082
f 562/1189/1083 496/1240/1083 381/1242/1083
f 562/1189/1084 399/1280/1084 496/1240/1084
f 576/1158/1085 367/1157/1085 391/1243/1085
f 712/1840/1086 713/1841/1086 662/1842/1086 649/1299/1086
f 685/1390/1087 686/1843/1087 713/1841/1087 712/1840/1087
f 649/1299/1088 410/1298/1088 712/1840/1088
f 657/1340/1089 616/1820/1089 394/1252/1089 415/1251/1089
f 656/1844/1090 661/1221/1090 616/1820/1090 657/1340/1090
f 659/1249/1091 504/1824/1091 505/1819/1091 664/1247/1091
f 480/1238/1092 644/1236/1092 662/1245/1092
f 663/1233/1093 480/1238/1093 409/1246/1093
f 415/1251/1094 617/1250/1094 395/1257/1094 416/1256/1094
f 664/1247/1095 422/1262/1095 421/1248/1095
f 650/1254/1096 396/1208/1096 494/1209/1096 651/1259/1096
f 493/1212/1097 650/1254/1097 417/1253/1097
f 618/1829/1098 658/1255/1098 395/1257/1098
f 618/1829/1099 417/1344/1099 658/1255/1099
f 397/1198/1100 665/1258/1100 494/1209/1100
f 1014/1260/1101 666/1263/1101 482/1835/1101 481/1234/1101
f 409/1246/1102 408/1264/1102 1014/1260/1102 663/1233/1102
f 664/1247/1103 505/1819/1103 507/1810/1103 667/1261/1103
f 666/1263/1104 1014/1260/1104 408/1264/1104
f 666/1263/1105 668/1269/1105 484/1831/1105 482/1835/1105
f 667/1261/1106 423/1267/1106 422/1262/1106
f 667/1261/1107 507/1810/1107 508/1805/1107 669/1266/1107
f 668/1269/1108 666/1263/1108 407/1265/1108
f 645/1845/1109 414/1846/1109 670/1219/1109 476/1218/1109
f 669/1266/1110 424/1272/1110 423/1267/1110
f 476/1218/1111 393/1811/1111 645/1845/1111
f 653/1347/1112 496/1240/1112 399/1280/1112 671/1279/1112
f 496/1240/1113 653/1347/1113 398/1241/1113
f 668/1269/1114 672/1273/1114 485/1826/1114 484/1831/1114
f 669/1266/1115 508/1805/1115 510/1806/1115 673/1271/1115
f 672/1273/1116 668/1269/1116 406/1270/1116
f 672/1273/1117 674/1284/1117 487/1822/1117 485/1826/1117
f 673/1271/1118 401/1297/1118 424/1272/1118
f 654/1282/1119 400/1281/1119 675/1291/1119 655/1306/1119
f 674/1284/1120 672/1273/1120 405/1274/1120
f 646/1276/1121 670/1219/1121 414/1846/1121
f 498/1278/1122 654/1282/1122 671/1279/1122
f 477/1211/1123 392/1275/1123 413/1277/1123
f 619/1206/1124 477/1211/1124 412/1283/1124
f 499/1837/1125 675/1291/1125 400/1281/1125
f 675/1291/1126 418/1290/1126 655/1306/1126
f 674/1284/1127 676/1286/1127 488/1816/1127 487/1822/1127
f 676/1286/1128 677/1293/1128 490/1817/1128 488/1816/1128
f 676/1286/1129 674/1284/1129 404/1285/1129
f 412/1283/1130 647/1847/1130 478/1207/1130 619/1206/1130
f 677/1293/1131 676/1286/1131 403/1287/1131
f 675/1291/1132 499/1837/1132 501/1833/1132 678/1289/1132
f 411/1288/1133 478/1207/1133 647/1847/1133
f 678/1289/1134 501/1833/1134 502/1800/1134 660/1204/1134
f 678/1289/1135 419/1292/1135 418/1290/1135
f 648/1244/1136 391/1243/1136 411/1288/1136
f 677/1848/1137 679/1295/1137 491/1808/1137 490/1813/1137
f 660/1204/1138 420/1203/1138 419/1292/1138
f 656/1844/1139 645/1845/1139 393/1811/1139 615/1222/1139
f 679/1295/1140 677/1848/1140 402/1296/1140
f 615/1222/1141 661/1221/1141 656/1844/1141
f 679/1295/1142 673/1271/1142 510/1806/1142 491/1808/1142
f 649/1299/1143 662/1842/1143 644/1839/1143 479/1239/1143
f 673/1271/1144 679/1295/1144 401/1297/1144
f 446/1849/1145 445/1850/1145 755/1301/1145 754/1350/1145
f 705/1300/1146 754/1350/1146 755/1301/1146
f 715/1346/1147 671/1279/1147 654/1282/1147 714/1851/1147
f 698/1852/1148 715/1346/1148 714/1851/1148 699/1853/1148
f 686/1395/1149 687/1399/1149 716/1304/1149 713/1303/1149
f 409/1246/1150 662/1245/1150 713/1303/1150
f 714/1851/1151 654/1282/1151 655/1306/1151 717/1305/1151
f 699/1853/1152 714/1851/1152 717/1305/1152 700/1403/1152
f 593/1623/1153 592/1130/1153 378/1129/1153 495/1795/1153
f 716/1304/1154 1015/1307/1154 408/1264/1154 409/1246/1154
f 687/1399/1155 688/1404/1155 718/1308/1155 1015/1307/1155
f 1015/1307/1156 716/1304/1156 687/1399/1156
f 1016/1311/1157 418/1290/1157 419/1292/1157 719/1309/1157
f 418/1290/1158 1016/1311/1158 717/1305/1158
f 700/1403/1159 717/1305/1159 1016/1311/1159 701/1310/1159
f 718/1308/1160 1017/1312/1160 407/1265/1160 408/1264/1160
f 688/1404/1161 689/1317/1161 720/1313/1161 1017/1312/1161
f 1017/1312/1162 718/1308/1162 688/1404/1162
f 719/1309/1163 419/1292/1163 420/1203/1163 721/1314/1163
f 720/1313/1164 722/1316/1164 406/1270/1164 407/1265/1164
f 719/1309/1165 702/1315/1165 701/1310/1165
f 721/1314/1166 420/1203/1166 421/1802/1166 723/1319/1166
f 722/1316/1167 720/1313/1167 689/1317/1167
f 722/1316/1168 724/1321/1168 405/1274/1168 406/1270/1168
f 721/1314/1169 703/1320/1169 702/1315/1169
f 723/1324/1170 421/1248/1170 422/1262/1170 725/1323/1170
f 724/1321/1171 722/1316/1171 690/1318/1171
f 724/1321/1172 726/1325/1172 404/1285/1172 405/1274/1172
f 723/1319/1173 704/1410/1173 703/1320/1173
f 725/1323/1174 422/1262/1174 423/1267/1174 727/1327/1174
f 726/1325/1175 724/1321/1175 691/1322/1175
f 726/1325/1176 728/1328/1176 403/1287/1176 404/1285/1176
f 725/1323/1177 705/1300/1177 704/1302/1177
f 727/1327/1178 423/1267/1178 424/1272/1178 729/1330/1178
f 728/1328/1179 726/1325/1179 692/1326/1179
f 728/1328/1180 730/1332/1180 402/1294/1180 403/1287/1180
f 727/1327/1181 706/1331/1181 705/1300/1181
f 731/1854/1182 732/1855/1182 414/1846/1182 645/1845/1182
f 730/1332/1183 728/1328/1183 693/1329/1183
f 680/1352/1184 681/1359/1184 732/1855/1184 731/1854/1184
f 729/1330/1185 424/1272/1185 401/1297/1185 733/1334/1185
f 730/1856/1186 733/1334/1186 401/1297/1186 402/1296/1186
f 729/1330/1187 707/1335/1187 706/1331/1187
f 732/1855/1188 734/1337/1188 413/1277/1188 646/1276/1188
f 733/1334/1189 730/1856/1189 694/1336/1189
f 681/1359/1190 682/1368/1190 734/1337/1190 732/1855/1190
f 646/1276/1191 414/1846/1191 732/1855/1191
f 735/1857/1192 731/1854/1192 645/1845/1192 656/1844/1192
f 708/1362/1193 680/1352/1193 731/1854/1193 735/1857/1193
f 737/1858/1194 417/1253/1194 650/1254/1194 736/1859/1194
f 711/1860/1195 737/1858/1195 736/1859/1195 695/1861/1195
f 682/1368/1196 683/1376/1196 738/1338/1196 734/1337/1196
f 412/1283/1197 413/1277/1197 734/1337/1197
f 735/1857/1198 656/1844/1198 657/1340/1198 739/1339/1198
f 708/1362/1199 735/1857/1199 739/1339/1199 709/1862/1199
f 736/1859/1200 650/1254/1200 651/1259/1200 740/1341/1200
f 695/1861/1201 736/1859/1201 740/1341/1201 696/1863/1201
f 738/1338/1202 741/1864/1202 411/1288/1202 647/1847/1202
f 683/1376/1203 684/1383/1203 741/1864/1203 738/1338/1203
f 647/1847/1204 412/1283/1204 738/1338/1204
f 709/1862/1205 739/1339/1205 742/1342/1205 710/1865/1205
f 415/1251/1206 742/1342/1206 739/1339/1206
f 740/1341/1207 665/1258/1207 652/1268/1207 743/1343/1207
f 696/1863/1208 740/1341/1208 743/1343/1208 697/1866/1208
f 741/1864/1209 712/1840/1209 410/1298/1209 648/1244/1209
f 684/1383/1210 685/1390/1210 712/1840/1210 741/1864/1210
f 648/1244/1211 411/1288/1211 741/1864/1211
f 742/1342/1212 416/1256/1212 658/1255/1212 737/1345/1212
f 710/1865/1213 742/1342/1213 737/1345/1213 711/1867/1213
f 743/1343/1214 398/1241/1214 653/1347/1214 715/1346/1214
f 697/1866/1215 743/1343/1215 715/1346/1215 698/1852/1215
f 806/1868/1216 746/1370/1216 745/1361/1216 805/1869/1216
f 866/1479/1217 806/1868/1217 805/1869/1217 787/1476/1217
f 805/1869/1218 865/1474/1218 787/1476/1218
f 427/1870/1219 757/1349/1219 756/1348/1219 428/1871/1219
f 693/1329/1220 692/1326/1220 757/1349/1220
f 447/1872/1221 446/1849/1221 754/1350/1221 758/1356/1221
f 706/1331/1222 758/1356/1222 754/1350/1222
f 426/1873/1223 759/1351/1223 757/1349/1223 427/1870/1223
f 694/1333/1224 693/1329/1224 759/1351/1224
f 425/1874/1225 447/1872/1225 758/1356/1225 762/1358/1225
f 681/1359/1226 680/1352/1226 761/1354/1226
f 761/1354/1227 744/1355/1227 745/1361/1227
f 707/1335/1228 762/1358/1228 758/1356/1228
f 425/1875/1229 762/1876/1229 759/1351/1229 426/1873/1229
f 707/1335/1230 694/1336/1230 762/1358/1230
f 766/1877/1231 711/1860/1231 695/1861/1231 765/1365/1231
f 682/1368/1232 681/1359/1232 763/1360/1232
f 763/1360/1233 745/1361/1233 746/1370/1233
f 680/1352/1234 708/1362/1234 760/1353/1234
f 760/1353/1235 752/1364/1235 744/1355/1235
f 764/1363/1236 708/1362/1236 709/1862/1236 768/1371/1236
f 766/1877/1237 765/1365/1237 435/1367/1237
f 683/1376/1238 682/1368/1238 767/1369/1238
f 767/1369/1239 746/1370/1239 747/1378/1239
f 753/1373/1240 752/1364/1240 764/1363/1240 768/1371/1240
f 765/1365/1241 695/1861/1241 696/1863/1241 769/1374/1241
f 768/1371/1242 709/1862/1242 710/1865/1242 771/1379/1242
f 765/1365/1243 769/1374/1243 436/1366/1243
f 684/1383/1244 683/1376/1244 770/1377/1244
f 770/1377/1245 747/1378/1245 748/1385/1245
f 769/1374/1246 696/1863/1246 697/1866/1246 772/1381/1246
f 768/1371/1247 771/1379/1247 433/1372/1247
f 771/1379/1248 710/1865/1248 711/1867/1248 766/1386/1248
f 769/1374/1249 772/1381/1249 437/1375/1249
f 685/1390/1250 684/1383/1250 773/1384/1250
f 773/1384/1251 748/1385/1251 749/1392/1251
f 772/1381/1252 697/1866/1252 698/1852/1252 774/1388/1252
f 771/1379/1253 766/1386/1253 434/1380/1253
f 774/1388/1254 698/1852/1254 699/1853/1254 776/1393/1254
f 772/1381/1255 774/1388/1255 438/1382/1255
f 686/1843/1256 685/1390/1256 775/1391/1256
f 775/1391/1257 749/1392/1257 750/1436/1257
f 776/1393/1258 699/1853/1258 700/1403/1258 1018/1878/1258
f 774/1388/1259 776/1393/1259 439/1389/1259
f 687/1399/1260 686/1395/1260 777/1397/1260
f 777/1397/1261 750/1398/1261 751/1401/1261
f 441/1879/1262 440/1394/1262 1018/1878/1262 778/1402/1262
f 700/1403/1263 778/1402/1263 1018/1878/1263
f 442/1880/1264 441/1879/1264 778/1402/1264 780/1406/1264
f 776/1393/1265 1018/1878/1265 440/1394/1265
f 688/1404/1266 687/1399/1266 779/1400/1266
f 779/1400/1267 751/1401/1267 432/1443/1267
f 701/1310/1268 780/1406/1268 778/1402/1268
f 431/1881/1269 781/1405/1269 779/1400/1269 432/1443/1269
f 689/1317/1270 688/1404/1270 781/1405/1270
f 443/1882/1271 442/1880/1271 780/1406/1271 782/1408/1271
f 702/1315/1272 782/1408/1272 780/1406/1272
f 430/1883/1273 783/1407/1273 781/1405/1273 431/1881/1273
f 690/1318/1274 689/1317/1274 783/1407/1274
f 444/1884/1275 443/1882/1275 782/1408/1275 784/1411/1275
f 703/1320/1276 784/1411/1276 782/1408/1276
f 429/1885/1277 785/1409/1277 783/1407/1277 430/1883/1277
f 691/1322/1278 690/1318/1278 785/1409/1278
f 445/1850/1279 444/1886/1279 784/1887/1279 755/1301/1279
f 704/1302/1280 755/1301/1280 784/1887/1280
f 428/1871/1281 756/1348/1281 785/1409/1281 429/1885/1281
f 692/1326/1282 691/1322/1282 756/1348/1282
f 808/1888/1283 744/1355/1283 752/1364/1283 807/1418/1283
f 455/1412/1284 456/1459/1284 854/1413/1284
f 786/1889/1285 808/1888/1285 807/1418/1285 801/1890/1285
f 809/1416/1286 810/1415/1286 435/1367/1286 436/1366/1286
f 450/1421/1287 747/1378/1287 746/1370/1287 806/1868/1287
f 802/1425/1288 801/1890/1288 807/1418/1288 753/1373/1288
f 806/1868/1289 866/1479/1289 870/1481/1289
f 806/1868/1290 870/1481/1290 450/1421/1290
f 753/1373/1291 433/1372/1291 811/1423/1291
f 753/1373/1292 811/1423/1292 802/1425/1292
f 812/1426/1293 798/1419/1293 436/1366/1293 437/1375/1293
f 814/1431/1294 811/1423/1294 433/1372/1294 434/1380/1294
f 798/1419/1295 812/1426/1295 452/1429/1295
f 747/1378/1296 450/1421/1296 813/1420/1296
f 451/1433/1297 803/1424/1297 811/1423/1297 814/1431/1297
f 815/1427/1298 812/1426/1298 437/1375/1298 438/1382/1298
f 788/1486/1299 816/1430/1299 813/1420/1299 872/1422/1299
f 748/1385/1300 813/1420/1300 816/1430/1300
f 810/1891/1301 814/1431/1301 434/1380/1301 435/1387/1301
f 816/1430/1302 788/1486/1302 874/1488/1302
f 869/1892/1303 804/1432/1303 814/1431/1303 810/1891/1303
f 449/1490/1304 818/1435/1304 816/1430/1304 874/1488/1304
f 438/1382/1305 439/1389/1305 817/1434/1305
f 815/1427/1306 817/1434/1306 799/1893/1306
f 749/1392/1307 816/1430/1307 818/1435/1307
f 800/1439/1308 799/1893/1308 817/1434/1308 819/1437/1308
f 439/1389/1309 440/1394/1309 819/1437/1309
f 789/1491/1310 820/1440/1310 818/1894/1310 449/1895/1310
f 750/1398/1311 818/1894/1311 820/1440/1311
f 821/1896/1312 1019/1441/1312 440/1394/1312 441/1879/1312
f 820/1440/1313 789/1491/1313 790/1444/1313
f 454/1496/1314 453/1438/1314 1019/1441/1314 821/1896/1314
f 823/1897/1315 821/1896/1315 441/1879/1315 442/1880/1315
f 819/1437/1316 1019/1441/1316 453/1438/1316
f 751/1401/1317 820/1440/1317 822/1442/1317
f 822/1442/1318 790/1444/1318 791/1445/1318
f 455/1412/1319 454/1496/1319 821/1896/1319 823/1897/1319
f 824/1446/1320 431/1881/1320 432/1443/1320 822/1442/1320
f 825/1898/1321 823/1897/1321 442/1880/1321 443/1882/1321
f 824/1446/1322 791/1445/1322 792/1447/1322
f 456/1459/1323 455/1412/1323 823/1897/1323 825/1898/1323
f 826/1448/1324 430/1883/1324 431/1881/1324 824/1446/1324
f 827/1899/1325 825/1898/1325 443/1882/1325 444/1884/1325
f 826/1448/1326 792/1447/1326 793/1449/1326
f 457/1461/1327 456/1459/1327 825/1898/1327 827/1899/1327
f 828/1450/1328 429/1885/1328 430/1883/1328 826/1448/1328
f 829/1900/1329 827/1899/1329 444/1884/1329 445/1901/1329
f 828/1450/1330 793/1449/1330 794/1451/1330
f 458/1902/1331 457/1461/1331 827/1899/1331 829/1900/1331
f 830/1452/1332 428/1871/1332 429/1885/1332 828/1450/1332
f 831/1903/1333 829/1904/1333 445/1850/1333 446/1849/1333
f 830/1452/1334 794/1451/1334 795/1453/1334
f 459/1466/1335 458/1463/1335 829/1904/1335 831/1903/1335
f 832/1454/1336 427/1870/1336 428/1871/1336 830/1452/1336
f 833/1905/1337 831/1903/1337 446/1849/1337 447/1872/1337
f 832/1454/1338 795/1453/1338 796/1455/1338
f 460/1468/1339 459/1466/1339 831/1903/1339 833/1905/1339
f 834/1456/1340 426/1873/1340 427/1870/1340 832/1454/1340
f 805/1869/1341 745/1361/1341 744/1355/1341 808/1888/1341
f 834/1456/1342 796/1455/1342 797/1457/1342
f 865/1474/1343 805/1869/1343 808/1888/1343 786/1889/1343
f 835/1906/1344 833/1905/1344 447/1872/1344 425/1874/1344
f 448/1470/1345 460/1468/1345 833/1905/1345 835/1906/1345
f 835/1458/1346 425/1875/1346 426/1873/1346 834/1456/1346
f 905/1907/1347 901/1908/1347 856/1465/1347 857/1464/1347
f 835/1458/1348 797/1457/1348 448/1473/1348
f 842/1909/1349 793/1449/1349 792/1447/1349 841/1910/1349
f 843/1911/1350 794/1451/1350 793/1449/1350 842/1909/1350
f 456/1459/1351 457/1461/1351 855/1460/1351
f 844/1912/1352 795/1453/1352 794/1451/1352 843/1911/1352
f 457/1461/1353 458/1902/1353 856/1462/1353
f 845/1913/1354 796/1455/1354 795/1453/1354 844/1912/1354
f 458/1463/1355 459/1466/1355 857/1464/1355
f 846/1471/1356 797/1457/1356 796/1455/1356 845/1913/1356
f 459/1466/1357 460/1468/1357 858/1467/1357
f 837/1475/1358 865/1474/1358 864/1914/1358 836/1501/1358
f 786/1889/1359 864/1914/1359 865/1474/1359
f 838/1480/1360 866/1479/1360 787/1476/1360 837/1475/1360
f 797/1457/1361 846/1471/1361 448/1473/1361
f 864/1914/1362 786/1889/1362 801/1890/1362 867/1915/1362
f 836/1501/1363 864/1914/1363 867/1915/1363 860/1508/1363
f 871/1485/1364 867/1915/1364 801/1890/1364 802/1425/1364
f 869/1417/1365 809/1416/1365 868/1482/1365
f 869/1417/1366 868/1482/1366 847/1477/1366
f 870/1481/1367 838/1480/1367 839/1484/1367
f 861/1515/1368 860/1508/1368 867/1915/1368 871/1485/1368
f 862/1519/1369 861/1515/1369 871/1485/1369 803/1424/1369
f 809/1416/1370 798/1419/1370 868/1482/1370
f 868/1482/1371 452/1429/1371 848/1483/1371
f 450/1421/1372 870/1481/1372 872/1422/1372
f 872/1422/1373 839/1484/1373 465/1522/1373
f 803/1424/1374 451/1433/1374 862/1519/1374
f 849/1916/1375 848/1483/1375 452/1429/1375 873/1428/1375
f 464/1487/1376 788/1486/1376 872/1422/1376 465/1522/1376
f 863/1524/1377 862/1519/1377 451/1433/1377 804/1432/1377
f 804/1432/1378 869/1892/1378 863/1524/1378
f 875/1917/1379 873/1428/1379 815/1427/1379 799/1893/1379
f 850/1527/1380 849/1916/1380 873/1428/1380 875/1917/1380
f 463/1531/1381 876/1489/1381 874/1488/1381 464/1487/1381
f 877/1494/1382 875/1917/1382 799/1893/1382 800/1439/1382
f 851/1532/1383 850/1527/1383 875/1917/1383 877/1494/1383
f 800/1439/1384 453/1438/1384 877/1494/1384
f 878/1492/1385 789/1491/1385 449/1895/1385 876/1918/1385
f 462/1536/1386 878/1492/1386 876/1918/1386 463/1534/1386
f 852/1497/1387 851/1532/1387 877/1494/1387 879/1493/1387
f 453/1438/1388 454/1496/1388 879/1493/1388
f 461/1539/1389 880/1495/1389 878/1492/1389 462/1536/1389
f 790/1444/1390 878/1492/1390 880/1495/1390
f 841/1910/1391 792/1447/1391 791/1445/1391 840/1541/1391
f 454/1496/1392 455/1412/1392 853/1414/1392
f 894/1573/1393 845/1913/1393 844/1912/1393 893/1570/1393
f 791/1445/1394 880/1495/1394 840/1541/1394
f 880/1495/1395 461/1539/1395 840/1541/1395
f 881/1500/1396 938/1499/1396 939/1919/1396
f 939/1919/1397 938/1499/1397 471/1609/1397
f 906/1920/1398 905/1907/1398 857/1464/1398 858/1467/1398
f 895/1504/1399 846/1471/1399 845/1913/1399 894/1573/1399
f 902/1921/1400 906/1920/1400 858/1467/1400 859/1469/1400
f 836/1501/1401 907/1503/1401 908/1502/1401
f 908/1502/1402 881/1500/1402 882/1507/1402
f 881/1500/1403 907/1503/1403 910/1517/1403 466/1498/1403
f 846/1922/1404 895/1923/1404 859/1924/1404
f 837/1475/1405 908/1502/1405 909/1506/1405
f 909/1506/1406 882/1507/1406 883/1514/1406
f 860/1508/1407 910/1517/1407 907/1503/1407
f 885/1523/1408 465/1522/1408 839/1484/1408 884/1925/1408
f 863/1478/1409 847/1477/1409 912/1510/1409
f 912/1510/1410 911/1509/1410 896/1511/1410
f 838/1480/1411 909/1506/1411 913/1513/1411
f 913/1513/1412 883/1514/1412 884/1925/1412
f 860/1508/1413 861/1515/1413 910/1517/1413
f 910/1517/1414 914/1516/1414 466/1498/1414
f 847/1477/1415 848/1483/1415 911/1509/1415
f 917/1926/1416 915/1518/1416 848/1483/1416 849/1916/1416
f 839/1484/1417 913/1513/1417 884/1925/1417
f 861/1515/1418 862/1519/1418 914/1516/1418
f 914/1516/1419 916/1520/1419 903/1521/1419
f 897/1529/1420 917/1926/1420 849/1916/1420 850/1527/1420
f 464/1487/1421 885/1523/1421 886/1530/1421
f 862/1519/1422 863/1524/1422 916/1520/1422
f 916/1520/1423 912/1525/1423 904/1526/1423
f 890/1559/1424 841/1910/1424 840/1541/1424 889/1540/1424
f 463/1531/1425 886/1530/1425 887/1927/1425
f 850/1527/1426 851/1532/1426 898/1528/1426
f 462/1536/1427 887/1535/1427 888/1538/1427
f 851/1532/1428 852/1497/1428 899/1533/1428
f 461/1539/1429 888/1538/1429 889/1540/1429
f 852/1497/1430 853/1414/1430 900/1537/1430
f 900/1537/1431 853/1414/1431 467/1561/1431
f 891/1564/1432 842/1909/1432 841/1910/1432 890/1559/1432
f 853/1414/1433 854/1413/1433 467/1561/1433
f 918/1928/1434 467/1561/1434 854/1413/1434 855/1460/1434
f 892/1567/1435 843/1911/1435 842/1909/1435 891/1564/1435
f 901/1929/1436 918/1928/1436 855/1460/1436 856/1462/1436
f 893/1570/1437 844/1912/1437 843/1911/1437 892/1567/1437
f 991/1543/1438 970/1542/1438 472/1616/1438 937/1930/1438
f 940/1931/1439 941/1932/1439 904/1512/1439 896/1511/1439
f 943/1933/1440 884/1925/1440 883/1514/1440 942/1934/1440
f 940/1931/1441 473/1611/1441 937/1613/1441
f 941/1932/1442 940/1931/1442 937/1613/1442
f 945/1935/1443 940/1931/1443 896/1511/1443 915/1518/1443
f 942/1934/1444 470/1606/1444 469/1614/1444
f 943/1933/1445 942/1934/1445 469/1614/1445
f 944/1545/1446 472/1616/1446 471/1609/1446
f 938/1499/1447 944/1545/1447 471/1609/1447
f 946/1546/1448 885/1523/1448 884/1925/1448 943/1933/1448
f 945/1935/1449 474/1617/1449 473/1611/1449
f 940/1931/1450 945/1935/1450 473/1611/1450
f 947/1936/1451 944/1545/1451 466/1498/1451 903/1521/1451
f 946/1546/1452 943/1933/1452 469/1614/1452
f 948/1937/1453 945/1935/1453 915/1518/1453 917/1926/1453
f 944/1545/1454 947/1936/1454 472/1616/1454
f 949/1548/1455 886/1530/1455 885/1523/1455 946/1546/1455
f 945/1935/1456 948/1937/1456 474/1617/1456
f 941/1938/1457 947/1936/1457 903/1521/1457 904/1526/1457
f 946/1546/1458 469/1614/1458 468/1547/1458
f 937/1930/1459 472/1616/1459 947/1936/1459 941/1938/1459
f 950/1551/1460 948/1937/1460 917/1926/1460 897/1529/1460
f 927/1939/1461 474/1617/1461 948/1937/1461 950/1551/1461
f 897/1529/1462 898/1528/1462 950/1551/1462
f 951/1549/1463 887/1927/1463 886/1530/1463 949/1548/1463
f 928/1940/1464 927/1939/1464 950/1551/1464 952/1550/1464
f 898/1528/1465 899/1533/1465 952/1550/1465
f 954/1554/1466 888/1538/1466 887/1535/1466 951/1552/1466
f 929/1941/1467 928/1940/1467 952/1550/1467 953/1555/1467
f 951/1549/1468 468/1547/1468 919/1587/1468
f 899/1533/1469 900/1537/1469 953/1555/1469
f 930/1942/1470 929/1941/1470 953/1555/1470 955/1557/1470
f 900/1537/1471 467/1561/1471 955/1557/1471
f 931/1943/1472 930/1942/1472 955/1557/1472 957/1562/1472
f 889/1540/1473 954/1554/1473 956/1558/1473
f 959/1944/1474 957/1562/1474 467/1561/1474 918/1928/1474
f 890/1559/1475 956/1558/1475 958/1563/1475
f 932/1945/1476 931/1943/1476 957/1562/1476 959/1944/1476
f 961/1946/1477 959/1944/1477 918/1928/1477 901/1929/1477
f 891/1564/1478 958/1563/1478 960/1566/1478
f 933/1947/1479 932/1945/1479 959/1944/1479 961/1946/1479
f 963/1948/1480 961/1949/1480 901/1908/1480 905/1907/1480
f 892/1567/1481 960/1566/1481 962/1569/1481
f 934/1950/1482 933/1951/1482 961/1952/1482 963/1953/1482
f 965/1954/1483 963/1948/1483 905/1907/1483 906/1920/1483
f 893/1570/1484 962/1569/1484 964/1572/1484
f 935/1955/1485 934/1950/1485 963/1953/1485 965/1956/1485
f 967/1957/1486 882/1507/1486 881/1500/1486 939/1919/1486
f 894/1573/1487 964/1572/1487 966/1575/1487
f 968/1958/1488 965/1954/1488 906/1920/1488 902/1921/1488
f 939/1919/1489 471/1609/1489 470/1606/1489
f 967/1957/1490 939/1919/1490 470/1606/1490
f 936/1580/1491 935/1955/1491 965/1956/1491 968/1579/1491
f 942/1934/1492 883/1514/1492 882/1507/1492 967/1957/1492
f 902/1505/1493 895/1504/1493 968/1959/1493
f 895/1504/1494 966/1575/1494 968/1959/1494
f 973/1582/1495 971/1581/1495 474/1617/1495 927/1939/1495
f 942/1934/1496 967/1957/1496 470/1606/1496
f 975/1589/1497 973/1582/1497 928/1940/1497 929/1941/1497
f 927/1939/1498 928/1940/1498 973/1582/1498
f 974/1585/1499 976/1590/1499 920/1556/1499 919/1553/1499
f 977/1591/1500 975/1589/1500 929/1941/1500 930/1942/1500
f 976/1590/1501 978/1592/1501 921/1560/1501 920/1556/1501
f 979/1593/1502 977/1591/1502 930/1942/1502 931/1943/1502
f 978/1592/1503 980/1594/1503 922/1565/1503 921/1560/1503
f 981/1960/1504 979/1593/1504 931/1943/1504 932/1945/1504
f 980/1594/1505 982/1961/1505 923/1568/1505 922/1565/1505
f 969/1600/1506 981/1596/1506 932/1962/1506 933/1951/1506
f 982/1961/1507 983/1963/1507 924/1571/1507 923/1568/1507
f 984/1602/1508 969/1600/1508 933/1951/1508 934/1950/1508
f 983/1601/1509 985/1603/1509 925/1964/1509 924/1965/1509
f 986/1604/1510 984/1602/1510 934/1950/1510 935/1955/1510
f 985/1603/1511 987/1605/1511 926/1578/1511 925/1964/1511
f 989/1610/1512 986/1604/1512 935/1955/1512 936/1580/1512
f 987/1605/1513 989/1610/1513 936/1580/1513 926/1578/1513
usemtl BlackBright
f 14/39/14 15/40/14 18/41/14
f 16/42/15 15/40/15 14/39/15
f 14/43/16 17/44/16 20/45/16 16/46/16
f 17/47/17 14/48/17 18/49/17 19/50/17
f 18/51/18 15/52/18 19/53/18
f 15/54/19 17/55/19 19/56/19
f 17/57/20 15/58/20 20/59/20
f 20/59/21 15/58/21 16/60/21
f 30/78/30 27/79/30 28/80/30
f 28/81/31 27/82/31 31/83/31
f 29/84/32 27/85/32 30/86/32
f 31/83/33 27/82/33 29/87/33
f 30/78/34 28/80/34 31/88/34 29/89/34
f 262/928/415 263/929/415 264/930/415
f 263/931/416 262/932/416 266/933/416
f 262/934/417 264/935/417 265/936/417
f 265/937/418 266/933/418 262/932/418
f 263/938/419 264/939/419 265/940/419 266/941/419
f 267/942/420 263/931/420 266/933/420
f 266/933/421 265/937/421 267/942/421
f 267/943/422 264/930/422 263/929/422
f 264/935/423 267/944/423 265/936/423
f 274/962/433 276/963/433 275/964/433
f 275/965/434 278/966/434 274/967/434
f 274/968/435 277/969/435 276/970/435
f 277/971/436 274/967/436 278/966/436
f 275/972/437 278/973/437 277/974/437 276/975/437
f 279/976/438 278/966/438 275/965/438
f 278/966/439 279/976/439 277/971/439
f 279/977/440 275/964/440 276/963/440
f 276/978/441 277/979/441 279/980/441
usemtl SkinSecondarySmid
f 256/906/406 257/907/406 258/908/406
f 257/909/407 256/910/407 260/911/407
f 256/912/408 258/913/408 259/914/408
f 259/915/409 260/916/409 256/917/409
f 257/918/410 258/919/410 259/920/410 260/921/410
f 261/922/411 257/909/411 260/911/411
f 260/916/412 259/915/412 261/923/412
f 261/924/413 258/908/413 257/907/413
f 258/925/414 261/926/414 259/927/414
f 268/945/424 270/946/424 269/947/424
f 269/947/425 272/948/425 268/945/425
f 268/949/426 271/950/426 270/951/426
f 271/952/427 268/953/427 272/954/427
f 269/955/428 272/956/428 271/957/428 270/958/428
f 273/959/429 272/948/429 269/947/429
f 272/954/430 273/960/430 271/952/430
f 273/959/431 269/947/431 270/946/431
f 270/951/432 271/950/432 273/961/432
usemtl Teeth
f 146/456/207 147/457/207 150/458/207 148/459/207
f 147/460/208 146/461/209 149/462/208
f 149/463/210 146/464/210 148/465/210
f 147/466/211 149/467/211 150/468/211
f 150/469/212 149/470/212 148/471/212
f 147/472/213 151/473/213 150/474/213
f 151/475/214 152/476/214 150/477/214
f 155/478/215 147/466/215 150/468/215 152/479/215
f 151/475/216 155/480/216 152/476/216
f 155/481/217 153/482/217 152/483/217
f 153/484/218 154/485/218 152/486/218
f 156/487/219 155/478/219 152/479/219 154/488/219
f 153/489/220 155/490/220 156/491/220
f 151/492/220 147/493/221 155/494/221
f 156/495/222 157/496/222 159/497/222 154/485/222
f 158/498/223 157/499/224 156/500/225
f 153/484/226 156/495/226 154/485/226
f 158/501/227 156/502/227 154/503/227
f 158/504/228 154/505/228 159/506/228
f 157/507/229 158/508/229 159/509/229
f 157/510/230 160/511/230 159/512/230
f 160/513/231 161/514/231 159/515/231
f 164/516/232 157/507/232 159/509/232 161/517/232
f 160/513/233 164/518/233 161/514/233
f 162/213/234 164/519/234 161/520/234
f 162/521/235 161/522/235 163/523/235
f 164/518/236 165/524/236 163/525/236 161/514/236
f 162/526/237 165/527/238 164/528/239
f 160/529/240 157/530/220 164/531/220
f 166/532/241 165/533/241 163/534/241 168/535/241
f 167/536/220 165/537/242 166/538/243
f 165/533/244 162/539/244 163/534/244
f 165/540/245 167/541/245 163/542/245
f 167/543/246 168/544/246 163/545/246
f 167/543/247 166/546/247 168/544/247
f 166/546/248 169/547/248 168/544/248
f 169/547/249 170/548/249 168/544/249
f 171/549/250 166/532/250 168/535/250 170/550/250
f 169/547/251 171/551/251 170/548/251
f 169/552/252 166/553/252 171/554/252
f 172/555/253 173/556/253 176/557/253 174/558/253
f 173/559/254 172/560/255 175/561/256
f 175/562/257 172/563/257 174/564/257
f 173/565/258 175/566/258 176/567/258
f 176/568/259 175/569/259 174/570/259
f 173/565/260 177/571/260 176/567/260
f 177/572/261 178/573/261 176/574/261
f 181/575/262 173/576/262 176/577/262 178/578/262
f 177/579/263 181/580/263 178/581/263
f 181/582/264 179/583/264 178/499/264
f 179/584/265 180/585/265 178/586/265
f 182/587/266 181/575/266 178/578/266 180/588/266
f 179/589/267 181/590/267 182/591/268
f 177/592/268 173/593/269 181/594/269
f 182/595/270 183/596/270 185/597/270 180/598/270
f 184/599/271 183/600/272 182/601/273
f 179/602/274 182/603/274 180/604/274
f 184/605/275 182/603/275 180/604/275
f 184/606/276 180/607/276 185/608/276
f 183/609/277 184/610/277 185/611/277
f 183/609/278 186/612/278 185/611/278
f 186/613/279 187/614/279 185/615/279
f 190/616/280 183/617/280 185/618/280 187/619/280
f 186/620/281 190/621/281 187/622/281
f 188/623/282 190/621/282 187/622/282
f 188/624/283 187/625/283 189/626/283
f 190/627/284 191/628/284 189/629/284 187/630/284
f 188/631/273 191/632/285 190/633/286
f 186/634/287 183/635/288 190/636/289
f 192/637/290 191/638/290 189/639/290 194/640/290
f 193/641/291 191/642/292 192/643/292
f 191/644/293 188/645/293 189/646/293
f 191/644/294 193/647/294 189/646/294
f 193/648/295 194/649/295 189/650/295
f 193/651/296 192/652/296 194/653/296
f 192/654/297 195/655/297 194/656/297
f 195/657/298 196/658/298 194/659/298
f 197/660/299 192/637/299 194/640/299 196/661/299
f 195/662/300 197/663/300 196/664/300
f 195/665/301 192/666/302 197/667/303
f 204/687/312 206/688/312 208/689/312 205/690/312
f 205/691/313 207/692/314 204/693/315
f 207/694/316 206/695/316 204/696/316
f 205/697/317 208/698/317 207/699/317
f 208/700/318 206/701/318 207/702/318
f 205/703/319 208/704/319 209/705/319
f 209/706/320 208/707/320 210/708/320
f 213/709/321 210/710/321 208/698/321 205/697/321
f 209/711/322 210/712/322 213/713/322
f 213/714/323 210/715/323 211/716/323
f 211/717/324 210/718/324 212/719/324
f 214/720/325 212/721/325 210/710/325 213/709/325
f 211/722/326 214/723/327 213/724/327
f 209/725/328 213/726/329 205/727/330
f 214/728/331 212/729/331 217/730/331 215/731/331
f 216/732/332 214/733/333 215/734/333
f 211/735/334 212/729/334 214/728/334
f 216/736/335 212/737/335 214/738/335
f 216/739/336 217/740/336 212/741/336
f 215/742/337 217/743/337 216/744/337
f 215/745/338 217/746/338 218/747/338
f 218/748/339 217/749/339 219/750/339
f 222/751/340 219/752/340 217/743/340 215/742/340
f 218/753/341 219/754/341 222/755/341
f 220/756/342 219/757/342 222/758/342
f 220/759/343 221/760/343 219/761/343
f 222/755/344 219/754/344 221/762/344 223/763/344
f 220/764/345 222/765/315 223/766/346
f 218/767/347 222/768/348 215/769/349
f 224/770/350 226/771/350 221/772/350 223/773/350
f 225/774/328 224/775/330 223/776/326
f 223/773/351 221/772/351 220/777/351
f 223/778/352 221/779/352 225/780/352
f 225/781/353 221/782/353 226/783/353
f 225/784/354 226/785/354 224/786/354
f 224/786/355 226/785/355 227/787/355
f 227/787/356 226/785/356 228/788/356
f 229/789/357 228/790/357 226/771/357 224/770/357
f 227/787/358 228/788/358 229/791/358
f 227/792/327 229/793/327 224/794/327
f 230/795/359 232/796/359 234/797/359 231/798/359
f 231/799/360 233/800/360 230/801/361
f 233/802/362 232/768/362 230/803/362
f 231/804/363 234/805/363 233/806/363
f 234/807/364 232/570/364 233/808/364
f 231/798/365 234/797/365 235/809/365
f 235/810/366 234/811/366 236/812/366
f 239/813/367 236/814/367 234/815/367 231/816/367
f 235/817/368 236/818/368 239/819/368
f 239/820/369 236/821/369 237/822/369
f 237/823/370 236/824/370 238/825/370
f 240/826/371 238/827/371 236/814/371 239/813/371
f 237/828/372 240/829/373 239/830/374
f 235/831/374 239/832/375 231/833/376
f 240/834/377 238/835/377 243/836/377 241/837/377
f 242/94/361 240/838/378 241/839/379
f 237/840/380 238/841/380 240/842/380
f 242/843/381 238/841/381 240/842/381
f 242/844/382 243/845/382 238/846/382
f 241/847/383 243/848/383 242/849/383
f 241/847/384 243/848/384 244/850/384
f 244/851/385 243/852/385 245/853/385
f 248/854/386 245/855/386 243/856/386 241/857/386
f 244/858/387 245/859/387 248/860/387
f 246/861/388 245/859/388 248/860/388
f 246/862/389 247/863/389 245/864/389
f 248/865/390 245/866/390 247/867/390 249/868/390
f 246/869/391 248/870/392 249/871/361
f 244/872/374 248/873/393 241/874/393
f 250/875/394 252/876/394 247/877/394 249/878/394
f 251/879/395 250/880/393 249/881/393
f 249/882/396 247/883/396 246/884/396
f 249/882/397 247/883/397 251/885/397
f 251/886/398 247/887/398 252/888/398
f 251/889/399 252/890/399 250/891/399
f 250/892/400 252/893/400 253/894/400
f 253/895/401 252/896/401 254/897/401
f 255/898/402 254/899/402 252/876/402 250/875/402
f 253/900/403 254/901/403 255/902/403
f 253/903/395 255/904/404 250/905/405
